{"0": [0.6531916633248329, 0.5569891437336251, 0.6552982242157062, 0.5513392303276945, 0.6514538683618109, 0.5534202416737874, 0.6620300243298213, 0.5514054513639874, 0.0, 0.0, 0.6708087486525377, 0.5761724317515338, 0.652693414191405, 0.578143835509265, 0.6782506561527649, 0.6085929349616722, 0.0, 0.0, 0.6636017743498087, 0.6172714011536704, 0.6451647873967886, 0.6279299563831753, 0.6660604168971379, 0.6493684730044119, 0.649052573243777, 0.6480482611184318, 0.6646760281020154, 0.6998520064271159, 0.6466934613883495, 0.6967765351136526, 0.6624528292566538, 0.7461702692287939, 0.6439440254742901, 0.7419436000011586], "1": [0.310590853743876, 0.6678460019606131, 0.3103520555654541, 0.6623139067932412, 0.3067475078937908, 0.6600508402895046, 0.31262355570991834, 0.6655985240583067, 0.3041849953432878, 0.6614609273495498, 0.31970810095469154, 0.7004020863109165, 0.2983653772001465, 0.6973971408826333, 0.3270841478024522, 0.7587854074107276, 0.29368641033070164, 0.7423403298413312, 0.0, 0.0, 0.31173570416867735, 0.6980049901538425, 0.32282836869514236, 0.8123384759381966, 0.31457622577484773, 0.8121815125147501, 0.32981637741128605, 0.871890068716473, 0.3251565919568141, 0.8760411795642641, 0.3374325354894002, 0.924623421386436, 0.2892230482151111, 0.9372744215307414], "2": [0.0, 0.0, 0.0, 0.0, 0.0, 0.0, 0.0, 0.0, 0.0, 0.0, 0.0, 0.0, 0.0, 0.0, 0.0, 0.0, 0.0, 0.0, 0.0, 0.0, 0.0, 0.0, 0.0, 0.0, 0.0, 0.0, 0.0, 0.0, 0.0, 0.0, 0.2894656422470386, 0.9373573263486228, 0.0, 0.0], "3": [0.0, 0.0, 0.0, 0.0, 0.0, 0.0, 0.0, 0.0, 0.0, 0.0, 0.0, 0.0, 0.0, 0.0, 0.0, 0.0, 0.0, 0.0, 0.0, 0.0, 0.0, 0.0, 0.0, 0.0, 0.0, 0.0, 0.0, 0.0, 0.0, 0.0, 0.0, 0.0, 0.33752666438619294, 0.9230034313268132]}