{"0": [0.0, 0.0, 0.0, 0.0, 0.0, 0.0, 0.6132458542784055, 0.7063527314751237, 0.625529981777072, 0.7066775924077741, 0.6059115221103032, 0.7292651411007952, 0.635280781177183, 0.7284575938074677, 0.5950244583189488, 0.7728346346705048, 0.6459846045821905, 0.7578023684245568, 0.5891046541122099, 0.8029739643688555, 0.6508144408464431, 0.7809883079595036, 0.6101667782912652, 0.8130613298327835, 0.6345940757542848, 0.8175205443744307, 0.5978464647273843, 0.8744294102545138, 0.6413997950653235, 0.894276805056466, 0.5806178848569592, 0.9319245011718185, 0.6491266158719857, 0.9576587321581664], "1": [0.0, 0.0, 0.0, 0.0, 0.0, 0.0, 0.5185075556083272, 0.5864808409302323, 0.5307796512730419, 0.5928927432607721, 0.5085103056083123, 0.6086482970802873, 0.5358631488867104, 0.6199748787615035, 0.4973076487580935, 0.6463401186245459, 0.5381438694894314, 0.6548858502948726, 0.5017702538830539, 0.6291500771487201, 0.0, 0.0, 0.5045550731321176, 0.6865476867666951, 0.5283614054322243, 0.6867977363091928, 0.49018353124459585, 0.7417177330564569, 0.5363581671689948, 0.743905679219299, 0.4687857887436015, 0.8012375831604004, 0.535775440869232, 0.8038102719449887]}