{"0": [0.3567626688629389, 0.5679726477022524, 0.0, 0.0, 0.3558632447073857, 0.5627781064422043, 0.3381179951131344, 0.5730899469719992, 0.35235139429569245, 0.566647230638881, 0.3411400649696589, 0.6032473453768976, 0.3614612986644109, 0.5930043516335664, 0.3447091487546762, 0.6422044380947397, 0.35752553790807723, 0.6410449578254312, 0.0, 0.0, 0.3760747736940781, 0.632432746776828, 0.34882922818263373, 0.6826725257767571, 0.3608767505114277, 0.6823330954269128, 0.3614236637329062, 0.7429816208503865, 0.3632830491910379, 0.7431485480732388, 0.3564976860769093, 0.7905887768224433, 0.3502641384800275, 0.8075498700141907], "1": [0.946317466472586, 0.8072650216243885, 0.9485014225666721, 0.8054216257951877, 0.0, 0.0, 0.9521129749637718, 0.8141166872448391, 0.0, 0.0, 0.9563229498375828, 0.8271960118302593, 0.0, 0.0, 0.0, 0.0, 0.0, 0.0, 0.0, 0.0, 0.0, 0.0, 0.0, 0.0, 0.0, 0.0, 0.0, 0.0, 0.0, 0.0, 0.0, 0.0, 0.0, 0.0], "2": [0.0, 0.0, 0.0, 0.0, 0.0, 0.0, 0.5609931878745555, 0.5298768953592689, 0.5698611281812191, 0.5319665202388058, 0.5527767895410458, 0.5755805843406253, 0.5749437301109235, 0.5600562476449542, 0.5475477427554627, 0.6015151710421951, 0.5810651096670578, 0.5971509065892961, 0.5465270331750314, 0.6228228383594089, 0.5905141754696767, 0.6109544072576143, 0.5556802200774352, 0.6277853166615521, 0.5720265924309691, 0.6263323291860244, 0.5634301992754142, 0.6817635149867446, 0.5753298391898473, 0.6779857067184316, 0.5636539546151956, 0.7161538829406101, 0.5698511640230814, 0.7145347675791492]}