{"0": [0.30485500370462737, 0.5096330492584794, 0.3073684573173523, 0.5045841219248595, 0.3025585244720181, 0.5058986328266285, 0.3135086009899775, 0.5016861068981665, 0.0, 0.0, 0.3208389719327291, 0.519716473861977, 0.3023630422850449, 0.5240224759887766, 0.3277935632814964, 0.5348316113154093, 0.30194336265946425, 0.5440230211174046, 0.3240048537651698, 0.5307619757122464, 0.3057400243046383, 0.5382208360566033, 0.3253280541549126, 0.6011764274703131, 0.30791397367914514, 0.6015378181581144, 0.3321991845965386, 0.6414073997625598, 0.30429039100805916, 0.647287474738227, 0.3449636649340391, 0.675255239892889, 0.31087575930481154, 0.696650199095408], "1": [0.0, 0.0, 0.0, 0.0, 0.0, 0.0, 0.6472842936093607, 0.6934050776340343, 0.6605486412843068, 0.6896476180465133, 0.6395324301867125, 0.7247646071292736, 0.6723503574108084, 0.7283487730556063, 0.6312322687183041, 0.7767807000213199, 0.6718703959137201, 0.765823882818222, 0.6279953867197037, 0.8137962601802966, 0.0, 0.0, 0.6419439344356458, 0.8210226966275109, 0.6656198647494117, 0.820686623564473, 0.6304976319894194, 0.8779693780811848, 0.6619179462393123, 0.8854667121889415, 0.6186048686659584, 0.940427980158064, 0.6608926567249, 0.9433421244223913], "2": [0.0, 0.0, 0.0, 0.0, 0.0, 0.0, 0.0, 0.0, 0.0, 0.0, 0.0, 0.0, 0.0, 0.0, 0.0, 0.0, 0.0, 0.0, 0.0, 0.0, 0.0, 0.0, 0.0, 0.0, 0.14788959529444887, 0.6241054875983132, 0.0, 0.0, 0.0, 0.0, 0.0, 0.0, 0.0, 0.0]}