{"0": [0.5429339916134874, 0.5708020766576131, 0.5444089648624261, 0.5665774647422411, 0.5406316760927439, 0.5667843170188092, 0.5462394073605538, 0.5682962878986642, 0.5395939234799395, 0.5701519590836984, 0.5513662138953805, 0.5909920242097643, 0.5263599921017885, 0.5986137147302982, 0.561856943120559, 0.599997443623013, 0.0, 0.0, 0.5658495622376599, 0.6043078241524873, 0.0, 0.0, 0.0, 0.0, 0.0, 0.0, 0.0, 0.0, 0.0, 0.0, 0.0, 0.0, 0.0, 0.0], "1": [0.2992358141889175, 0.6991494002165618, 0.2999262566367785, 0.6955997771686978, 0.0, 0.0, 0.3055250208203991, 0.6968235563348841, 0.0, 0.0, 0.3065229930604498, 0.7196569524429463, 0.3151605543370048, 0.7091672482313933, 0.29422645196318625, 0.7281449317932129, 0.29539339852829777, 0.7282813847064972, 0.2776850344613194, 0.7199121000590147, 0.2786464884877205, 0.7198604998765167, 0.31441003144718704, 0.7907085133923425, 0.32674382062007984, 0.7923587242762248, 0.30159698833401005, 0.84411381483078, 0.3061459188039104, 0.8476606673112621, 0.3276093786582351, 0.9032725614530068, 0.32790856063365936, 0.9029698972348814], "2": [0.0, 0.0, 0.0, 0.0, 0.0, 0.0, 0.0, 0.0, 0.0, 0.0, 0.5247247160722812, 0.5986323299231353, 0.5502906841536362, 0.5921167303014685, 0.5186756084595496, 0.6388402228002196, 0.5650500094207624, 0.601336286244569, 0.5227658067519466, 0.6371003994235286, 0.0, 0.0, 0.5317132169380784, 0.67069532048923, 0.5515653346044321, 0.6683046003182729, 0.5340882007032632, 0.7256775407879441, 0.5578195996582508, 0.7156041234731674, 0.5389015741025408, 0.7751298645028362, 0.5709203141431014, 0.7559941503736708], "3": [0.0, 0.0, 0.0, 0.0, 0.0, 0.0, 0.0, 0.0, 0.0, 0.0, 0.0, 0.0, 0.0, 0.0, 0.0, 0.0, 0.0, 0.0, 0.0, 0.0, 0.566164048264424, 0.6043951233779943, 0.0, 0.0, 0.0, 0.0, 0.0, 0.0, 0.0, 0.0, 0.0, 0.0, 0.0, 0.0], "4": [0.0, 0.0, 0.0, 0.0, 0.0, 0.0, 0.0, 0.0, 0.0, 0.0, 0.0, 0.0, 0.0, 0.0, 0.0, 0.0, 0.0, 0.0, 0.0, 0.0, 0.31465626711336275, 0.6804958749700476, 0.0, 0.0, 0.0, 0.0, 0.0, 0.0, 0.0, 0.0, 0.0, 0.0, 0.0, 0.0], "5": [0.0, 0.0, 0.0, 0.0, 0.0, 0.0, 0.0, 0.0, 0.0, 0.0, 0.0, 0.0, 0.0, 0.0, 0.0, 0.0, 0.0, 0.0, 0.0, 0.0, 0.0, 0.0, 0.0, 0.0, 0.0, 0.0, 0.0, 0.0, 0.0, 0.0, 0.29962580526868504, 0.8858505398586943, 0.0, 0.0], "6": [0.0, 0.0, 0.0, 0.0, 0.0, 0.0, 0.0, 0.0, 0.0, 0.0, 0.0, 0.0, 0.0, 0.0, 0.0, 0.0, 0.0, 0.0, 0.0, 0.0, 0.0, 0.0, 0.0, 0.0, 0.0, 0.0, 0.0, 0.0, 0.0, 0.0, 0.0, 0.0, 0.2998516251643499, 0.8843427678501166]}