{"0": [0.29307530224323275, 0.5560114204883575, 0.29465682382384933, 0.550275460327113, 0.2914147468904654, 0.5518802156292454, 0.30086185572048035, 0.5481582646016722, 0.0, 0.0, 0.3105507979479929, 0.5748261175773761, 0.296491472919782, 0.5750631603929731, 0.31494786432012917, 0.6149960363352739, 0.2987761773169041, 0.6080995745129055, 0.3013710451622804, 0.6381954469062664, 0.0, 0.0, 0.3096566311394175, 0.6473525686396493, 0.3054182351877292, 0.6440618294256705, 0.3047801616291205, 0.6989242851734162, 0.3066094093645612, 0.6976405448383756, 0.31505729065587124, 0.7476759795789364, 0.31303386986255644, 0.743443121291973], "1": [0.0, 0.0, 0.0, 0.0, 0.0, 0.0, 0.5310582383691023, 0.6131032462473269, 0.5472323052585125, 0.6147920961733218, 0.5203669097274541, 0.6450851875322836, 0.5545791449646155, 0.6485418023334609, 0.5099156762162844, 0.6956892759711654, 0.5579998816053072, 0.69578969390304, 0.5053480581690868, 0.7277582649831419, 0.0, 0.0, 0.5282405612369379, 0.7382108486360974, 0.5503840160866579, 0.7383133818705877, 0.5274361065278451, 0.8084038551206942, 0.5594109032303095, 0.8036180547473055, 0.5261552048847079, 0.8707972976344603, 0.5554798793668548, 0.8798552049530876], "2": [0.0, 0.0, 0.0, 0.0, 0.0, 0.0, 0.0, 0.0, 0.0, 0.0, 0.0, 0.0, 0.0, 0.0, 0.0, 0.0, 0.0, 0.0, 0.3004290307561556, 0.5969745600665057, 0.0, 0.0, 0.0, 0.0, 0.0, 0.0, 0.0, 0.0, 0.0, 0.0, 0.0, 0.0, 0.0, 0.0], "3": [0.0, 0.0, 0.0, 0.0, 0.0, 0.0, 0.0, 0.0, 0.0, 0.0, 0.0, 0.0, 0.0, 0.0, 0.0, 0.0, 0.0, 0.0, 0.0, 0.0, 0.29677357375621793, 0.5961879800177283, 0.0, 0.0, 0.0, 0.0, 0.0, 0.0, 0.0, 0.0, 0.0, 0.0, 0.0, 0.0]}