{"0": [0.6700806671132644, 0.5882972265835161, 0.6722494581093391, 0.581909559501542, 0.6663908372322717, 0.5829253169121565, 0.6749533768743277, 0.58193124488548, 0.6607194478002687, 0.5820272562128527, 0.682412214204669, 0.609179844017382, 0.6534650580336651, 0.6142473108238644, 0.6895681259804405, 0.6494377502688655, 0.6452545980612437, 0.6485321569221991, 0.6945600846782327, 0.6767591116604983, 0.6398301339242607, 0.678328620173313, 0.6794859192023674, 0.6896665511307893, 0.6618242510904868, 0.6903167108694712, 0.6779783633848032, 0.7426108139532583, 0.670247419551015, 0.7429119308789571, 0.6769161894917489, 0.7928387959798177, 0.6756220715741317, 0.7914348136495661], "1": [0.523420441771547, 0.5411371904390829, 0.0, 0.0, 0.5222126661489407, 0.5367213964462281, 0.0, 0.0, 0.518744535384758, 0.5391709124600446, 0.5026258819426099, 0.5661911610100004, 0.5173912385358868, 0.5624898100304433, 0.0, 0.0, 0.5113524944211046, 0.6225570619106293, 0.0, 0.0, 0.5180150815596183, 0.6516241457727221, 0.5065832454400758, 0.6578711101302395, 0.5100567171971003, 0.6579653863553647, 0.5070779060324033, 0.7147105241953223, 0.5105819334741681, 0.7137230968033825, 0.5168776032825311, 0.756273544717718, 0.5066851510893609, 0.7663047080156485], "2": [0.8730474347248673, 0.6191742253524286, 0.8741938651849825, 0.6144171412344333, 0.0, 0.0, 0.8747786819934845, 0.6146237940699966, 0.8754366462429366, 0.6134112857006215, 0.880916990349474, 0.6409573526273176, 0.8719444767882426, 0.6404564117391904, 0.8915235199034214, 0.6787590369030282, 0.8650623008919259, 0.6764718932134134, 0.8872600525617601, 0.690644257598453, 0.8602902608069901, 0.6881525052918328, 0.8760220197339852, 0.7069063330690066, 0.8698436331003905, 0.7061066429924082, 0.8737835537642239, 0.7507352569588909, 0.871188164750735, 0.7506928458257958, 0.8738158515344063, 0.7972505175405078, 0.8729090637105401, 0.7977596054474513], "3": [0.0, 0.0, 0.0, 0.0, 0.0, 0.0, 0.0, 0.0, 0.0, 0.0, 0.5225555126865705, 0.5591300711449649, 0.0, 0.0, 0.5171087918182213, 0.6165481275982327, 0.0, 0.0, 0.0, 0.0, 0.0, 0.0, 0.0, 0.0, 0.0, 0.0, 0.0, 0.0, 0.0, 0.0, 0.0, 0.0, 0.0, 0.0], "4": [0.0, 0.0, 0.0, 0.0, 0.0, 0.0, 0.0, 0.0, 0.0, 0.0, 0.0, 0.0, 0.0, 0.0, 0.8651858365163207, 0.677435162746244, 0.0, 0.0, 0.8583556401232878, 0.6882781905156595, 0.0, 0.0, 0.0, 0.0, 0.0, 0.0, 0.0, 0.0, 0.0, 0.0, 0.0, 0.0, 0.0, 0.0], "5": [0.0, 0.0, 0.0, 0.0, 0.0, 0.0, 0.0, 0.0, 0.0, 0.0, 0.0, 0.0, 0.0, 0.0, 0.0, 0.0, 0.8908313507835071, 0.680094141651083, 0.0, 0.0, 0.0, 0.0, 0.0, 0.0, 0.0, 0.0, 0.0, 0.0, 0.0, 0.0, 0.0, 0.0, 0.0, 0.0], "6": [0.0, 0.0, 0.0, 0.0, 0.0, 0.0, 0.0, 0.0, 0.0, 0.0, 0.0, 0.0, 0.0, 0.0, 0.0, 0.0, 0.0, 0.0, 0.0, 0.0, 0.5182524019231398, 0.5734075294600592, 0.0, 0.0, 0.0, 0.0, 0.0, 0.0, 0.0, 0.0, 0.0, 0.0, 0.0, 0.0], "7": [0.0, 0.0, 0.0, 0.0, 0.0, 0.0, 0.0, 0.0, 0.0, 0.0, 0.0, 0.0, 0.0, 0.0, 0.0, 0.0, 0.0, 0.0, 0.0, 0.0, 0.0, 0.0, 0.0, 0.0, 0.0, 0.0, 0.0, 0.0, 0.0, 0.0, 0.0, 0.0, 0.6647611822932958, 0.7612997461248328]}