{"0": [0.4594369471694032, 0.552338926880448, 0.4609289685574671, 0.5490567476661117, 0.4580774533251921, 0.5480811516443889, 0.46504655679066975, 0.5516156757043468, 0.45434778966009615, 0.5493960504178648, 0.4707082773248355, 0.5837182819843292, 0.4453858676056067, 0.5833592092549359, 0.0, 0.0, 0.4370869670063257, 0.6108344283092905, 0.0, 0.0, 0.44184524839123096, 0.5925463579319141, 0.0, 0.0, 0.0, 0.0, 0.0, 0.0, 0.0, 0.0, 0.0, 0.0, 0.0, 0.0], "1": [0.0, 0.0, 0.0, 0.0, 0.0, 0.0, 0.6948301321516435, 0.687005075039687, 0.7061809085076675, 0.688978377757249, 0.6890321729704738, 0.7161361777120168, 0.7006816970805327, 0.730032322169454, 0.0, 0.0, 0.6954165401558081, 0.7782985168474692, 0.0, 0.0, 0.7174744007488092, 0.7920695737556175, 0.6840521633625031, 0.8173637687056153, 0.6925820949176948, 0.8189604395517597, 0.6946840384354194, 0.8859771773771004, 0.6969059275463223, 0.8874206999937694, 0.6835654040177663, 0.9379695412185456, 0.6832394596189261, 0.9409295291812332], "2": [0.0, 0.0, 0.0, 0.0, 0.0, 0.0, 0.0, 0.0, 0.0, 0.0, 0.4440489555709064, 0.5932581654301397, 0.47374642845243214, 0.5859766121263857, 0.4370970976849397, 0.6115784018128007, 0.47821448817849155, 0.6259201606787327, 0.0, 0.0, 0.0, 0.0, 0.44771526649904747, 0.663368066786616, 0.4704970004657904, 0.6668906525329307, 0.4358953611925244, 0.7114057022112387, 0.4804571103925506, 0.716528046241513, 0.422597106732428, 0.7568104880827444, 0.47157210869093735, 0.7755961700722024], "3": [0.0, 0.0, 0.0, 0.0, 0.0, 0.0, 0.0, 0.0, 0.0, 0.0, 0.0, 0.0, 0.0, 0.0, 0.0, 0.0, 0.0, 0.0, 0.0, 0.0, 0.0, 0.0, 0.0, 0.0, 0.0, 0.0, 0.0, 0.0, 0.0, 0.0, 0.0, 0.0, 0.7053911745548248, 0.9150513626635074]}