{"0": [0.3106825178178648, 0.5671401119894451, 0.31159895832339923, 0.5630405958052034, 0.0, 0.0, 0.3158238204816977, 0.5645225295314082, 0.0, 0.0, 0.3170013457536697, 0.5929140715687363, 0.33254897519946097, 0.5879954504745978, 0.29841189412400126, 0.611073607823777, 0.0, 0.0, 0.29134441216786705, 0.61097216701342, 0.0, 0.0, 0.32389275326083106, 0.6618800380715617, 0.3398989277270933, 0.6553309808312743, 0.3215850003063679, 0.7087834868166182, 0.33875856635471185, 0.698701470317664, 0.3203808012108008, 0.7577427453464932, 0.352826920337975, 0.7379302219108299], "1": [0.0, 0.0, 0.0, 0.0, 0.0, 0.0, 0.5625079145034154, 0.6095639658195001, 0.5770441230929767, 0.6114848184640761, 0.5503789562731981, 0.6373421059714425, 0.5812914691632614, 0.6470391181883989, 0.5431019220501184, 0.6721750789218479, 0.5877467811107635, 0.6914342283098786, 0.0, 0.0, 0.0, 0.0, 0.5530620438357194, 0.736772478013127, 0.5706833043446143, 0.7425881780959942, 0.5521898725147669, 0.8011786624237344, 0.5649988380881648, 0.8075683995529458, 0.5499369701991479, 0.8668108851821335, 0.5512016400073966, 0.8700472874221978], "2": [0.0, 0.0, 0.0, 0.0, 0.0, 0.0, 0.0, 0.0, 0.0, 0.0, 0.0, 0.0, 0.0, 0.0, 0.0, 0.0, 0.3233676340741416, 0.5562518943239141, 0.0, 0.0, 0.0, 0.0, 0.0, 0.0, 0.0, 0.0, 0.0, 0.0, 0.0, 0.0, 0.0, 0.0, 0.0, 0.0], "3": [0.0, 0.0, 0.0, 0.0, 0.0, 0.0, 0.0, 0.0, 0.0, 0.0, 0.0, 0.0, 0.0, 0.0, 0.0, 0.0, 0.0, 0.0, 0.0, 0.0, 0.10388471558690071, 0.6095207545492384, 0.0, 0.0, 0.0, 0.0, 0.0, 0.0, 0.0, 0.0, 0.0, 0.0, 0.0, 0.0]}