{"0": [0.424366853137811, 0.634942376613617, 0.42829659233490625, 0.629087527372219, 0.42256212085485456, 0.6289553719538229, 0.4361234686026971, 0.6305926605507179, 0.42008321657776826, 0.6303795258204142, 0.44267382398247723, 0.6687593317694134, 0.4183699420342843, 0.6641302326211223, 0.44707057991375526, 0.7133125945373818, 0.41044352618434155, 0.6977677376181991, 0.4288163889199495, 0.728781496319506, 0.4009017792840799, 0.7220465308676164, 0.43916882943982877, 0.7597348996334605, 0.41905346484854816, 0.7580028191760734, 0.44152393825352193, 0.8235347131888072, 0.41160244680941105, 0.8275567158504769, 0.44732843327025573, 0.8807414434574269, 0.4195025927076737, 0.8918917604618603], "1": [0.0, 0.0, 0.0, 0.0, 0.0, 0.0, 0.5981201656317959, 0.5877093823971572, 0.6080864040801922, 0.5880596956169164, 0.5896450135391206, 0.6278945205388246, 0.6104913299437612, 0.6183922458853987, 0.5845502763986588, 0.6571261348547759, 0.6175792515277863, 0.6625962508221467, 0.5861841869850953, 0.6724126833456534, 0.6301842845976353, 0.6844863629451504, 0.588938495516777, 0.6939319366658175, 0.6037194089343151, 0.6958253546997352, 0.6155388647690415, 0.7400911856580663, 0.6207600402335326, 0.737058042857313, 0.5957238953560591, 0.7774766279591454, 0.6298720804353554, 0.7767061639715124], "2": [0.0, 0.0, 0.0, 0.0, 0.0, 0.0, 0.0, 0.0, 0.0, 0.0, 0.0, 0.0, 0.0, 0.0, 0.0, 0.0, 0.0, 0.0, 0.43587185128902395, 0.6803236703077952, 0.0, 0.0, 0.0, 0.0, 0.0, 0.0, 0.0, 0.0, 0.0, 0.0, 0.0, 0.0, 0.0, 0.0], "3": [0.0, 0.0, 0.0, 0.0, 0.0, 0.0, 0.0, 0.0, 0.0, 0.0, 0.0, 0.0, 0.0, 0.0, 0.0, 0.0, 0.0, 0.0, 0.0, 0.0, 0.91075378973037, 0.8273924203934493, 0.0, 0.0, 0.0, 0.0, 0.0, 0.0, 0.0, 0.0, 0.0, 0.0, 0.0, 0.0], "4": [0.0, 0.0, 0.0, 0.0, 0.0, 0.0, 0.0, 0.0, 0.0, 0.0, 0.0, 0.0, 0.0, 0.0, 0.0, 0.0, 0.0, 0.0, 0.0, 0.0, 0.0, 0.0, 0.0, 0.0, 0.0, 0.0, 0.0, 0.0, 0.0, 0.0, 0.6293650860587756, 0.7745877244406276, 0.0, 0.0], "5": [0.0, 0.0, 0.0, 0.0, 0.0, 0.0, 0.0, 0.0, 0.0, 0.0, 0.0, 0.0, 0.0, 0.0, 0.0, 0.0, 0.0, 0.0, 0.0, 0.0, 0.0, 0.0, 0.0, 0.0, 0.0, 0.0, 0.0, 0.0, 0.0, 0.0, 0.0, 0.0, 0.5948563831547896, 0.7803324108874357]}