{"0": [0.2690520740735034, 0.6801123861913327, 0.27539090675612293, 0.6734580291642083, 0.26519711477061114, 0.6716493216929611, 0.2782627669473489, 0.6762527615935714, 0.0, 0.0, 0.28139726968171697, 0.7094304360725262, 0.260697132969896, 0.7192331066838017, 0.0, 0.0, 0.24717095382511614, 0.7427923940949969, 0.0, 0.0, 0.0, 0.0, 0.2699415240436792, 0.80414393875334, 0.2820161782825987, 0.8042349568119755, 0.0, 0.0, 0.2631946474313736, 0.8749218035627294, 0.24747603042051197, 0.9043946795993381, 0.30289583777387935, 0.8966902346522718], "1": [0.0, 0.0, 0.0, 0.0, 0.0, 0.0, 0.4824644453823566, 0.5801051468760879, 0.4952945526689291, 0.5806127940615018, 0.4738289144511024, 0.6024229761626986, 0.5037692716966072, 0.6028958405609484, 0.4657799615214269, 0.6420677487496975, 0.5189098683185875, 0.6315788973260807, 0.4687310846619463, 0.6686772868589118, 0.5049249637871981, 0.6401671281567327, 0.47861005266507467, 0.6853275172136448, 0.5004916352530321, 0.6845472484275147, 0.47564367155234016, 0.7463199803122768, 0.501869221854334, 0.7437771233695525, 0.47394375279545786, 0.8003752222767582, 0.5104482665425166, 0.7918658278606556], "2": [0.0, 0.0, 0.0, 0.0, 0.0, 0.0, 0.0, 0.0, 0.2669044786443313, 0.675247073173523, 0.0, 0.0, 0.0, 0.0, 0.0, 0.0, 0.0, 0.0, 0.0, 0.0, 0.0, 0.0, 0.0, 0.0, 0.0, 0.0, 0.0, 0.0, 0.0, 0.0, 0.0, 0.0, 0.0, 0.0], "3": [0.0, 0.0, 0.0, 0.0, 0.0, 0.0, 0.0, 0.0, 0.0, 0.0, 0.0, 0.0, 0.28025097070882715, 0.7125773290793102, 0.0, 0.0, 0.0, 0.0, 0.0, 0.0, 0.2514437591657043, 0.7292468280152038, 0.0, 0.0, 0.0, 0.0, 0.0, 0.0, 0.0, 0.0, 0.0, 0.0, 0.0, 0.0], "4": [0.0, 0.0, 0.0, 0.0, 0.0, 0.0, 0.0, 0.0, 0.0, 0.0, 0.0, 0.0, 0.0, 0.0, 0.0, 0.0, 0.0, 0.0, 0.0, 0.0, 0.0, 0.0, 0.0, 0.0, 0.0, 0.0, 0.2629702808956305, 0.8740091094264277, 0.24667344441016514, 0.8264801599913173, 0.3040254838764668, 0.8972782329276756, 0.24775026440620423, 0.904153871094739], "5": [0.0, 0.0, 0.0, 0.0, 0.0, 0.0, 0.0, 0.0, 0.0, 0.0, 0.0, 0.0, 0.0, 0.0, 0.0, 0.0, 0.0, 0.0, 0.0, 0.0, 0.0, 0.0, 0.0, 0.0, 0.0, 0.0, 0.24590419133504232, 0.8277803743327106, 0.0, 0.0, 0.0, 0.0, 0.0, 0.0]}