{"0": [0.0, 0.0, 0.0, 0.0, 0.0, 0.0, 0.39983303596576053, 0.5100571261511908, 0.41218969523906707, 0.5124342638033408, 0.3940017709042877, 0.5353607455889384, 0.4189361890467504, 0.5360618030583417, 0.3826215005169313, 0.5626639026182669, 0.4250511544446151, 0.5688284280123534, 0.3894883255396659, 0.5411205883379335, 0.43096640476336084, 0.5893317055922968, 0.39780981245761116, 0.6076766049420392, 0.41485970666011174, 0.6085423551223897, 0.4011280977477629, 0.6622932002500251, 0.4183384298967818, 0.6580991217383632, 0.40219170226094625, 0.7189567777845595, 0.41681133906046547, 0.7048989975893938], "1": [0.0, 0.0, 0.0, 0.0, 0.0, 0.0, 0.0, 0.0, 0.0, 0.0, 0.4875747278332711, 0.5371129249395044, 0.5044207509607077, 0.5346800830629137, 0.49394494070050615, 0.5057402532409738, 0.5076866246759891, 0.5705176560967057, 0.4959455306331317, 0.49504336758896156, 0.5118720375001431, 0.5828896457398379, 0.4887159630035361, 0.5964352870704951, 0.5025985837293168, 0.5956644562107546, 0.49111788347363466, 0.6396830089666226, 0.5148029134608805, 0.6372052492918792, 0.4849273718583087, 0.6793201712546525, 0.5139032032961647, 0.6829753714579123], "2": [0.0, 0.0, 0.0, 0.0, 0.0, 0.0, 0.0, 0.0, 0.0, 0.0, 0.5021891122063001, 0.5316001254099386, 0.0, 0.0, 0.0, 0.0, 0.0, 0.0, 0.0, 0.0, 0.0, 0.0, 0.0, 0.0, 0.0, 0.0, 0.0, 0.0, 0.0, 0.0, 0.0, 0.0, 0.0, 0.0], "3": [0.0, 0.0, 0.0, 0.0, 0.0, 0.0, 0.0, 0.0, 0.0, 0.0, 0.0, 0.0, 0.0, 0.0, 0.0, 0.0, 0.4957333562274774, 0.5061495273201554, 0.0, 0.0, 0.49791124569116313, 0.49533469412061903, 0.0, 0.0, 0.0, 0.0, 0.0, 0.0, 0.0, 0.0, 0.0, 0.0, 0.0, 0.0], "4": [0.0, 0.0, 0.0, 0.0, 0.0, 0.0, 0.0, 0.0, 0.0, 0.0, 0.0, 0.0, 0.0, 0.0, 0.0, 0.0, 0.0, 0.0, 0.0, 0.0, 0.3925519465158383, 0.5423313697179158, 0.0, 0.0, 0.0, 0.0, 0.0, 0.0, 0.0, 0.0, 0.0, 0.0, 0.0, 0.0]}