{"0": [0.6121792398393154, 0.483436029597565, 0.0, 0.0, 0.6107294343411922, 0.4796283275992782, 0.5998800250391165, 0.47976553550472967, 0.607030929128329, 0.48121832741631404, 0.5919167642792066, 0.49652491410573324, 0.612598970408241, 0.5055460395636382, 0.5862600396076838, 0.5316200053250348, 0.6203548293560743, 0.5368273956494198, 0.0, 0.0, 0.628684209411343, 0.5668445299620981, 0.5897346390876919, 0.568135948644744, 0.6058358145877719, 0.5674113069419506, 0.5925300899893046, 0.6215692111739406, 0.6054730035364628, 0.6215616861979166, 0.5955602346609036, 0.675179252801118, 0.6058419595162073, 0.680898192193773], "1": [0.0, 0.0, 0.0, 0.0, 0.0, 0.0, 0.45759377156694725, 0.5921976820186332, 0.4691505588280658, 0.587317849861251, 0.4611356814702352, 0.6265730363351327, 0.4688500518910586, 0.6201545411789858, 0.4634040594100952, 0.668991760081715, 0.47107173862556617, 0.6646831818200923, 0.4519777025018509, 0.6873626761966282, 0.0, 0.0, 0.4691502378011743, 0.6950683567259047, 0.4782904885709286, 0.6932023483294028, 0.4510185280193885, 0.7298233051542883, 0.476092285849154, 0.743296715175664, 0.4529775522649288, 0.7722881413168378, 0.4746755253523588, 0.7861276578020165], "2": [0.0, 0.0, 0.0, 0.0, 0.0, 0.0, 0.0, 0.0, 0.0, 0.0, 0.6132394261658192, 0.5033402981581512, 0.5926666593799989, 0.4981684469514423, 0.6201728587349256, 0.5346776361818667, 0.5860382643217842, 0.5305838900583761, 0.0, 0.0, 0.0, 0.0, 0.0, 0.0, 0.0, 0.0, 0.0, 0.0, 0.0, 0.0, 0.0, 0.0, 0.0, 0.0], "3": [0.0, 0.0, 0.0, 0.0, 0.0, 0.0, 0.0, 0.0, 0.0, 0.0, 0.0, 0.0, 0.0, 0.0, 0.0, 0.0, 0.0, 0.0, 0.0, 0.0, 0.45363463660081227, 0.6849421138288798, 0.0, 0.0, 0.0, 0.0, 0.0, 0.0, 0.0, 0.0, 0.0, 0.0, 0.0, 0.0], "4": [0.0, 0.0, 0.0, 0.0, 0.0, 0.0, 0.0, 0.0, 0.0, 0.0, 0.0, 0.0, 0.0, 0.0, 0.0, 0.0, 0.0, 0.0, 0.0, 0.0, 0.0, 0.0, 0.0, 0.0, 0.0, 0.0, 0.0, 0.0, 0.4533870248744885, 0.7271229121420117, 0.0, 0.0, 0.0, 0.0], "5": [0.0, 0.0, 0.0, 0.0, 0.0, 0.0, 0.0, 0.0, 0.0, 0.0, 0.0, 0.0, 0.0, 0.0, 0.0, 0.0, 0.0, 0.0, 0.0, 0.0, 0.0, 0.0, 0.0, 0.0, 0.0, 0.0, 0.0, 0.0, 0.0, 0.0, 0.4721040609603127, 0.7919992959057843, 0.0, 0.0]}