{"0": [0.7524794227133195, 0.6310664605211329, 0.7538052152842283, 0.6256571567996785, 0.0, 0.0, 0.7624172007044158, 0.6241442446355467, 0.0, 0.0, 0.7704294060667356, 0.6529788505148004, 0.7641051879773537, 0.6508345877682722, 0.7774797458512087, 0.6992565092665177, 0.0, 0.0, 0.7598832047233979, 0.725774700553329, 0.7546703817943732, 0.6856708999585223, 0.7671860114981731, 0.7507537130956297, 0.7557958266697824, 0.7469442149003347, 0.7684305722514788, 0.7965460791907929, 0.7469118003423015, 0.789036984562322, 0.7731117561459542, 0.8489096936252382, 0.7484074904583394, 0.850490602740535], "1": [0.8409253420929113, 0.6227790499175035, 0.8428333597878616, 0.6173750948022914, 0.8389561334004004, 0.6160575650356434, 0.844795796026786, 0.619837611472165, 0.8332877210030954, 0.616100526518292, 0.8395501193396436, 0.6497883832013166, 0.8251686646292608, 0.6457175535184366, 0.8363298730303844, 0.697222974565294, 0.8124319872508446, 0.6765845802095202, 0.0, 0.0, 0.0, 0.0, 0.8320297416920464, 0.7425553191591192, 0.8184965409338474, 0.7427702062659793, 0.8310365465003997, 0.8012901034620074, 0.8188135658895287, 0.7986536800861359, 0.8231415432722619, 0.8482147449489545, 0.813667019084096, 0.8472390785261437], "2": [0.0, 0.0, 0.0, 0.0, 0.0, 0.0, 0.3346280499051015, 0.6308227618535359, 0.35183839000140626, 0.6280369038935061, 0.33519680057652296, 0.6657098739235491, 0.363664427647988, 0.6565351713586737, 0.33986441815892854, 0.7229169351635156, 0.37123133602241676, 0.7151375108019069, 0.0, 0.0, 0.0, 0.0, 0.3457462679594755, 0.7738075983193186, 0.364661405600297, 0.7708475792849505, 0.34944232503573097, 0.8312000998744258, 0.3640485091755788, 0.8196369266068495, 0.3542721429141484, 0.8824827806912416, 0.3585278566952064, 0.8757092804367769], "3": [0.0, 0.0, 0.0, 0.0, 0.0, 0.0, 0.0, 0.0, 0.0, 0.0, 0.0, 0.0, 0.752025760062194, 0.6997007696716874, 0.0, 0.0, 0.7522803643563142, 0.7136440064068194, 0.0, 0.0, 0.0, 0.0, 0.0, 0.0, 0.0, 0.0, 0.0, 0.0, 0.0, 0.0, 0.0, 0.0, 0.0, 0.0], "4": [0.0, 0.0, 0.0, 0.0, 0.0, 0.0, 0.0, 0.0, 0.0, 0.0, 0.0, 0.0, 0.0, 0.0, 0.3100156555262705, 0.672534359825982, 0.0, 0.0, 0.0, 0.0, 0.0, 0.0, 0.0, 0.0, 0.0, 0.0, 0.0, 0.0, 0.0, 0.0, 0.0, 0.0, 0.0, 0.0], "5": [0.0, 0.0, 0.0, 0.0, 0.0, 0.0, 0.0, 0.0, 0.0, 0.0, 0.0, 0.0, 0.0, 0.0, 0.0, 0.0, 0.8326636843383312, 0.7048068382121898, 0.0, 0.0, 0.0, 0.0, 0.0, 0.0, 0.0, 0.0, 0.0, 0.0, 0.0, 0.0, 0.0, 0.0, 0.0, 0.0], "6": [0.0, 0.0, 0.0, 0.0, 0.0, 0.0, 0.0, 0.0, 0.0, 0.0, 0.0, 0.0, 0.0, 0.0, 0.0, 0.0, 0.36810921809325614, 0.6541593979906153, 0.0, 0.0, 0.0, 0.0, 0.0, 0.0, 0.0, 0.0, 0.0, 0.0, 0.0, 0.0, 0.0, 0.0, 0.0, 0.0], "7": [0.0, 0.0, 0.0, 0.0, 0.0, 0.0, 0.0, 0.0, 0.0, 0.0, 0.0, 0.0, 0.0, 0.0, 0.0, 0.0, 0.0, 0.0, 0.0, 0.0, 0.8085658218711614, 0.7421526655002876, 0.0, 0.0, 0.0, 0.0, 0.0, 0.0, 0.0, 0.0, 0.0, 0.0, 0.0, 0.0], "8": [0.0, 0.0, 0.0, 0.0, 0.0, 0.0, 0.0, 0.0, 0.0, 0.0, 0.0, 0.0, 0.0, 0.0, 0.0, 0.0, 0.0, 0.0, 0.0, 0.0, 0.8204538820932309, 0.676056929981267, 0.0, 0.0, 0.0, 0.0, 0.0, 0.0, 0.0, 0.0, 0.0, 0.0, 0.0, 0.0], "9": [0.0, 0.0, 0.0, 0.0, 0.0, 0.0, 0.0, 0.0, 0.0, 0.0, 0.0, 0.0, 0.0, 0.0, 0.0, 0.0, 0.0, 0.0, 0.0, 0.0, 0.3731985318474472, 0.7423815137810177, 0.0, 0.0, 0.0, 0.0, 0.0, 0.0, 0.0, 0.0, 0.0, 0.0, 0.0, 0.0], "10": [0.0, 0.0, 0.0, 0.0, 0.0, 0.0, 0.0, 0.0, 0.0, 0.0, 0.0, 0.0, 0.0, 0.0, 0.0, 0.0, 0.0, 0.0, 0.0, 0.0, 0.0, 0.0, 0.0, 0.0, 0.0, 0.0, 0.747043579382201, 0.7911547038290235, 0.7683066074115534, 0.7967668916892122, 0.7481001493831474, 0.8503671968424762, 0.7730568126620104, 0.84892360628755]}