{"0": [0.6917602771272262, 0.548245366414388, 0.6929937411720554, 0.5449158277776506, 0.0, 0.0, 0.6989572644233704, 0.5443996136559657, 0.0, 0.0, 0.7072879441703359, 0.5696575955108361, 0.7013598235324026, 0.567100530890403, 0.7122203726321459, 0.6068340630443008, 0.6995210826396943, 0.6052075075882453, 0.7020269333617761, 0.6375896052077964, 0.0, 0.0, 0.702819678808252, 0.6439136823018392, 0.6982499431508283, 0.6423880400481048, 0.6958633597940207, 0.6939453655922855, 0.6945171820620696, 0.6927101139393118, 0.7068546675145626, 0.7464226877247847, 0.7030253898352384, 0.739177245784689], "1": [0.3711899091800054, 0.6372896545463138, 0.3748043465117613, 0.6315034738293399, 0.36940812449902294, 0.6306887216038175, 0.37769964238007864, 0.6336363752958951, 0.3664434188356002, 0.6322866520395986, 0.38631469048559663, 0.6664579172929128, 0.35703909130146105, 0.6689430931100139, 0.0, 0.0, 0.34899544094999635, 0.7150916203304574, 0.0, 0.0, 0.0, 0.0, 0.0, 0.0, 0.0, 0.0, 0.0, 0.0, 0.0, 0.0, 0.0, 0.0, 0.0, 0.0], "2": [0.8173316409190495, 0.5975015829006831, 0.0, 0.0, 0.8135641235858202, 0.5929282877180312, 0.0, 0.0, 0.8075577693680922, 0.5945379986807152, 0.803077021924158, 0.6119754071036975, 0.805934576690197, 0.6151884337266286, 0.797909971763147, 0.6458394092542153, 0.8145832279624756, 0.6303000741534764, 0.7989483038584392, 0.6475670473995032, 0.8203097465137641, 0.6422275571911423, 0.806417538691312, 0.6624229217569033, 0.8120982923855384, 0.6609139221685905, 0.8047647727032502, 0.6998812292461042, 0.8150787969740728, 0.7006054606702593, 0.8045505354801814, 0.735809349792975, 0.8112892748167118, 0.7374106735542968], "3": [0.0, 0.0, 0.0, 0.0, 0.0, 0.0, 0.0, 0.0, 0.0, 0.0, 0.3561245404106254, 0.6678654551506042, 0.3873885473857323, 0.6670319139957428, 0.34650251604616644, 0.7168662634160784, 0.0, 0.0, 0.33685614640514056, 0.7518789353038839, 0.0, 0.0, 0.3648832947636644, 0.7659125528953693, 0.38845036414762346, 0.7605481072708412, 0.37010923561950526, 0.8455310569869148, 0.3924513270457586, 0.8286521514256795, 0.37462115151186787, 0.9122181998358833, 0.40075701537231606, 0.8930798984236189], "4": [0.0, 0.0, 0.0, 0.0, 0.0, 0.0, 0.0, 0.0, 0.0, 0.0, 0.8194782339657346, 0.5821740237099153, 0.0, 0.0, 0.81784599237144, 0.6096683523169271, 0.0, 0.0, 0.0, 0.0, 0.0, 0.0, 0.0, 0.0, 0.0, 0.0, 0.0, 0.0, 0.0, 0.0, 0.0, 0.0, 0.0, 0.0], "5": [0.0, 0.0, 0.0, 0.0, 0.0, 0.0, 0.0, 0.0, 0.0, 0.0, 0.0, 0.0, 0.0, 0.0, 0.0, 0.0, 0.0, 0.0, 0.02259606420993805, 0.4324988353031653, 0.0, 0.0, 0.0, 0.0, 0.0, 0.0, 0.0, 0.0, 0.0, 0.0, 0.0, 0.0, 0.0, 0.0], "6": [0.0, 0.0, 0.0, 0.0, 0.0, 0.0, 0.0, 0.0, 0.0, 0.0, 0.0, 0.0, 0.0, 0.0, 0.0, 0.0, 0.0, 0.0, 0.0, 0.0, 0.7996471618612606, 0.6473777396259485, 0.0, 0.0, 0.0, 0.0, 0.0, 0.0, 0.0, 0.0, 0.0, 0.0, 0.0, 0.0]}