{"0": [0.6946361941595872, 0.46588634075941865, 0.6952022546281417, 0.4596453145698265, 0.6907000215103228, 0.46205702291594614, 0.6970506022373836, 0.4624779154857, 0.6838353918244441, 0.4660915661741186, 0.7014473460614681, 0.4885779137964603, 0.6797740512837966, 0.49376149431422905, 0.7056982774287462, 0.522910319875788, 0.6737493580828109, 0.5255257368087769, 0.7084184837838013, 0.5472596956623925, 0.6732359004827837, 0.5538940303855471, 0.6964614048600197, 0.5557959483729468, 0.6808137756461898, 0.5555540098084344, 0.6937381059435818, 0.6022398203611374, 0.6765036643793185, 0.599769902670825, 0.6947409121319652, 0.651641618322443, 0.669410319874684, 0.6298400432975205], "1": [0.7640731221996248, 0.46282932750052874, 0.7669404312968254, 0.4592916572535479, 0.7619417338321607, 0.45773841893231426, 0.770357500265042, 0.4636676693956057, 0.7582143510381381, 0.4593151295626605, 0.7734360399966439, 0.4902892435038531, 0.7496738966554404, 0.48946872132795827, 0.772692961897701, 0.5093498042336216, 0.7416003150244556, 0.5166096848470193, 0.0, 0.0, 0.0, 0.0, 0.7671753869702419, 0.5635566985165631, 0.7525332525372506, 0.5589923357797993, 0.7671625976761184, 0.6014609829143241, 0.7507697286705175, 0.6004200467356929, 0.764328703051433, 0.6338489679274736, 0.7506189328928787, 0.6464272555377748], "2": [0.5049201928079128, 0.4298064629236857, 0.0, 0.0, 0.5051807249585788, 0.42449223421238086, 0.4937002714956179, 0.42527870717975824, 0.5030001276483138, 0.42820834672009506, 0.4874119124064843, 0.4493849802900244, 0.5067944574480255, 0.4524413404641328, 0.4859220477131505, 0.48072044761092575, 0.5103294314350932, 0.483585520806136, 0.4882974475622177, 0.4996719660582366, 0.5145891220313691, 0.5002872048152818, 0.49096041967471443, 0.5083740169251407, 0.5040157859524091, 0.5072384991855533, 0.4964059835920731, 0.5432105663749907, 0.5092383114000162, 0.541215573196058, 0.4966118164360523, 0.5783523378548797, 0.49670423443118733, 0.5799197143978543], "3": [0.0, 0.0, 0.0, 0.0, 0.0, 0.0, 0.0, 0.0, 0.0, 0.0, 0.9013406843567888, 0.45151779077671195, 0.0, 0.0, 0.8979446691965374, 0.4888504015074836, 0.0, 0.0, 0.0, 0.0, 0.0, 0.0, 0.0, 0.0, 0.0, 0.0, 0.0, 0.0, 0.0, 0.0, 0.0, 0.0, 0.0, 0.0], "4": [0.0, 0.0, 0.0, 0.0, 0.0, 0.0, 0.0, 0.0, 0.0, 0.0, 0.0, 0.0, 0.0, 0.0, 0.0, 0.0, 0.0, 0.0, 0.7010639041041334, 0.4994631103343434, 0.0, 0.0, 0.0, 0.0, 0.0, 0.0, 0.0, 0.0, 0.0, 0.0, 0.0, 0.0, 0.0, 0.0], "5": [0.0, 0.0, 0.0, 0.0, 0.0, 0.0, 0.0, 0.0, 0.0, 0.0, 0.0, 0.0, 0.0, 0.0, 0.0, 0.0, 0.0, 0.0, 0.0, 0.0, 0.6775989351794124, 0.4987663965534281, 0.0, 0.0, 0.0, 0.0, 0.0, 0.0, 0.0, 0.0, 0.0, 0.0, 0.0, 0.0]}