{"0": [0.6427205053468545, 0.5437879820664724, 0.6439431553085645, 0.5386312524477641, 0.6409067191183567, 0.5376648035866243, 0.0, 0.0, 0.6328138768672943, 0.536359114172282, 0.643286969481657, 0.5638014943511398, 0.6217715819676717, 0.563217055356061, 0.6506748873740434, 0.5910631071638178, 0.6112791289885837, 0.5927526005992182, 0.6639804659411311, 0.6013064704559467, 0.6116590477526188, 0.6278705965589594, 0.639506384722578, 0.6332753410976794, 0.6262079117198786, 0.6333309112448694, 0.634554517517487, 0.6837781092634907, 0.631939282702903, 0.6829579057516875, 0.6310698524034494, 0.725609420474709, 0.6304506023652294, 0.7249555944697236], "1": [0.0, 0.0, 0.0, 0.0, 0.0, 0.0, 0.33122129142284396, 0.6354092940136238, 0.3432299157604575, 0.6341426751679844, 0.32792653385549786, 0.6683186462631932, 0.34871671771009766, 0.6623394649337839, 0.0, 0.0, 0.33683160270253826, 0.7167566398779551, 0.3196042274435361, 0.7472681436273787, 0.0, 0.0, 0.33697630316019056, 0.7807198560900158, 0.3386041366805633, 0.7809474831929913, 0.3372875537723303, 0.8364602561350223, 0.3386109423513214, 0.836161462465922, 0.34158034630983863, 0.8986579046189447, 0.34616001769900323, 0.9171082516511281], "2": [0.0, 0.0, 0.0, 0.0, 0.0, 0.0, 0.0, 0.0, 0.0, 0.0, 0.0, 0.0, 0.8603354187915102, 0.5608545383921376, 0.0, 0.0, 0.0, 0.0, 0.0, 0.0, 0.0, 0.0, 0.0, 0.0, 0.8604426221436976, 0.6261135680256067, 0.0, 0.0, 0.0, 0.0, 0.0, 0.0, 0.0, 0.0], "3": [0.0, 0.0, 0.0, 0.0, 0.0, 0.0, 0.0, 0.0, 0.0, 0.0, 0.0, 0.0, 0.0, 0.0, 0.0, 0.0, 0.0, 0.0, 0.0, 0.0, 0.0, 0.0, 0.0, 0.0, 0.0, 0.0, 0.0, 0.0, 0.0, 0.0, 0.0, 0.0, 0.33692860752344134, 0.8764078622614896]}