{"0": [0.0, 0.0, 0.0, 0.0, 0.0, 0.0, 0.434408796330293, 0.6010805602426882, 0.4453041534870863, 0.5984073917071024, 0.4398314862512052, 0.6307423841070245, 0.44713203081240255, 0.6270364963346058, 0.44771533540139596, 0.6662887882303309, 0.448606187167267, 0.6593476666344537, 0.4403096752241254, 0.6984871363198316, 0.0, 0.0, 0.44845283056298896, 0.6954629094512375, 0.4561094475289186, 0.6934947710898187, 0.43387405512233573, 0.7388072501730036, 0.44230181897679965, 0.733330508514687, 0.4487988882508491, 0.7818526731371666, 0.452325082149892, 0.7682351453974545], "1": [0.0, 0.0, 0.0, 0.0, 0.0, 0.0, 0.6062765968284415, 0.48873177457738803, 0.6175471692035596, 0.48944072966222407, 0.5971885792911054, 0.5065675439657988, 0.6214196653415759, 0.5111386109281469, 0.5844620242094, 0.5292586426492091, 0.6293917523076137, 0.5361343660288387, 0.5871738642454148, 0.5162626855903202, 0.6341387766102949, 0.5533885504360552, 0.5958453670144082, 0.5812644644605892, 0.6125758258004983, 0.5805056938418635, 0.5974561374634504, 0.6298063463634914, 0.6187443467279081, 0.6287124269538455, 0.6013783833011985, 0.6823645033218242, 0.6211398862302303, 0.6808794037059501], "2": [0.0, 0.0, 0.0, 0.0, 0.0, 0.0, 0.0, 0.0, 0.0, 0.0, 0.7204738117754459, 0.26658604167125843, 0.7300649849077064, 0.2663072356471309, 0.0, 0.0, 0.7346204485744238, 0.28005686645154604, 0.0, 0.0, 0.0, 0.0, 0.723256113473326, 0.29439495658432996, 0.7296229322751363, 0.29339944731306145, 0.0, 0.0, 0.0, 0.0, 0.0, 0.0, 0.0, 0.0]}