{"0": [0.4924760177731514, 0.5789170439596529, 0.4955438695847988, 0.572549996000749, 0.49063522927463055, 0.5738178418466339, 0.5016513500673075, 0.5709115355103104, 0.4880767113218705, 0.5725484552206817, 0.5137678287923336, 0.5983145389291974, 0.4865652471780777, 0.5959953956581929, 0.5233532434950272, 0.6345478848174766, 0.49046549101670583, 0.6192742101572178, 0.5258170053362846, 0.6675619502862294, 0.500307330613335, 0.6197203159332275, 0.5108392644052704, 0.6757024263894117, 0.494228946013997, 0.6751695683708897, 0.504989534864823, 0.7362994155950017, 0.5009882585455974, 0.7354917702851472, 0.5021547875522325, 0.7926112828431306, 0.5022112458944321, 0.7906716811436194], "1": [0.6273794223554432, 0.4901325166225433, 0.6304122607534131, 0.4855211971534623, 0.626216552592814, 0.48601640860239664, 0.637057753900687, 0.48694719583899887, 0.0, 0.0, 0.6433166642673314, 0.5097076616905354, 0.6216112925360601, 0.5095202207565308, 0.6475132563679404, 0.5419442262392514, 0.6172637528429429, 0.5497882463313916, 0.6498629211137692, 0.5895637377544686, 0.6128816703955332, 0.5815652141278541, 0.6387156139438351, 0.5858425067530738, 0.6219265291467309, 0.585153936015235, 0.6343944744517405, 0.6389546884430779, 0.6196025195841988, 0.6344151024465208, 0.6338504803677399, 0.6937749734631291, 0.6333591749270757, 0.6935244561345489], "2": [0.0, 0.0, 0.0, 0.0, 0.0, 0.0, 0.0, 0.0, 0.0, 0.0, 0.0, 0.0, 0.0, 0.0, 0.0, 0.0, 0.0, 0.0, 0.642389430726568, 0.5172194249100155, 0.0, 0.0, 0.0, 0.0, 0.0, 0.0, 0.0, 0.0, 0.0, 0.0, 0.0, 0.0, 0.0, 0.0], "3": [0.0, 0.0, 0.0, 0.0, 0.0, 0.0, 0.0, 0.0, 0.0, 0.0, 0.0, 0.0, 0.0, 0.0, 0.0, 0.0, 0.0, 0.0, 0.511390067016085, 0.6183672746712411, 0.0, 0.0, 0.0, 0.0, 0.0, 0.0, 0.0, 0.0, 0.0, 0.0, 0.0, 0.0, 0.0, 0.0], "4": [0.0, 0.0, 0.0, 0.0, 0.0, 0.0, 0.0, 0.0, 0.0, 0.0, 0.0, 0.0, 0.0, 0.0, 0.0, 0.0, 0.0, 0.0, 0.0, 0.0, 0.6245410074790319, 0.5273423607702609, 0.0, 0.0, 0.0, 0.0, 0.0, 0.0, 0.0, 0.0, 0.0, 0.0, 0.0, 0.0]}