{"0": [0.45306548761824766, 0.6210981093071125, 0.4567587395819525, 0.6163253119698278, 0.45236739950875443, 0.6152506552360676, 0.4660749513655901, 0.6202886122244375, 0.0, 0.0, 0.4755764089524746, 0.6554184030051584, 0.44833716256543993, 0.6481377140627484, 0.4836954141656558, 0.6982337798233386, 0.44465876774241525, 0.6950841950045692, 0.489174247533083, 0.7411241723431481, 0.43678355651597184, 0.7292399027557285, 0.4714075483381748, 0.7400682471416615, 0.4530523567770918, 0.7382111333034658, 0.46348610793550815, 0.8119435964911073, 0.0, 0.0, 0.4624275803565979, 0.8829879815931674, 0.46219610373179115, 0.8824767178959316], "1": [0.6795104610423246, 0.5477794382307265, 0.682116741190354, 0.543119627016562, 0.6770900123320946, 0.5415995350590459, 0.6845609503487746, 0.5450104550079063, 0.6706194228182236, 0.5411666207843356, 0.6887835438052813, 0.5747210828794374, 0.6591297806551059, 0.5667929888185527, 0.694945877790451, 0.6089359813266331, 0.6522536356933415, 0.5980585359864765, 0.7005734087278446, 0.6404793689372363, 0.6517015009187161, 0.6325662755303911, 0.681626538435618, 0.6448518410876944, 0.6623266048729419, 0.6431271919497737, 0.6829306172827879, 0.6950810494246307, 0.661598748465379, 0.6887141603010672, 0.6879805530110995, 0.7445823298560248, 0.6621962990611793, 0.7305890438733278], "2": [0.0, 0.0, 0.0, 0.0, 0.0, 0.0, 0.0, 0.0, 0.0, 0.0, 0.0, 0.0, 0.0, 0.0, 0.0, 0.0, 0.0, 0.0, 0.0, 0.0, 0.0, 0.0, 0.0, 0.0, 0.0, 0.0, 0.0, 0.0, 0.4640225247790416, 0.8112594479625975, 0.0, 0.0, 0.0, 0.0], "3": [0.0, 0.0, 0.0, 0.0, 0.0, 0.0, 0.0, 0.0, 0.0, 0.0, 0.0, 0.0, 0.0, 0.0, 0.0, 0.0, 0.0, 0.0, 0.0, 0.0, 0.0, 0.0, 0.0, 0.0, 0.0, 0.0, 0.0, 0.0, 0.0, 0.0, 0.4826806952555974, 0.835027496571894, 0.0, 0.0], "4": [0.0, 0.0, 0.0, 0.0, 0.0, 0.0, 0.0, 0.0, 0.0, 0.0, 0.0, 0.0, 0.0, 0.0, 0.0, 0.0, 0.0, 0.0, 0.0, 0.0, 0.0, 0.0, 0.0, 0.0, 0.0, 0.0, 0.0, 0.0, 0.0, 0.0, 0.0, 0.0, 0.4833783954381943, 0.8360716824178341]}