{"0": [0.28383800039688745, 0.5561969582681303, 0.28490715998535354, 0.5505879846987901, 0.28213343769311905, 0.5525439450034388, 0.2915925515194734, 0.5481435894966126, 0.0, 0.0, 0.30175449351469674, 0.5739790343162087, 0.29348446493968366, 0.5758194215871669, 0.30752213137845197, 0.6105260542145482, 0.29604283198714254, 0.611673177116447, 0.30026734496156376, 0.6405716517181308, 0.2914139738927285, 0.6368966345433835, 0.3049744054675102, 0.6485453485614724, 0.30450632572174074, 0.6471288208608276, 0.30022680250306916, 0.7012565289382582, 0.30679243591924515, 0.6985049066720186, 0.3076086441675822, 0.7486866891384125, 0.30848464829226335, 0.7459055506520801], "1": [0.0, 0.0, 0.0, 0.0, 0.5536020624140898, 0.6173780734892245, 0.537658037741979, 0.6186401120352525, 0.5527066459258397, 0.6204774048593309, 0.5292007550597191, 0.6442052666787748, 0.5593255915989478, 0.6556317429851602, 0.5256351211418708, 0.692767554756116, 0.5647355385900785, 0.7017070296737884, 0.0, 0.0, 0.5642367994102339, 0.673116448852751, 0.5328724965453149, 0.7454564846224255, 0.5544226564466953, 0.7446528649440518, 0.533791555960973, 0.8084775529525898, 0.5673544966926177, 0.8114054878552756, 0.5288007440666358, 0.8774439250429471, 0.5510847301532825, 0.8833345047853611], "2": [0.0, 0.0, 0.0, 0.0, 0.0, 0.0, 0.0, 0.0, 0.0, 0.0, 0.12348939540485541, 0.5810758810076448, 0.0, 0.0, 0.0, 0.0, 0.0, 0.0, 0.0, 0.0, 0.0, 0.0, 0.0, 0.0, 0.12619665985306103, 0.623551557019905, 0.0, 0.0, 0.0, 0.0, 0.0, 0.0, 0.15748989234368008, 0.6139544032238148]}