{"0": [0.6587143279612064, 0.550464509703495, 0.6601541512024899, 0.5458642172592657, 0.6575582993527254, 0.5467366849934613, 0.6664912621180217, 0.5436438722191034, 0.0, 0.0, 0.677120773079029, 0.5668394727425443, 0.6664031602442264, 0.5660097588543539, 0.6871496407936016, 0.6029126739612332, 0.6679141680399577, 0.6018713307601434, 0.6767882885100941, 0.6360587120056153, 0.6607305468060076, 0.6197526947215751, 0.6771916258847341, 0.6374503577197039, 0.6705459163834652, 0.6354854837611871, 0.6707948582867781, 0.6872980329725478, 0.6711707703769207, 0.6869781863910182, 0.6715271296600501, 0.7409962583471228, 0.6712356767306725, 0.7401775684621599], "1": [0.0, 0.0, 0.0, 0.0, 0.0, 0.0, 0.3798027917742729, 0.6385567417851201, 0.3963774897158146, 0.6368766877386305, 0.3708679668605327, 0.672630110051897, 0.4060764711350202, 0.671493410953769, 0.3686188651714474, 0.7236859384510252, 0.4133902316292127, 0.7238479071193272, 0.3765827987343073, 0.7362392965842176, 0.0, 0.0, 0.37867295866211254, 0.771907479012454, 0.400455828756094, 0.7679250933505871, 0.38207735667626064, 0.8407225275274228, 0.4008924617121617, 0.8248226936216707, 0.39015131499618294, 0.9106775553138168, 0.39778941654516253, 0.8893629998164364]}