{"0": [0.6471262377997239, 0.5636275768280029, 0.6490629899005096, 0.5580580848234671, 0.6445941499744853, 0.5592293553261294, 0.6543597937872012, 0.5540066780867399, 0.0, 0.0, 0.6648501473478973, 0.5788445750872294, 0.6504711938401063, 0.5781705984362848, 0.6722426762183507, 0.6146100578484712, 0.6517307035624981, 0.602377653784222, 0.6623015705496073, 0.6409483560671408, 0.6442907944942514, 0.6144100772009955, 0.6677835416048765, 0.6494709148451134, 0.6512172017867367, 0.6479263791469512, 0.6671592353532712, 0.6974331979398374, 0.6465029389907916, 0.6929695186791597, 0.6664006610711416, 0.7461677375766966, 0.6441570662893354, 0.7406216440377412], "1": [0.0, 0.0, 0.0, 0.0, 0.0, 0.0, 0.3774035351661344, 0.6403338127941998, 0.3939427842696508, 0.6384347335056022, 0.36891123075038196, 0.6748697795249797, 0.403109362659355, 0.6713739046344049, 0.3619900037844976, 0.7266521429574047, 0.41421738928183915, 0.7284175596855305, 0.3714349914342165, 0.7402996208932665, 0.0, 0.0, 0.3780427534754078, 0.7728659903561628, 0.40204417433124034, 0.7735516005092197, 0.377130325534381, 0.838348059521781, 0.4059419957300028, 0.8448483592934078, 0.3833188384771347, 0.9095000927095059, 0.4103287645227586, 0.9081992342516229]}