{"0": [0.0, 0.0, 0.0, 0.0, 0.0, 0.0, 0.4097617856537302, 0.5672467510457392, 0.4217548320690791, 0.5646469425272058, 0.4035481882592042, 0.5951659258868959, 0.434634559849898, 0.5896641693733357, 0.4004396852105856, 0.6414655534757508, 0.4481816905240218, 0.6251944309583417, 0.0, 0.0, 0.44633339357872803, 0.6526539118201644, 0.41390521147598824, 0.6768717314910006, 0.4356565117059896, 0.6751433950883371, 0.40295534953475, 0.7360600799322128, 0.448109221070384, 0.7212751140197118, 0.4071353370944658, 0.7964916717123103, 0.4550955469409625, 0.7772568168463531], "1": [0.0, 0.0, 0.0, 0.0, 0.0, 0.0, 0.3090071093291044, 0.6483217767543265, 0.32023025092979274, 0.6387748000798402, 0.31625876091420657, 0.6670697832549061, 0.3342102573563655, 0.6391642792357339, 0.30800433792173865, 0.6982277353604635, 0.35056903225680197, 0.6480517095713705, 0.2993483193218708, 0.7080333643489413, 0.0, 0.0, 0.3456915821880102, 0.7122395332212801, 0.36488070006792744, 0.6986529819391392, 0.3186553868775566, 0.7191468508155257, 0.37085031618674597, 0.7431917927883289, 0.32100790763894715, 0.7698825330645951, 0.0, 0.0], "2": [0.0, 0.0, 0.0, 0.0, 0.0, 0.0, 0.0, 0.0, 0.0, 0.0, 0.0, 0.0, 0.0, 0.0, 0.0, 0.0, 0.0, 0.0, 0.0, 0.0, 0.36683909061054387, 0.6626077660255962, 0.0, 0.0, 0.0, 0.0, 0.0, 0.0, 0.0, 0.0, 0.0, 0.0, 0.0, 0.0], "3": [0.0, 0.0, 0.0, 0.0, 0.0, 0.0, 0.0, 0.0, 0.0, 0.0, 0.0, 0.0, 0.0, 0.0, 0.0, 0.0, 0.0, 0.0, 0.0, 0.0, 0.0, 0.0, 0.0, 0.0, 0.0, 0.0, 0.0, 0.0, 0.32232786615689596, 0.7170069509082371, 0.0, 0.0, 0.0, 0.0]}