{"0": [0.3831078759084145, 0.48959567083252803, 0.38343037913242983, 0.48607408040099676, 0.0, 0.0, 0.3892283665947616, 0.4825815909438663, 0.0, 0.0, 0.3983890696118275, 0.5057091581600683, 0.3978873946412932, 0.5047019060011263, 0.41509073494623105, 0.5443258632112432, 0.4038369888131088, 0.5440945612394412, 0.4189060166478157, 0.5861020935906305, 0.0, 0.0, 0.41064199903048576, 0.5857743523739002, 0.40359206261734165, 0.582838151410774, 0.4122314367443323, 0.6244357388328623, 0.3976861384231597, 0.6153308349627036, 0.41900975646446414, 0.6640453508399868, 0.41696143373847006, 0.6676085423540186], "1": [0.6525231395848096, 0.49074666566318936, 0.6543253588179747, 0.4850654028356075, 0.6506964869797229, 0.4853736032766324, 0.658786823724707, 0.48497159165088777, 0.6477795375821491, 0.48357923339914394, 0.6641678433554868, 0.506688037680255, 0.6378052259484926, 0.5084753108245356, 0.6694612203786771, 0.538264493809806, 0.6343455113470554, 0.5420589588306568, 0.6701967460413774, 0.5658511561927972, 0.6362890631581346, 0.5706607633166842, 0.6568251492455601, 0.5739216908950496, 0.6457461229215066, 0.5748192646989116, 0.6549489361544452, 0.6197591620462911, 0.6487932875131567, 0.61652471114088, 0.6564728905136387, 0.6625980166097483, 0.6489903662353754, 0.6515191239339334], "2": [0.8080889737854401, 0.4873445325427585, 0.0, 0.0, 0.8084449025491872, 0.48240719857039277, 0.0, 0.0, 0.0, 0.0, 0.0, 0.0, 0.0, 0.0, 0.0, 0.0, 0.0, 0.0, 0.0, 0.0, 0.0, 0.0, 0.0, 0.0, 0.0, 0.0, 0.0, 0.0, 0.0, 0.0, 0.0, 0.0, 0.0, 0.0], "3": [0.0, 0.0, 0.0, 0.0, 0.0, 0.0, 0.8004736029853423, 0.4814360804027981, 0.8097209916139644, 0.4851073724252206, 0.7916548032313585, 0.5041153201350459, 0.8140613120049238, 0.5093218202944155, 0.7857298186048866, 0.5354804247617722, 0.8171052436033884, 0.5408994418603402, 0.0, 0.0, 0.8187335267663002, 0.5657038891756976, 0.7926999179025491, 0.5734913824333085, 0.8061035937940081, 0.5733944884604878, 0.7956736472745737, 0.6162079802265875, 0.8006860045095286, 0.6167733816085038, 0.7975178844605882, 0.6620710147751702, 0.8003476593643427, 0.6639918477446943], "4": [0.0, 0.0, 0.0, 0.0, 0.0, 0.0, 0.0, 0.0, 0.0, 0.0, 0.6389068313563864, 0.5073992788576073, 0.6638095679382483, 0.5061222834719552, 0.0, 0.0, 0.6702887203544379, 0.5393862384336965, 0.6359934056798617, 0.5713867013101225, 0.6711264355729024, 0.565715648178701, 0.0, 0.0, 0.659983842074871, 0.5709472024882282, 0.0, 0.0, 0.0, 0.0, 0.0, 0.0, 0.0, 0.0], "5": [0.0, 0.0, 0.0, 0.0, 0.0, 0.0, 0.0, 0.0, 0.0, 0.0, 0.0, 0.0, 0.0, 0.0, 0.0, 0.0, 0.0, 0.0, 0.0, 0.0, 0.3885847752292951, 0.5756310993874515, 0.0, 0.0, 0.0, 0.0, 0.0, 0.0, 0.0, 0.0, 0.0, 0.0, 0.0, 0.0], "6": [0.0, 0.0, 0.0, 0.0, 0.0, 0.0, 0.0, 0.0, 0.0, 0.0, 0.0, 0.0, 0.0, 0.0, 0.0, 0.0, 0.0, 0.0, 0.0, 0.0, 0.0, 0.0, 0.0, 0.0, 0.0, 0.0, 0.0, 0.0, 0.412975770731767, 0.6253842012749777, 0.0, 0.0, 0.0, 0.0]}