{"0": [0.5597717925906182, 0.49476181246616224, 0.5613344920178255, 0.49116999827049396, 0.0, 0.0, 0.5656265377998352, 0.49483186757123027, 0.575667779520154, 0.49226176418639994, 0.5599680641355614, 0.5182412385940551, 0.5795314751565457, 0.5159125395395138, 0.5560724782602241, 0.5557304766443041, 0.5832657804091771, 0.5448016511897246, 0.554778857032458, 0.5802804013093312, 0.5746950509647528, 0.5506079701361832, 0.564803117668877, 0.589650387344537, 0.5782143256316582, 0.588836566110452, 0.5621187208841244, 0.6384743831775807, 0.5723208728556831, 0.6370706262411895, 0.5608931514434516, 0.682638309178529, 0.578118319871525, 0.6814965713907171], "1": [0.46817143466323613, 0.668480470445421, 0.4690946923258404, 0.6618191882416055, 0.46363321325431267, 0.6613797867739643, 0.4706258396307627, 0.6610675935392026, 0.4597737134123842, 0.6623572552645648, 0.48471967130899424, 0.6874495484210826, 0.4576843418180943, 0.6927700739215922, 0.5005425012360016, 0.7045875469843548, 0.45657579042017465, 0.7162180082665549, 0.48688429879645506, 0.7206431811606444, 0.4619313477228085, 0.7266985343562232, 0.48815130504469073, 0.7533284719343537, 0.4683265367212395, 0.7526501485594997, 0.48176724438865987, 0.812026039648939, 0.46571090097228685, 0.801978091067738, 0.4855473763154199, 0.8860920289048442, 0.4635044856617848, 0.8361131990397418], "2": [0.0, 0.0, 0.9461125619709493, 0.790612581593019, 0.0, 0.0, 0.0, 0.0, 0.0, 0.0, 0.0, 0.0, 0.0, 0.0, 0.0, 0.0, 0.0, 0.0, 0.0, 0.0, 0.0, 0.0, 0.0, 0.0, 0.0, 0.0, 0.0, 0.0, 0.0, 0.0, 0.0, 0.0, 0.0, 0.0], "3": [0.0, 0.0, 0.0, 0.0, 0.0, 0.0, 0.0, 0.0, 0.0, 0.0, 0.9711184547593196, 0.8297756338561023, 0.0, 0.0, 0.9420248123506704, 0.8553803978280888, 0.0, 0.0, 0.0, 0.0, 0.0, 0.0, 0.0, 0.0, 0.0, 0.0, 0.0, 0.0, 0.0, 0.0, 0.0, 0.0, 0.0, 0.0], "4": [0.0, 0.0, 0.0, 0.0, 0.0, 0.0, 0.0, 0.0, 0.0, 0.0, 0.0, 0.0, 0.0, 0.0, 0.0, 0.0, 0.9431773032372196, 0.8163911132900803, 0.0, 0.0, 0.9381187441448371, 0.8195547054211298, 0.0, 0.0, 0.0, 0.0, 0.0, 0.0, 0.0, 0.0, 0.0, 0.0, 0.0, 0.0], "5": [0.0, 0.0, 0.0, 0.0, 0.0, 0.0, 0.0, 0.0, 0.0, 0.0, 0.0, 0.0, 0.0, 0.0, 0.0, 0.0, 0.0, 0.0, 0.9485838579634825, 0.8440385191528885, 0.0, 0.0, 0.0, 0.0, 0.0, 0.0, 0.0, 0.0, 0.0, 0.0, 0.0, 0.0, 0.0, 0.0]}