{"0": [0.0, 0.0, 0.0, 0.0, 0.0, 0.0, 0.3010401202986638, 0.5744183602984305, 0.31580030942956605, 0.5681262990942708, 0.30463279659549397, 0.6044172858198483, 0.327263074927032, 0.5911601227742654, 0.0, 0.0, 0.3366710988183816, 0.6226913536036455, 0.0, 0.0, 0.3398838714696467, 0.6495479274679113, 0.3151095313951373, 0.6757562666027636, 0.3279824626942476, 0.6754998366038004, 0.31956610300888616, 0.7293613790086022, 0.3232969059919318, 0.7277785648902257, 0.3286418810486794, 0.7847296973069509, 0.32741728570933143, 0.7837629874547324], "1": [0.0, 0.0, 0.0, 0.0, 0.0, 0.0, 0.5152877643704414, 0.5974840095749607, 0.5307895590240757, 0.6018994977076848, 0.5089516402532657, 0.6307589711966338, 0.5399140645749867, 0.6377305876325678, 0.0, 0.0, 0.5452454586823782, 0.6982048132905254, 0.0, 0.0, 0.5484944447875023, 0.7294148449544553, 0.5132197729001443, 0.7283385817651395, 0.5363527086873849, 0.7287351074042143, 0.5140300581231714, 0.7929758504584984, 0.5419831577688455, 0.8003459544093521, 0.5122136539469163, 0.8589118741176746, 0.5505514940867822, 0.8597347204332], "2": [0.0, 0.0, 0.0, 0.0, 0.0, 0.0, 0.0, 0.0, 0.0, 0.0, 0.32578672617673876, 0.5919012815863997, 0.0, 0.0, 0.0, 0.0, 0.0, 0.0, 0.0, 0.0, 0.0, 0.0, 0.0, 0.0, 0.0, 0.0, 0.0, 0.0, 0.0, 0.0, 0.0, 0.0, 0.0, 0.0]}