{"0": [0.0, 0.0, 0.0, 0.0, 0.0, 0.0, 0.5109233640755216, 0.5940994169976976, 0.5234466995423038, 0.5950366808308496, 0.5029849643508594, 0.6205390208297306, 0.530515068396926, 0.6276220372429601, 0.4928162020941576, 0.6583960877524482, 0.5360102681443095, 0.6757957975069682, 0.0, 0.0, 0.5350048941249649, 0.7055843603831751, 0.5011798476800322, 0.6993586938138361, 0.5240309515347084, 0.7010804371701346, 0.4922769563893477, 0.7439167305275246, 0.5354177882047224, 0.7418183726293069, 0.48538891482554997, 0.7963229446223489, 0.5343394197523594, 0.8035776192115414], "1": [0.0, 0.0, 0.0, 0.0, 0.0, 0.0, 0.6296770224968592, 0.7011451271948991, 0.6446284965922435, 0.7009656794645168, 0.6180155544231335, 0.7278350436025196, 0.6494025283803543, 0.730357418678425, 0.6001168253521124, 0.7434657182958391, 0.6680042390401165, 0.7590140366167933, 0.5832170960803826, 0.7504868385968385, 0.6918648026883603, 0.7590315133057258, 0.6215976089239121, 0.8317528531507209, 0.6449221815913916, 0.8313887900776332, 0.6249230295419693, 0.8974435857048741, 0.6592069141566753, 0.9032893648854008, 0.6173458702862262, 0.9555006905838296, 0.6765593199059368, 0.9607158377214714]}