{"0": [0.0, 0.0, 0.0, 0.0, 0.0, 0.0, 0.4737390202780565, 0.5683448957072363, 0.4857222966849804, 0.570657365851932, 0.463611403045555, 0.5935739996256651, 0.4905722504481673, 0.5993617801754563, 0.45191396968439224, 0.6238226223874975, 0.49490979028244814, 0.642235990917241, 0.46380215684572856, 0.6440248392246387, 0.4903564254442851, 0.6487799992715871, 0.46573903585473697, 0.6722675232975571, 0.4836441180358331, 0.6744624314484773, 0.4661988702913126, 0.7266011295495208, 0.48898252633710704, 0.7308614462614058, 0.457416058331728, 0.7752864951336825, 0.48636231434841953, 0.7796660044678936], "1": [0.0, 0.0, 0.0, 0.0, 0.0, 0.0, 0.0, 0.0, 0.0, 0.0, 0.0, 0.0, 0.4820002155378461, 0.811971562328162, 0.0, 0.0, 0.0, 0.0, 0.0, 0.0, 0.0, 0.0, 0.4849868820048868, 0.8469947559965981, 0.0, 0.0, 0.5070980267599224, 0.8720514098803203, 0.4968979246293505, 0.9205518239074283, 0.5137596083184083, 0.9537632275510717, 0.46503334076454245, 0.9641253217502876], "2": [0.0, 0.0, 0.0, 0.0, 0.0, 0.0, 0.0, 0.0, 0.0, 0.0, 0.0, 0.0, 0.0, 0.0, 0.0, 0.0, 0.0, 0.0, 0.0, 0.0, 0.46558504924178123, 0.6454715499171504, 0.0, 0.0, 0.0, 0.0, 0.0, 0.0, 0.0, 0.0, 0.0, 0.0, 0.0, 0.0], "3": [0.0, 0.0, 0.0, 0.0, 0.0, 0.0, 0.0, 0.0, 0.0, 0.0, 0.0, 0.0, 0.0, 0.0, 0.0, 0.0, 0.0, 0.0, 0.0, 0.0, 0.0, 0.0, 0.0, 0.0, 0.4759604506194592, 0.8518642449820483, 0.0, 0.0, 0.5071455578009287, 0.872778649241836, 0.0, 0.0, 0.5152343777318795, 0.9557815251527009], "4": [0.0, 0.0, 0.0, 0.0, 0.0, 0.0, 0.0, 0.0, 0.0, 0.0, 0.0, 0.0, 0.0, 0.0, 0.0, 0.0, 0.0, 0.0, 0.0, 0.0, 0.0, 0.0, 0.0, 0.0, 0.0, 0.0, 0.4982794896389047, 0.9135653906398349, 0.0, 0.0, 0.4640932882825533, 0.9638166584350445, 0.0, 0.0]}