{"0": [0.46738300397992133, 0.6979090920201054, 0.47017299917836985, 0.692779716876922, 0.4671351679911216, 0.6929359326484027, 0.47896774833401046, 0.6929086259669728, 0.0, 0.0, 0.4877899559835593, 0.7218305336656394, 0.46798781435936687, 0.7327126655313704, 0.0, 0.0, 0.46562798979381714, 0.7885702287985218, 0.47802144214510917, 0.7470431524294394, 0.0, 0.0, 0.48499435232952237, 0.8412688075392335, 0.46304294243454935, 0.8474755839617164, 0.48919769559676446, 0.9016619837946362, 0.45850334465503695, 0.9159673050597862, 0.5115219143529733, 0.972922205041956, 0.45150404249628384, 0.9734697290592723], "1": [0.6793820825715859, 0.5149481760130988, 0.6825053967535496, 0.5096064020086217, 0.6773473373614252, 0.5098508565514176, 0.6870862729847431, 0.5090310196081798, 0.6742092019567887, 0.5093008820657376, 0.6942445527762174, 0.5338795988648026, 0.6673627487073343, 0.5334152228302426, 0.7003189608454704, 0.5624641833481965, 0.6619258590042592, 0.5649008970569681, 0.6966579031199217, 0.5587962143950992, 0.6587524415304263, 0.5928225724785416, 0.6800740040372093, 0.6023088081297263, 0.677411698953559, 0.6021061390638351, 0.6825002249330282, 0.6490600157115195, 0.6762475758170089, 0.6487911793368835, 0.6761451266085108, 0.6965826087527804, 0.6784414616723855, 0.6943727828838208], "2": [0.6016190978698432, 0.29887514379289415, 0.6029572442794839, 0.2969771711914628, 0.6005806097139915, 0.2970750892603839, 0.6054340413461129, 0.29874367272412333, 0.5987919534246127, 0.29834134733235396, 0.6098948807145158, 0.31478276283445733, 0.5951142098754645, 0.31582853661643134, 0.6136814908434947, 0.3333882839591415, 0.5934305770012239, 0.3347310139073265, 0.0, 0.0, 0.0, 0.0, 0.0, 0.0, 0.0, 0.0, 0.0, 0.0, 0.0, 0.0, 0.0, 0.0, 0.0, 0.0], "3": [0.0, 0.0, 0.0, 0.0, 0.0, 0.0, 0.8017795909817019, 0.5119675711349204, 0.0, 0.0, 0.0, 0.0, 0.0, 0.0, 0.0, 0.0, 0.0, 0.0, 0.0, 0.0, 0.0, 0.0, 0.0, 0.0, 0.0, 0.0, 0.0, 0.0, 0.0, 0.0, 0.0, 0.0, 0.0, 0.0], "4": [0.0, 0.0, 0.0, 0.0, 0.0, 0.0, 0.0, 0.0, 0.8028500155235332, 0.5128757044121072, 0.7850511074066162, 0.5274576721368013, 0.8076832802345355, 0.5316002549948515, 0.0, 0.0, 0.0, 0.0, 0.0, 0.0, 0.8062780220857045, 0.6004462617414968, 0.7815039854341497, 0.5885582680779474, 0.7977494718196492, 0.6023976202364321, 0.7860505833600958, 0.6485642917178295, 0.8017012305557728, 0.643983284411607, 0.0, 0.0, 0.8011123539879919, 0.6997557085697298], "5": [0.0, 0.0, 0.0, 0.0, 0.0, 0.0, 0.0, 0.0, 0.0, 0.0, 0.8057355461331706, 0.5316385211767973, 0.0, 0.0, 0.0, 0.0, 0.0, 0.0, 0.0, 0.0, 0.0, 0.0, 0.0, 0.0, 0.0, 0.0, 0.0, 0.0, 0.0, 0.0, 0.0, 0.0, 0.0, 0.0], "6": [0.0, 0.0, 0.0, 0.0, 0.0, 0.0, 0.0, 0.0, 0.0, 0.0, 0.0, 0.0, 0.0, 0.0, 0.0, 0.0, 0.0, 0.0, 0.0, 0.0, 0.0, 0.0, 0.0, 0.0, 0.0, 0.0, 0.4594216519966722, 0.9178758237096999, 0.4880813139180342, 0.9016067186991373, 0.4512293161203464, 0.9741568792335413, 0.5117027822881937, 0.9715198026763068], "7": [0.0, 0.0, 0.0, 0.0, 0.0, 0.0, 0.0, 0.0, 0.0, 0.0, 0.0, 0.0, 0.0, 0.0, 0.0, 0.0, 0.0, 0.0, 0.0, 0.0, 0.0, 0.0, 0.0, 0.0, 0.0, 0.0, 0.952831706404686, 0.8006626546382904, 0.0, 0.0, 0.9373497818907103, 0.828483240251188, 0.0, 0.0], "8": [0.0, 0.0, 0.0, 0.0, 0.0, 0.0, 0.0, 0.0, 0.0, 0.0, 0.0, 0.0, 0.0, 0.0, 0.0, 0.0, 0.0, 0.0, 0.0, 0.0, 0.0, 0.0, 0.0, 0.0, 0.0, 0.0, 0.0, 0.0, 0.9520114633642759, 0.8002677268452114, 0.0, 0.0, 0.9369021199643612, 0.82787243436884], "9": [0.0, 0.0, 0.0, 0.0, 0.0, 0.0, 0.0, 0.0, 0.0, 0.0, 0.0, 0.0, 0.0, 0.0, 0.0, 0.0, 0.0, 0.0, 0.0, 0.0, 0.0, 0.0, 0.0, 0.0, 0.0, 0.0, 0.0, 0.0, 0.0, 0.0, 0.8004534617066383, 0.7000207460036985, 0.0, 0.0]}