{"0": [0.5253293036172787, 0.6134784947942804, 0.5281615825990836, 0.6067284868823157, 0.5215878618260225, 0.608072997684832, 0.5331619195640087, 0.6058048124666567, 0.5176950222502152, 0.6098455840790713, 0.5432601248224578, 0.6372972351533395, 0.5132031900187333, 0.6416016431870284, 0.5499010207752387, 0.6793348610401153, 0.5076706978181998, 0.6839911415621086, 0.5435360717897614, 0.7187182439698113, 0.5037333346903324, 0.7272672997580634, 0.5390581052129467, 0.7289970719152027, 0.519196740227441, 0.7302536790017728, 0.5382456906139851, 0.7891603371335401, 0.5241400137543678, 0.7913954741424984, 0.5323873723028867, 0.8470231246428677, 0.5276188939809799, 0.8579899002004553], "1": [0.9307375599940617, 0.45814716771796893, 0.9332558871557315, 0.4540365166134305, 0.9291362419724465, 0.45347477219722887, 0.9376324186722438, 0.45633018502482664, 0.0, 0.0, 0.9419573023915291, 0.4749380506851055, 0.9255919251590966, 0.47413082498091236, 0.9420788788547119, 0.49519826063403377, 0.9203045939405758, 0.49393590754932826, 0.0, 0.0, 0.0, 0.0, 0.0, 0.0, 0.9261746848002076, 0.51419659163113, 0.0, 0.0, 0.0, 0.0, 0.0, 0.0, 0.0, 0.0], "2": [0.421010722965002, 0.6430064563398008, 0.4223121447488666, 0.6372526619169447, 0.41976818243662517, 0.6367999063597785, 0.4262055978178978, 0.6386595666408539, 0.0, 0.0, 0.0, 0.0, 0.0, 0.0, 0.0, 0.0, 0.0, 0.0, 0.0, 0.0, 0.0, 0.0, 0.0, 0.0, 0.0, 0.0, 0.0, 0.0, 0.0, 0.0, 0.0, 0.0, 0.0, 0.0], "3": [0.0, 0.0, 0.0, 0.0, 0.0, 0.0, 0.411384289773802, 0.6304416687400253, 0.4271562585063899, 0.6358583116972888, 0.40335788143177825, 0.6565025060265154, 0.4362221555163463, 0.6715276892538424, 0.3995808950314919, 0.6873213176374082, 0.4371495964626471, 0.7164040197928746, 0.0, 0.0, 0.433745605746905, 0.7462879031896591, 0.4053123059992989, 0.7468874635519804, 0.4249811418354511, 0.7472189600820894, 0.416354105124871, 0.8024568963933874, 0.4230832532824327, 0.8011446637135965, 0.4233431034100553, 0.8493780925318047, 0.4231130401759098, 0.8517266909281412], "4": [0.0, 0.0, 0.0, 0.0, 0.0, 0.0, 0.0, 0.0, 0.0, 0.0, 0.4361365412051479, 0.669494898893215, 0.0, 0.0, 0.0, 0.0, 0.0, 0.0, 0.0, 0.0, 0.0, 0.0, 0.0, 0.0, 0.0, 0.0, 0.0, 0.0, 0.0, 0.0, 0.0, 0.0, 0.0, 0.0]}