{"0": [0.6238020400206248, 0.5617781087204262, 0.6256460140148798, 0.5569261871002339, 0.6217585523923238, 0.5565669947200351, 0.0, 0.0, 0.615518359405299, 0.5575279414653778, 0.6276762494196494, 0.5819312232512015, 0.6064957042224706, 0.5900107914650882, 0.6309817562500636, 0.6002450397721043, 0.5992017523696025, 0.6209937177322528, 0.6437961476117683, 0.6178637690566204, 0.0, 0.0, 0.6303773666421572, 0.6618307399528998, 0.6172414680322011, 0.6646028318890819, 0.6362460862845183, 0.700327591156518, 0.623313588493814, 0.7080201481227522, 0.6208050263424715, 0.7477912176538397, 0.6192324838290613, 0.7524943201630204], "1": [0.0, 0.0, 0.0, 0.0, 0.0, 0.0, 0.0, 0.0, 0.39962114368875823, 0.6156414424931561, 0.3822264151026805, 0.650127438041899, 0.4106460563838482, 0.6606886565685273, 0.3800317744414012, 0.6916317601998647, 0.421059599891305, 0.7021533445075706, 0.0, 0.0, 0.0, 0.0, 0.3883378921697538, 0.7450976323750284, 0.41197846271097655, 0.7419210166842848, 0.3927924074232579, 0.8094781484868792, 0.419030779072394, 0.8045861796096521, 0.39870416248838114, 0.8748554755140233, 0.4276101619626085, 0.8762033411750088], "2": [0.0, 0.0, 0.0, 0.0, 0.0, 0.0, 0.0, 0.0, 0.0, 0.0, 0.0, 0.0, 0.0, 0.0, 0.0, 0.0, 0.418524136627093, 0.6569953512262415, 0.0, 0.0, 0.0, 0.0, 0.0, 0.0, 0.0, 0.0, 0.0, 0.0, 0.0, 0.0, 0.0, 0.0, 0.0, 0.0], "3": [0.0, 0.0, 0.0, 0.0, 0.0, 0.0, 0.0, 0.0, 0.0, 0.0, 0.0, 0.0, 0.0, 0.0, 0.0, 0.0, 0.0, 0.0, 0.6231373966361086, 0.5985931544392197, 0.0, 0.0, 0.0, 0.0, 0.0, 0.0, 0.0, 0.0, 0.0, 0.0, 0.0, 0.0, 0.0, 0.0], "4": [0.0, 0.0, 0.0, 0.0, 0.0, 0.0, 0.0, 0.0, 0.0, 0.0, 0.0, 0.0, 0.0, 0.0, 0.0, 0.0, 0.0, 0.0, 0.0, 0.0, 0.6198672731717427, 0.6000858509982073, 0.0, 0.0, 0.0, 0.0, 0.0, 0.0, 0.0, 0.0, 0.0, 0.0, 0.0, 0.0]}