{"0": [0.5353074551327154, 0.5928719697175202, 0.5369697108864784, 0.5876711033008717, 0.5319589414944251, 0.588352922267384, 0.5393770491393904, 0.5874325434366862, 0.5258516389876604, 0.5906283105965013, 0.54426622002696, 0.6198190456187284, 0.519565102023383, 0.6223388852896514, 0.5495487920939922, 0.6544264456740132, 0.5148873186049362, 0.6600011604803578, 0.5516009848254423, 0.6826537920369042, 0.5276533621673783, 0.6521485575923214, 0.5415372009078662, 0.6924333643996053, 0.5256875005861122, 0.6946997236322474, 0.5485241989294688, 0.7426800416575537, 0.5252239733934403, 0.7498116906042452, 0.5468301333487033, 0.80262140388842, 0.5242085556189219, 0.7997610070087291], "1": [0.2868899477024873, 0.5818702013404281, 0.0, 0.0, 0.28559423685073854, 0.5769608484374152, 0.0, 0.0, 0.28256996795535094, 0.5766881470327025, 0.0, 0.0, 0.0, 0.0, 0.0, 0.0, 0.0, 0.0, 0.0, 0.0, 0.0, 0.0, 0.0, 0.0, 0.0, 0.0, 0.0, 0.0, 0.0, 0.0, 0.0, 0.0, 0.0, 0.0], "2": [0.0, 0.0, 0.0, 0.0, 0.0, 0.0, 0.0, 0.0, 0.0, 0.0, 0.2883377218663709, 0.5794922043228465, 0.27295513422383616, 0.5829092566613798, 0.29039938549200695, 0.6059286097685496, 0.266758835191528, 0.60958343203421, 0.30791241191327573, 0.6127992723827009, 0.28508643051609395, 0.6234787086645762, 0.2855688574568679, 0.6480973086630305, 0.2807105297843615, 0.6519594108616863, 0.28298274899522463, 0.7023663997650147, 0.28685534397761026, 0.7040906009850678, 0.27993207722902297, 0.7612021073147102, 0.2817926794290543, 0.7659177795604423], "3": [0.0, 0.0, 0.0, 0.0, 0.0, 0.0, 0.0, 0.0, 0.0, 0.0, 0.938274174556136, 0.8241645518276426, 0.0, 0.0, 0.0, 0.0, 0.0, 0.0, 0.0, 0.0, 0.0, 0.0, 0.0, 0.0, 0.0, 0.0, 0.0, 0.0, 0.0, 0.0, 0.0, 0.0, 0.0, 0.0], "4": [0.0, 0.0, 0.0, 0.0, 0.0, 0.0, 0.0, 0.0, 0.0, 0.0, 0.0, 0.0, 0.2770660504543533, 0.52216586008392, 0.0, 0.0, 0.0, 0.0, 0.0, 0.0, 0.0, 0.0, 0.0, 0.0, 0.0, 0.0, 0.0, 0.0, 0.0, 0.0, 0.0, 0.0, 0.0, 0.0]}