{"0": [0.4045558159550031, 0.5370392587320465, 0.40577606928224363, 0.5324784075772321, 0.0, 0.0, 0.4143134484688441, 0.5314522849188911, 0.0, 0.0, 0.422344567378362, 0.5596891212242621, 0.42384475703312174, 0.5581492512850225, 0.4097678169608116, 0.5930926060235059, 0.4089354236920675, 0.5932903899086847, 0.3938335640511165, 0.609105666036959, 0.39448427502065897, 0.6086832801500957, 0.43220644934723773, 0.6458094161969644, 0.420484717314442, 0.6409223758512073, 0.43292528601984187, 0.6940986655376575, 0.4120364859700203, 0.6818540434042611, 0.4607091469690204, 0.7119610013785186, 0.41464581000618644, 0.7389412054309138], "1": [0.926600959803909, 0.4587486331109648, 0.9274633581129212, 0.45456903598926685, 0.0, 0.0, 0.9299347949524719, 0.4550551723550867, 0.0, 0.0, 0.9356157956334452, 0.4761409608302293, 0.9209471625586351, 0.476494969813912, 0.9413465286294619, 0.5068138950952777, 0.0, 0.0, 0.0, 0.0, 0.0, 0.0, 0.9309073984312515, 0.5427491435298213, 0.9205950123568377, 0.5423637836067765, 0.9331599789361159, 0.5868621782020286, 0.920550690839688, 0.5875019836205023, 0.0, 0.0, 0.0, 0.0], "2": [0.0, 0.0, 0.0, 0.0, 0.0, 0.0, 0.6567534518738588, 0.6925613402768418, 0.6740231651812791, 0.6935065426208354, 0.6473213467126091, 0.7208068785844027, 0.68176893806085, 0.7264115942849052, 0.6362817368780573, 0.7700132546601473, 0.685619933080549, 0.7734876134329371, 0.6362688031668464, 0.7772188553103694, 0.6759969679017862, 0.7697294544290614, 0.6481023642389725, 0.8182027385466628, 0.6710036123792331, 0.8206073315055281, 0.6394767495570705, 0.8778944606582324, 0.6627811466654143, 0.8886975394354926, 0.6262013612315058, 0.9368542815110199, 0.6594004498794674, 0.9496310375354908], "3": [0.0, 0.0, 0.0, 0.0, 0.0, 0.0, 0.0, 0.0, 0.0, 0.0, 0.0, 0.0, 0.0, 0.0, 0.0, 0.0, 0.942016360287865, 0.5077550542299394, 0.0, 0.0, 0.0, 0.0, 0.0, 0.0, 0.0, 0.0, 0.0, 0.0, 0.0, 0.0, 0.0, 0.0, 0.0, 0.0]}