{"0": [0.5778011405840516, 0.5268997558840999, 0.5798256387313206, 0.5230805435114436, 0.5776926347985863, 0.5227793870148836, 0.5879704150060812, 0.5244902780762424, 0.0, 0.0, 0.5975016021790603, 0.5489900628725688, 0.5780876338481903, 0.5514219728332979, 0.6008879885077477, 0.562101818897106, 0.5743301811317603, 0.5926756203174591, 0.5902380726610621, 0.5684057247859461, 0.5692518099521597, 0.6266609747652654, 0.5935277293125788, 0.6316500574350357, 0.584410646247367, 0.630557154946857, 0.586671306937933, 0.67895396594648, 0.0, 0.0, 0.6044169949988524, 0.7143553651041454, 0.5823814806838831, 0.744253222120029], "1": [0.4576011013239622, 0.6396626200940874, 0.4601604113044839, 0.6334523564135587, 0.45453344831864045, 0.6343521110437534, 0.46590227857232086, 0.6302221214329756, 0.4512414480249087, 0.631755413390972, 0.4765152594074607, 0.6626828945345349, 0.4480833975132555, 0.6614398874618389, 0.486318322395285, 0.7057649042871263, 0.43765368685126305, 0.6974565777513716, 0.4930875804896156, 0.742190204726325, 0.45158623047173024, 0.6915678132463384, 0.4712407468507687, 0.7517743401505329, 0.45386887826025485, 0.752574276537807, 0.46645891728500527, 0.819002003747004, 0.46296269645293553, 0.8192688737754469, 0.464011972087125, 0.8790263715717527, 0.46327131502330304, 0.878414783819958], "2": [0.0, 0.0, 0.0, 0.0, 0.0, 0.0, 0.0, 0.0, 0.0, 0.0, 0.0, 0.0, 0.0, 0.0, 0.0, 0.0, 0.0, 0.0, 0.0, 0.0, 0.5785222295671701, 0.571678117027989, 0.0, 0.0, 0.0, 0.0, 0.0, 0.0, 0.0, 0.0, 0.0, 0.0, 0.0, 0.0], "3": [0.0, 0.0, 0.0, 0.0, 0.0, 0.0, 0.0, 0.0, 0.0, 0.0, 0.0, 0.0, 0.0, 0.0, 0.0, 0.0, 0.0, 0.0, 0.0, 0.0, 0.0, 0.0, 0.0, 0.0, 0.0, 0.0, 0.0, 0.0, 0.5889137833689649, 0.6784483481888418, 0.0, 0.0, 0.6051549725234509, 0.7138825057833285], "4": [0.0, 0.0, 0.0, 0.0, 0.0, 0.0, 0.0, 0.0, 0.0, 0.0, 0.0, 0.0, 0.0, 0.0, 0.0, 0.0, 0.0, 0.0, 0.0, 0.0, 0.0, 0.0, 0.0, 0.0, 0.0, 0.0, 0.0, 0.0, 0.0, 0.0, 0.5819486752152443, 0.7449907532444706, 0.0, 0.0]}