{"0": [0.6713405641416709, 0.5199464323344054, 0.6743675989409288, 0.513690584897995, 0.6693776055549582, 0.5144145746473913, 0.6791343500216802, 0.5103963509753898, 0.6660715967416764, 0.5114456808125531, 0.6871699002881845, 0.5319046651875531, 0.6597447241966923, 0.5344085401958889, 0.6951776585231225, 0.5607560881861934, 0.6554644903788964, 0.5623957656047962, 0.6930349914977948, 0.5891401306346611, 0.0, 0.0, 0.0, 0.0, 0.0, 0.0, 0.0, 0.0, 0.0, 0.0, 0.0, 0.0, 0.0, 0.0], "1": [0.40917849528292816, 0.6696852411936831, 0.4124065985282262, 0.6653630830623486, 0.40790061081449197, 0.6625919953264572, 0.4134368520230055, 0.6612948330464187, 0.0, 0.0, 0.42699242425151174, 0.6977114074760012, 0.40151006647696097, 0.7015599639327438, 0.42973369484146434, 0.7586066233339133, 0.3923874907195568, 0.7583677203015045, 0.0, 0.0, 0.37980528846383094, 0.7976744042502509, 0.41622393516202766, 0.8118891510146635, 0.39817658765241504, 0.8109117653496839, 0.410520572339495, 0.8697498029028928, 0.38890514001250265, 0.8563943190155205, 0.4113636132329702, 0.9325682200767376, 0.39812803856718043, 0.8951046433713701], "2": [0.0, 0.0, 0.0, 0.0, 0.0, 0.0, 0.0, 0.0, 0.40950839705765246, 0.6622572826014624, 0.40290112545092904, 0.7004427402107803, 0.4262404643620054, 0.6956844078169928, 0.0, 0.0, 0.0, 0.0, 0.0, 0.0, 0.0, 0.0, 0.0, 0.0, 0.0, 0.0, 0.0, 0.0, 0.0, 0.0, 0.0, 0.0, 0.0, 0.0], "3": [0.0, 0.0, 0.0, 0.0, 0.0, 0.0, 0.0, 0.0, 0.0, 0.0, 0.659901778275768, 0.5359730652085057, 0.6859469598159194, 0.5329185335724442, 0.6559888240881264, 0.5657388968600168, 0.6959838399042686, 0.5609538467945876, 0.6637580407162508, 0.5812978494498465, 0.6934225784925123, 0.5897353168438982, 0.6648571420150499, 0.6016669639834651, 0.681081797912096, 0.602844654906679, 0.6664184669653574, 0.6491627565136662, 0.6772445720775674, 0.6465675959984462, 0.6638968089595437, 0.7066117287234023, 0.6723267721395756, 0.6926137666110026], "4": [0.0, 0.0, 0.0, 0.0, 0.0, 0.0, 0.0, 0.0, 0.0, 0.0, 0.6051467422395944, 0.31018181244532267, 0.5921165633946657, 0.31219116272749725, 0.0, 0.0, 0.0, 0.0, 0.0, 0.0, 0.0, 0.0, 0.0, 0.0, 0.0, 0.0, 0.0, 0.0, 0.0, 0.0, 0.0, 0.0, 0.0, 0.0], "5": [0.0, 0.0, 0.0, 0.0, 0.0, 0.0, 0.0, 0.0, 0.0, 0.0, 0.0, 0.0, 0.0, 0.0, 0.0, 0.0, 0.0, 0.0, 0.0, 0.0, 0.0, 0.0, 0.0, 0.0, 0.0, 0.0, 0.0, 0.0, 0.4091263090570768, 0.8700611581956899, 0.0, 0.0, 0.41071206275373695, 0.9316978489911115], "6": [0.0, 0.0, 0.0, 0.0, 0.0, 0.0, 0.0, 0.0, 0.0, 0.0, 0.0, 0.0, 0.0, 0.0, 0.0, 0.0, 0.0, 0.0, 0.0, 0.0, 0.0, 0.0, 0.0, 0.0, 0.0, 0.0, 0.0, 0.0, 0.0, 0.0, 0.6774071690936884, 0.6820841277087176, 0.0, 0.0]}