{"0": [0.5286716098586718, 0.4077530567292814, 0.5299868129193783, 0.407811482085122, 0.0, 0.0, 0.5346975985914468, 0.4198400494125154, 0.0, 0.0, 0.5375210493803024, 0.43629905713929074, 0.5393873405798028, 0.43517150856830455, 0.539240739059945, 0.45728760637618876, 0.5394105673767626, 0.458813594005726, 0.528708799680074, 0.4720240163582343, 0.0, 0.0, 0.5377907934288184, 0.49133295902499446, 0.5409924183040857, 0.4901930466846183, 0.5384217681984107, 0.5307633504823402, 0.5386278131976724, 0.5304464102343277, 0.5433775523367027, 0.5656464418879261, 0.5443018501003584, 0.5613550504048666], "1": [0.0, 0.0, 0.0, 0.0, 0.0, 0.0, 0.6437600761234837, 0.6777698379794688, 0.6564070018163571, 0.6800013690083115, 0.6334363013505936, 0.7149689877060829, 0.6641245909035205, 0.7196895087206805, 0.6280762556940317, 0.7559380138361894, 0.6760759077345332, 0.761027181258908, 0.6389641417190433, 0.7590858954522345, 0.6719182165339589, 0.7445677887372396, 0.6425921741873026, 0.8051641173936702, 0.6638397888590892, 0.8105688842910307, 0.6404392771422863, 0.8521243751049041, 0.6636587232972185, 0.874037089391991, 0.6224537637084723, 0.9036448725947628, 0.6644837256520987, 0.9384703461770658]}