{"0": [0.3012008674442768, 0.4595797490190577, 0.3016584706803163, 0.45449777444203693, 0.30001005505522094, 0.4551558150185479, 0.0, 0.0, 0.2945281211907665, 0.45809875770851416, 0.29517574322720364, 0.48336872160434724, 0.28455823970337707, 0.4851132539273412, 0.29928773393233615, 0.5081185819926085, 0.27628359086811544, 0.5089655208366889, 0.30679003248612086, 0.5177801039483813, 0.28269878700375556, 0.5497497920636778, 0.29993471776445707, 0.5443112665856326, 0.2859808051337798, 0.5459370916640317, 0.3049774038294952, 0.5798261895223901, 0.2819699178139369, 0.5838379987963924, 0.3029567979276181, 0.6218637130878589, 0.27764200400561095, 0.6284015381777728], "1": [0.21884655130561442, 0.4807548059357537, 0.220630889882644, 0.47722769142300997, 0.21868860155033568, 0.4776497417026096, 0.22483725647131603, 0.4790988824985645, 0.0, 0.0, 0.23093694923445582, 0.5010242489752946, 0.22075726240873336, 0.4992531998289956, 0.2307550808725258, 0.5219343243373765, 0.21798375062644482, 0.5207504612428171, 0.0, 0.0, 0.0, 0.0, 0.23056998737156392, 0.5537023656898075, 0.2258669177691142, 0.5521192047607015, 0.23777352298299467, 0.5917663998074002, 0.0, 0.0, 0.24548402403791744, 0.624941333245348, 0.0, 0.0], "2": [0.6765544438734651, 0.6846875548914627, 0.0, 0.0, 0.674172122652332, 0.678009280755564, 0.0, 0.0, 0.6678786444167296, 0.6780929514931308, 0.6522925726603717, 0.7071719691433287, 0.6761524887755513, 0.7245682299137115, 0.6394270789343863, 0.7443646265676728, 0.689763113639007, 0.7640645005084851, 0.6540634630868832, 0.762070659354881, 0.6985717200984557, 0.7454146015423315, 0.6557896154311796, 0.8046779596143299, 0.6743786472827196, 0.8152809915719209, 0.658192361642917, 0.8581102790655913, 0.6736993876596292, 0.8755283863456161, 0.6517819151282311, 0.9066364713841014, 0.6713002714018028, 0.9471994486120011], "3": [0.0, 0.0, 0.6756152053674062, 0.6796745673373893, 0.0, 0.0, 0.0, 0.0, 0.0, 0.0, 0.0, 0.0, 0.65048769886295, 0.7100020677955062, 0.0, 0.0, 0.6401020140387118, 0.7439440043436156, 0.0, 0.0, 0.6544811556736628, 0.7611983484692044, 0.0, 0.0, 0.0, 0.0, 0.0, 0.0, 0.0, 0.0, 0.0, 0.0, 0.0, 0.0], "4": [0.0, 0.0, 0.0, 0.0, 0.0, 0.0, 0.9439764843787998, 0.8284128281805251, 0.0, 0.0, 0.9434181257461508, 0.843360451857249, 0.9521977101530259, 0.8390310128529866, 0.0, 0.0, 0.0, 0.0, 0.0, 0.0, 0.0, 0.0, 0.0, 0.0, 0.0, 0.0, 0.0, 0.0, 0.0, 0.0, 0.0, 0.0, 0.0, 0.0], "5": [0.0, 0.0, 0.0, 0.0, 0.0, 0.0, 0.6722505021219453, 0.6828339673854686, 0.0, 0.0, 0.0, 0.0, 0.0, 0.0, 0.0, 0.0, 0.0, 0.0, 0.0, 0.0, 0.0, 0.0, 0.0, 0.0, 0.0, 0.0, 0.0, 0.0, 0.0, 0.0, 0.0, 0.0, 0.0, 0.0], "6": [0.0, 0.0, 0.0, 0.0, 0.0, 0.0, 0.0, 0.0, 0.0, 0.0, 0.6737649700293938, 0.7216390564485833, 0.0, 0.0, 0.0, 0.0, 0.0, 0.0, 0.6967985525727272, 0.744259774905664, 0.0, 0.0, 0.0, 0.0, 0.0, 0.0, 0.0, 0.0, 0.0, 0.0, 0.0, 0.0, 0.0, 0.0], "7": [0.0, 0.0, 0.0, 0.0, 0.0, 0.0, 0.0, 0.0, 0.0, 0.0, 0.0, 0.0, 0.0, 0.0, 0.0, 0.0, 0.9597766208151977, 0.8197309299751564, 0.0, 0.0, 0.0, 0.0, 0.0, 0.0, 0.0, 0.0, 0.0, 0.0, 0.0, 0.0, 0.0, 0.0, 0.0, 0.0], "8": [0.0, 0.0, 0.0, 0.0, 0.0, 0.0, 0.0, 0.0, 0.0, 0.0, 0.0, 0.0, 0.0, 0.0, 0.0, 0.0, 0.0, 0.0, 0.0, 0.0, 0.0, 0.0, 0.0, 0.0, 0.0, 0.0, 0.0, 0.0, 0.23918058198566242, 0.5928726717277809, 0.0, 0.0, 0.24525987058877946, 0.6247823473480013], "9": [0.0, 0.0, 0.0, 0.0, 0.0, 0.0, 0.0, 0.0, 0.0, 0.0, 0.0, 0.0, 0.0, 0.0, 0.0, 0.0, 0.0, 0.0, 0.0, 0.0, 0.0, 0.0, 0.0, 0.0, 0.0, 0.0, 0.0, 0.0, 0.0, 0.0, 0.6707099994023641, 0.9459198354570953, 0.0, 0.0]}