{"0": [0.0, 0.0, 0.0, 0.0, 0.0, 0.0, 0.44993148073554046, 0.5287331053504237, 0.4624504029750824, 0.5256392664379543, 0.4486128451302648, 0.5547668679996773, 0.4723810183505217, 0.5490507821242013, 0.4384848162531852, 0.5829111737233621, 0.4775210338334242, 0.5719705760478974, 0.43030039593577385, 0.5976270832397319, 0.46791192733993137, 0.5748433586623932, 0.45518664655586083, 0.6172234769220706, 0.4746662092705568, 0.6165380261562488, 0.4516739964795609, 0.6536339205724222, 0.4780540091916919, 0.6675242927339341, 0.4514227190986276, 0.6917268822038615, 0.48002815842628477, 0.7163928537457077], "1": [0.0, 0.0, 0.0, 0.0, 0.0, 0.0, 0.0, 0.0, 0.6044317137449979, 0.4871580013522395, 0.5925111229221026, 0.487390007575353, 0.6042985503872236, 0.4918884777360492, 0.5811409190995619, 0.5089045479341789, 0.6164318364113569, 0.49802430934376185, 0.0, 0.0, 0.6273498967910807, 0.49876486228572, 0.5786643020808697, 0.5265970689279061, 0.5938003386021592, 0.5289279597225013, 0.5901513401418924, 0.5487746258576711, 0.6067471578717232, 0.5505688628664723, 0.5905002411454916, 0.5775691875705012, 0.0, 0.0], "2": [0.0, 0.0, 0.0, 0.0, 0.0, 0.0, 0.0, 0.0, 0.7284201301634312, 0.26310967474623964, 0.0, 0.0, 0.0, 0.0, 0.0, 0.0, 0.0, 0.0, 0.0, 0.0, 0.0, 0.0, 0.0, 0.0, 0.0, 0.0, 0.0, 0.0, 0.0, 0.0, 0.0, 0.0, 0.0, 0.0], "3": [0.0, 0.0, 0.0, 0.0, 0.0, 0.0, 0.0, 0.0, 0.0, 0.0, 0.0, 0.0, 0.7299121598402659, 0.27870436829549294, 0.0, 0.0, 0.0, 0.0, 0.0, 0.0, 0.0, 0.0, 0.0, 0.0, 0.7253427217404048, 0.31743613613976374, 0.0, 0.0, 0.0, 0.0, 0.0, 0.0, 0.0, 0.0], "4": [0.0, 0.0, 0.0, 0.0, 0.0, 0.0, 0.0, 0.0, 0.0, 0.0, 0.0, 0.0, 0.0, 0.0, 0.0, 0.0, 0.0, 0.0, 0.0, 0.0, 0.0, 0.0, 0.0, 0.0, 0.0, 0.0, 0.0, 0.0, 0.0, 0.0, 0.0, 0.0, 0.5947840300699075, 0.5779807095174436]}