{"0": [0.0, 0.0, 0.0, 0.0, 0.0, 0.0, 0.6178895354270935, 0.6972412957085503, 0.6362719292442004, 0.6953361144772282, 0.6088437580813963, 0.7295662926096055, 0.6448939070105553, 0.7336550597791318, 0.5984226417417328, 0.7745472894774543, 0.6464459203183651, 0.7727065607353493, 0.0, 0.0, 0.0, 0.0, 0.6137715065851808, 0.8305497858259413, 0.6381978675723077, 0.8311294866932764, 0.6128683457771938, 0.8945678816901312, 0.6438713693680863, 0.8941888531049093, 0.6151735570281744, 0.9521975557285326, 0.652483513051023, 0.954846759195681], "1": [0.0, 0.0, 0.0, 0.0, 0.0, 0.0, 0.0, 0.0, 0.2615710372726123, 0.6025063373424389, 0.0, 0.0, 0.0, 0.0, 0.0, 0.0, 0.0, 0.0, 0.0, 0.0, 0.0, 0.0, 0.0, 0.0, 0.0, 0.0, 0.0, 0.0, 0.0, 0.0, 0.0, 0.0, 0.0, 0.0], "2": [0.0, 0.0, 0.0, 0.0, 0.0, 0.0, 0.0, 0.0, 0.0, 0.0, 0.2517592014123996, 0.596630144202047, 0.2642142028858264, 0.6107951535946792, 0.0, 0.0, 0.0, 0.0, 0.25751183604200684, 0.5687944968541463, 0.0, 0.0, 0.2624713865614234, 0.6681329080867047, 0.25673373074581224, 0.6709504883598398, 0.27234165320793785, 0.7149091566602389, 0.25314518933494884, 0.7179218548315542, 0.2721102815121412, 0.7702875490541812, 0.24708301648497583, 0.7743894190975913], "3": [0.0, 0.0, 0.0, 0.0, 0.0, 0.0, 0.0, 0.0, 0.0, 0.0, 0.0, 0.0, 0.0, 0.0, 0.0, 0.0, 0.0, 0.0, 0.0, 0.0, 0.2612786312898, 0.5686961094538371, 0.0, 0.0, 0.0, 0.0, 0.0, 0.0, 0.0, 0.0, 0.0, 0.0, 0.0, 0.0], "4": [0.0, 0.0, 0.0, 0.0, 0.0, 0.0, 0.0, 0.0, 0.0, 0.0, 0.0, 0.0, 0.0, 0.0, 0.0, 0.0, 0.0, 0.0, 0.0, 0.0, 0.0, 0.0, 0.14081603673597176, 0.6785750363711958, 0.14352477841700118, 0.6780350030020431, 0.14152879764636359, 0.7230446058290976, 0.14332656301558017, 0.7230469312380862, 0.14800203623405347, 0.7678212662537892, 0.15235646587486065, 0.7735628113150597]}