{"0": [0.3368671347697576, 0.5669296463054639, 0.0, 0.0, 0.3353529740512992, 0.5620614453598305, 0.0, 0.0, 0.32327211058388156, 0.5621357573403253, 0.31050770440294095, 0.5896570376223988, 0.3351185482616226, 0.5924852406537091, 0.3064044476021081, 0.6054811460000498, 0.348656263637046, 0.6096879292417455, 0.0, 0.0, 0.36739557137091955, 0.6229592146696867, 0.31077580799659094, 0.6551643181454252, 0.32750322269275783, 0.6500285674024512, 0.316356619199117, 0.7155791152958517, 0.34358662844945986, 0.6943867842356364, 0.3049673654139042, 0.7693516064573217, 0.3321659474323193, 0.7574058212615825], "1": [0.6454321595529715, 0.26758632836518464, 0.0, 0.0, 0.6452146998296181, 0.2652128497759501, 0.0, 0.0, 0.6442064768634737, 0.2649254469959824, 0.6439022058465829, 0.27491712548114633, 0.643043880412976, 0.27355368402269153, 0.6436250390329709, 0.28634908033741846, 0.6432578831290205, 0.286656074391471, 0.0, 0.0, 0.6489714212715626, 0.2919973199014311, 0.643396464517961, 0.2998249048160182, 0.0, 0.0, 0.0, 0.0, 0.0, 0.0, 0.0, 0.0, 0.0, 0.0], "2": [0.0, 0.0, 0.0, 0.0, 0.0, 0.0, 0.6404791448265315, 0.6980822883270404, 0.6592921003699304, 0.7017305284738541, 0.6291068397462368, 0.7298837415046162, 0.6645306018103535, 0.7415891210238139, 0.6205796542267005, 0.7733493473242831, 0.6745502772430579, 0.7788245803780026, 0.0, 0.0, 0.6728624811085562, 0.7498680589375674, 0.6370177720983824, 0.8341655244981802, 0.6614147794122497, 0.833388236420298, 0.6368449221054713, 0.893469494636412, 0.6715651041517655, 0.8914991134846652, 0.6343363367021084, 0.9522749539878633, 0.6751168739050627, 0.9558692576708617], "3": [0.0, 0.0, 0.0, 0.0, 0.0, 0.0, 0.0, 0.0, 0.0, 0.0, 0.08692932811876138, 0.6229328411596793, 0.0, 0.0, 0.09378880162645752, 0.66503715161924, 0.0, 0.0, 0.0, 0.0, 0.0, 0.0, 0.08500492464130123, 0.6825537334989619, 0.0, 0.0, 0.0, 0.0, 0.0, 0.0, 0.0, 0.0, 0.0, 0.0], "4": [0.0, 0.0, 0.0, 0.0, 0.0, 0.0, 0.0, 0.0, 0.0, 0.0, 0.0, 0.0, 0.08467199523001909, 0.6229837878986642, 0.0, 0.0, 0.0, 0.0, 0.0, 0.0, 0.0, 0.0, 0.0, 0.0, 0.0, 0.0, 0.0, 0.0, 0.0, 0.0, 0.0, 0.0, 0.0, 0.0], "5": [0.0, 0.0, 0.0, 0.0, 0.0, 0.0, 0.0, 0.0, 0.0, 0.0, 0.0, 0.0, 0.0, 0.0, 0.34742542263120413, 0.6086827331119113, 0.0, 0.0, 0.36527817957103254, 0.6220519098970625, 0.0, 0.0, 0.0, 0.0, 0.0, 0.0, 0.0, 0.0, 0.0, 0.0, 0.0, 0.0, 0.0, 0.0], "6": [0.0, 0.0, 0.0, 0.0, 0.0, 0.0, 0.0, 0.0, 0.0, 0.0, 0.0, 0.0, 0.0, 0.0, 0.0, 0.0, 0.0, 0.0, 0.0, 0.0, 0.0, 0.0, 0.0, 0.0, 0.6448438006142775, 0.2996800584925546, 0.0, 0.0, 0.0, 0.0, 0.0, 0.0, 0.0, 0.0], "7": [0.0, 0.0, 0.0, 0.0, 0.0, 0.0, 0.0, 0.0, 0.0, 0.0, 0.0, 0.0, 0.0, 0.0, 0.0, 0.0, 0.0, 0.0, 0.0, 0.0, 0.0, 0.0, 0.0, 0.0, 0.0, 0.0, 0.3433648144205411, 0.692246004966674, 0.3168570893506209, 0.7166015063171034, 0.3303311658402283, 0.7559399331057514, 0.30455958768725394, 0.7697334832615322], "8": [0.0, 0.0, 0.0, 0.0, 0.0, 0.0, 0.0, 0.0, 0.0, 0.0, 0.0, 0.0, 0.0, 0.0, 0.0, 0.0, 0.0, 0.0, 0.0, 0.0, 0.0, 0.0, 0.0, 0.0, 0.0, 0.0, 0.6445091423889001, 0.3184340889807101, 0.0, 0.0, 0.0, 0.0, 0.0, 0.0], "9": [0.0, 0.0, 0.0, 0.0, 0.0, 0.0, 0.0, 0.0, 0.0, 0.0, 0.0, 0.0, 0.0, 0.0, 0.0, 0.0, 0.0, 0.0, 0.0, 0.0, 0.0, 0.0, 0.0, 0.0, 0.0, 0.0, 0.0, 0.0, 0.6461790328224502, 0.31792887537567704, 0.0, 0.0, 0.0, 0.0]}