{"0": [0.0, 0.0, 0.0, 0.0, 0.0, 0.0, 0.4642645813524723, 0.6476769104048058, 0.4781700603663922, 0.645976530401795, 0.4578886998196443, 0.6766901008508823, 0.48813165922959645, 0.6772654660322048, 0.4495542497684558, 0.7184217581042538, 0.4981706722949942, 0.7120649125840929, 0.0, 0.0, 0.4960602574050426, 0.7393300467067293, 0.46309221411744755, 0.759661704853729, 0.4861111152296264, 0.7586712832804079, 0.44712570210297903, 0.8094575747295663, 0.4940452987017731, 0.8026229391495386, 0.43998631707703073, 0.8655401346860109, 0.506253587690541, 0.8491323436851854], "1": [0.0, 0.0, 0.0, 0.0, 0.0, 0.0, 0.31961749388525884, 0.6758424763326292, 0.3365566212683916, 0.6744889398415883, 0.31437441452095904, 0.7094486252025322, 0.3476917556176583, 0.7074763212352991, 0.297197427538534, 0.7437230197367845, 0.3593715526163578, 0.7532149287285628, 0.27509244680404665, 0.7517103058734426, 0.3683039081903796, 0.7894562831631413, 0.32225361100087563, 0.7971686803632312, 0.3456596231708924, 0.7895354789716226, 0.3189296918300291, 0.8791145994707389, 0.36490248776972295, 0.8413086083200243, 0.3266288790851831, 0.9521776864650073, 0.38187558799982074, 0.895061402629923], "2": [0.0, 0.0, 0.0, 0.0, 0.0, 0.0, 0.0, 0.0, 0.0, 0.0, 0.0, 0.0, 0.0, 0.0, 0.0, 0.0, 0.0, 0.0, 0.0, 0.0, 0.0, 0.0, 0.0, 0.0, 0.0, 0.0, 0.0, 0.0, 0.0, 0.0, 0.0, 0.0, 0.32691022207339604, 0.9512550546063318]}