{"0": [0.33501462672526633, 0.6351306319236756, 0.3361352383469542, 0.628480664447502, 0.0, 0.0, 0.0, 0.0, 0.0, 0.0, 0.3496217989673217, 0.6623537490765253, 0.33205596761157113, 0.6650656775191978, 0.0, 0.0, 0.3320321189239621, 0.6990022256418511, 0.33247349013884864, 0.6832989509458895, 0.0, 0.0, 0.0, 0.0, 0.0, 0.0, 0.0, 0.0, 0.0, 0.0, 0.0, 0.0, 0.0, 0.0], "1": [0.0, 0.0, 0.0, 0.0, 0.0, 0.0, 0.33684902836879094, 0.6290721540097837, 0.3442578713099162, 0.6294012076324885, 0.33040924469629923, 0.6664135818128234, 0.3562269464193378, 0.6664120691793937, 0.3318822091445327, 0.695587279619994, 0.0, 0.0, 0.0, 0.0, 0.0, 0.0, 0.342518995826443, 0.7598503961607262, 0.35966567471623423, 0.7556959432584268, 0.3336152595778306, 0.832592501408524, 0.3624242592602968, 0.8117048536185865, 0.34753124242027594, 0.9031822089795714, 0.38792001580198604, 0.8665998851811444], "2": [0.0, 0.0, 0.0, 0.0, 0.0, 0.0, 0.0, 0.0, 0.0, 0.0, 0.5673607784012954, 0.6070270520669443, 0.5846277520681421, 0.5904529558287727, 0.5616334781050683, 0.6023799632434492, 0.0, 0.0, 0.5642878042223552, 0.5648012205406472, 0.0, 0.0, 0.5763155212004979, 0.6626683007511828, 0.5919007522364458, 0.6574490240326634, 0.5617593068629503, 0.7035484976238675, 0.5837913816173871, 0.701504236901248, 0.5657688731948535, 0.7591905870164434, 0.5937407035390302, 0.7434729956918292]}