{"0": [0.7549775208036105, 0.6952265523098133, 0.7598020344351729, 0.6884957053043225, 0.7524680796389779, 0.6852286650178333, 0.7634111591925223, 0.6870568266621342, 0.7464535598953564, 0.6779827387658535, 0.7677812724063794, 0.7241614913498914, 0.7332849269111951, 0.6986185439206936, 0.7699663801739614, 0.7663924664810852, 0.7209655322134495, 0.7209317688588743, 0.767771017116805, 0.8056059832926151, 0.7169833607971668, 0.7604607163755981, 0.7545833670844634, 0.8002080687770137, 0.7336034316569566, 0.7950089697484617, 0.7543395007650058, 0.8524735750975432, 0.7397424347698689, 0.8526456793149313, 0.7612982163205743, 0.9153734094566768, 0.7496333050231139, 0.9018280289791247], "1": [0.4297618833680948, 0.5294934633981299, 0.4305251018454631, 0.5249162907953615, 0.0, 0.0, 0.4378842477997144, 0.5254720005724165, 0.4475379355251789, 0.521379029861203, 0.43803223346670467, 0.5539031238467605, 0.4585446489353974, 0.5479550706015692, 0.44142939858138563, 0.5962391274429305, 0.4570947147905826, 0.5884251130951774, 0.43331824044386547, 0.6037073688426365, 0.0, 0.0, 0.4461055171986421, 0.6308739412713934, 0.4580395153413217, 0.6267819350516355, 0.4475797429991265, 0.6825967932188952, 0.45777700915932656, 0.6744744755603649, 0.45227967783187834, 0.7341634339756435, 0.4736189966400465, 0.7210173899376834]}