{"0": [0.4693033492192626, 0.5170693291558159, 0.47044616465767225, 0.5125106325855961, 0.46615587733685976, 0.5131974726915359, 0.4724167678194741, 0.5171666935638145, 0.4601736787551393, 0.517263001645053, 0.478358614568909, 0.5427509555110225, 0.455273704106609, 0.5463044952463222, 0.4833931261052688, 0.578938908488662, 0.4488278633604447, 0.5849670697141577, 0.492074304446578, 0.5986611695201308, 0.45065810307860377, 0.6242775524104083, 0.47482980042696, 0.6230164658140254, 0.45914441520969074, 0.6241627158942046, 0.4722845213487744, 0.6820189811565258, 0.4611443472405275, 0.6814823144012027, 0.4734530603513122, 0.7296327292373732, 0.4476380515222748, 0.7071293496147351], "1": [0.5917275468508403, 0.4995215537371459, 0.5919932901859284, 0.49536805903470077, 0.5900716116962333, 0.49572114193881, 0.0, 0.0, 0.5845716399451096, 0.4990010158883201, 0.5840958025306463, 0.5179103714448434, 0.5780749268829822, 0.5216342562878573, 0.5823552439610163, 0.5420038444024545, 0.5729086886426861, 0.5544508086310492, 0.0, 0.0, 0.5747790671885014, 0.5888837410253471, 0.5836665444076061, 0.5947251666475225, 0.5820677116513252, 0.5917269953974971, 0.5784512538462877, 0.6293433511698686, 0.5939040206217517, 0.6332961427841197, 0.5734346049527327, 0.669998270438777, 0.590505996781091, 0.6714496273685384], "2": [0.5879407197237014, 0.5373712543536115, 0.5884333444138368, 0.5353993362850613, 0.5862468025957545, 0.5327514078882005, 0.0, 0.0, 0.0, 0.0, 0.5882572905470927, 0.5534329017003378, 0.5807624090462923, 0.5518668929735819, 0.0, 0.0, 0.0, 0.0, 0.5967829203854005, 0.5916662187487991, 0.0, 0.0, 0.0, 0.0, 0.0, 0.0, 0.0, 0.0, 0.0, 0.0, 0.0, 0.0, 0.0, 0.0], "3": [0.0, 0.0, 0.0, 0.0, 0.0, 0.0, 0.0, 0.0, 0.0, 0.0, 0.0, 0.0, 0.0, 0.0, 0.0, 0.0, 0.0, 0.0, 0.47482991963624954, 0.5529967902987092, 0.0, 0.0, 0.0, 0.0, 0.0, 0.0, 0.0, 0.0, 0.0, 0.0, 0.0, 0.0, 0.0, 0.0], "4": [0.0, 0.0, 0.0, 0.0, 0.0, 0.0, 0.0, 0.0, 0.0, 0.0, 0.0, 0.0, 0.0, 0.0, 0.0, 0.0, 0.0, 0.0, 0.0, 0.0, 0.4532789524644613, 0.5580864992406633, 0.0, 0.0, 0.0, 0.0, 0.0, 0.0, 0.0, 0.0, 0.0, 0.0, 0.0, 0.0], "5": [0.0, 0.0, 0.0, 0.0, 0.0, 0.0, 0.0, 0.0, 0.0, 0.0, 0.0, 0.0, 0.0, 0.0, 0.0, 0.0, 0.0, 0.0, 0.0, 0.0, 0.0, 0.0, 0.0, 0.0, 0.0, 0.0, 0.5943331455190977, 0.6307883518713492, 0.5783432215452194, 0.6292695374400528, 0.0, 0.0, 0.0, 0.0]}