{"0": [0.4349484454840421, 0.5325838111065052, 0.0, 0.0, 0.0, 0.0, 0.43668492548167703, 0.529047466814518, 0.4448342057565848, 0.5270684657273469, 0.4343428964416186, 0.5542736910007618, 0.45210226186706376, 0.5521752911033454, 0.4235029701764385, 0.5688906111099102, 0.45231896736659116, 0.5846049926899097, 0.0, 0.0, 0.0, 0.0, 0.4438035096235884, 0.6306186850424166, 0.4560326023958624, 0.6276008599334293, 0.425396237274011, 0.6823478043079376, 0.4418720497439305, 0.6777741237694432, 0.44610819940765706, 0.7321949206016681, 0.4460396977762382, 0.7314132338320768], "1": [0.0, 0.0, 0.0, 0.0, 0.0, 0.0, 0.6919734512766202, 0.5174889319472843, 0.7031470622867346, 0.5180179264810351, 0.6838843518247207, 0.5358553312442921, 0.7081222844620546, 0.5395686867060485, 0.6752958077937364, 0.5657382689140461, 0.7131986615558465, 0.5688981996642218, 0.6743100253244241, 0.58720045807185, 0.0, 0.0, 0.6883721560239792, 0.5983905893784982, 0.7057918793521821, 0.5990649651598048, 0.6845695203170179, 0.625963252051561, 0.7093668385098378, 0.6250468143710384, 0.6806300579259793, 0.6617542548312081, 0.7124674343814452, 0.657227764195866], "2": [0.0, 0.0, 0.0, 0.0, 0.0, 0.0, 0.0, 0.0, 0.0, 0.0, 0.0, 0.0, 0.0, 0.0, 0.0, 0.0, 0.0, 0.0, 0.9473677498598894, 0.8459009095474526, 0.0, 0.0, 0.0, 0.0, 0.0, 0.0, 0.0, 0.0, 0.0, 0.0, 0.0, 0.0, 0.0, 0.0], "3": [0.0, 0.0, 0.0, 0.0, 0.0, 0.0, 0.0, 0.0, 0.0, 0.0, 0.0, 0.0, 0.0, 0.0, 0.0, 0.0, 0.0, 0.0, 0.0, 0.0, 0.0, 0.0, 0.0, 0.0, 0.0, 0.0, 0.0, 0.0, 0.7659479307631651, 0.6165494841557962, 0.0, 0.0, 0.7718153948585194, 0.6553182634490508]}