{"0": [0.39955540473262474, 0.591985696333426, 0.40285113304853437, 0.5860130226170575, 0.396980336556832, 0.5883254542394921, 0.4106726217549294, 0.5863134697631553, 0.39448298662900927, 0.5914376894632976, 0.41711786178251103, 0.611411479667381, 0.3935013708348076, 0.6172593481010861, 0.4176479312280813, 0.645410763113587, 0.3916814645016254, 0.6578267703141047, 0.4062772765561628, 0.6113518821420493, 0.0, 0.0, 0.4172569329539934, 0.6991778694921069, 0.3999665555854639, 0.7009432864409906, 0.4200247388333082, 0.7582446886433496, 0.39454798512160777, 0.7565592518559209, 0.4321982271969319, 0.7945155700047811, 0.0, 0.0], "1": [0.0, 0.0, 0.0, 0.0, 0.0, 0.0, 0.804362079501152, 0.5857286475322864, 0.8193301308279235, 0.5796995938928039, 0.8095132186387975, 0.6129727736667351, 0.8276930087556441, 0.6082838027565568, 0.814688716409728, 0.6649808625380198, 0.8377336328228314, 0.650500421612351, 0.8082284698883693, 0.6994612055796164, 0.832959258928895, 0.6701335626619833, 0.8151530483737588, 0.6993547346304965, 0.8304762256021301, 0.6989076336224875, 0.8105127244566876, 0.7427854858062886, 0.82409000210464, 0.7460013537495225, 0.8090765956789255, 0.7866852358535484, 0.8225610888563096, 0.7887708037815712], "2": [0.0, 0.0, 0.0, 0.0, 0.0, 0.0, 0.728921156997482, 0.5823616903689173, 0.743312212297072, 0.585842631481312, 0.7195581033204993, 0.6096644472192835, 0.7490206657598416, 0.6134922972431889, 0.7065560144993166, 0.6468195824711411, 0.7534486841410398, 0.6529895943624002, 0.7047637198120356, 0.6747741089926825, 0.7549444357554118, 0.6824100801238308, 0.7217493654539188, 0.6937594368501946, 0.7397659807776411, 0.6927165621132763, 0.7295882077266772, 0.7491682094556315, 0.73797722744445, 0.7463483797179327, 0.7344408187394341, 0.8024647701669622, 0.7342939226577679, 0.8005123063370033], "3": [0.0, 0.0, 0.0, 0.0, 0.0, 0.0, 0.0, 0.0, 0.0, 0.0, 0.0, 0.0, 0.0, 0.0, 0.0, 0.0, 0.0, 0.0, 0.0, 0.0, 0.38936085735137266, 0.7174762878153059, 0.0, 0.0, 0.0, 0.0, 0.0, 0.0, 0.0, 0.0, 0.0, 0.0, 0.0, 0.0], "4": [0.0, 0.0, 0.0, 0.0, 0.0, 0.0, 0.0, 0.0, 0.0, 0.0, 0.0, 0.0, 0.0, 0.0, 0.0, 0.0, 0.0, 0.0, 0.0, 0.0, 0.3950604621320963, 0.6202620255726355, 0.0, 0.0, 0.0, 0.0, 0.0, 0.0, 0.0, 0.0, 0.0, 0.0, 0.0, 0.0]}