{"0": [0.6562542400337407, 0.5132133209043079, 0.6569461875905593, 0.5078635199754327, 0.6534283372263113, 0.5084333732172295, 0.0, 0.0, 0.6459093950688839, 0.5110555439083665, 0.6533616859465837, 0.5309188033695574, 0.6390254929661751, 0.5364370406225876, 0.649860305711627, 0.5677836336471417, 0.6347036707525452, 0.5667997227498779, 0.0, 0.0, 0.6338453148802121, 0.6084593326957137, 0.64460737084349, 0.610575844457856, 0.6411905507246654, 0.6106913114863414, 0.6417693416277568, 0.6565935874426806, 0.6473949086541931, 0.6574748350514305, 0.6362841439863679, 0.7029737032574159, 0.6436884178391968, 0.7132192156932972], "1": [0.0, 0.0, 0.6074536502361297, 0.7103796272366136, 0.0, 0.0, 0.6128568249444167, 0.7122095977818524, 0.0, 0.0, 0.618963316315785, 0.755877216215487, 0.6225791216517488, 0.7538879180396044, 0.6146760529683282, 0.8063238311696935, 0.0, 0.0, 0.6094914520159364, 0.8133842101803533, 0.6092271104454994, 0.7976219470854159, 0.6188768986690169, 0.8480240001032749, 0.6276937152569493, 0.8468522875397294, 0.5952491195251545, 0.8911214645262118, 0.6280573720112443, 0.91632128600721, 0.5952143996953965, 0.9626184225082397, 0.6367917094379664, 0.9721841008574874], "2": [0.0, 0.0, 0.0, 0.0, 0.0, 0.0, 0.0, 0.0, 0.0, 0.0, 0.0, 0.0, 0.0, 0.0, 0.0, 0.0, 0.6106809235798816, 0.8020328543804311, 0.0, 0.0, 0.0, 0.0, 0.0, 0.0, 0.0, 0.0, 0.0, 0.0, 0.0, 0.0, 0.0, 0.0, 0.0, 0.0], "3": [0.0, 0.0, 0.0, 0.0, 0.0, 0.0, 0.0, 0.0, 0.0, 0.0, 0.0, 0.0, 0.0, 0.0, 0.0, 0.0, 0.0, 0.0, 0.0, 0.0, 0.6513941580429673, 0.5370010206613828, 0.0, 0.0, 0.0, 0.0, 0.0, 0.0, 0.0, 0.0, 0.0, 0.0, 0.0, 0.0], "4": [0.0, 0.0, 0.0, 0.0, 0.0, 0.0, 0.0, 0.0, 0.0, 0.0, 0.0, 0.0, 0.0, 0.0, 0.0, 0.0, 0.0, 0.0, 0.0, 0.0, 0.0, 0.0, 0.0, 0.0, 0.6091149652997653, 0.8413660288960846, 0.62706429506264, 0.9163621832927068, 0.5946768127381802, 0.8889838165707058, 0.6373233330746492, 0.9727123385226285, 0.5954102923472723, 0.9608783192104764]}