{"0": [0.0, 0.0, 0.6962596217791239, 0.5658685449096892, 0.0, 0.0, 0.7000432806710403, 0.5709587962539108, 0.7142797227328023, 0.5672827813360426, 0.7021324818953871, 0.603351386057006, 0.722270496127506, 0.5982907562344163, 0.6941973604882757, 0.641284690576571, 0.7239968091249466, 0.6339965111679501, 0.6805102559427421, 0.6249722884760962, 0.0, 0.0, 0.7032340634614229, 0.6789286528472547, 0.7172992603232463, 0.6788128901410985, 0.6928023441384235, 0.7198369189544961, 0.7078774606188138, 0.723431698039726, 0.7098276163761814, 0.7735466158500424, 0.7085309612254301, 0.7684219740055226], "1": [0.0, 0.0, 0.0, 0.0, 0.0, 0.0, 0.3793124549090862, 0.6351974098770706, 0.3986629607776801, 0.6361896296342214, 0.37217738820860785, 0.6672505252891117, 0.40733171862860523, 0.6733670095602672, 0.3708762345214685, 0.7162348277038998, 0.41221208150188127, 0.7237876153654523, 0.0, 0.0, 0.0, 0.0, 0.3790522291014592, 0.7662589109054319, 0.4023001971344153, 0.7667218916083651, 0.3716472367445628, 0.8349072541351672, 0.40471084291736287, 0.8383283100746296, 0.36891929249589644, 0.9039043985031269, 0.403739687303702, 0.9060870010543752], "2": [0.0, 0.0, 0.0, 0.0, 0.0, 0.0, 0.0, 0.0, 0.0, 0.0, 0.0, 0.0, 0.0, 0.0, 0.0, 0.0, 0.0, 0.0, 0.36942416404684386, 0.687907917852755, 0.0, 0.0, 0.0, 0.0, 0.0, 0.0, 0.0, 0.0, 0.0, 0.0, 0.0, 0.0, 0.0, 0.0], "3": [0.0, 0.0, 0.0, 0.0, 0.0, 0.0, 0.0, 0.0, 0.0, 0.0, 0.0, 0.0, 0.0, 0.0, 0.0, 0.0, 0.0, 0.0, 0.0, 0.0, 0.682327610005935, 0.6251297535719695, 0.0, 0.0, 0.0, 0.0, 0.0, 0.0, 0.0, 0.0, 0.0, 0.0, 0.0, 0.0]}