{"0": [0.4540429746111234, 0.802211109355644, 0.45676741292700174, 0.7945798966619705, 0.45053346728285154, 0.7947013485210913, 0.4615751939515273, 0.789757547279199, 0.44350314244317507, 0.7900888971708439, 0.46898384257219733, 0.8187308664399164, 0.4308068351820112, 0.8286844893738076, 0.4739097421367963, 0.861121149416323, 0.42195306035379565, 0.8712622437212203, 0.0, 0.0, 0.41784092262387273, 0.9055337682918266, 0.4592139380673567, 0.9168353456038015, 0.43762944887081784, 0.9179307891262902, 0.0, 0.0, 0.0, 0.0, 0.0, 0.0, 0.0, 0.0], "1": [0.0, 0.0, 0.0, 0.0, 0.0, 0.0, 0.4690247985844811, 0.8943894704182943, 0.49133775383234024, 0.8956872127674244, 0.4562977947566348, 0.9387303148154861, 0.4991592730085055, 0.9393954824518275, 0.0, 0.0, 0.5078721024096012, 0.9883187719517283, 0.0, 0.0, 0.0, 0.0, 0.0, 0.0, 0.0, 0.0, 0.0, 0.0, 0.0, 0.0, 0.0, 0.0, 0.0, 0.0]}