{"0": [0.2972893747190634, 0.5564270516236623, 0.2998920599619547, 0.5519983796747746, 0.0, 0.0, 0.30620151384112737, 0.5554768805150633, 0.0, 0.0, 0.31141370596985024, 0.5809353405678713, 0.30019992937644324, 0.5785040654517987, 0.3100835304396848, 0.6233580004285884, 0.29835608107969164, 0.6118069423569573, 0.30308413033684095, 0.60247127811114, 0.0, 0.0, 0.3099140766076744, 0.6576981330359424, 0.3102472885356595, 0.65587188154459, 0.3099547266960144, 0.7058034191528956, 0.31032751845971995, 0.7050401983437714, 0.3160463500767946, 0.7519135123187745, 0.3102767834905535, 0.7410349973925838], "1": [0.5695790236194929, 0.6210091202347366, 0.0, 0.0, 0.5687796870013699, 0.6155375635182416, 0.554338571925958, 0.6161934115268565, 0.5632980046172936, 0.6162714119310733, 0.5458807816108068, 0.6475175006522073, 0.5766590795790155, 0.6569731296212585, 0.5363437198102474, 0.6945804483360715, 0.5816439902409911, 0.7071499506080592, 0.5397932086450358, 0.7235555229363618, 0.0, 0.0, 0.5505182260026534, 0.7466686160476119, 0.571479418873787, 0.748060327106052, 0.5443888769174615, 0.8140416547104163, 0.5719549967596929, 0.8241350298678434, 0.5381276165445645, 0.8825654961444713, 0.5632981918752193, 0.8955886737064079], "2": [0.0, 0.0, 0.0, 0.0, 0.0, 0.0, 0.0, 0.0, 0.0, 0.0, 0.5766823191816608, 0.6544590984229688, 0.547805376087005, 0.6506303169109203, 0.0, 0.0, 0.0, 0.0, 0.0, 0.0, 0.0, 0.0, 0.0, 0.0, 0.0, 0.0, 0.0, 0.0, 0.0, 0.0, 0.0, 0.0, 0.0, 0.0], "3": [0.0, 0.0, 0.0, 0.0, 0.0, 0.0, 0.0, 0.0, 0.0, 0.0, 0.0, 0.0, 0.0, 0.0, 0.0, 0.0, 0.0, 0.0, 0.5800165257106225, 0.6656725227832794, 0.0, 0.0, 0.0, 0.0, 0.0, 0.0, 0.0, 0.0, 0.0, 0.0, 0.0, 0.0, 0.0, 0.0], "4": [0.0, 0.0, 0.0, 0.0, 0.0, 0.0, 0.0, 0.0, 0.0, 0.0, 0.0, 0.0, 0.0, 0.0, 0.0, 0.0, 0.0, 0.0, 0.0, 0.0, 0.5809185217755536, 0.6655610819657644, 0.0, 0.0, 0.0, 0.0, 0.0, 0.0, 0.0, 0.0, 0.0, 0.0, 0.0, 0.0], "5": [0.0, 0.0, 0.0, 0.0, 0.0, 0.0, 0.0, 0.0, 0.0, 0.0, 0.0, 0.0, 0.0, 0.0, 0.0, 0.0, 0.0, 0.0, 0.0, 0.0, 0.30060628714660803, 0.6022511891744755, 0.0, 0.0, 0.0, 0.0, 0.0, 0.0, 0.0, 0.0, 0.0, 0.0, 0.0, 0.0]}