{"0": [0.0, 0.0, 0.0, 0.0, 0.0, 0.0, 0.40453473627567293, 0.5647081754825733, 0.4152599242205421, 0.5636548084241373, 0.40115559951712687, 0.5951633257998361, 0.4219407578309377, 0.5894570680128204, 0.3973634686941902, 0.6231131597801491, 0.42662098752334715, 0.6265716154266286, 0.4048133909702301, 0.6234518706798553, 0.0, 0.0, 0.4035818811506033, 0.666602721479204, 0.4222588738426566, 0.6643403429675985, 0.40161152783160403, 0.7079929696740928, 0.4296736788004637, 0.7137706393444979, 0.38337522906561694, 0.753263019963547, 0.43035820238292216, 0.7665251236546923], "1": [0.0, 0.0, 0.0, 0.0, 0.0, 0.0, 0.6368773137529691, 0.6371687595491056, 0.6510066592444976, 0.6413495151533021, 0.6311867013806477, 0.6584043767717149, 0.6503522294263046, 0.664552151163419, 0.6447553306818008, 0.7245455563068391, 0.64629475751701, 0.7236847090420666, 0.6688823270145804, 0.7489392284993771, 0.6740151459972064, 0.7506363723013136, 0.6190028090340396, 0.7457057279569131, 0.6318831257522106, 0.7470287768929094, 0.6488596300284067, 0.78846758088028, 0.6609905393173298, 0.7882562289635341, 0.6336739105482896, 0.8337137798468273, 0.6647822437187035, 0.8572173515955607], "2": [0.0, 0.0, 0.0, 0.0, 0.0, 0.0, 0.0, 0.0, 0.0, 0.0, 0.0, 0.0, 0.0, 0.0, 0.0, 0.0, 0.0, 0.0, 0.0, 0.0, 0.6489250954861442, 0.685334641582988, 0.0, 0.0, 0.0, 0.0, 0.0, 0.0, 0.0, 0.0, 0.0, 0.0, 0.0, 0.0], "3": [0.0, 0.0, 0.0, 0.0, 0.0, 0.0, 0.0, 0.0, 0.0, 0.0, 0.0, 0.0, 0.0, 0.0, 0.0, 0.0, 0.0, 0.0, 0.0, 0.0, 0.0, 0.0, 0.6362507984042167, 0.7427217271592882, 0.0, 0.0, 0.0, 0.0, 0.0, 0.0, 0.0, 0.0, 0.0, 0.0], "4": [0.0, 0.0, 0.0, 0.0, 0.0, 0.0, 0.0, 0.0, 0.0, 0.0, 0.0, 0.0, 0.0, 0.0, 0.0, 0.0, 0.0, 0.0, 0.0, 0.0, 0.0, 0.0, 0.0, 0.0, 0.0, 0.0, 0.0, 0.0, 0.0, 0.0, 0.0, 0.0, 0.6335461835066477, 0.8336277807476346]}