{"0": [0.38497050969551005, 0.6032591342650079, 0.38780169201393916, 0.5974332978328069, 0.38305762683351835, 0.5983510675253692, 0.3961507823318243, 0.5957619828758416, 0.0, 0.0, 0.40867641742030775, 0.6209831423229641, 0.378046336894234, 0.6255155169853458, 0.42244388653586307, 0.6614068335956997, 0.3725960740509133, 0.6692180692045777, 0.4294895706077417, 0.6976883232593536, 0.37145309075713157, 0.708901458537137, 0.40508915856480604, 0.7039632070947577, 0.38455269380162166, 0.7049222626067974, 0.4026110413794716, 0.7536692899686319, 0.3885040375093619, 0.756852924823761, 0.40309922117739916, 0.8041857469964909, 0.3924517602970203, 0.8163557469844818], "1": [0.46269611418247225, 0.6664485357425831, 0.4650201061430076, 0.6628410886835169, 0.0, 0.0, 0.47113384592036406, 0.6665739090354356, 0.0, 0.0, 0.4730468687523777, 0.7007945626974106, 0.4767219694020847, 0.7029564332079005, 0.4767892588550845, 0.7569365799427032, 0.4785443256298701, 0.7574065387248993, 0.47212566273907824, 0.8015241810569056, 0.4662933055311441, 0.7971740162482968, 0.4724718848864237, 0.8039799930596794, 0.0, 0.0, 0.47169051642219223, 0.8430481279337848, 0.0, 0.0, 0.4744168678919474, 0.8975608302487267, 0.0, 0.0], "2": [0.0, 0.0, 0.0, 0.0, 0.0, 0.0, 0.0, 0.0, 0.0, 0.0, 0.0, 0.0, 0.0, 0.0, 0.0, 0.0, 0.0, 0.0, 0.46269254945218563, 0.7117804505206919, 0.0, 0.0, 0.0, 0.0, 0.0, 0.0, 0.0, 0.0, 0.0, 0.0, 0.0, 0.0, 0.0, 0.0], "3": [0.0, 0.0, 0.0, 0.0, 0.0, 0.0, 0.0, 0.0, 0.0, 0.0, 0.0, 0.0, 0.0, 0.0, 0.0, 0.0, 0.0, 0.0, 0.0, 0.0, 0.37611204367130996, 0.6469235391528518, 0.0, 0.0, 0.0, 0.0, 0.0, 0.0, 0.0, 0.0, 0.0, 0.0, 0.0, 0.0], "4": [0.0, 0.0, 0.0, 0.0, 0.0, 0.0, 0.0, 0.0, 0.0, 0.0, 0.0, 0.0, 0.0, 0.0, 0.0, 0.0, 0.0, 0.0, 0.0, 0.0, 0.0, 0.0, 0.0, 0.0, 0.46972260071585575, 0.8037548073084542, 0.0, 0.0, 0.47148100286722183, 0.8449592038437171, 0.0, 0.0, 0.47415702007710936, 0.8966637944733655], "5": [0.0, 0.0, 0.0, 0.0, 0.0, 0.0, 0.0, 0.0, 0.0, 0.0, 0.0, 0.0, 0.0, 0.0, 0.0, 0.0, 0.0, 0.0, 0.0, 0.0, 0.0, 0.0, 0.0, 0.0, 0.0, 0.0, 0.0, 0.0, 0.0, 0.0, 0.48906594701111317, 0.8645157109808039, 0.0, 0.0], "6": [0.0, 0.0, 0.0, 0.0, 0.0, 0.0, 0.0, 0.0, 0.0, 0.0, 0.0, 0.0, 0.0, 0.0, 0.0, 0.0, 0.0, 0.0, 0.0, 0.0, 0.0, 0.0, 0.0, 0.0, 0.0, 0.0, 0.0, 0.0, 0.0, 0.0, 0.0, 0.0, 0.4897482437702517, 0.8642728050549825]}