{"0": [0.5954043282816808, 0.5270588097748933, 0.5967641611893971, 0.5226691374900164, 0.5936171828613926, 0.5210886033596815, 0.0, 0.0, 0.5857391629678508, 0.5184108482466804, 0.5933372102988262, 0.5459502609791579, 0.5783112647632758, 0.5469164704834973, 0.5975309017424782, 0.5669300884560302, 0.5781323332339525, 0.5848816803208103, 0.6086464495708545, 0.5821043779452642, 0.5897929047855238, 0.5815035546750382, 0.5888860957076152, 0.6117797497246, 0.5832143935064473, 0.613374141410545, 0.585829657719781, 0.6551610204908583, 0.593862294848077, 0.6622668562663926, 0.5762746522823969, 0.6905253690701944, 0.6041381094604731, 0.711920725637012], "1": [0.34420047759388883, 0.6600539092664366, 0.3485148419936498, 0.655505302362144, 0.3420870979626974, 0.6546800118905527, 0.351398237918814, 0.6565069760437365, 0.3391716176333527, 0.6556932769163891, 0.3652899410575628, 0.6934641403180583, 0.3314678412862122, 0.7010339102259389, 0.37654251779119174, 0.7333725565009647, 0.3249197954932848, 0.7515479703468305, 0.0, 0.0, 0.0, 0.0, 0.3665132949749629, 0.7978911048836178, 0.3487211025009553, 0.7991452131006452, 0.3717274978756905, 0.8597452481587727, 0.3499065970381101, 0.8753956454771536, 0.0, 0.0, 0.0, 0.0], "2": [0.0, 0.0, 0.0, 0.0, 0.0, 0.0, 0.0, 0.0, 0.0, 0.0, 0.3317846384520332, 0.7001743163775515, 0.3657575067132711, 0.6930601707763142, 0.32363447298606235, 0.7542445756770947, 0.3763709139078856, 0.7330342983758008, 0.0, 0.0, 0.0, 0.0, 0.3468647714704275, 0.8042758359401314, 0.3686578317545354, 0.8009218560324776, 0.3496011825899283, 0.8776084845816647, 0.37233612444251774, 0.8597369096897266, 0.35224520419724287, 0.9515503704547882, 0.37647421670456727, 0.9166251600892455], "3": [0.0, 0.0, 0.0, 0.0, 0.0, 0.0, 0.0, 0.0, 0.0, 0.0, 0.0, 0.0, 0.0, 0.0, 0.0, 0.0, 0.0, 0.0, 0.31688558173676323, 0.7448250883983241, 0.0, 0.0, 0.0, 0.0, 0.0, 0.0, 0.0, 0.0, 0.0, 0.0, 0.0, 0.0, 0.0, 0.0], "4": [0.0, 0.0, 0.0, 0.0, 0.0, 0.0, 0.0, 0.0, 0.0, 0.0, 0.0, 0.0, 0.0, 0.0, 0.0, 0.0, 0.0, 0.0, 0.0, 0.0, 0.3179638825977842, 0.7433484224257646, 0.0, 0.0, 0.0, 0.0, 0.0, 0.0, 0.0, 0.0, 0.0, 0.0, 0.0, 0.0], "5": [0.0, 0.0, 0.0, 0.0, 0.0, 0.0, 0.0, 0.0, 0.0, 0.0, 0.0, 0.0, 0.0, 0.0, 0.0, 0.0, 0.0, 0.0, 0.0, 0.0, 0.0, 0.0, 0.0, 0.0, 0.0, 0.0, 0.0, 0.0, 0.0, 0.0, 0.6044471337149541, 0.712068133884006, 0.0, 0.0], "6": [0.0, 0.0, 0.0, 0.0, 0.0, 0.0, 0.0, 0.0, 0.0, 0.0, 0.0, 0.0, 0.0, 0.0, 0.0, 0.0, 0.0, 0.0, 0.0, 0.0, 0.0, 0.0, 0.0, 0.0, 0.0, 0.0, 0.0, 0.0, 0.0, 0.0, 0.0, 0.0, 0.5760473934312661, 0.690945087980341]}