{"0": [0.37083598723014194, 0.4427812655766805, 0.37435776367783546, 0.4403304546519562, 0.0, 0.0, 0.37863969715933005, 0.4467151474069666, 0.0, 0.0, 0.3791544710596403, 0.48587835960918, 0.37805463671684264, 0.48596957005836344, 0.0, 0.0, 0.37857686877250674, 0.5226150377205124, 0.0, 0.0, 0.3812168935275016, 0.5459064361121919, 0.3740406495829423, 0.5552635969939055, 0.3754169083044359, 0.5433990282270776, 0.37650247433533274, 0.5901455456459964, 0.37730976757593454, 0.5906515002250673, 0.3725162329773108, 0.6339887838120813, 0.3723345277830959, 0.6334296741557343], "1": [0.0, 0.0, 0.0, 0.0, 0.0, 0.0, 0.6401373271519939, 0.696560373571184, 0.6545307030280431, 0.6972248516700886, 0.6295032727221648, 0.7261164453294542, 0.6618823662400246, 0.7293174930744701, 0.6173799472550551, 0.7678583482901256, 0.6666135499874751, 0.730531196516973, 0.6279552846526106, 0.7796961730277097, 0.0, 0.0, 0.6321110015114149, 0.8193885723197901, 0.6562838628228442, 0.8255354919091419, 0.628863246863087, 0.8870650896319636, 0.6612880177795887, 0.8891262939682714, 0.6237100047369799, 0.9464573352425186, 0.6697720423961679, 0.9515259553160932], "2": [0.0, 0.0, 0.0, 0.0, 0.0, 0.0, 0.0, 0.0, 0.0, 0.0, 0.3627079563836257, 0.5206118359609887, 0.0, 0.0, 0.0, 0.0, 0.0, 0.0, 0.0, 0.0, 0.0, 0.0, 0.0, 0.0, 0.0, 0.0, 0.0, 0.0, 0.0, 0.0, 0.0, 0.0, 0.0, 0.0], "3": [0.0, 0.0, 0.0, 0.0, 0.0, 0.0, 0.0, 0.0, 0.0, 0.0, 0.0, 0.0, 0.37388319217910376, 0.518664691624818, 0.0, 0.0, 0.0, 0.0, 0.0, 0.0, 0.0, 0.0, 0.0, 0.0, 0.0, 0.0, 0.0, 0.0, 0.0, 0.0, 0.0, 0.0, 0.0, 0.0], "4": [0.0, 0.0, 0.0, 0.0, 0.0, 0.0, 0.0, 0.0, 0.0, 0.0, 0.0, 0.0, 0.0, 0.0, 0.0, 0.0, 0.0, 0.0, 0.0, 0.0, 0.6315963966151078, 0.7801819235086441, 0.0, 0.0, 0.0, 0.0, 0.0, 0.0, 0.0, 0.0, 0.0, 0.0, 0.0, 0.0], "5": [0.0, 0.0, 0.0, 0.0, 0.0, 0.0, 0.0, 0.0, 0.0, 0.0, 0.0, 0.0, 0.0, 0.0, 0.0, 0.0, 0.0, 0.0, 0.0, 0.0, 0.0, 0.0, 0.0, 0.0, 0.0, 0.0, 0.0, 0.0, 0.0, 0.0, 0.6696128542224566, 0.9522223989168803, 0.0, 0.0]}