{"0": [0.30337038151919843, 0.7515535859322107, 0.30785550748308504, 0.7456273627501947, 0.3031803647677104, 0.7453358083411499, 0.3199268702417612, 0.7508490522702534, 0.0, 0.0, 0.33287773256500564, 0.7878332358819468, 0.2986225885649522, 0.787792964334841, 0.3528812371815244, 0.8275176905923419, 0.2804317514722546, 0.840563851263788, 0.32898965912560624, 0.8633267334213963, 0.2903790729741255, 0.8050501047461122, 0.3331994295120239, 0.8933886283525714, 0.3066473054389159, 0.8946756296687656, 0.33966680211015043, 0.9776417743276666, 0.3011512065306306, 0.9740221151909618, 0.0, 0.0, 0.0, 0.0], "1": [0.6091874810556569, 0.6001657183523532, 0.6101355028959612, 0.5954543708651154, 0.6065930776298047, 0.595439098002734, 0.0, 0.0, 0.5985443294669192, 0.5967303834579609, 0.6077467077722152, 0.625076219825833, 0.5908133977403244, 0.6233764798552902, 0.6126181501895189, 0.6585843971482029, 0.6018783381829659, 0.6574424489780709, 0.6193588856607676, 0.6762896126067197, 0.0, 0.0, 0.6017435576145848, 0.701750584995305, 0.592428679143389, 0.705387771129608, 0.600162069996198, 0.761162284789262, 0.6019024005935838, 0.7613232299133583, 0.5911130998630456, 0.8013466953921322, 0.5913174651340719, 0.8044452452100241], "2": [0.0, 0.0, 0.0, 0.0, 0.0, 0.0, 0.0, 0.0, 0.0, 0.0, 0.0, 0.0, 0.0, 0.0, 0.0, 0.0, 0.0, 0.0, 0.34330010137831174, 0.8034862248020039, 0.0, 0.0, 0.0, 0.0, 0.0, 0.0, 0.0, 0.0, 0.0, 0.0, 0.0, 0.0, 0.0, 0.0], "3": [0.0, 0.0, 0.0, 0.0, 0.0, 0.0, 0.0, 0.0, 0.0, 0.0, 0.0, 0.0, 0.0, 0.0, 0.0, 0.0, 0.0, 0.0, 0.6116155952215194, 0.6261772104435497, 0.0, 0.0, 0.0, 0.0, 0.0, 0.0, 0.0, 0.0, 0.0, 0.0, 0.0, 0.0, 0.0, 0.0], "4": [0.0, 0.0, 0.0, 0.0, 0.0, 0.0, 0.0, 0.0, 0.0, 0.0, 0.0, 0.0, 0.0, 0.0, 0.0, 0.0, 0.0, 0.0, 0.0, 0.0, 0.6087376837929089, 0.6276693569289313, 0.0, 0.0, 0.0, 0.0, 0.0, 0.0, 0.0, 0.0, 0.0, 0.0, 0.0, 0.0], "5": [0.0, 0.0, 0.0, 0.0, 0.0, 0.0, 0.0, 0.0, 0.0, 0.0, 0.0, 0.0, 0.0, 0.0, 0.0, 0.0, 0.0, 0.0, 0.0, 0.0, 0.2781680828581254, 0.8378127228330684, 0.0, 0.0, 0.0, 0.0, 0.0, 0.0, 0.0, 0.0, 0.0, 0.0, 0.0, 0.0], "6": [0.0, 0.0, 0.0, 0.0, 0.0, 0.0, 0.0, 0.0, 0.0, 0.0, 0.0, 0.0, 0.0, 0.0, 0.0, 0.0, 0.0, 0.0, 0.0, 0.0, 0.6193835753947496, 0.6775729460986676, 0.0, 0.0, 0.0, 0.0, 0.0, 0.0, 0.0, 0.0, 0.0, 0.0, 0.0, 0.0]}