{"0": [0.29043896396954855, 0.7381765970477352, 0.2899610210210085, 0.7328649046244444, 0.0, 0.0, 0.2936866643566949, 0.7288069482754778, 0.0, 0.0, 0.30973272100090987, 0.7450858599609799, 0.3030622273683548, 0.7447294798990092, 0.3075033434977134, 0.7827832610518844, 0.30834691760440675, 0.7880764605270492, 0.29960125535726545, 0.8047330052764328, 0.29939045682549476, 0.8042240854766634, 0.33589990738158426, 0.8100265513967585, 0.3323014243195454, 0.8053259452184041, 0.30731960448126, 0.8633132821983761, 0.3096214363972346, 0.8576138083581573, 0.3012759005650878, 0.9287956397842478, 0.3020006608140344, 0.9261627766821121], "1": [0.46390621612469357, 0.5329254998101128, 0.4646312765777111, 0.5275322790499086, 0.0, 0.0, 0.467748045672973, 0.5297486066128368, 0.4774711214626829, 0.5262046690340395, 0.4678201461210847, 0.5532600329981909, 0.48727160965402916, 0.5503002643585205, 0.4624775849282742, 0.5893567679104982, 0.4982388048743208, 0.5851642279713242, 0.0, 0.0, 0.48975223990467687, 0.5954149244008241, 0.4750545259565115, 0.627578142174968, 0.4912452115366856, 0.6260464447240035, 0.4607368776574731, 0.6801533339200196, 0.4995189931243659, 0.669413677961738, 0.46493850812936827, 0.7361335994468794, 0.5135851486275593, 0.7119354053779885], "2": [0.0, 0.0, 0.0, 0.0, 0.0, 0.0, 0.0, 0.0, 0.0, 0.0, 0.0, 0.0, 0.0, 0.0, 0.33637287442882857, 0.7989841522993865, 0.0, 0.0, 0.0, 0.0, 0.0, 0.0, 0.0, 0.0, 0.0, 0.0, 0.0, 0.0, 0.0, 0.0, 0.0, 0.0, 0.0, 0.0], "3": [0.0, 0.0, 0.0, 0.0, 0.0, 0.0, 0.0, 0.0, 0.0, 0.0, 0.0, 0.0, 0.0, 0.0, 0.0, 0.0, 0.0, 0.0, 0.4572158853833875, 0.5748392674106139, 0.0, 0.0, 0.0, 0.0, 0.0, 0.0, 0.0, 0.0, 0.0, 0.0, 0.0, 0.0, 0.0, 0.0], "4": [0.0, 0.0, 0.0, 0.0, 0.0, 0.0, 0.0, 0.0, 0.0, 0.0, 0.0, 0.0, 0.0, 0.0, 0.0, 0.0, 0.0, 0.0, 0.0, 0.0, 0.0, 0.0, 0.0, 0.0, 0.0, 0.0, 0.0, 0.0, 0.0, 0.0, 0.3404667251432935, 0.8392523970868853, 0.0, 0.0], "5": [0.0, 0.0, 0.0, 0.0, 0.0, 0.0, 0.0, 0.0, 0.0, 0.0, 0.0, 0.0, 0.0, 0.0, 0.0, 0.0, 0.0, 0.0, 0.0, 0.0, 0.0, 0.0, 0.0, 0.0, 0.0, 0.0, 0.0, 0.0, 0.0, 0.0, 0.0, 0.0, 0.34029930184284846, 0.8392446193430159]}