{"0": [0.34164459506670636, 0.4980183570473282, 0.34330778568983084, 0.4945832230426647, 0.0, 0.0, 0.3456288946171602, 0.4959337208006117, 0.0, 0.0, 0.3561417848880713, 0.5109521026964541, 0.35197096507644277, 0.5141654953394568, 0.0, 0.0, 0.3345288338139653, 0.5317336647598832, 0.34086288946370286, 0.5283651404910618, 0.0, 0.0, 0.3425616856664419, 0.593010112312105, 0.3610363318274418, 0.588721547882866, 0.33413859494030473, 0.6338870469618727, 0.36287894571820895, 0.6417344606584973, 0.32655133418738846, 0.6687966449393167, 0.3672974380354087, 0.701065511725567], "1": [0.0, 0.0, 0.0, 0.0, 0.0, 0.0, 0.38479476813226937, 0.6124912939689776, 0.3990212731063366, 0.6128878579095558, 0.37593028470873835, 0.644330127371682, 0.40373533740639683, 0.646282371989003, 0.3712995953857899, 0.6859286086426841, 0.4126363250116507, 0.6900001205779888, 0.0, 0.0, 0.41306265915433565, 0.7106454337084734, 0.3823200007279714, 0.730612560444408, 0.40342291109263895, 0.7281916655876018, 0.3872602416823308, 0.7897964242983747, 0.40573098917181294, 0.7845372500243011, 0.38724047094583514, 0.846458919953417, 0.4087932497262955, 0.8294851797598379], "2": [0.0, 0.0, 0.0, 0.0, 0.0, 0.0, 0.0, 0.0, 0.0, 0.0, 0.0, 0.0, 0.0, 0.0, 0.3346691862369577, 0.5276185636167173, 0.0, 0.0, 0.0, 0.0, 0.0, 0.0, 0.0, 0.0, 0.0, 0.0, 0.0, 0.0, 0.0, 0.0, 0.0, 0.0, 0.0, 0.0], "3": [0.0, 0.0, 0.0, 0.0, 0.0, 0.0, 0.0, 0.0, 0.0, 0.0, 0.0, 0.0, 0.0, 0.0, 0.0, 0.0, 0.0, 0.0, 0.0, 0.0, 0.3373989682644606, 0.5280814747015635, 0.0, 0.0, 0.0, 0.0, 0.0, 0.0, 0.0, 0.0, 0.0, 0.0, 0.0, 0.0], "4": [0.0, 0.0, 0.0, 0.0, 0.0, 0.0, 0.0, 0.0, 0.0, 0.0, 0.0, 0.0, 0.0, 0.0, 0.0, 0.0, 0.0, 0.0, 0.0, 0.0, 0.0, 0.0, 0.0, 0.0, 0.0, 0.0, 0.0, 0.0, 0.0, 0.0, 0.36767658417423565, 0.704517740673489, 0.0, 0.0]}