{"0": [0.471907048424085, 0.7872229710773185, 0.0, 0.0, 0.0, 0.0, 0.0, 0.0, 0.0, 0.0, 0.0, 0.0, 0.0, 0.0, 0.0, 0.0, 0.0, 0.0, 0.0, 0.0, 0.0, 0.0, 0.0, 0.0, 0.0, 0.0, 0.0, 0.0, 0.0, 0.0, 0.0, 0.0, 0.0, 0.0], "1": [0.0, 0.0, 0.0, 0.0, 0.0, 0.0, 0.4633075704177221, 0.7716941555341086, 0.48290838350852333, 0.7720574162624502, 0.45439735415081184, 0.8015427860948775, 0.49423134528721374, 0.8025508920351664, 0.44167719843486947, 0.8465823353440673, 0.5004425134509802, 0.8581572894696836, 0.4391077272593975, 0.8857973905073272, 0.5001060960193475, 0.8934977583863116, 0.46377236445744835, 0.8906638662020364, 0.48811792967220147, 0.8937219343803547, 0.0, 0.0, 0.0, 0.0, 0.0, 0.0, 0.0, 0.0], "2": [0.0, 0.0, 0.0, 0.0, 0.0, 0.0, 0.0, 0.0, 0.4956610377877951, 0.89807806942198, 0.0, 0.0, 0.511301660661896, 0.9271209270865829, 0.0, 0.0, 0.519964565957586, 0.9890072881071655, 0.0, 0.0, 0.0, 0.0, 0.0, 0.0, 0.0, 0.0, 0.0, 0.0, 0.0, 0.0, 0.0, 0.0, 0.0, 0.0], "3": [0.0, 0.0, 0.0, 0.0, 0.0, 0.0, 0.0, 0.0, 0.0, 0.0, 0.4937901178646522, 0.8034521937922195, 0.4533723262449106, 0.8032882108732506, 0.0, 0.0, 0.0, 0.0, 0.5007441302140554, 0.8932843112283283, 0.44110492343703905, 0.888863006344548, 0.4856904931366443, 0.8983053233888414, 0.0, 0.0, 0.0, 0.0, 0.0, 0.0, 0.0, 0.0, 0.0, 0.0]}