{"0": [0.6529394426693519, 0.5690313449612371, 0.6554738237832983, 0.5633285906579759, 0.6503586164365213, 0.5641104835051077, 0.659698297517995, 0.5629482503290529, 0.6468910073240598, 0.5651775651507908, 0.6676102084418137, 0.5959529179665779, 0.6452715078989665, 0.5890574104394074, 0.6722376442203919, 0.6314859555827247, 0.6432154502098759, 0.6198085006740358, 0.6691790189594031, 0.6683205094602372, 0.637702693293492, 0.6484427197939819, 0.6619792573153972, 0.6683463679419623, 0.6464098940292995, 0.6650651483624069, 0.6679148631791274, 0.7163326268946683, 0.6390841543053587, 0.7157843409864991, 0.6767752475726108, 0.7596153711831128, 0.6323075624803702, 0.7677484343449275], "1": [0.0, 0.0, 0.0, 0.0, 0.0, 0.0, 0.7165507294237614, 0.6454085217581855, 0.7309496806624035, 0.6482320272674164, 0.7086703093101581, 0.6830563180976443, 0.7347055181860925, 0.6728872833428561, 0.705589323118329, 0.7459328318083728, 0.7420255359262228, 0.7285979507146059, 0.0, 0.0, 0.0, 0.0, 0.7148692407645285, 0.7884077269721914, 0.7246004233757655, 0.7861371062420033, 0.7183852210951348, 0.8456553271523228, 0.7195303094883759, 0.8471640208253154, 0.7232240751075248, 0.9108827959608149, 0.7240881333748501, 0.9156251373666304], "2": [0.0, 0.0, 0.0, 0.0, 0.0, 0.0, 0.0, 0.0, 0.0, 0.0, 0.0, 0.0, 0.0, 0.0, 0.0, 0.0, 0.0, 0.0, 0.0, 0.0, 0.6497756113608678, 0.6108848027333066, 0.0, 0.0, 0.0, 0.0, 0.0, 0.0, 0.0, 0.0, 0.0, 0.0, 0.0, 0.0], "3": [0.0, 0.0, 0.0, 0.0, 0.0, 0.0, 0.0, 0.0, 0.0, 0.0, 0.0, 0.0, 0.0, 0.0, 0.0, 0.0, 0.0, 0.0, 0.0, 0.0, 0.0, 0.0, 0.0, 0.0, 0.0, 0.0, 0.0, 0.0, 0.0, 0.0, 0.696439749126633, 0.8646579570240445, 0.0, 0.0], "4": [0.0, 0.0, 0.0, 0.0, 0.0, 0.0, 0.0, 0.0, 0.0, 0.0, 0.0, 0.0, 0.0, 0.0, 0.0, 0.0, 0.0, 0.0, 0.0, 0.0, 0.0, 0.0, 0.0, 0.0, 0.0, 0.0, 0.0, 0.0, 0.0, 0.0, 0.0, 0.0, 0.6961012408137321, 0.8648792712776749]}