{"0": [0.4571406593546271, 0.579988733375514, 0.0, 0.0, 0.4552053190767765, 0.5754100202410309, 0.4419299294551214, 0.5796686339157598, 0.4507735239962737, 0.5789218809869554, 0.4380532454699278, 0.607392778440758, 0.45624015711752386, 0.6097630443396391, 0.43616216027488314, 0.6376126936188451, 0.4659599378705025, 0.6439648394231442, 0.44337571781749524, 0.640794154667054, 0.480031979829073, 0.633731349999154, 0.44166578402121864, 0.6861528313822216, 0.45791998505592346, 0.6870309043813635, 0.44714183708031974, 0.7301391669997461, 0.4677970268453161, 0.7346976593688681, 0.4300924186905225, 0.7679108374648624, 0.4647334631687651, 0.7909676845426913], "1": [0.0, 0.0, 0.0, 0.0, 0.0, 0.0, 0.5987650165334344, 0.6981974853409662, 0.6108812922301392, 0.6976106974813673, 0.5890712616033851, 0.7233913403970224, 0.6155202883606156, 0.7218661354095848, 0.0, 0.0, 0.623600876579682, 0.743232274055481, 0.0, 0.0, 0.6380946643650531, 0.7673720653410311, 0.587678820764025, 0.7838998801178403, 0.597811943696191, 0.7881794729718454, 0.590810517842571, 0.8493164191643398, 0.6239157781004906, 0.8357648935582903, 0.5884233996272087, 0.9007334960831537, 0.6321459012726943, 0.8733077570244118], "2": [0.0, 0.0, 0.0, 0.0, 0.0, 0.0, 0.0, 0.0, 0.0, 0.0, 0.0, 0.0, 0.0, 0.0, 0.0, 0.0, 0.0, 0.0, 0.0, 0.0, 0.610353534668684, 0.810062728215147, 0.0, 0.0, 0.0, 0.0, 0.0, 0.0, 0.0, 0.0, 0.0, 0.0, 0.0, 0.0], "3": [0.0, 0.0, 0.0, 0.0, 0.0, 0.0, 0.0, 0.0, 0.0, 0.0, 0.0, 0.0, 0.0, 0.0, 0.0, 0.0, 0.0, 0.0, 0.0, 0.0, 0.0, 0.0, 0.6113082302113374, 0.7897931428419219, 0.0, 0.0, 0.6234665928408504, 0.8348695580606107, 0.590745597332716, 0.8496621439854304, 0.0, 0.0, 0.5885933268194398, 0.9026123938737093]}