{"0": [0.38909846848497787, 0.518201169261226, 0.38961638547868155, 0.5140757333901194, 0.0, 0.0, 0.3949786098053058, 0.5126164696834704, 0.0, 0.0, 0.40027526443203293, 0.5348977479669783, 0.40160080610464016, 0.5319073734460054, 0.4028617694353064, 0.5724570131964154, 0.39854939946283896, 0.5680122775060159, 0.39091171858211365, 0.5933837828812776, 0.39006376775602497, 0.590683408026342, 0.40167850404977806, 0.6052438363984779, 0.4074704172710578, 0.6038792861142644, 0.39905359114698163, 0.6499445236851609, 0.39956069793499416, 0.6487610777683269, 0.4089783312131961, 0.6921465846951361, 0.40905749052762985, 0.6880629371713709], "1": [0.061477052668730416, 0.5233318134590431, 0.0, 0.0, 0.060312920707898836, 0.5183476686477662, 0.0, 0.0, 0.054103111599882445, 0.5196055482935023, 0.05715298280119896, 0.5431758794519637, 0.046278163542350134, 0.5466998987727695, 0.0, 0.0, 0.04437720893571775, 0.5843951013353136, 0.0, 0.0, 0.0, 0.0, 0.0, 0.0, 0.0, 0.0, 0.0, 0.0, 0.0, 0.0, 0.0, 0.0, 0.0, 0.0], "2": [0.0, 0.0, 0.0, 0.0, 0.0, 0.0, 0.5797188900411129, 0.6436216976907517, 0.5950866108139355, 0.6443852455527694, 0.5694604033604265, 0.6764921571369524, 0.6036882222940524, 0.6837690209900892, 0.5586543213576078, 0.7334983359884333, 0.6087213966995477, 0.7378799080848693, 0.5606090809373806, 0.7491386415781798, 0.609284600491325, 0.7662673174507089, 0.5730258442771932, 0.7806247404328099, 0.5971389790376027, 0.7777173282923522, 0.5755307921518881, 0.8529040632424532, 0.6002230197191238, 0.8408943781836166, 0.5771662391722202, 0.9258493414631597, 0.5946856369574864, 0.9090255496678529], "3": [0.0, 0.0, 0.0, 0.0, 0.0, 0.0, 0.0, 0.0, 0.0, 0.0, 0.0, 0.0, 0.0, 0.0, 0.0, 0.0, 0.0, 0.0, 0.0, 0.0, 0.9483135612991949, 0.8173539184861713, 0.0, 0.0, 0.0, 0.0, 0.0, 0.0, 0.0, 0.0, 0.0, 0.0, 0.0, 0.0]}