{"0": [0.4885935131460429, 0.7189238590222818, 0.49213462844491, 0.7128899640507167, 0.486072162600855, 0.7134081426593992, 0.500398425385356, 0.7118817201367131, 0.0, 0.0, 0.5127609750876825, 0.7449958998847891, 0.4823994666337967, 0.7382960009354133, 0.527323920916145, 0.7634417432325856, 0.47641770107050735, 0.774203251923124, 0.0, 0.0, 0.4654671752204498, 0.8001657388828419, 0.5116586414476235, 0.8306057691574096, 0.4937871747689011, 0.8282763408290016, 0.4992307423303525, 0.8879848866551011, 0.5030067247649034, 0.8866835072084709, 0.5044597134148686, 0.9438143918625388, 0.507143099916478, 0.9364597970688784], "1": [0.44947865915795165, 0.7721314485426303, 0.0, 0.0, 0.44837090925623974, 0.7653772832066924, 0.0, 0.0, 0.4426780509452026, 0.7664579490682593, 0.45394287034869196, 0.8032272537549336, 0.43025458057721455, 0.8026790122191111, 0.45977892093360423, 0.8508626050419278, 0.42354652260740594, 0.8708604594623601, 0.4666704008976618, 0.8858154663885082, 0.0, 0.0, 0.45414201642076174, 0.9014398716114186, 0.42993380079666765, 0.9089535693327586, 0.47178186861177285, 0.9860217337255125, 0.4224480303625266, 0.9808923612038295, 0.0, 0.0, 0.0, 0.0], "2": [0.0, 0.0, 0.0, 0.0, 0.0, 0.0, 0.0, 0.0, 0.0, 0.0, 0.4254978289206823, 0.8018501111754665, 0.0, 0.0, 0.0, 0.0, 0.0, 0.0, 0.0, 0.0, 0.0, 0.0, 0.0, 0.0, 0.0, 0.0, 0.0, 0.0, 0.0, 0.0, 0.0, 0.0, 0.0, 0.0], "3": [0.0, 0.0, 0.0, 0.0, 0.0, 0.0, 0.0, 0.0, 0.0, 0.0, 0.0, 0.0, 0.0, 0.0, 0.0, 0.0, 0.0, 0.0, 0.0, 0.0, 0.0, 0.0, 0.0, 0.0, 0.0, 0.0, 0.46188618143399557, 0.9494683844071847, 0.0, 0.0, 0.0, 0.0, 0.0, 0.0], "4": [0.0, 0.0, 0.0, 0.0, 0.0, 0.0, 0.0, 0.0, 0.0, 0.0, 0.0, 0.0, 0.0, 0.0, 0.0, 0.0, 0.0, 0.0, 0.0, 0.0, 0.0, 0.0, 0.0, 0.0, 0.0, 0.0, 0.0, 0.0, 0.46999179708460975, 0.9836261369563916, 0.0, 0.0, 0.0, 0.0]}