{"0": [0.45266951334973177, 0.5579235325256984, 0.45526793828854956, 0.5529452164967855, 0.4495517698427041, 0.5541504248424813, 0.46005157167091965, 0.5535737510080689, 0.4462100925544898, 0.5588492962773199, 0.4696360797310869, 0.5834219146657873, 0.44144468307495116, 0.5888045799952966, 0.4746866337954998, 0.6189077425610137, 0.4381073832511902, 0.626512728024412, 0.47190732130159935, 0.6596745647765972, 0.43460419395317634, 0.6621809198900506, 0.46633611992001534, 0.6649948256987113, 0.4473921526844303, 0.6667777867228897, 0.46766868494451047, 0.7198195018150189, 0.4501641601324081, 0.7267421934339735, 0.46872306504907707, 0.7568495600311844, 0.45459950951238476, 0.7837242989628403], "1": [0.5854907010759537, 0.5956140357035178, 0.5884713352968295, 0.5895426995224423, 0.582688215871652, 0.5906408642177229, 0.5941449247611066, 0.588463878935134, 0.5798341353734334, 0.5907143376491688, 0.6040983659525713, 0.617390693558587, 0.5726890785774837, 0.6213313374254439, 0.6100307585981984, 0.6596423491283699, 0.5665281855811676, 0.65614862828343, 0.6104165663914956, 0.6943691921454889, 0.5639890467748045, 0.6871607409583198, 0.5991545839856068, 0.7005731957930106, 0.577692114127179, 0.7006186345109233, 0.595980458209912, 0.7535077327931369, 0.5829409000774225, 0.7538195062566686, 0.5867355095843474, 0.8069225169994213, 0.5850284739707907, 0.8053545794001331], "2": [0.0, 0.0, 0.0, 0.0, 0.0, 0.0, 0.0, 0.0, 0.0, 0.0, 0.0, 0.0, 0.0, 0.0, 0.0, 0.0, 0.0, 0.0, 0.4727618563765039, 0.6073154491406899, 0.0, 0.0, 0.0, 0.0, 0.0, 0.0, 0.0, 0.0, 0.0, 0.0, 0.0, 0.0, 0.0, 0.0], "3": [0.0, 0.0, 0.0, 0.0, 0.0, 0.0, 0.0, 0.0, 0.0, 0.0, 0.0, 0.0, 0.0, 0.0, 0.0, 0.0, 0.0, 0.0, 0.0, 0.0, 0.0, 0.0, 0.0, 0.0, 0.0, 0.0, 0.0, 0.0, 0.0, 0.0, 0.5948720100025336, 0.7649630669090483, 0.0, 0.0]}