{"0": [0.4906677071005106, 0.6294161973176179, 0.49130424497028186, 0.6255433491534657, 0.4895612812639835, 0.6244749144271567, 0.0, 0.0, 0.4847898636634151, 0.623266077483142, 0.4872600913424915, 0.6472683455264253, 0.47152316085994245, 0.6517973696744, 0.0, 0.0, 0.4672699589282274, 0.6869215742305473, 0.0, 0.0, 0.0, 0.0, 0.4914154879748821, 0.7283222122324837, 0.47248630073542397, 0.7296592988108319, 0.49891755158702533, 0.7842252219164813, 0.47250285372138023, 0.788641999827491, 0.5044547867029906, 0.8410396015202558, 0.47044999077916144, 0.8314514928393895], "1": [0.6428933432946603, 0.4291920262354392, 0.0, 0.0, 0.6427890862648685, 0.4262121200837471, 0.0, 0.0, 0.6388593278204401, 0.41692292911035045, 0.6138894641771913, 0.4219398891484296, 0.6359078020478288, 0.4325146568594155, 0.604555336634318, 0.44577197167608473, 0.6406982296456893, 0.4511889292134179, 0.6053166088958581, 0.4510677271419101, 0.0, 0.0, 0.6117281723767519, 0.4714945816331439, 0.6278671077142159, 0.47614102087639, 0.6095092386007309, 0.5107065554018374, 0.6375682948778073, 0.5023628018520496, 0.6018383895823111, 0.5515365698271327, 0.6333686905602615, 0.5458997320245813], "2": [0.0, 0.0, 0.0, 0.0, 0.0, 0.0, 0.0, 0.0, 0.0, 0.0, 0.0, 0.0, 0.0, 0.0, 0.0, 0.0, 0.0, 0.0, 0.0, 0.0, 0.6430415739615758, 0.4912776294681761, 0.0, 0.0, 0.0, 0.0, 0.0, 0.0, 0.0, 0.0, 0.0, 0.0, 0.0, 0.0], "3": [0.0, 0.0, 0.0, 0.0, 0.0, 0.0, 0.0, 0.0, 0.0, 0.0, 0.0, 0.0, 0.0, 0.0, 0.0, 0.0, 0.0, 0.0, 0.0, 0.0, 0.643712030351162, 0.4417081599986112, 0.0, 0.0, 0.0, 0.0, 0.0, 0.0, 0.0, 0.0, 0.0, 0.0, 0.0, 0.0], "4": [0.0, 0.0, 0.0, 0.0, 0.0, 0.0, 0.0, 0.0, 0.0, 0.0, 0.0, 0.0, 0.0, 0.0, 0.0, 0.0, 0.0, 0.0, 0.0, 0.0, 0.0, 0.0, 0.0, 0.0, 0.0, 0.0, 0.47314517949707807, 0.788826397765014, 0.49892001574238143, 0.7860415723588732, 0.46995507987837004, 0.8320766362879013, 0.5043239392340183, 0.8414589461904985]}