{"0": [0.0, 0.0, 0.0, 0.0, 0.0, 0.0, 0.38199277700235446, 0.5196430080466801, 0.39445207777122654, 0.5170752728426898, 0.37779843689252934, 0.5496431518484045, 0.40328978300094603, 0.5467898938390944, 0.372479151468724, 0.5906175383815059, 0.40951642797638976, 0.5809713688161638, 0.37812048047780983, 0.6123796597675041, 0.0, 0.0, 0.3863114062696696, 0.6207521418730418, 0.4028208352004488, 0.6198308325476116, 0.3870772735526164, 0.670604041384326, 0.401338795075814, 0.6678055917775189, 0.3845797579735518, 0.7207443392939038, 0.4051878138134877, 0.7160043912905234], "1": [0.0, 0.0, 0.0, 0.0, 0.0, 0.0, 0.3082750623424848, 0.5361067216705393, 0.31377345534662404, 0.5358725601876223, 0.30626045508834066, 0.5633337811187461, 0.321622796729207, 0.5616644598819591, 0.0, 0.0, 0.0, 0.0, 0.0, 0.0, 0.0, 0.0, 0.31818918678909547, 0.6205930221963811, 0.3299565277993679, 0.6195865365090194, 0.0, 0.0, 0.32285517073469233, 0.6764641823592009, 0.0, 0.0, 0.33962210099756096, 0.7228963287892165], "2": [0.0, 0.0, 0.0, 0.0, 0.0, 0.0, 0.0, 0.0, 0.0, 0.0, 0.0, 0.0, 0.0, 0.0, 0.0, 0.0, 0.0, 0.0, 0.0, 0.0, 0.14024314315368733, 0.5871331787771649, 0.0, 0.0, 0.0, 0.0, 0.0, 0.0, 0.0, 0.0, 0.0, 0.0, 0.0, 0.0], "3": [0.0, 0.0, 0.0, 0.0, 0.0, 0.0, 0.0, 0.0, 0.0, 0.0, 0.0, 0.0, 0.0, 0.0, 0.0, 0.0, 0.0, 0.0, 0.0, 0.0, 0.0, 0.0, 0.0, 0.0, 0.0, 0.0, 0.3206336170434952, 0.6786318894337725, 0.0, 0.0, 0.3389886123438676, 0.7219406233341605, 0.0, 0.0]}