{"0": [0.13049333424617846, 0.5957465065850152, 0.13154625774671633, 0.5916775279574924, 0.0, 0.0, 0.13499404390652975, 0.5930321647061242, 0.0, 0.0, 0.13626764522244533, 0.606680879327986, 0.14519231742985747, 0.6154435796737144, 0.13359694307049116, 0.6398521222450115, 0.15500282707313698, 0.6495078913591527, 0.13283119363089402, 0.6551227493694535, 0.0, 0.0, 0.14010161043455202, 0.6715184209523377, 0.14618840192755064, 0.6710530548184006, 0.14629804752767087, 0.7160138868623309, 0.14780793755780905, 0.7159450405173832, 0.151700119394809, 0.7557090781353138, 0.15200169116724283, 0.7554279462054924], "1": [0.2681681708743175, 0.5882170266023389, 0.2678228853891293, 0.5817337137405519, 0.0, 0.0, 0.0, 0.0, 0.0, 0.0, 0.0, 0.0, 0.0, 0.0, 0.0, 0.0, 0.0, 0.0, 0.0, 0.0, 0.0, 0.0, 0.0, 0.0, 0.0, 0.0, 0.0, 0.0, 0.0, 0.0, 0.0, 0.0, 0.0, 0.0], "2": [0.2843637015670538, 0.5042790713133636, 0.0, 0.0, 0.283362627774477, 0.5010056756160878, 0.0, 0.0, 0.28246126174926756, 0.5026734449245311, 0.2881547660877307, 0.5186571222764474, 0.2762096675733725, 0.5176196619316383, 0.0, 0.0, 0.0, 0.0, 0.0, 0.0, 0.0, 0.0, 0.0, 0.0, 0.27351592369377614, 0.5676761076406196, 0.0, 0.0, 0.0, 0.0, 0.0, 0.0, 0.0, 0.0], "3": [0.0, 0.0, 0.0, 0.0, 0.0, 0.0, 0.666130606085062, 0.669289728226485, 0.6787804084519545, 0.6725206670937715, 0.6539509034405152, 0.6975316913039596, 0.685336101326781, 0.71078246500757, 0.6441686359234154, 0.7279922777855837, 0.6931010436887542, 0.7561394890149435, 0.6555283648272355, 0.7299963088223228, 0.6914899134387572, 0.7530456214039414, 0.6539568935831388, 0.7971591073053854, 0.6769758133062472, 0.7974222176604802, 0.6514784006401897, 0.854302348141317, 0.6744278649489085, 0.859119470472689, 0.6398581700709959, 0.9137592880814164, 0.6714022129774093, 0.9183871763723868], "4": [0.0, 0.0, 0.0, 0.0, 0.0, 0.0, 0.2683907759065429, 0.5787583185566796, 0.0, 0.0, 0.0, 0.0, 0.0, 0.0, 0.0, 0.0, 0.0, 0.0, 0.0, 0.0, 0.0, 0.0, 0.0, 0.0, 0.0, 0.0, 0.0, 0.0, 0.0, 0.0, 0.0, 0.0, 0.0, 0.0], "5": [0.0, 0.0, 0.0, 0.0, 0.0, 0.0, 0.0, 0.0, 0.2741621767481168, 0.5673010605352896, 0.2734097726498275, 0.5883438858604945, 0.27204413457779836, 0.5891756129056429, 0.0, 0.0, 0.2642507183365524, 0.6133895308883102, 0.0, 0.0, 0.27458908086021744, 0.6448403863995164, 0.2812880217640971, 0.6422979950904846, 0.2700082302093506, 0.6473910628093614, 0.28536779948044566, 0.6886013039836177, 0.27140159470339614, 0.69545903912297, 0.2784908103446166, 0.7448917976959988, 0.2719533515473207, 0.7529302584904212], "6": [0.0, 0.0, 0.0, 0.0, 0.0, 0.0, 0.0, 0.0, 0.0, 0.0, 0.0, 0.0, 0.0, 0.0, 0.2635216439763705, 0.6091138287826819, 0.0, 0.0, 0.0, 0.0, 0.0, 0.0, 0.0, 0.0, 0.0, 0.0, 0.0, 0.0, 0.0, 0.0, 0.0, 0.0, 0.0, 0.0], "7": [0.0, 0.0, 0.0, 0.0, 0.0, 0.0, 0.0, 0.0, 0.0, 0.0, 0.0, 0.0, 0.0, 0.0, 0.0, 0.0, 0.0, 0.0, 0.0, 0.0, 0.2702064989755551, 0.5603913377832483, 0.0, 0.0, 0.0, 0.0, 0.0, 0.0, 0.0, 0.0, 0.0, 0.0, 0.0, 0.0], "8": [0.0, 0.0, 0.0, 0.0, 0.0, 0.0, 0.0, 0.0, 0.0, 0.0, 0.0, 0.0, 0.0, 0.0, 0.0, 0.0, 0.0, 0.0, 0.0, 0.0, 0.0, 0.0, 0.2782137895623843, 0.5671495112555999, 0.0, 0.0, 0.0, 0.0, 0.0, 0.0, 0.0, 0.0, 0.0, 0.0]}