{"0": [0.6527777445192139, 0.5102546409324363, 0.6560100778316458, 0.5031740305600343, 0.6500511599083741, 0.505106410715315, 0.6597030131767193, 0.5033470902178022, 0.6448521868636211, 0.503567890767698, 0.6648672134615481, 0.5272125992510053, 0.63837663171192, 0.5285223637466078, 0.6695175736521681, 0.5502649956279331, 0.632726552337408, 0.5576763307606731, 0.6681074642265836, 0.5504707475503287, 0.6302602641905347, 0.5823027511989629, 0.6590560774008433, 0.5943054695924123, 0.6429345338294904, 0.595105489426189, 0.6544053189456461, 0.6416167335377799, 0.646209837992986, 0.6429211254473086, 0.6521187873091548, 0.6724325623777178, 0.6501485606034597, 0.6846543566496284], "1": [0.3290638664116462, 0.6655565601808053, 0.33358229709168274, 0.6574679169389936, 0.3269222055717061, 0.6584979238333526, 0.3378046109030644, 0.6579867208445515, 0.32625589780509473, 0.6577881040396514, 0.3502842279771964, 0.6902241554525163, 0.31781505700200796, 0.7067134951551756, 0.3575206391513348, 0.7468466738859812, 0.3108499424532056, 0.7582029492766769, 0.0, 0.0, 0.29633222073316573, 0.8055485906424346, 0.3438216579689955, 0.8075827081998188, 0.3471721587702632, 0.8041218874907051, 0.3448139727115631, 0.880579051927284, 0.35018712679545083, 0.879073053377646, 0.3513954345136881, 0.9458839435268332, 0.3512448395912846, 0.9447855014767912], "2": [0.5873134965697925, 0.3030444414527328, 0.5888183869421482, 0.2999860383846142, 0.5855622349772602, 0.30006052741297967, 0.5913555132846038, 0.3008813050058153, 0.5835793917377788, 0.3020458451023808, 0.594817673911651, 0.318978167463232, 0.5809719952754676, 0.3177578113697193, 0.5984049146063626, 0.3351894214197441, 0.0, 0.0, 0.0, 0.0, 0.0, 0.0, 0.0, 0.0, 0.0, 0.0, 0.0, 0.0, 0.0, 0.0, 0.0, 0.0, 0.0, 0.0], "3": [0.0, 0.0, 0.0, 0.0, 0.0, 0.0, 0.0, 0.0, 0.8247599632789692, 0.5069570029223407, 0.8074135649949312, 0.5237762341896693, 0.8152659982872185, 0.526801669371207, 0.803496262555321, 0.5582302596833971, 0.0, 0.0, 0.0, 0.0, 0.0, 0.0, 0.8107319562075038, 0.5953806731435988, 0.8147671424628545, 0.5958677857562348, 0.0, 0.0, 0.0, 0.0, 0.0, 0.0, 0.0, 0.0], "4": [0.0, 0.0, 0.0, 0.0, 0.0, 0.0, 0.0, 0.0, 0.0, 0.0, 0.0, 0.0, 0.35083199590444564, 0.6906469398074679, 0.0, 0.0, 0.0, 0.0, 0.0, 0.0, 0.0, 0.0, 0.0, 0.0, 0.0, 0.0, 0.0, 0.0, 0.0, 0.0, 0.0, 0.0, 0.0, 0.0], "5": [0.0, 0.0, 0.0, 0.0, 0.0, 0.0, 0.0, 0.0, 0.0, 0.0, 0.0, 0.0, 0.0, 0.0, 0.3119133537014325, 0.7584529452853732, 0.0, 0.0, 0.2953305634359519, 0.8065069626878808, 0.0, 0.0, 0.0, 0.0, 0.0, 0.0, 0.0, 0.0, 0.0, 0.0, 0.0, 0.0, 0.0, 0.0]}