{"0": [0.5680696008106073, 0.6336854461442541, 0.5706551499664785, 0.6288287555729901, 0.5677543832610051, 0.6284591997111285, 0.5793520795802275, 0.6319817381876486, 0.0, 0.0, 0.5883824821561575, 0.6680773187566686, 0.5667551804333926, 0.6680084928318306, 0.5974777381246289, 0.7029313462751882, 0.5655000728865465, 0.7124418773033001, 0.586875374118487, 0.6918523720569081, 0.5571590692425767, 0.7517958319090583, 0.5848578338200847, 0.7734670094317859, 0.5693497396384676, 0.7728239758147134, 0.5745046312610308, 0.843352876327656, 0.5746728728214899, 0.8431453130863331, 0.5793703032036622, 0.9062974161571925, 0.5928744292065465, 0.8929266214407879], "1": [0.0, 0.0, 0.0, 0.0, 0.0, 0.0, 0.36277567471067107, 0.597119581092287, 0.37726827481140696, 0.5930112432550501, 0.35975433482478064, 0.6328304158868613, 0.3879229195415973, 0.6236695764241396, 0.3508825543026129, 0.6694389870873204, 0.39680719537039605, 0.6592412436449969, 0.3417734418064356, 0.6524966405497656, 0.39334170809015634, 0.671652525111481, 0.36680079872409505, 0.7066721933859366, 0.3813952240316818, 0.7036526688822994, 0.3726712718916436, 0.7622796559775317, 0.3778969698275129, 0.7640945427947574, 0.3640040256083012, 0.7908518731594085, 0.39085755298535024, 0.8196444351364066], "2": [0.0, 0.0, 0.0, 0.0, 0.0, 0.0, 0.0, 0.0, 0.0, 0.0, 0.0, 0.0, 0.0, 0.0, 0.0, 0.0, 0.0, 0.0, 0.0, 0.0, 0.0, 0.0, 0.0, 0.0, 0.0, 0.0, 0.0, 0.0, 0.0, 0.0, 0.3903919174025456, 0.8184912121440802, 0.0, 0.0], "3": [0.0, 0.0, 0.0, 0.0, 0.0, 0.0, 0.0, 0.0, 0.0, 0.0, 0.0, 0.0, 0.0, 0.0, 0.0, 0.0, 0.0, 0.0, 0.0, 0.0, 0.0, 0.0, 0.0, 0.0, 0.0, 0.0, 0.0, 0.0, 0.0, 0.0, 0.0, 0.0, 0.36338382226725424, 0.7900662762147409]}