{"0": [0.3075775111714999, 0.5639967234046371, 0.3093169145286083, 0.5583131187491946, 0.0, 0.0, 0.31425041652595004, 0.557982822700783, 0.0, 0.0, 0.31218340756992496, 0.5937944995032416, 0.3298982491095861, 0.5951983254264902, 0.3009195083131393, 0.5945056504673429, 0.3251887733737628, 0.5659514347160304, 0.2862923037881652, 0.5937508424123128, 0.0, 0.0, 0.31585479776064557, 0.6609121011363135, 0.3352470275014639, 0.6537798146406809, 0.3159322698911031, 0.7058278313389531, 0.33392165539165336, 0.6953517176486829, 0.31930424359937515, 0.7563276776561031, 0.33950747336881854, 0.743512894599526], "1": [0.0, 0.0, 0.0, 0.0, 0.0, 0.0, 0.5646710566555461, 0.6111212040245947, 0.5783649941285451, 0.6123299487211086, 0.5532179312159617, 0.6392185000357804, 0.5855912467775245, 0.6520145632602551, 0.5477999912435223, 0.6832149625707671, 0.5914056082566579, 0.7032379589698933, 0.0, 0.0, 0.6039260710279147, 0.6968040923277538, 0.5556376721709967, 0.7443846324251757, 0.5777952848002315, 0.7459687270500042, 0.5536081742495298, 0.801393014634097, 0.5786231144020955, 0.8188154821594555, 0.540505564895769, 0.8565398382919805, 0.5677183095986644, 0.879974075599953], "2": [0.0, 0.0, 0.0, 0.0, 0.0, 0.0, 0.0, 0.0, 0.0, 0.0, 0.0, 0.0, 0.0, 0.0, 0.5891233969479799, 0.7009393173235434, 0.0, 0.0, 0.0, 0.0, 0.0, 0.0, 0.0, 0.0, 0.0, 0.0, 0.0, 0.0, 0.0, 0.0, 0.0, 0.0, 0.0, 0.0], "3": [0.0, 0.0, 0.0, 0.0, 0.0, 0.0, 0.0, 0.0, 0.0, 0.0, 0.0, 0.0, 0.0, 0.0, 0.0, 0.0, 0.0, 0.0, 0.0, 0.0, 0.3203763352086147, 0.5630233053807859, 0.0, 0.0, 0.0, 0.0, 0.0, 0.0, 0.0, 0.0, 0.0, 0.0, 0.0, 0.0], "4": [0.0, 0.0, 0.0, 0.0, 0.0, 0.0, 0.0, 0.0, 0.0, 0.0, 0.0, 0.0, 0.0, 0.0, 0.0, 0.0, 0.0, 0.0, 0.0, 0.0, 0.9570470338066419, 0.835681301134604, 0.0, 0.0, 0.0, 0.0, 0.0, 0.0, 0.0, 0.0, 0.0, 0.0, 0.0, 0.0]}