{"0": [0.6762796233097713, 0.5377060694826974, 0.67893328157564, 0.5339539510232431, 0.6770626938106337, 0.532950449652142, 0.6857280024637779, 0.5387921713016651, 0.0, 0.0, 0.6898125786179056, 0.5662441804729126, 0.6787416675438483, 0.5635513952484837, 0.6950113775829474, 0.603028774537422, 0.6759434401988983, 0.592953132700037, 0.6761439573019743, 0.6103998731683802, 0.6723882302020987, 0.5972837068416454, 0.685309617818954, 0.6359799287937306, 0.6769526369248826, 0.6372345429879648, 0.6824083932985862, 0.6893840388015464, 0.6797026945898931, 0.6886491144144976, 0.6859423741077383, 0.7391365501615736, 0.6836729442079862, 0.7342852199519122], "1": [0.2949688238402208, 0.5870638188388613, 0.2957538428405921, 0.5810898834080607, 0.29382846333707374, 0.5853526097756845, 0.30582292188579846, 0.5753971557926248, 0.0, 0.0, 0.3232133719759683, 0.5936190393235948, 0.3003039368738731, 0.5991242201239976, 0.33853345637520155, 0.6136490870405127, 0.29546392261981963, 0.6295141321641426, 0.33685108584662277, 0.6547045548756917, 0.28145826924592254, 0.650888326212212, 0.3302767466753721, 0.6621030667865718, 0.3111514357229073, 0.6612985917815456, 0.3297969741125902, 0.7096689389811621, 0.30754686544338855, 0.7082682960011341, 0.32814306480189165, 0.7599969544896373, 0.31104589433719715, 0.7609744606194673], "2": [0.0, 0.0, 0.0, 0.0, 0.0, 0.0, 0.0, 0.0, 0.8317914991949995, 0.5431264371783645, 0.8227443004647891, 0.5635572998612015, 0.828728677208225, 0.565681211595182, 0.0, 0.0, 0.8341405797749758, 0.5917501595285205, 0.0, 0.0, 0.0, 0.0, 0.8214713096618652, 0.612995692094167, 0.8277948434775074, 0.6103745578615754, 0.0, 0.0, 0.0, 0.0, 0.0, 0.0, 0.0, 0.0], "3": [0.0, 0.0, 0.0, 0.0, 0.0, 0.0, 0.0, 0.0, 0.0, 0.0, 0.0, 0.0, 0.6427006493012111, 0.26895187662707437, 0.0, 0.0, 0.0, 0.0, 0.0, 0.0, 0.0, 0.0, 0.0, 0.0, 0.6433590428903699, 0.30322864143936723, 0.0, 0.0, 0.0, 0.0, 0.0, 0.0, 0.0, 0.0], "4": [0.0, 0.0, 0.0, 0.0, 0.0, 0.0, 0.0, 0.0, 0.0, 0.0, 0.0, 0.0, 0.0, 0.0, 0.0, 0.0, 0.0, 0.0, 0.0, 0.0, 0.0, 0.0, 0.6434599583037197, 0.3023932596047719, 0.0, 0.0, 0.0, 0.0, 0.0, 0.0, 0.0, 0.0, 0.0, 0.0]}