{"0": [0.6616047757367293, 0.4402005543863332, 0.6638548102850715, 0.43588296771049495, 0.6593730402489503, 0.43607252549242087, 0.6672891351083915, 0.43641078737046984, 0.655448599345982, 0.43636512778423453, 0.6719635028392077, 0.45951626389114947, 0.6487622469042739, 0.4575975471072727, 0.6752719429632029, 0.48661846695122885, 0.642212134351333, 0.48631595053054666, 0.6753455970436335, 0.5088224289593873, 0.6353448745173712, 0.5034719822583376, 0.6665581857164702, 0.515472037869471, 0.6531859220316013, 0.5145612454800694, 0.6625748430689177, 0.5588462324881994, 0.6574523306141297, 0.5587346030054269, 0.659706108023723, 0.5968531311662109, 0.6598160909488797, 0.5935905902474016], "1": [0.7448147318015494, 0.43797145794939113, 0.7470859756072362, 0.43332562314225703, 0.7426893129944802, 0.433899403391061, 0.7505639683455229, 0.4335535409963793, 0.7386374687155086, 0.43460852040184866, 0.7553073247273763, 0.4548276420544695, 0.7328888071080049, 0.457198433081309, 0.760288422422794, 0.48297974820490236, 0.7289630149801574, 0.48447133595192876, 0.7622206541399161, 0.5039358209680628, 0.7343338387707871, 0.506918419180093, 0.751186209358275, 0.5160120986126087, 0.7388844943294922, 0.5162878547553663, 0.7461241193115711, 0.5574021738988382, 0.7397073642117903, 0.5570803322173931, 0.7439147299310813, 0.5990277683293379, 0.7421739953259627, 0.5970639823211564], "2": [0.6240267676611742, 0.6716484921949881, 0.6282727427780627, 0.6653740655492855, 0.6212626921633879, 0.6648466534084744, 0.6344941812877853, 0.6690939223324811, 0.6179724304626385, 0.6676176086620048, 0.640513341811796, 0.7053343225408484, 0.6121704796950023, 0.7014090868058028, 0.6491780770321687, 0.7568688620019842, 0.6045669461290041, 0.7508713689115313, 0.6483054388314485, 0.8065332366360558, 0.596636961152156, 0.7909779557475337, 0.6339866437017918, 0.8039819716303437, 0.619111785851419, 0.8015493894064867, 0.6253124012301365, 0.8735065544093097, 0.624411724631985, 0.874572977092531, 0.6340214391780766, 0.9376313976343604, 0.6413949461032947, 0.9259527109287404], "3": [0.0, 0.0, 0.0, 0.0, 0.0, 0.0, 0.0, 0.0, 0.0, 0.0, 0.0, 0.0, 0.0, 0.0, 0.0, 0.0, 0.0, 0.0, 0.641783969849348, 0.7214046993741283, 0.0, 0.0, 0.0, 0.0, 0.0, 0.0, 0.0, 0.0, 0.0, 0.0, 0.0, 0.0, 0.0, 0.0]}