{"0": [0.0, 0.0, 0.0, 0.0, 0.0, 0.0, 0.5017923678892353, 0.5575881360857575, 0.514074582979083, 0.5594454434182908, 0.49478448200970887, 0.5811263147603583, 0.5168331534912188, 0.586804390836645, 0.47796771598581306, 0.6047747269233684, 0.5236345306038857, 0.6271860988051803, 0.0, 0.0, 0.5321867416302363, 0.6510479494377419, 0.49226649304231007, 0.6563253555584837, 0.5111658688013753, 0.6592764598351938, 0.4876154825091363, 0.6930207062926558, 0.5249169712265334, 0.6851406299957523, 0.4823595101634661, 0.7496253516938951, 0.5264613974218567, 0.7288199286769937], "1": [0.0, 0.0, 0.0, 0.0, 0.0, 0.0, 0.6461302518844605, 0.5213700399354652, 0.6548391237854958, 0.5239549347647914, 0.6380713619291782, 0.5352399470629515, 0.6532321074356635, 0.542577118564535, 0.6314442052195469, 0.5641150538568144, 0.6511928193892041, 0.5764623588985867, 0.0, 0.0, 0.6556409327934186, 0.6010685518935874, 0.625485876450936, 0.5895777304967245, 0.6364386804401875, 0.5901266211712802, 0.6357505228680869, 0.6081483247103514, 0.6522990494500845, 0.5972424277552852, 0.6230421680569029, 0.635766719005726, 0.6521898784053822, 0.6370176653067271], "2": [0.0, 0.0, 0.0, 0.0, 0.0, 0.0, 0.0, 0.0, 0.0, 0.0, 0.0, 0.0, 0.0, 0.0, 0.0, 0.0, 0.0, 0.0, 0.48327759467065334, 0.6020456914548521, 0.0, 0.0, 0.0, 0.0, 0.0, 0.0, 0.0, 0.0, 0.0, 0.0, 0.0, 0.0, 0.0, 0.0]}