{"0": [0.6709901973605156, 0.5398361497455173, 0.671956265841921, 0.5345770405398474, 0.6690297667247553, 0.536030297809177, 0.0, 0.0, 0.6659078086415927, 0.5363425673709975, 0.6803161180888613, 0.5601696492345245, 0.6533450360099473, 0.5663269114163186, 0.0, 0.0, 0.0, 0.0, 0.0, 0.0, 0.0, 0.0, 0.6799391633520524, 0.6464843745584841, 0.6653431812301278, 0.6481685989743305, 0.6804719838003318, 0.6874502418217837, 0.6674021082619827, 0.6883017358956514, 0.673743583013614, 0.7324900724269725, 0.6707602376739185, 0.7304559101661047], "1": [0.58438283658276, 0.2885115407131336, 0.5857939987132946, 0.2860160536236233, 0.0, 0.0, 0.5889853945001959, 0.28795215332949603, 0.0, 0.0, 0.5918819605062405, 0.30589794428260236, 0.5807106724629799, 0.30253086752361724, 0.5947845177104075, 0.3246159293033459, 0.5779679535577694, 0.321284560031361, 0.0, 0.0, 0.0, 0.0, 0.592157190789779, 0.3428258389234543, 0.5821726326520245, 0.3413334287978985, 0.0, 0.0, 0.0, 0.0, 0.0, 0.0, 0.0, 0.0], "2": [0.0, 0.0, 0.0, 0.0, 0.0, 0.0, 0.0, 0.0, 0.0, 0.0, 0.6524381432061394, 0.5681314724463004, 0.0, 0.0, 0.0, 0.0, 0.0, 0.0, 0.0, 0.0, 0.0, 0.0, 0.0, 0.0, 0.0, 0.0, 0.0, 0.0, 0.0, 0.0, 0.0, 0.0, 0.0, 0.0], "3": [0.0, 0.0, 0.0, 0.0, 0.0, 0.0, 0.0, 0.0, 0.0, 0.0, 0.0, 0.0, 0.0, 0.0, 0.0, 0.0, 0.0, 0.0, 0.0, 0.0, 0.6551644243299961, 0.6245444898252134, 0.0, 0.0, 0.0, 0.0, 0.0, 0.0, 0.0, 0.0, 0.0, 0.0, 0.0, 0.0], "4": [0.0, 0.0, 0.0, 0.0, 0.0, 0.0, 0.0, 0.0, 0.0, 0.0, 0.0, 0.0, 0.0, 0.0, 0.0, 0.0, 0.0, 0.0, 0.0, 0.0, 0.0, 0.0, 0.655696305880944, 0.7153123573020652, 0.6407040076951186, 0.7187911561241856, 0.6541826787068614, 0.7731651748983429, 0.6413439972947041, 0.7802543365293079, 0.6424699126432339, 0.8378463091673675, 0.6423856856922309, 0.8379904340814661]}