{"0": [0.6536514566590389, 0.5636241553006349, 0.6556428141271075, 0.559855130425206, 0.6524880595815679, 0.5575506148514924, 0.6592059002568325, 0.5612880711202268, 0.6502026033898195, 0.5590173909233676, 0.6657340290645758, 0.5952779677179124, 0.6382030679533879, 0.5895131429588353, 0.668332103205224, 0.6301756298100507, 0.6334337105353673, 0.6263850792966507, 0.0, 0.0, 0.0, 0.0, 0.0, 0.0, 0.0, 0.0, 0.0, 0.0, 0.0, 0.0, 0.0, 0.0, 0.0, 0.0], "1": [0.0, 0.0, 0.0, 0.0, 0.0, 0.0, 0.5616637345403432, 0.5712355192060824, 0.5746119854350885, 0.5722324779740087, 0.5507816658665736, 0.5960088528416775, 0.5794075563549996, 0.6031950340226845, 0.5411825547615687, 0.6299808435969882, 0.5842533874015013, 0.6405473826935998, 0.0, 0.0, 0.5874399283279975, 0.662489300083231, 0.5531877253204585, 0.6746289526974714, 0.5726138016829888, 0.6739503026008606, 0.5500176796068748, 0.7264549100840534, 0.5754242415229479, 0.7344023726604603, 0.5446354586631059, 0.7674468216520769, 0.5799992894132932, 0.7906884578643022], "2": [0.0, 0.0, 0.0, 0.0, 0.0, 0.0, 0.0, 0.0, 0.0, 0.0, 0.6385750735799471, 0.5895913133466685, 0.6658744340141615, 0.5948133369286855, 0.6335477877408267, 0.6256792174169311, 0.6691413194561998, 0.6275131705734465, 0.0, 0.0, 0.0, 0.0, 0.6450218184540669, 0.6777899784311928, 0.6653674973795811, 0.6764475769466824, 0.6466224238276481, 0.7447526299015239, 0.6791598038127025, 0.7357832121628302, 0.6441046402479211, 0.8137884828779433, 0.6917286300410826, 0.7841359306264808], "3": [0.0, 0.0, 0.0, 0.0, 0.0, 0.0, 0.0, 0.0, 0.0, 0.0, 0.0, 0.0, 0.0, 0.0, 0.0, 0.0, 0.0, 0.0, 0.0, 0.0, 0.6610083521033326, 0.6153639279029987, 0.0, 0.0, 0.0, 0.0, 0.0, 0.0, 0.0, 0.0, 0.0, 0.0, 0.0, 0.0]}