{"0": [0.5719564286371072, 0.4561938324460277, 0.5743082160751025, 0.45193325634355896, 0.5720406804854671, 0.4517710398744654, 0.5804513867944479, 0.4521940990730568, 0.0, 0.0, 0.5865450595815976, 0.47609319830382313, 0.5743856549263, 0.4782098410030206, 0.591927648956577, 0.5208245327075323, 0.5687148516920085, 0.5186176631185743, 0.5912031496564547, 0.5520751307683962, 0.5646317058708519, 0.5402450910320988, 0.5855248577427119, 0.554210595731382, 0.5769392259574185, 0.553668616215388, 0.578271121904254, 0.597023841186806, 0.0, 0.0, 0.5897032144460057, 0.6326099387488462, 0.5788113423933585, 0.639599860156024], "1": [0.41465896104928107, 0.5083844831696263, 0.41544447441895804, 0.5034580917270095, 0.0, 0.0, 0.42111222669482234, 0.5029834469159445, 0.0, 0.0, 0.42092214549581214, 0.5270327307559827, 0.43613994705180326, 0.5166719979710049, 0.41325920931994914, 0.5651939595187152, 0.44093961566686624, 0.5362860655343091, 0.40151439340164263, 0.5850263173933382, 0.0, 0.0, 0.43369670112927755, 0.5860459000975997, 0.44673006981611246, 0.5816262142525779, 0.4127608445783456, 0.6236207421179171, 0.45283455289900304, 0.6150183289139359, 0.4005121322969595, 0.6561935393346681, 0.47298612745944413, 0.6473926042517026], "2": [0.0, 0.0, 0.0, 0.0, 0.0, 0.0, 0.0, 0.0, 0.0, 0.0, 0.0, 0.0, 0.0, 0.0, 0.0, 0.0, 0.0, 0.0, 0.5828650350371997, 0.484593356317944, 0.0, 0.0, 0.0, 0.0, 0.0, 0.0, 0.0, 0.0, 0.0, 0.0, 0.0, 0.0, 0.0, 0.0], "3": [0.0, 0.0, 0.0, 0.0, 0.0, 0.0, 0.0, 0.0, 0.0, 0.0, 0.0, 0.0, 0.0, 0.0, 0.0, 0.0, 0.0, 0.0, 0.0, 0.0, 0.0, 0.0, 0.0, 0.0, 0.0, 0.0, 0.0, 0.0, 0.5773016156163067, 0.5969896377788649, 0.0, 0.0, 0.5989512062941988, 0.6243926408114256]}