{"0": [0.720573049907883, 0.7930299312980087, 0.7245074215034644, 0.7889922428117306, 0.7182636781595647, 0.7841145047435055, 0.7272968729802718, 0.7908079045790213, 0.7104704839875922, 0.7774746316450615, 0.7245062390963236, 0.8164786707471918, 0.6950364809483289, 0.7864000708968552, 0.7298264366885027, 0.8622314044170909, 0.6727643468572447, 0.787135167364721, 0.7372745038320621, 0.9085170893757432, 0.6716932600984971, 0.8116116580587845, 0.6985961005091668, 0.8615363085711444, 0.6743884595731894, 0.8471749467982186, 0.7025681374284128, 0.9152637409667174, 0.666286630431811, 0.9097907176724186, 0.7066513764671981, 0.9785593646543997, 0.6612749570359786, 0.9614582443678821], "1": [0.6346106125041843, 0.6176331355064003, 0.6364078354090452, 0.6107078508370453, 0.6300754093875488, 0.6116199063482108, 0.6405207506070535, 0.6088478918428775, 0.6244401975224415, 0.6121488454165283, 0.647719335819905, 0.6332545825866638, 0.618190964187185, 0.636067846748564, 0.6547887254506349, 0.6735826551914215, 0.6093279843529066, 0.6717879220291421, 0.6433350964138905, 0.6518738428751628, 0.6047397480656703, 0.7165077227133292, 0.6390525110686819, 0.7144043562036974, 0.6172908174494903, 0.7147403746843338, 0.6333469214538733, 0.7899368870037573, 0.6219432455177109, 0.7881747992502318, 0.6335813173403343, 0.8579036006221065, 0.6326097281028827, 0.8520314313747266]}