{"0": [0.0, 0.0, 0.0, 0.0, 0.0, 0.0, 0.4467266768217087, 0.6230220783639837, 0.4615742196639379, 0.6197680764728121, 0.46040975357027486, 0.6510761492782169, 0.4624428999920686, 0.6508840797124086, 0.4459115505218506, 0.6803237500014129, 0.4700089839597543, 0.6954855530350297, 0.0, 0.0, 0.47942581189175454, 0.7262335278369763, 0.4449913480629524, 0.7406348652309842, 0.46472045565024017, 0.7403283114786502, 0.43754633193214737, 0.7826449968196727, 0.47168983121713004, 0.7832907059678325, 0.41747418853143853, 0.826352349696336, 0.4701408959925175, 0.8391149179803], "1": [0.0, 0.0, 0.0, 0.0, 0.0, 0.0, 0.0, 0.0, 0.3140416504815221, 0.6900580008824666, 0.0, 0.0, 0.0, 0.0, 0.0, 0.0, 0.0, 0.0, 0.0, 0.0, 0.0, 0.0, 0.0, 0.0, 0.0, 0.0, 0.0, 0.0, 0.0, 0.0, 0.0, 0.0, 0.0, 0.0], "2": [0.0, 0.0, 0.0, 0.0, 0.0, 0.0, 0.0, 0.0, 0.0, 0.0, 0.2902034409965078, 0.7415870781298037, 0.32322425382832687, 0.7456214974323908, 0.2783546003202597, 0.7646851784653134, 0.32528590473035973, 0.7824823075974429, 0.26544395213325817, 0.7986447303383439, 0.3252413301418225, 0.8193668857768729, 0.28949194636661557, 0.8211108088493347, 0.3145188043320862, 0.8199808296230104, 0.29047062272826835, 0.8919014134340816, 0.31665973340471587, 0.8873707148763869, 0.26921500588456787, 0.9500599599546856, 0.3044232518722614, 0.9587559819773391], "3": [0.0, 0.0, 0.0, 0.0, 0.0, 0.0, 0.0, 0.0, 0.0, 0.0, 0.0, 0.0, 0.0, 0.0, 0.0, 0.0, 0.4476178726491829, 0.6762681307616057, 0.0, 0.0, 0.0, 0.0, 0.0, 0.0, 0.0, 0.0, 0.0, 0.0, 0.0, 0.0, 0.0, 0.0, 0.0, 0.0], "4": [0.0, 0.0, 0.0, 0.0, 0.0, 0.0, 0.0, 0.0, 0.0, 0.0, 0.0, 0.0, 0.0, 0.0, 0.0, 0.0, 0.0, 0.0, 0.480087310820818, 0.628960163946505, 0.0, 0.0, 0.0, 0.0, 0.0, 0.0, 0.0, 0.0, 0.0, 0.0, 0.0, 0.0, 0.0, 0.0]}