{"0": [0.0, 0.0, 0.0, 0.0, 0.0, 0.0, 0.5083319825430712, 0.5256303632700885, 0.5190059085687001, 0.5309638812586114, 0.50092825020353, 0.5548811852931976, 0.5266065885312855, 0.5555464210333647, 0.4932685058874389, 0.593895533349779, 0.5285602450370789, 0.5878437158134249, 0.0, 0.0, 0.0, 0.0, 0.5064464847557246, 0.6283738059026224, 0.5246014510591824, 0.624841680460506, 0.5098425914222996, 0.675082254189032, 0.5266475265845656, 0.6687668505642149, 0.509729970432818, 0.7244100093841552, 0.531673698189358, 0.7138284516555292], "1": [0.0, 0.0, 0.0, 0.0, 0.0, 0.0, 0.0, 0.0, 0.48250939572850865, 0.5502583448533659, 0.4710673493643602, 0.5691041926542918, 0.4735379309703907, 0.5702012587476659, 0.0, 0.0, 0.491086532920599, 0.5924163794076002, 0.0, 0.0, 0.0, 0.0, 0.4618855743358533, 0.6389921633181749, 0.4740664713084698, 0.6408258261159062, 0.4728686879233768, 0.688923473711367, 0.47683260693835716, 0.6866743984045806, 0.47569133415818216, 0.7334196951654223, 0.47581432486573855, 0.7350946923096975], "2": [0.0, 0.0, 0.0, 0.0, 0.0, 0.0, 0.0, 0.0, 0.5164499598244826, 0.4967640920921608, 0.5084868237376213, 0.5057423107050083, 0.5170646882305543, 0.5064537820992646, 0.5053938663875063, 0.5194759693410661, 0.521953986150523, 0.5139385861931024, 0.0, 0.0, 0.0, 0.0, 0.510283694245542, 0.5307112022682473, 0.5153187007332841, 0.5323337331966117, 0.0, 0.0, 0.0, 0.0, 0.0, 0.0, 0.0, 0.0], "3": [0.0, 0.0, 0.0, 0.0, 0.0, 0.0, 0.0, 0.0, 0.0, 0.0, 0.0, 0.0, 0.0, 0.0, 0.0, 0.0, 0.0, 0.0, 0.0, 0.0, 0.4815970644665261, 0.5862168422451727, 0.0, 0.0, 0.0, 0.0, 0.0, 0.0, 0.0, 0.0, 0.0, 0.0, 0.0, 0.0]}