{"0": [0.2917146414518356, 0.5644769684032157, 0.2929911395534873, 0.5593064978856731, 0.0, 0.0, 0.2989167076845964, 0.5564699678509323, 0.0, 0.0, 0.30985099946459127, 0.5821623322036531, 0.30287119628240666, 0.5800180341358538, 0.3098643062636256, 0.6228517037850839, 0.305555936259528, 0.6147321177853479, 0.2916824415326118, 0.6175654981975203, 0.2907294015089671, 0.6091433149796945, 0.31118782286842667, 0.6568043336824134, 0.31494915147001545, 0.6547896452524044, 0.3156096670776606, 0.7064856068403632, 0.30048283785581587, 0.6976953599188064, 0.3204311450322469, 0.7566974132149308, 0.3086751429984967, 0.7423914207352531], "1": [0.0, 0.0, 0.0, 0.0, 0.0, 0.0, 0.54188564059635, 0.629075735145145, 0.5563194930553437, 0.6299083040820228, 0.5317597108893096, 0.6582565192823058, 0.565032234073927, 0.6650679851019824, 0.5210387326776982, 0.7092867045490829, 0.572727179620415, 0.714887383973433, 0.521137160435319, 0.7405272803924702, 0.5698841488609712, 0.7303542932426488, 0.5365847346683343, 0.7532619348278752, 0.5577051890393098, 0.7607140085211506, 0.5374080726255973, 0.8300845567826871, 0.556402568379417, 0.8401321975169358, 0.536967883259058, 0.8901058071189456, 0.5530638705318173, 0.9094398809803856], "2": [0.0, 0.0, 0.0, 0.0, 0.0, 0.0, 0.0, 0.0, 0.0, 0.0, 0.0, 0.0, 0.0, 0.0, 0.0, 0.0, 0.0, 0.0, 0.0, 0.0, 0.0, 0.0, 0.0, 0.0, 0.0, 0.0, 0.0, 0.0, 0.3175489983210961, 0.706764883906753, 0.0, 0.0, 0.0, 0.0], "3": [0.0, 0.0, 0.0, 0.0, 0.0, 0.0, 0.0, 0.0, 0.0, 0.0, 0.0, 0.0, 0.0, 0.0, 0.0, 0.0, 0.0, 0.0, 0.0, 0.0, 0.0, 0.0, 0.0, 0.0, 0.0, 0.0, 0.0, 0.0, 0.0, 0.0, 0.30565706292788186, 0.7427954237770151, 0.0, 0.0]}