{"0": [0.70994309031715, 0.5027978629977615, 0.7120044169326624, 0.498113418508459, 0.7068828089783589, 0.4988254724829285, 0.7153426547845204, 0.5002424956471831, 0.7021047663060017, 0.5034676951390725, 0.7214289384583632, 0.5284488159197348, 0.6966292447100083, 0.5321882733592279, 0.7277276208624244, 0.5666197865235585, 0.6921044830232859, 0.5678493508586178, 0.7292760989318291, 0.5950543876047486, 0.6923501989493768, 0.6025390811540462, 0.7166558501621088, 0.6021947723847849, 0.7014955217018723, 0.6020150171385872, 0.7114008468265335, 0.6531954798433516, 0.7034673766543468, 0.6515954357606394, 0.7102228154117862, 0.709224385464633, 0.7069003768713571, 0.6988107185196477], "1": [0.5611186776310205, 0.4091363646365978, 0.0, 0.0, 0.5594820238649845, 0.4059776273038653, 0.548159972174714, 0.40797431071599327, 0.5564444931223989, 0.41000750274569897, 0.5439453370248278, 0.4271080591060497, 0.5575898562868437, 0.4309715933269925, 0.543246631976217, 0.457790830400255, 0.5605055978599315, 0.46167866411032493, 0.5440825803205371, 0.4774919399784671, 0.5660612107565005, 0.47560655607117547, 0.5433880972365538, 0.4842632802548232, 0.5550115319589773, 0.4849432674271089, 0.5511091512317459, 0.5185997956328922, 0.5573736044267813, 0.5200511283344693, 0.5447849361225963, 0.5489676444618791, 0.5503746849795182, 0.5532616366942723], "2": [0.0, 0.0, 0.0, 0.0, 0.0, 0.0, 0.0, 0.0, 0.0, 0.0, 0.7900205339925984, 0.5182339076642637, 0.7734865004817645, 0.5171144960103211, 0.0, 0.0, 0.0, 0.0, 0.0, 0.0, 0.0, 0.0, 0.7865059845149517, 0.6112184367177113, 0.7725921495507161, 0.6111182642617712, 0.7816849650815131, 0.6567527407849276, 0.7744893612960975, 0.6572410521683869, 0.7781802787135045, 0.7049343634534765, 0.7742677718400954, 0.7003381911527227], "3": [0.0, 0.0, 0.0, 0.0, 0.0, 0.0, 0.0, 0.0, 0.0, 0.0, 0.0, 0.0, 0.0, 0.0, 0.0, 0.0, 0.0, 0.0, 0.7224683976421754, 0.5396853866400542, 0.0, 0.0, 0.0, 0.0, 0.0, 0.0, 0.0, 0.0, 0.0, 0.0, 0.0, 0.0, 0.0, 0.0], "4": [0.0, 0.0, 0.0, 0.0, 0.0, 0.0, 0.0, 0.0, 0.0, 0.0, 0.0, 0.0, 0.0, 0.0, 0.0, 0.0, 0.0, 0.0, 0.7869473598897457, 0.542959424632567, 0.0, 0.0, 0.0, 0.0, 0.0, 0.0, 0.0, 0.0, 0.0, 0.0, 0.0, 0.0, 0.0, 0.0], "5": [0.0, 0.0, 0.0, 0.0, 0.0, 0.0, 0.0, 0.0, 0.0, 0.0, 0.0, 0.0, 0.0, 0.0, 0.0, 0.0, 0.0, 0.0, 0.0, 0.0, 0.6942748980596661, 0.5427481315754078, 0.0, 0.0, 0.0, 0.0, 0.0, 0.0, 0.0, 0.0, 0.0, 0.0, 0.0, 0.0]}