{"0": [0.9403919751445452, 0.8194232296060633, 0.9476218938206633, 0.8136162369339555, 0.9395097200137873, 0.8140821434833385, 0.0, 0.0, 0.0, 0.0, 0.9507579093178115, 0.8419359447779479, 0.9349439100672803, 0.8415980954964956, 0.0, 0.0, 0.0, 0.0, 0.0, 0.0, 0.9329254135489464, 0.8538649269828089, 0.0, 0.0, 0.0, 0.0, 0.0, 0.0, 0.0, 0.0, 0.0, 0.0, 0.0, 0.0], "1": [0.0, 0.0, 0.0, 0.0, 0.0, 0.0, 0.5622000505526861, 0.606598256693946, 0.5750730680922668, 0.6079545100529987, 0.5531797690937916, 0.6345333608212295, 0.5789854139089584, 0.6381433811452654, 0.0, 0.0, 0.5827454484999179, 0.6823019058616073, 0.0, 0.0, 0.5908420722931623, 0.7114498509301079, 0.5524919871861736, 0.7176391533127537, 0.5714008731146654, 0.7204557157225079, 0.5525694812647999, 0.7767421865904772, 0.5756331142038107, 0.7795513442269077, 0.5464883682628473, 0.828304198053148, 0.5790131986141205, 0.8328033593517763], "2": [0.0, 0.0, 0.0, 0.0, 0.0, 0.0, 0.0, 0.0, 0.5103574278919647, 0.6275216911677961, 0.0, 0.0, 0.0, 0.0, 0.0, 0.0, 0.0, 0.0, 0.0, 0.0, 0.0, 0.0, 0.0, 0.0, 0.0, 0.0, 0.0, 0.0, 0.0, 0.0, 0.0, 0.0, 0.0, 0.0], "3": [0.0, 0.0, 0.0, 0.0, 0.0, 0.0, 0.0, 0.0, 0.5089064086476962, 0.585618265249111, 0.49303780322273566, 0.6096589880960959, 0.5074917811507315, 0.6380992459193611, 0.0, 0.0, 0.5121258033217242, 0.6745654508116443, 0.0, 0.0, 0.5177088379239042, 0.6862612741964834, 0.47682554430017876, 0.692232418888145, 0.4983481305030485, 0.6923675050200134, 0.45979191319396107, 0.7445950737292016, 0.514682913897559, 0.7182173854774899, 0.43561764086286225, 0.7962188412538833, 0.49980981734891733, 0.7654694989875511], "4": [0.0, 0.0, 0.0, 0.0, 0.0, 0.0, 0.0, 0.0, 0.0, 0.0, 0.0, 0.0, 0.0, 0.0, 0.0, 0.0, 0.0, 0.0, 0.9366834019621213, 0.8542405326057363, 0.0, 0.0, 0.0, 0.0, 0.0, 0.0, 0.0, 0.0, 0.0, 0.0, 0.0, 0.0, 0.0, 0.0], "5": [0.0, 0.0, 0.0, 0.0, 0.0, 0.0, 0.0, 0.0, 0.0, 0.0, 0.0, 0.0, 0.0, 0.0, 0.0, 0.0, 0.0, 0.0, 0.0, 0.0, 0.0, 0.0, 0.0, 0.0, 0.0, 0.0, 0.5129392442603906, 0.7174375538472776, 0.0, 0.0, 0.0, 0.0, 0.0, 0.0], "6": [0.0, 0.0, 0.0, 0.0, 0.0, 0.0, 0.0, 0.0, 0.0, 0.0, 0.0, 0.0, 0.0, 0.0, 0.0, 0.0, 0.0, 0.0, 0.0, 0.0, 0.0, 0.0, 0.0, 0.0, 0.0, 0.0, 0.0, 0.0, 0.4597749881446362, 0.7469862041649996, 0.0, 0.0, 0.43474167585372925, 0.7980946445906604]}