{"0": [0.5837022840976716, 0.5671325901592219, 0.5849012556175391, 0.563108480197412, 0.0, 0.0, 0.5886062302937111, 0.5650651438368691, 0.0, 0.0, 0.5934572286282976, 0.5901896014257714, 0.6020984874873344, 0.5831699912194852, 0.5714502334594727, 0.6041511476039887, 0.5725357891060412, 0.6021157219454094, 0.5529025490085284, 0.6069967823999899, 0.5537747725844383, 0.6053494325390568, 0.6013770708193383, 0.658288773783931, 0.6118034395078819, 0.6549756512045859, 0.5982449842616916, 0.7015927107245833, 0.6030027275284132, 0.7005008360853902, 0.5971227689956625, 0.7453560817020911, 0.6245319928973914, 0.7281760697011596], "1": [0.0, 0.0, 0.0, 0.0, 0.0, 0.0, 0.34393041774940986, 0.6273171738342003, 0.3523106502989928, 0.6284217262709583, 0.33744295530411617, 0.6788521551025519, 0.3673716345181068, 0.6719300580245477, 0.33045417405664923, 0.7142315370617089, 0.37355589518944426, 0.7107211044541112, 0.3124615252017975, 0.7204714390966628, 0.0, 0.0, 0.34498556839923056, 0.760568748248948, 0.3664308505753676, 0.7613086545908893, 0.3348366073022286, 0.8312740255285193, 0.37971703174213567, 0.8223791709652654, 0.3400969130297502, 0.9050154405611531, 0.39597200850645703, 0.8779907277336827], "2": [0.0, 0.0, 0.0, 0.0, 0.0, 0.0, 0.0, 0.0, 0.0, 0.0, 0.0, 0.0, 0.0, 0.0, 0.0, 0.0, 0.33224164191633465, 0.7121490202568196, 0.0, 0.0, 0.3140253216028214, 0.7187181185792993, 0.0, 0.0, 0.0, 0.0, 0.0, 0.0, 0.0, 0.0, 0.0, 0.0, 0.0, 0.0], "3": [0.0, 0.0, 0.0, 0.0, 0.0, 0.0, 0.0, 0.0, 0.0, 0.0, 0.0, 0.0, 0.0, 0.0, 0.0, 0.0, 0.0, 0.0, 0.0, 0.0, 0.0, 0.0, 0.0, 0.0, 0.0, 0.0, 0.0, 0.0, 0.0, 0.0, 0.6247676980992158, 0.7277902135142573, 0.0, 0.0], "4": [0.0, 0.0, 0.0, 0.0, 0.0, 0.0, 0.0, 0.0, 0.0, 0.0, 0.0, 0.0, 0.0, 0.0, 0.0, 0.0, 0.0, 0.0, 0.0, 0.0, 0.0, 0.0, 0.0, 0.0, 0.0, 0.0, 0.0, 0.0, 0.0, 0.0, 0.0, 0.0, 0.5980244557062785, 0.7438756439972807]}