{"0": [0.3485087354357044, 0.6610525219528763, 0.35177600287521876, 0.6550396076507039, 0.3457350369542837, 0.6554654557464852, 0.35921244621276854, 0.6570312885222611, 0.3429294441516201, 0.6593463056617312, 0.3670061194648345, 0.6897043479813469, 0.33780700278778875, 0.6929816304809517, 0.37392373525847994, 0.7155289533513564, 0.3329294182360173, 0.7432921255076372, 0.3681989879657825, 0.7027123131133892, 0.3298522811383009, 0.7839360694090525, 0.3639635592078169, 0.7870903163044541, 0.34117885219554106, 0.7890101200452557, 0.36287695715824764, 0.8534698451006854, 0.3381278907259306, 0.8574566147945545, 0.3618253118048112, 0.9202770074208577, 0.348003501445055, 0.9163677595279834], "1": [0.0, 0.0, 0.0, 0.0, 0.559211382518212, 0.6712776969980311, 0.5444566114495198, 0.6758511399781263, 0.556020253446574, 0.6753276986104471, 0.5436028803233057, 0.7082988756674308, 0.5587372268239658, 0.7109887811872694, 0.5402488145356377, 0.7441555493131832, 0.5698467008769512, 0.7570258114073012, 0.0, 0.0, 0.5850306353221337, 0.768479636753047, 0.5484580428649982, 0.8046382230741006, 0.5603384308905031, 0.8086240622732375, 0.5609097696219881, 0.8622462134670328, 0.5640244756514827, 0.8627637697728696, 0.5533985194474632, 0.8965808683557422, 0.556852212053011, 0.9039089181929435], "2": [0.0, 0.0, 0.0, 0.0, 0.0, 0.0, 0.0, 0.0, 0.0, 0.0, 0.0, 0.0, 0.0, 0.0, 0.0, 0.0, 0.0, 0.0, 0.3772106492814297, 0.7928423585715118, 0.0, 0.0, 0.0, 0.0, 0.0, 0.0, 0.0, 0.0, 0.0, 0.0, 0.0, 0.0, 0.0, 0.0], "3": [0.0, 0.0, 0.0, 0.0, 0.0, 0.0, 0.0, 0.0, 0.0, 0.0, 0.0, 0.0, 0.0, 0.0, 0.0, 0.0, 0.0, 0.0, 0.0, 0.0, 0.3341874079157909, 0.7136446254120932, 0.0, 0.0, 0.0, 0.0, 0.0, 0.0, 0.0, 0.0, 0.0, 0.0, 0.0, 0.0]}