{"0": [0.4439317772630602, 0.7548673903500592, 0.44723210322360196, 0.7467561860879263, 0.4399673776701093, 0.748089489451161, 0.4532165909806887, 0.74415301721957, 0.43519813595339657, 0.7476311473934739, 0.46365427542477844, 0.7713565135443652, 0.43399148906270657, 0.7855707089106242, 0.4714034296572208, 0.8192010606880541, 0.4331777637203534, 0.8363499191072251, 0.47836231949428715, 0.8562179742036042, 0.43438428019483877, 0.8788457615507973, 0.4633580844849348, 0.8705887474257636, 0.4426071211695672, 0.8768080578909981, 0.46439780234359207, 0.9387570748726527, 0.44671128938595456, 0.9455841345919503, 0.0, 0.0, 0.0, 0.0], "1": [0.34447746953616537, 0.6354740579922993, 0.3454878844320774, 0.6288619814095674, 0.34023045077919956, 0.6284237064697125, 0.0, 0.0, 0.33043422910074394, 0.6307435064404099, 0.35191405983641744, 0.6636496964980054, 0.32084867606560386, 0.6701298582333105, 0.3585144141068062, 0.7156228079288094, 0.319490948629876, 0.7186354045514707, 0.360571099150305, 0.7556642421969662, 0.32577705867588513, 0.7598372003546467, 0.3493344356616338, 0.7591123221787037, 0.32720858798517527, 0.7638866541562257, 0.34942695759236814, 0.8241982269066351, 0.3201986737549305, 0.8219458310692399, 0.35413772364457446, 0.8866437675776305, 0.31789804858466, 0.8743786387973361], "2": [0.0, 0.0, 0.0, 0.0, 0.0, 0.0, 0.0, 0.0, 0.0, 0.0, 0.0, 0.0, 0.0, 0.0, 0.0, 0.0, 0.0, 0.0, 0.3528235531101624, 0.6761429968807432, 0.0, 0.0, 0.0, 0.0, 0.0, 0.0, 0.0, 0.0, 0.0, 0.0, 0.0, 0.0, 0.0, 0.0], "3": [0.0, 0.0, 0.0, 0.0, 0.0, 0.0, 0.0, 0.0, 0.0, 0.0, 0.0, 0.0, 0.0, 0.0, 0.0, 0.0, 0.0, 0.0, 0.0, 0.0, 0.43966173126827923, 0.8033896461957031, 0.0, 0.0, 0.0, 0.0, 0.0, 0.0, 0.0, 0.0, 0.0, 0.0, 0.0, 0.0]}