{"0": [0.7686090706847608, 0.6700933629715884, 0.7705674740175407, 0.6675916263350734, 0.767432260637482, 0.662960932486156, 0.7724550267060598, 0.6702685292051346, 0.7632280590633552, 0.6617758853567971, 0.7772601869578164, 0.6989030141521383, 0.751661300410827, 0.6818622999721103, 0.7769289982815584, 0.7477216751487168, 0.0, 0.0, 0.7762789274876316, 0.7874713058824893, 0.7269752244853104, 0.726933107552705, 0.7615766356388727, 0.7723416194871621, 0.7398407818904769, 0.7663118881483871, 0.7657767049968243, 0.8235372547750118, 0.7367684228966633, 0.8223780883683098, 0.7745610925058524, 0.8816666830469061, 0.7309932249442984, 0.8772570327476219], "1": [0.0, 0.0, 0.0, 0.0, 0.0, 0.0, 0.34743344712381563, 0.6272536771165, 0.3654037038485209, 0.6270829998784595, 0.3521038440191963, 0.6556117616179915, 0.3761637299011151, 0.6516684099479958, 0.0, 0.0, 0.0, 0.0, 0.0, 0.0, 0.0, 0.0, 0.3541009033719698, 0.7458080918700608, 0.3678235615914067, 0.7449336909033635, 0.0, 0.0, 0.3587442586819331, 0.8091562271118165, 0.355706803376476, 0.8582047842167042, 0.36320570600735, 0.8704426854848246], "2": [0.0, 0.0, 0.0, 0.0, 0.0, 0.0, 0.0, 0.0, 0.0, 0.0, 0.74946487074097, 0.6848684128511835, 0.7778704495479664, 0.6999789432087844, 0.7301316884656747, 0.6850353520639517, 0.7769249973352998, 0.7490472941486924, 0.7258957157532374, 0.7261274958098375, 0.775671911239624, 0.7858362436294556, 0.7386427961289883, 0.7607127273524249, 0.7625091540316742, 0.7694792577513943, 0.7365493177125851, 0.821010399747778, 0.7659050991137822, 0.8241054292078372, 0.7304990289111932, 0.8762030265949391, 0.7748265472551187, 0.8792520408277158], "3": [0.0, 0.0, 0.0, 0.0, 0.0, 0.0, 0.0, 0.0, 0.0, 0.0, 0.0, 0.0, 0.0, 0.0, 0.0, 0.0, 0.7315090103540569, 0.6844084407996248, 0.0, 0.0, 0.0, 0.0, 0.0, 0.0, 0.0, 0.0, 0.0, 0.0, 0.0, 0.0, 0.0, 0.0, 0.0, 0.0], "4": [0.0, 0.0, 0.0, 0.0, 0.0, 0.0, 0.0, 0.0, 0.0, 0.0, 0.0, 0.0, 0.0, 0.0, 0.0, 0.0, 0.0, 0.0, 0.3470616235708197, 0.6478947507838408, 0.0, 0.0, 0.0, 0.0, 0.0, 0.0, 0.0, 0.0, 0.0, 0.0, 0.0, 0.0, 0.0, 0.0], "5": [0.0, 0.0, 0.0, 0.0, 0.0, 0.0, 0.0, 0.0, 0.0, 0.0, 0.0, 0.0, 0.0, 0.0, 0.0, 0.0, 0.0, 0.0, 0.0, 0.0, 0.0, 0.0, 0.0, 0.0, 0.0, 0.0, 0.35695897117257114, 0.8098663061857223, 0.0, 0.0, 0.371624673033754, 0.8844832413174488, 0.0, 0.0]}