{"0": [0.6277749347190063, 0.698224596955158, 0.6294389082739751, 0.6919150741012008, 0.6266587583969037, 0.6903880684464067, 0.6376633270333211, 0.6932070438508635, 0.6261751150091489, 0.6962479533972563, 0.651577660596619, 0.73122150655146, 0.6172763326515754, 0.72683707608117, 0.0, 0.0, 0.0, 0.0, 0.0, 0.0, 0.0, 0.0, 0.0, 0.0, 0.0, 0.0, 0.0, 0.0, 0.0, 0.0, 0.0, 0.0, 0.0, 0.0], "1": [0.0, 0.0, 0.0, 0.0, 0.0, 0.0, 0.0, 0.0, 0.6446531097715099, 0.6936812475875572, 0.6175206863631805, 0.7271085101145285, 0.6532939561953147, 0.7308416180036686, 0.607128241037329, 0.7721489912933773, 0.65735467299819, 0.7819980287993396, 0.6116100743412971, 0.7299130816702488, 0.6533278286457062, 0.8119755259818501, 0.6237638490895431, 0.8307251040582303, 0.6460419822484255, 0.8266264300103541, 0.6250254072248935, 0.8842861550825614, 0.6536097836991152, 0.8837216828708295, 0.6261788815259933, 0.9407382656026769, 0.6605642482017478, 0.9432346189463581], "2": [0.0, 0.0, 0.0, 0.0, 0.0, 0.0, 0.0, 0.0, 0.2846042077988386, 0.5651856593511723, 0.2835112040241559, 0.5872318176207719, 0.27211361036946374, 0.5920394491266321, 0.2850219848876198, 0.6205316272046831, 0.27439517304301264, 0.6282794296741485, 0.2963899200161298, 0.6211327135562896, 0.2906140562146902, 0.6509590835482986, 0.2734626945729057, 0.6611208773321575, 0.2776386671389143, 0.6591997292306688, 0.2739498935639858, 0.7043423405400029, 0.2977754004299641, 0.703411857066331, 0.26894952743314204, 0.7573706966859322, 0.29434959776699543, 0.7661090339775438], "3": [0.0, 0.0, 0.0, 0.0, 0.0, 0.0, 0.0, 0.0, 0.0, 0.0, 0.0, 0.0, 0.0, 0.0, 0.0, 0.0, 0.9470542288074891, 0.8390707872532032, 0.0, 0.0, 0.0, 0.0, 0.0, 0.0, 0.0, 0.0, 0.0, 0.0, 0.0, 0.0, 0.0, 0.0, 0.0, 0.0], "4": [0.0, 0.0, 0.0, 0.0, 0.0, 0.0, 0.0, 0.0, 0.0, 0.0, 0.0, 0.0, 0.0, 0.0, 0.0, 0.0, 0.0, 0.0, 0.0, 0.0, 0.6117235589772463, 0.7308211325495332, 0.0, 0.0, 0.0, 0.0, 0.0, 0.0, 0.0, 0.0, 0.0, 0.0, 0.0, 0.0], "5": [0.0, 0.0, 0.0, 0.0, 0.0, 0.0, 0.0, 0.0, 0.0, 0.0, 0.0, 0.0, 0.0, 0.0, 0.0, 0.0, 0.0, 0.0, 0.0, 0.0, 0.9495805932829777, 0.8323992861641778, 0.0, 0.0, 0.0, 0.0, 0.0, 0.0, 0.0, 0.0, 0.0, 0.0, 0.0, 0.0]}