{"0": [0.6528676752001047, 0.4385982272801576, 0.6532083536187808, 0.4352118774696633, 0.0, 0.0, 0.0, 0.0, 0.0, 0.0, 0.6630108280728261, 0.46403632362683617, 0.0, 0.0, 0.0, 0.0, 0.0, 0.0, 0.0, 0.0, 0.0, 0.0, 0.0, 0.0, 0.0, 0.0, 0.0, 0.0, 0.0, 0.0, 0.0, 0.0, 0.0, 0.0], "1": [0.0, 0.0, 0.0, 0.0, 0.65901899933815, 0.4355696589858444, 0.0, 0.0, 0.0, 0.0, 0.0, 0.0, 0.0, 0.0, 0.0, 0.0, 0.0, 0.0, 0.0, 0.0, 0.0, 0.0, 0.0, 0.0, 0.0, 0.0, 0.0, 0.0, 0.0, 0.0, 0.0, 0.0, 0.0, 0.0], "2": [0.0, 0.0, 0.0, 0.0, 0.0, 0.0, 0.46565276632706326, 0.45511475746278407, 0.47705316088201166, 0.45687462643340787, 0.4589002802968025, 0.47859723562443696, 0.4817708874742189, 0.47951190559952345, 0.4526829850549499, 0.5135011430139895, 0.4874660258491834, 0.5064529181630523, 0.4517585480585694, 0.5350723063504255, 0.4856106304097921, 0.5328887021100079, 0.4631833944469691, 0.5396453771326276, 0.4784404496351878, 0.5387771313941038, 0.462598351140817, 0.5795096675554913, 0.47621283649156493, 0.5770436699743625, 0.4609129124631484, 0.6267389856554844, 0.4756977453827858, 0.6124755932225122], "3": [0.0, 0.0, 0.0, 0.0, 0.0, 0.0, 0.6541822388768195, 0.437560185458925, 0.6605426445991421, 0.43845767555413423, 0.6454572133719922, 0.4650325889940615, 0.6619301319122315, 0.46752809793860817, 0.0, 0.0, 0.6665888254841169, 0.5107145282957289, 0.0, 0.0, 0.6722812156503399, 0.5350301786705299, 0.6451811612894137, 0.5302951526862604, 0.6597976082935929, 0.5352258595051589, 0.646293257176876, 0.5805271358401687, 0.6660310397545496, 0.5810065201587147, 0.6440563236363233, 0.626796406949008, 0.6641208929320175, 0.6321034601441136], "4": [0.0, 0.0, 0.0, 0.0, 0.0, 0.0, 0.0, 0.0, 0.0, 0.0, 0.7751115841170152, 0.5007275775626854, 0.7729928989040976, 0.5003026304421602, 0.0, 0.0, 0.7774850904320677, 0.48457423040160424, 0.0, 0.0, 0.776237725528578, 0.4630067470104054, 0.7685908104293049, 0.5488559078287195, 0.7675367585072915, 0.5484457863701715, 0.7687229312413062, 0.5858440880422239, 0.7684002987419566, 0.583834875954522, 0.7705151374141376, 0.626299771114632, 0.7700265375276406, 0.6260014092618669], "5": [0.0, 0.0, 0.0, 0.0, 0.0, 0.0, 0.0, 0.0, 0.0, 0.0, 0.05236461348831654, 0.48618662489785086, 0.0, 0.0, 0.0, 0.0, 0.0, 0.0, 0.0, 0.0, 0.0, 0.0, 0.0, 0.0, 0.0, 0.0, 0.0, 0.0, 0.0, 0.0, 0.0, 0.0, 0.0, 0.0], "6": [0.0, 0.0, 0.0, 0.0, 0.0, 0.0, 0.0, 0.0, 0.0, 0.0, 0.0, 0.0, 0.0, 0.0, 0.0, 0.0, 0.0, 0.0, 0.6604213878512383, 0.4838535738212091, 0.0, 0.0, 0.0, 0.0, 0.0, 0.0, 0.0, 0.0, 0.0, 0.0, 0.0, 0.0, 0.0, 0.0], "7": [0.0, 0.0, 0.0, 0.0, 0.0, 0.0, 0.0, 0.0, 0.0, 0.0, 0.0, 0.0, 0.0, 0.0, 0.0, 0.0, 0.0, 0.0, 0.7759728497515123, 0.4629229729857158, 0.0, 0.0, 0.0, 0.0, 0.0, 0.0, 0.0, 0.0, 0.0, 0.0, 0.0, 0.0, 0.0, 0.0], "8": [0.0, 0.0, 0.0, 0.0, 0.0, 0.0, 0.0, 0.0, 0.0, 0.0, 0.0, 0.0, 0.0, 0.0, 0.0, 0.0, 0.0, 0.0, 0.0, 0.0, 0.663311713685592, 0.483509083809676, 0.0, 0.0, 0.0, 0.0, 0.0, 0.0, 0.0, 0.0, 0.0, 0.0, 0.0, 0.0]}