{"0": [0.512716934333245, 0.5202009412977431, 0.5162608529130618, 0.5146019528585452, 0.5108960326450567, 0.5150121635860867, 0.5226610094464074, 0.5148109203381291, 0.5095958222945531, 0.514012097981241, 0.5303397654245298, 0.5432097402987657, 0.5078634258359671, 0.5358626024590598, 0.5353267755437021, 0.5750658767090904, 0.4978244643347959, 0.55900001084363, 0.5329209047059218, 0.5980525564264368, 0.5095456503331661, 0.5493793973216304, 0.5246766122678916, 0.5994091629981994, 0.5121377269426982, 0.599718028086203, 0.5177767652397355, 0.6436348526566117, 0.0, 0.0, 0.518713818015214, 0.6889678479220921, 0.5113402718678117, 0.6997503750854068], "1": [0.5968721174945434, 0.6171202956526368, 0.6000624218334755, 0.6118529672975893, 0.5966906158874432, 0.6119471850218596, 0.6087912569443384, 0.616269130176968, 0.0, 0.0, 0.615655591338873, 0.6503607712410113, 0.601345230701069, 0.648203074173243, 0.6192780674124757, 0.7021315135337688, 0.0, 0.0, 0.0, 0.0, 0.0, 0.0, 0.6142764988355338, 0.7457236712729488, 0.597340372701486, 0.739247888547403, 0.6197583166261514, 0.8041502332521809, 0.5901596345628302, 0.8024864418639077, 0.6298636369407177, 0.858881550365024, 0.589002498673896, 0.8794714071132519], "2": [0.0, 0.0, 0.0, 0.0, 0.0, 0.0, 0.0, 0.0, 0.0, 0.0, 0.0, 0.0, 0.0, 0.0, 0.0, 0.0, 0.0, 0.0, 0.522324465525647, 0.5527222520775266, 0.0, 0.0, 0.0, 0.0, 0.0, 0.0, 0.0, 0.0, 0.0, 0.0, 0.0, 0.0, 0.0, 0.0], "3": [0.0, 0.0, 0.0, 0.0, 0.0, 0.0, 0.0, 0.0, 0.0, 0.0, 0.0, 0.0, 0.0, 0.0, 0.0, 0.0, 0.0, 0.0, 0.0, 0.0, 0.0, 0.0, 0.0, 0.0, 0.0, 0.0, 0.0, 0.0, 0.5193944100911418, 0.6427345150046879, 0.0, 0.0, 0.5296529702842235, 0.6717757068298481], "4": [0.0, 0.0, 0.0, 0.0, 0.0, 0.0, 0.0, 0.0, 0.0, 0.0, 0.0, 0.0, 0.0, 0.0, 0.0, 0.0, 0.0, 0.0, 0.0, 0.0, 0.0, 0.0, 0.0, 0.0, 0.0, 0.0, 0.0, 0.0, 0.0, 0.0, 0.5889423531169693, 0.8811593188179864, 0.0, 0.0]}