{"0": [0.33533068863519777, 0.5070432548445684, 0.33747467895348865, 0.5024156029577609, 0.3327575960506995, 0.5027341540212983, 0.34171311209599176, 0.5056235778110999, 0.3295579609771569, 0.5053045555397316, 0.34690681416541336, 0.5278038859367371, 0.32384598106145857, 0.531182990802659, 0.3521225865697488, 0.5646362443765004, 0.3131295762956143, 0.5576953478433467, 0.3498158812522888, 0.5918794457559232, 0.30887724012136464, 0.5829708972462901, 0.34383455015098063, 0.6002955156343954, 0.3284352644036214, 0.5989207016097174, 0.34277297488103314, 0.6501660154925453, 0.3334191249062618, 0.6490698645512263, 0.34444316557298105, 0.7037593369130736, 0.34335305939118066, 0.6982811888058981], "1": [0.5089980230977137, 0.5419866663438303, 0.5094577834631006, 0.5380004072630847, 0.5092951202144226, 0.5373044543796115, 0.0, 0.0, 0.0, 0.0, 0.5213025969763596, 0.5648205760452483, 0.4979519521351904, 0.5624354521433512, 0.0, 0.0, 0.0, 0.0, 0.0, 0.0, 0.0, 0.0, 0.0, 0.0, 0.0, 0.0, 0.0, 0.0, 0.0, 0.0, 0.0, 0.0, 0.0, 0.0], "2": [0.0, 0.0, 0.0, 0.0, 0.0, 0.0, 0.5101272976025939, 0.5383440803598475, 0.5107690709022183, 0.5379654994717351, 0.49839737750589846, 0.5651464681934427, 0.524059672281146, 0.5649823743987966, 0.4942567978675167, 0.5821051105305001, 0.5303999101743102, 0.6034269764467523, 0.0, 0.0, 0.0, 0.0, 0.5036953744788965, 0.63895470003287, 0.5209018960595131, 0.6406548055371752, 0.4999370597302914, 0.6800347670360848, 0.5147937580943107, 0.6888468521612662, 0.4927126250540217, 0.726544710221114, 0.5090332829703887, 0.7391066829363505], "3": [0.0, 0.0, 0.0, 0.0, 0.0, 0.0, 0.0, 0.0, 0.0, 0.0, 0.14018470707039038, 0.5509771710744611, 0.0, 0.0, 0.0, 0.0, 0.0, 0.0, 0.0, 0.0, 0.0, 0.0, 0.0, 0.0, 0.1258892188469569, 0.6107560021733797, 0.0, 0.0, 0.12203707968195279, 0.6552447921148052, 0.0, 0.0, 0.0, 0.0], "4": [0.0, 0.0, 0.0, 0.0, 0.0, 0.0, 0.0, 0.0, 0.0, 0.0, 0.0, 0.0, 0.0, 0.0, 0.0, 0.0, 0.4958233222365379, 0.5811514163182842, 0.0, 0.0, 0.0, 0.0, 0.0, 0.0, 0.0, 0.0, 0.0, 0.0, 0.0, 0.0, 0.0, 0.0, 0.0, 0.0], "5": [0.0, 0.0, 0.0, 0.0, 0.0, 0.0, 0.0, 0.0, 0.0, 0.0, 0.0, 0.0, 0.0, 0.0, 0.0, 0.0, 0.0, 0.0, 0.3479941431821014, 0.5374285340861038, 0.0, 0.0, 0.0, 0.0, 0.0, 0.0, 0.0, 0.0, 0.0, 0.0, 0.0, 0.0, 0.0, 0.0], "6": [0.0, 0.0, 0.0, 0.0, 0.0, 0.0, 0.0, 0.0, 0.0, 0.0, 0.0, 0.0, 0.0, 0.0, 0.0, 0.0, 0.0, 0.0, 0.0, 0.0, 0.524603137622277, 0.6056759911554831, 0.0, 0.0, 0.0, 0.0, 0.0, 0.0, 0.0, 0.0, 0.0, 0.0, 0.0, 0.0]}