{"0": [0.0, 0.0, 0.0, 0.0, 0.0, 0.0, 0.5073339653511842, 0.6525016181998784, 0.5223280876874924, 0.6531455750818606, 0.5004648643235365, 0.684386003293373, 0.5309036587364971, 0.6849712147480913, 0.48618294540792706, 0.7312957675368698, 0.5375567939132452, 0.7302222656431021, 0.4950869279603164, 0.756298221261413, 0.0, 0.0, 0.5055182830120126, 0.7764632262565472, 0.5294104603429635, 0.7684153041353932, 0.5112107471252482, 0.845424485206604, 0.5294224200149377, 0.8327463779736448, 0.516294272740682, 0.9042047924465604, 0.5327475819736719, 0.8901015996932983], "1": [0.0, 0.0, 0.0, 0.0, 0.0, 0.0, 0.44719596082965535, 0.6091331020549492, 0.4596534105638662, 0.6105988141011309, 0.4414980418980121, 0.6312460905975765, 0.4637381197884679, 0.6335605579531856, 0.43728682262202107, 0.6558965216632242, 0.4687599482005074, 0.6728446677879051, 0.0, 0.0, 0.0, 0.0, 0.450886807218194, 0.7170427496786471, 0.46921320135394734, 0.7184861381848653, 0.42279530557182926, 0.7293507224707692, 0.0, 0.0, 0.4319193375607331, 0.7927632287696555, 0.0, 0.0]}