{"0": [0.0, 0.0, 0.0, 0.0, 0.0, 0.0, 0.48638738468289383, 0.5666211640910694, 0.4974238473922014, 0.567630503906144, 0.4802711992214123, 0.5883219388348085, 0.5031833782792091, 0.5917776114410824, 0.4760010922948519, 0.6272966670769232, 0.5085888632883628, 0.6244426469008127, 0.4734521164248387, 0.6521828121609158, 0.0, 0.0, 0.48243697161475824, 0.6578643829734239, 0.5022070999722927, 0.6582359276435993, 0.4625922886033853, 0.6840265491494426, 0.5162890416880448, 0.6987927822051225, 0.4716083511710167, 0.7500857703111788, 0.5256655663251877, 0.753012114321744], "1": [0.0, 0.0, 0.0, 0.0, 0.0, 0.0, 0.5958490128318469, 0.5487344554177037, 0.6065971533457438, 0.55049072779991, 0.5874725066125392, 0.5663695838992243, 0.6104989426598574, 0.5689772204116539, 0.5712972874442737, 0.5738670653629081, 0.6186309031676501, 0.5899076789617539, 0.5670997854322195, 0.5663452539455007, 0.0, 0.0, 0.586650853479902, 0.6250686089197793, 0.6046853368481, 0.6223109046618144, 0.5935909881566962, 0.6533187707265218, 0.610819183724622, 0.6454022290530028, 0.5890203688914577, 0.6852966441876358, 0.6096162345881263, 0.6817055167975248], "2": [0.0, 0.0, 0.0, 0.0, 0.0, 0.0, 0.0, 0.0, 0.0, 0.0, 0.0, 0.0, 0.0, 0.0, 0.0, 0.0, 0.0, 0.0, 0.0, 0.0, 0.6299012416352828, 0.6098889465685244, 0.0, 0.0, 0.0, 0.0, 0.0, 0.0, 0.0, 0.0, 0.0, 0.0, 0.0, 0.0]}