{"0": [0.3519292260209719, 0.4790094848032351, 0.3536783875276645, 0.47365382666941047, 0.0, 0.0, 0.3601459740350644, 0.47401615756529347, 0.0, 0.0, 0.36527118769784767, 0.4998219899833202, 0.36663344502449036, 0.4946156949908645, 0.3592872954905033, 0.50055927976414, 0.35651443569610514, 0.5034639839772825, 0.0, 0.0, 0.3401210900396109, 0.5065456536081102, 0.3667929825683435, 0.573191812965605, 0.3735589202493429, 0.5679071233228401, 0.3606683105075111, 0.6209526428469905, 0.3752417154610157, 0.6235410436435982, 0.3596428732077281, 0.6601096782419417, 0.3822860442101955, 0.6673069406438756], "1": [0.5199680399149657, 0.6649645926775755, 0.519119385878245, 0.6584216230445438, 0.517420320212841, 0.6590948250558641, 0.0, 0.0, 0.5094411576166749, 0.6596652229626974, 0.5131189484149218, 0.6811908691017716, 0.504738741988937, 0.6857185753959196, 0.5192442146129906, 0.7197011099921332, 0.5141100255462031, 0.7095494270324707, 0.535276256641373, 0.7266870918097318, 0.0, 0.0, 0.0, 0.0, 0.0, 0.0, 0.0, 0.0, 0.0, 0.0, 0.0, 0.0, 0.0, 0.0], "2": [0.5177489032347997, 0.7050687765633619, 0.0, 0.0, 0.5158636981000503, 0.7000557818863955, 0.0, 0.0, 0.5100945715171595, 0.7015985917162013, 0.5156674385070801, 0.7214407621710389, 0.5034665002177159, 0.7204814484825842, 0.0, 0.0, 0.4974335818861922, 0.7464063008626302, 0.0, 0.0, 0.0, 0.0, 0.5112372701987623, 0.7946302842210842, 0.5053069137657682, 0.794971584059574, 0.5215514386693636, 0.848669542868932, 0.49841824869314827, 0.833843328445046, 0.5331873854001363, 0.8941171212328805, 0.4850434808681409, 0.8777951064554078], "3": [0.0, 0.0, 0.0, 0.0, 0.0, 0.0, 0.0, 0.0, 0.0, 0.0, 0.0, 0.0, 0.0, 0.0, 0.0, 0.0, 0.0, 0.0, 0.36236865967512133, 0.49862139026323954, 0.0, 0.0, 0.0, 0.0, 0.0, 0.0, 0.0, 0.0, 0.0, 0.0, 0.0, 0.0, 0.0, 0.0], "4": [0.0, 0.0, 0.0, 0.0, 0.0, 0.0, 0.0, 0.0, 0.0, 0.0, 0.0, 0.0, 0.0, 0.0, 0.0, 0.0, 0.0, 0.0, 0.0, 0.0, 0.49353887657634915, 0.7894860786972222, 0.0, 0.0, 0.0, 0.0, 0.0, 0.0, 0.0, 0.0, 0.0, 0.0, 0.0, 0.0], "5": [0.0, 0.0, 0.0, 0.0, 0.0, 0.0, 0.0, 0.0, 0.0, 0.0, 0.0, 0.0, 0.0, 0.0, 0.0, 0.0, 0.0, 0.0, 0.0, 0.0, 0.511900324250261, 0.7134848476560028, 0.0, 0.0, 0.0, 0.0, 0.0, 0.0, 0.0, 0.0, 0.0, 0.0, 0.0, 0.0], "6": [0.0, 0.0, 0.0, 0.0, 0.0, 0.0, 0.0, 0.0, 0.0, 0.0, 0.0, 0.0, 0.0, 0.0, 0.0, 0.0, 0.0, 0.0, 0.0, 0.0, 0.0, 0.0, 0.0, 0.0, 0.0, 0.0, 0.4980166771604369, 0.8331740522136291, 0.521644372244676, 0.849410722653071, 0.48488437552005054, 0.8788433194160461, 0.5330890116592248, 0.8952044531151101], "7": [0.0, 0.0, 0.0, 0.0, 0.0, 0.0, 0.0, 0.0, 0.0, 0.0, 0.0, 0.0, 0.0, 0.0, 0.0, 0.0, 0.0, 0.0, 0.0, 0.0, 0.0, 0.0, 0.0, 0.0, 0.0, 0.0, 0.0, 0.0, 0.0, 0.0, 0.3821886537596583, 0.6686497141917547, 0.0, 0.0]}