{"0": [0.2753074290851752, 0.5489349117985478, 0.0, 0.0, 0.2745134338736534, 0.5436001044732554, 0.0, 0.0, 0.26918528638780115, 0.5415469719303979, 0.2611872036422149, 0.570979027278632, 0.2645987069234252, 0.5621636392893614, 0.2666926246136427, 0.6055413594952336, 0.2560588985060652, 0.6145891670827512, 0.2783754199743271, 0.6221303882422271, 0.272614245613416, 0.6290874560674031, 0.26122657433152197, 0.652286841251232, 0.25793011163671814, 0.6558949121446521, 0.2588232021778822, 0.7010223055327379, 0.2711348421871662, 0.7020863047352544, 0.25693898610770705, 0.7561495074519404, 0.26973443950215975, 0.7642768972449833], "1": [0.14047905231515567, 0.5560733784128118, 0.1410906525949637, 0.5497067133585612, 0.13258467813332875, 0.5496307028664483, 0.0, 0.0, 0.0, 0.0, 0.15163359909007948, 0.5906205144193437, 0.13388673985997837, 0.5930149912834167, 0.0, 0.0, 0.0, 0.0, 0.0, 0.0, 0.0, 0.0, 0.14703063511600098, 0.6616423218338577, 0.14301077518612146, 0.6617150249304595, 0.14873674629877012, 0.7143454488780764, 0.14069703655938307, 0.7137672288550271, 0.1500740454842647, 0.7653058263990614, 0.14302159349123636, 0.7649574869208866], "2": [0.0, 0.0, 0.0, 0.0, 0.0, 0.0, 0.657173877954483, 0.6817625655068291, 0.6726586519430081, 0.6822481115659078, 0.645166776329279, 0.7117261921917951, 0.676963112417919, 0.7152678389792089, 0.6360697884733478, 0.758412564849412, 0.6870066239188115, 0.7601706606370432, 0.0, 0.0, 0.0, 0.0, 0.6474437804271778, 0.8104066692568638, 0.6719331845020254, 0.8119371104571554, 0.6438972188935925, 0.868697804764465, 0.6679821316152811, 0.8785792137737627, 0.6357717516832053, 0.9333558605776893, 0.6672539224227269, 0.9407677197897876], "3": [0.0, 0.0, 0.0, 0.0, 0.0, 0.0, 0.0, 0.0, 0.13327467838923138, 0.5544428984324138, 0.0, 0.0, 0.0, 0.0, 0.0, 0.0, 0.0, 0.0, 0.0, 0.0, 0.0, 0.0, 0.0, 0.0, 0.0, 0.0, 0.0, 0.0, 0.0, 0.0, 0.0, 0.0, 0.0, 0.0], "4": [0.0, 0.0, 0.0, 0.0, 0.0, 0.0, 0.0, 0.0, 0.2642803027605017, 0.5869042977138802, 0.0, 0.0, 0.0, 0.0, 0.0, 0.0, 0.0, 0.0, 0.0, 0.0, 0.0, 0.0, 0.0, 0.0, 0.0, 0.0, 0.0, 0.0, 0.0, 0.0, 0.0, 0.0, 0.0, 0.0], "5": [0.0, 0.0, 0.0, 0.0, 0.0, 0.0, 0.0, 0.0, 0.0, 0.0, 0.0, 0.0, 0.2535883994152149, 0.5996999506597166, 0.0, 0.0, 0.0, 0.0, 0.0, 0.0, 0.0, 0.0, 0.0, 0.0, 0.0, 0.0, 0.0, 0.0, 0.0, 0.0, 0.0, 0.0, 0.0, 0.0], "6": [0.0, 0.0, 0.0, 0.0, 0.0, 0.0, 0.0, 0.0, 0.0, 0.0, 0.0, 0.0, 0.9201977616796891, 0.8265523355868126, 0.0, 0.0, 0.0, 0.0, 0.0, 0.0, 0.0, 0.0, 0.0, 0.0, 0.0, 0.0, 0.0, 0.0, 0.0, 0.0, 0.0, 0.0, 0.0, 0.0], "7": [0.0, 0.0, 0.0, 0.0, 0.0, 0.0, 0.0, 0.0, 0.0, 0.0, 0.0, 0.0, 0.0, 0.0, 0.0, 0.0, 0.0, 0.0, 0.2598509794101119, 0.5629409220483568, 0.0, 0.0, 0.0, 0.0, 0.0, 0.0, 0.0, 0.0, 0.0, 0.0, 0.0, 0.0, 0.0, 0.0], "8": [0.0, 0.0, 0.0, 0.0, 0.0, 0.0, 0.0, 0.0, 0.0, 0.0, 0.0, 0.0, 0.0, 0.0, 0.0, 0.0, 0.0, 0.0, 0.0, 0.0, 0.26077172032867874, 0.5599534793584435, 0.0, 0.0, 0.0, 0.0, 0.0, 0.0, 0.0, 0.0, 0.0, 0.0, 0.0, 0.0]}