{"0": [0.2842231981456279, 0.5570439839804614, 0.2847183970113595, 0.5520325323083887, 0.28289558216929434, 0.5542073956242314, 0.2909256478150686, 0.5479718411410296, 0.0, 0.0, 0.30269755547245336, 0.5691288193066913, 0.2926189133276542, 0.5743990451373436, 0.31333356102307636, 0.599134909665143, 0.2936611104213322, 0.6021457743865473, 0.30384464661280314, 0.6322550617986256, 0.0, 0.0, 0.3057064464315772, 0.6430445397341693, 0.3015570018440485, 0.6425171580579546, 0.3009552410493294, 0.6972610588426943, 0.3047465638568004, 0.6951711166788032, 0.3105027474152545, 0.7471310390366447, 0.31092790082717936, 0.7454562989649949], "1": [0.0, 0.0, 0.0, 0.0, 0.0, 0.0, 0.5426942979296049, 0.6125191216115599, 0.5579019793619712, 0.6121439452524539, 0.5334436240295569, 0.6433864414691925, 0.5660974005858104, 0.6415063340906744, 0.52445219780008, 0.6916225169543867, 0.5675882062564294, 0.698747072506834, 0.0, 0.0, 0.0, 0.0, 0.5368965049584706, 0.7422541179038861, 0.5592824400713047, 0.7422175694394995, 0.5355833273380994, 0.8080187269934902, 0.5672223418951035, 0.811562454038196, 0.5313670755752052, 0.8754421119336728, 0.565666068593661, 0.8831590493520101], "2": [0.0, 0.0, 0.0, 0.0, 0.0, 0.0, 0.0, 0.0, 0.0, 0.0, 0.0, 0.0, 0.0, 0.0, 0.0, 0.0, 0.0, 0.0, 0.29397579687647524, 0.5961043666910242, 0.0, 0.0, 0.0, 0.0, 0.0, 0.0, 0.0, 0.0, 0.0, 0.0, 0.0, 0.0, 0.0, 0.0], "3": [0.0, 0.0, 0.0, 0.0, 0.0, 0.0, 0.0, 0.0, 0.0, 0.0, 0.0, 0.0, 0.0, 0.0, 0.0, 0.0, 0.0, 0.0, 0.0, 0.0, 0.28977199310126406, 0.5959341242357536, 0.0, 0.0, 0.0, 0.0, 0.0, 0.0, 0.0, 0.0, 0.0, 0.0, 0.0, 0.0]}