{"0": [0.0, 0.0, 0.0, 0.0, 0.0, 0.0, 0.6615372906128566, 0.6613567340153235, 0.6764619418730339, 0.6601050831653452, 0.6553618405014277, 0.6926264308220534, 0.6853636274890353, 0.694106008609136, 0.6385360404849053, 0.7315628360818933, 0.6923113526155551, 0.7282423554747193, 0.6247951790690424, 0.7198682917488946, 0.0, 0.0, 0.6627364156146844, 0.7845385975307888, 0.6859134945708016, 0.7826644337839549, 0.653521899630626, 0.8191324225730368, 0.6964629729588826, 0.8446643926479199, 0.6524676370434463, 0.8858701569062694, 0.713511572778225, 0.8896256080380193], "1": [0.0, 0.0, 0.0, 0.0, 0.0, 0.0, 0.4498851957420508, 0.5944200023456856, 0.4614636443555355, 0.5922539247406854, 0.44265548326075077, 0.6192126104125271, 0.4712726222972075, 0.6185374487743334, 0.43977271748396257, 0.6575383535137883, 0.4774120369615654, 0.6556938263967081, 0.4358100422037145, 0.679373233406632, 0.0, 0.0, 0.45698185128470264, 0.7001363510472907, 0.47326605472092825, 0.6996323040514081, 0.44372657499237295, 0.7559482892354329, 0.45744028165936473, 0.7551027832207855, 0.45214619962110486, 0.8087513115670946, 0.4615729215244452, 0.8205213244314546]}