{"0": [0.30927840707202753, 0.6009346900162873, 0.0, 0.0, 0.30765571842590966, 0.5974000558808997, 0.0, 0.0, 0.3026678077876568, 0.5962693613539968, 0.30558194493254026, 0.6122318203802462, 0.0, 0.0, 0.0, 0.0, 0.0, 0.0, 0.0, 0.0, 0.0, 0.0, 0.0, 0.0, 0.0, 0.0, 0.0, 0.0, 0.0, 0.0, 0.0, 0.0, 0.0, 0.0], "1": [0.3224832676971952, 0.5558359620747743, 0.32355411692212027, 0.5522933845166805, 0.31965593484540783, 0.5531362083223131, 0.0, 0.0, 0.3152267505725225, 0.5498145096831851, 0.32777805204192806, 0.5738718723395356, 0.3015567920906425, 0.5985876019772154, 0.3304970019807418, 0.6104319413503011, 0.3012669386342168, 0.6259509673411096, 0.34066857323050503, 0.6310600033512822, 0.3096665451924006, 0.6384052879280513, 0.32348429852475724, 0.6602096685656795, 0.3075764529407025, 0.6657599288004415, 0.3221722631404797, 0.7089001353140231, 0.3100414471700787, 0.7122306644916534, 0.3081359845896562, 0.7713514138151099, 0.3069307388116916, 0.7736699110379925], "2": [0.0, 0.0, 0.0, 0.0, 0.0, 0.0, 0.619599810987711, 0.698938254736088, 0.6372864286104838, 0.6995576458948631, 0.6091456428170204, 0.7331845336490207, 0.6455680823574463, 0.7409771943533862, 0.6020834104642745, 0.7772322522269355, 0.6515442185724774, 0.7832733275713744, 0.0, 0.0, 0.6523544040819009, 0.8142002662022908, 0.6167717145135005, 0.8268231891923481, 0.6403005229930084, 0.8264191500566623, 0.6178584130480885, 0.8870934581315076, 0.6468362379819155, 0.8852981379876534, 0.6185986341132472, 0.9492430532420123, 0.6550148916741212, 0.9471876577094748], "3": [0.0, 0.0, 0.0, 0.0, 0.0, 0.0, 0.0, 0.0, 0.0, 0.0, 0.09955654790004094, 0.6263041731384066, 0.0, 0.0, 0.0, 0.0, 0.0, 0.0, 0.0, 0.0, 0.0, 0.0, 0.0, 0.0, 0.0, 0.0, 0.0, 0.0, 0.0, 0.0, 0.0, 0.0, 0.0, 0.0], "4": [0.0, 0.0, 0.0, 0.0, 0.0, 0.0, 0.0, 0.0, 0.0, 0.0, 0.0, 0.0, 0.9350013862984877, 0.8115121589490661, 0.0, 0.0, 0.0, 0.0, 0.0, 0.0, 0.0, 0.0, 0.0, 0.0, 0.0, 0.0, 0.0, 0.0, 0.0, 0.0, 0.0, 0.0, 0.0, 0.0], "5": [0.0, 0.0, 0.0, 0.0, 0.0, 0.0, 0.0, 0.0, 0.0, 0.0, 0.0, 0.0, 0.0, 0.0, 0.0, 0.0, 0.2984888435030977, 0.5887433243708478, 0.0, 0.0, 0.0, 0.0, 0.0, 0.0, 0.0, 0.0, 0.0, 0.0, 0.0, 0.0, 0.0, 0.0, 0.0, 0.0], "6": [0.0, 0.0, 0.0, 0.0, 0.0, 0.0, 0.0, 0.0, 0.0, 0.0, 0.0, 0.0, 0.0, 0.0, 0.0, 0.0, 0.0, 0.0, 0.0, 0.0, 0.3104198144086695, 0.5973578156144531, 0.0, 0.0, 0.0, 0.0, 0.0, 0.0, 0.0, 0.0, 0.0, 0.0, 0.0, 0.0]}