{"0": [0.2912098132073879, 0.5535547194657502, 0.2919352151453495, 0.5488358208426722, 0.290300960590442, 0.5494511385758718, 0.2982374335328738, 0.5456740066961006, 0.0, 0.0, 0.30934591131905714, 0.569069845146603, 0.29973035181562113, 0.5694634720131203, 0.3150354523832599, 0.6059484402338664, 0.30330388185878593, 0.6036835009163176, 0.3038642288496097, 0.6364743020799425, 0.0, 0.0, 0.3117132532099883, 0.6439315612669343, 0.306954606063664, 0.6420373514846518, 0.307191676273942, 0.6987755873688946, 0.3100193115572134, 0.6978921797540454, 0.314385779419293, 0.7500966652675911, 0.3138411776473125, 0.747021586144412], "1": [0.0, 0.0, 0.0, 0.0, 0.0, 0.0, 0.5971413383881251, 0.6427690258732548, 0.6131671492010355, 0.6435993013558564, 0.590892952059706, 0.6728074009771701, 0.6205021580060323, 0.670587567433163, 0.5825092722705065, 0.6999915940204856, 0.6298225897053877, 0.7201986794118529, 0.0, 0.0, 0.0, 0.0, 0.5890581630791227, 0.7727399194682086, 0.6126833269993465, 0.7732767889897029, 0.5860285180310408, 0.8365108194174589, 0.607991544653972, 0.8379746624717006, 0.5969820956389109, 0.9048881665424064, 0.6049623388797045, 0.9043898385983927], "2": [0.0, 0.0, 0.0, 0.0, 0.0, 0.0, 0.0, 0.0, 0.0, 0.0, 0.0, 0.0, 0.0, 0.0, 0.0, 0.0, 0.0, 0.0, 0.13389613864322503, 0.608641078737047, 0.0, 0.0, 0.0, 0.0, 0.0, 0.0, 0.0, 0.0, 0.0, 0.0, 0.0, 0.0, 0.0, 0.0]}