{"0": [0.3865462253491084, 0.6973055095584304, 0.3889228427782655, 0.6915761660646508, 0.38285783802469575, 0.6920703007115259, 0.3935449032112956, 0.6944918676658913, 0.37814269761244457, 0.6961703035566542, 0.40751912258565426, 0.728631235714312, 0.37229643718649946, 0.7380017200001964, 0.4264347206801176, 0.7654356792017266, 0.36788938616712896, 0.7828304520359746, 0.43311229571700094, 0.757904291484091, 0.3629432082176208, 0.8005946883448848, 0.40942652982970074, 0.838690154199247, 0.3832880249867836, 0.8374422839394323, 0.40725593448927006, 0.9063634073292768, 0.3762344874441623, 0.9071625859097198, 0.0, 0.0, 0.0, 0.0], "1": [0.0, 0.0, 0.0, 0.0, 0.0, 0.0, 0.6613213360309601, 0.5651438562958329, 0.6746203248699506, 0.5621028595500522, 0.6589451150347789, 0.5941730298377851, 0.6840936273336412, 0.5962941238009888, 0.6527616087347269, 0.6325382156504525, 0.6901484650249282, 0.6237061114222914, 0.646534151956439, 0.656194980442524, 0.6784941556553047, 0.6324109921300852, 0.6615689940750599, 0.6705311348868742, 0.6793566885093848, 0.66901985473103, 0.6633173404882352, 0.7176697942945692, 0.6778244484836856, 0.7151155478976391, 0.6650667626100282, 0.7611743017479226, 0.678354749456048, 0.7592204575219916], "2": [0.0, 0.0, 0.0, 0.0, 0.0, 0.0, 0.0, 0.0, 0.0, 0.0, 0.0, 0.0, 0.9481764837168157, 0.8207695089004657, 0.0, 0.0, 0.0, 0.0, 0.0, 0.0, 0.0, 0.0, 0.0, 0.0, 0.0, 0.0, 0.0, 0.0, 0.0, 0.0, 0.0, 0.0, 0.0, 0.0], "3": [0.0, 0.0, 0.0, 0.0, 0.0, 0.0, 0.0, 0.0, 0.0, 0.0, 0.0, 0.0, 0.0, 0.0, 0.0, 0.0, 0.0, 0.0, 0.9486488615473111, 0.8505256164956975, 0.0, 0.0, 0.0, 0.0, 0.0, 0.0, 0.0, 0.0, 0.0, 0.0, 0.0, 0.0, 0.0, 0.0], "4": [0.0, 0.0, 0.0, 0.0, 0.0, 0.0, 0.0, 0.0, 0.0, 0.0, 0.0, 0.0, 0.0, 0.0, 0.0, 0.0, 0.0, 0.0, 0.0, 0.0, 0.0, 0.0, 0.0, 0.0, 0.0, 0.0, 0.0, 0.0, 0.0, 0.0, 0.3841480816404025, 0.9764867018770289, 0.0, 0.0], "5": [0.0, 0.0, 0.0, 0.0, 0.0, 0.0, 0.0, 0.0, 0.0, 0.0, 0.0, 0.0, 0.0, 0.0, 0.0, 0.0, 0.0, 0.0, 0.0, 0.0, 0.0, 0.0, 0.0, 0.0, 0.0, 0.0, 0.0, 0.0, 0.0, 0.0, 0.0, 0.0, 0.4096874070664247, 0.9834337364744257]}