{"0": [0.5648859947298964, 0.8456911418173049, 0.0, 0.0, 0.5644237418348591, 0.8387230122530903, 0.0, 0.0, 0.5530177182207505, 0.8405338540535283, 0.0, 0.0, 0.5320728066687782, 0.8419476853476631, 0.0, 0.0, 0.0, 0.0, 0.0, 0.0, 0.0, 0.0, 0.5348600680008531, 0.8704557731333706, 0.5064982384908945, 0.8566595887696301, 0.5544778027882179, 0.8940050632865341, 0.5123194720596075, 0.9243905559734061, 0.5517202956912418, 0.9590016854030115, 0.5003347453971704, 0.9795078641838497], "1": [0.0, 0.0, 0.0, 0.0, 0.0, 0.0, 0.4445778160045545, 0.5537202190469812, 0.4549942774077257, 0.5544162880491328, 0.43527500182390205, 0.5776208899639271, 0.4567075736510257, 0.5790013779092718, 0.4255074168244998, 0.6075130082942821, 0.4644077837777634, 0.6150523154823868, 0.4403232950717211, 0.6121106621291902, 0.47854913001259175, 0.6265759207584239, 0.44083653998871647, 0.6497866435183419, 0.45767293920119606, 0.6505033638742235, 0.44565009015301865, 0.6939442805669925, 0.45712016224861146, 0.6890029739450525, 0.4455790712336868, 0.7479974349194706, 0.4554453305900097, 0.7248003328288043], "2": [0.0, 0.0, 0.0, 0.0, 0.0, 0.0, 0.0, 0.0, 0.0, 0.0, 0.5499747971693675, 0.8611716585026847, 0.0, 0.0, 0.5533663184692462, 0.892214636615029, 0.0, 0.0, 0.5522801516577601, 0.955013382434845, 0.0, 0.0, 0.0, 0.0, 0.0, 0.0, 0.0, 0.0, 0.0, 0.0, 0.0, 0.0, 0.0, 0.0], "3": [0.0, 0.0, 0.0, 0.0, 0.0, 0.0, 0.0, 0.0, 0.0, 0.0, 0.0, 0.0, 0.0, 0.0, 0.0, 0.0, 0.0, 0.0, 0.0, 0.0, 0.0, 0.0, 0.0, 0.0, 0.0, 0.0, 0.0, 0.0, 0.0, 0.0, 0.0, 0.0, 0.4441771388053894, 0.7591409983458343]}