{"0": [0.29119106431802116, 0.5676285727156534, 0.0, 0.0, 0.2908290912707647, 0.5613009991469207, 0.0, 0.0, 0.0, 0.0, 0.2936888260456423, 0.575011279406371, 0.2744809153179328, 0.5790132268711373, 0.2953406121581793, 0.6066854030997665, 0.26868203093763443, 0.613498991507071, 0.307142225590845, 0.6239896531458254, 0.2871169857680797, 0.6346359820277603, 0.2936546452809125, 0.6509468526751908, 0.2812068690895103, 0.6553472876824713, 0.29800463552431516, 0.6980726414256626, 0.28446533922106026, 0.7065705531725177, 0.2868670433759689, 0.7611743300049393, 0.2874634916583697, 0.7617670271131728], "1": [0.0, 0.0, 0.0, 0.0, 0.0, 0.0, 0.6487072472771008, 0.6976252187181402, 0.6642095728466908, 0.6979144670345165, 0.6372510276734829, 0.7297924017188726, 0.6729342560167424, 0.7397585851174814, 0.6258677141120036, 0.7722101284397974, 0.6817680941584209, 0.7813416979103176, 0.0, 0.0, 0.0, 0.0, 0.6390768156697353, 0.8300940427515242, 0.6632620852440596, 0.831339862170043, 0.6358736591413617, 0.8902793497950943, 0.6649906156895061, 0.8957957223609643, 0.6334484891345104, 0.9466787927680544, 0.6703735666970412, 0.9605452084982836], "2": [0.0, 0.0, 0.0, 0.0, 0.0, 0.0, 0.0, 0.0, 0.2922244432071845, 0.5508274657858743, 0.0, 0.0, 0.0, 0.0, 0.0, 0.0, 0.0, 0.0, 0.0, 0.0, 0.0, 0.0, 0.0, 0.0, 0.0, 0.0, 0.0, 0.0, 0.0, 0.0, 0.0, 0.0, 0.0, 0.0], "3": [0.0, 0.0, 0.0, 0.0, 0.0, 0.0, 0.0, 0.0, 0.0, 0.0, 0.6580185987055301, 0.3012311221272857, 0.0, 0.0, 0.0, 0.0, 0.0, 0.0, 0.0, 0.0, 0.0, 0.0, 0.0, 0.0, 0.0, 0.0, 0.0, 0.0, 0.0, 0.0, 0.0, 0.0, 0.0, 0.0], "4": [0.0, 0.0, 0.0, 0.0, 0.0, 0.0, 0.0, 0.0, 0.0, 0.0, 0.0, 0.0, 0.0, 0.0, 0.0, 0.0, 0.0, 0.0, 0.0, 0.0, 0.678204998622338, 0.7473324709468416, 0.0, 0.0, 0.0, 0.0, 0.0, 0.0, 0.0, 0.0, 0.0, 0.0, 0.0, 0.0]}