{"0": [0.4359143277009328, 0.7810410206792531, 0.4366989088555177, 0.7761336887324298, 0.0, 0.0, 0.442727348767221, 0.7764023661613463, 0.0, 0.0, 0.4643483646058788, 0.8067934318825051, 0.43279003227750457, 0.808056937765192, 0.4762611183648308, 0.8543394382353183, 0.0, 0.0, 0.4896815691143274, 0.8920539411681669, 0.0, 0.0, 0.45413096497456235, 0.8970401770538754, 0.4333776505043109, 0.8783675914561307, 0.455255052447319, 0.9285445198968605, 0.4322795975953341, 0.9213916294000767, 0.45156737153107923, 0.9555912538811012, 0.44612652622163296, 0.9699957388418692], "1": [0.0, 0.0, 0.0, 0.0, 0.0, 0.0, 0.3952139640847842, 0.7205952993145696, 0.41142874465634427, 0.7194009390142229, 0.3832920749982198, 0.758386641188904, 0.417629536613822, 0.7502746256413283, 0.3743090767413378, 0.8092469107221674, 0.4237563859265531, 0.8117603279884698, 0.3788595185925564, 0.8451650429655004, 0.0, 0.0, 0.3873241531352202, 0.8564650184578366, 0.41105734165757896, 0.8561730532734483, 0.3917266926417748, 0.9087741298807993, 0.41303821553786596, 0.9064182554130201, 0.3964745392402013, 0.9634068968119445, 0.41190261766314507, 0.9593610842194822], "2": [0.0, 0.0, 0.0, 0.0, 0.0, 0.0, 0.0, 0.0, 0.4540773903330167, 0.7728006221629955, 0.0, 0.0, 0.0, 0.0, 0.0, 0.0, 0.0, 0.0, 0.0, 0.0, 0.0, 0.0, 0.0, 0.0, 0.0, 0.0, 0.0, 0.0, 0.0, 0.0, 0.0, 0.0, 0.0, 0.0], "3": [0.0, 0.0, 0.0, 0.0, 0.0, 0.0, 0.0, 0.0, 0.0, 0.0, 0.0, 0.0, 0.0, 0.0, 0.0, 0.0, 0.0, 0.0, 0.0, 0.0, 0.4275250444499155, 0.817854601972633, 0.0, 0.0, 0.0, 0.0, 0.0, 0.0, 0.0, 0.0, 0.0, 0.0, 0.0, 0.0]}