{"0": [0.0, 0.0, 0.0, 0.0, 0.0, 0.0, 0.3806016457577546, 0.5131708649573503, 0.394533208447198, 0.5153071144664729, 0.3750183401008447, 0.5374388882407436, 0.40032066218554974, 0.5383169526303256, 0.3612642534077167, 0.5602957895508519, 0.4063046395662241, 0.5683363158393789, 0.3523103341305008, 0.5831521879743646, 0.0, 0.0, 0.3794178014000257, 0.6033240000406901, 0.39785376758081836, 0.6059169316733325, 0.37134104122718176, 0.6442112507643523, 0.3966901294887066, 0.6462206432112941, 0.3600256872363388, 0.6757300474025585, 0.3963190525770187, 0.6860460621891198], "1": [0.0, 0.0, 0.0, 0.0, 0.0, 0.0, 0.0, 0.0, 0.0, 0.0, 0.5168579983214537, 0.6799551864465077, 0.5214366242289543, 0.6748832985206886, 0.5070860614379247, 0.7102886394218162, 0.0, 0.0, 0.0, 0.0, 0.0, 0.0, 0.0, 0.0, 0.0, 0.0, 0.0, 0.0, 0.0, 0.0, 0.0, 0.0, 0.0, 0.0], "2": [0.0, 0.0, 0.0, 0.0, 0.0, 0.0, 0.0, 0.0, 0.0, 0.0, 0.0, 0.0, 0.0, 0.0, 0.0, 0.0, 0.0, 0.0, 0.0, 0.0, 0.0, 0.0, 0.0, 0.0, 0.0, 0.0, 0.5044249810278416, 0.710528020505552, 0.0, 0.0, 0.4751646727323532, 0.7331631271927445, 0.0, 0.0], "3": [0.0, 0.0, 0.0, 0.0, 0.0, 0.0, 0.0, 0.0, 0.0, 0.0, 0.0, 0.0, 0.0, 0.0, 0.0, 0.0, 0.0, 0.0, 0.0, 0.0, 0.0, 0.0, 0.0, 0.0, 0.0, 0.0, 0.0, 0.0, 0.5069464444493255, 0.7118113431665632, 0.0, 0.0, 0.4752553227047126, 0.7330247384530527]}