{"0": [0.68814394424359, 0.6589769341327526, 0.6921966464569171, 0.6527903000513714, 0.6863494818409284, 0.6518584595786201, 0.7012705843274792, 0.6558482239367786, 0.6844585721691449, 0.6528270566904986, 0.7100021098429958, 0.6937574567618193, 0.6792115673422813, 0.6860689168726957, 0.0, 0.0, 0.6751064117997885, 0.7364043970350866, 0.0, 0.0, 0.6672364329298337, 0.7739223007250715, 0.7047710463404655, 0.7948622935348086, 0.6827214308083058, 0.7930929565871202, 0.6983319355795781, 0.8636951462538154, 0.6822766792417699, 0.8573295409280102, 0.6985334592560927, 0.9333803739812639, 0.6992902686198552, 0.9334610528416104], "1": [0.6682133148734768, 0.47389386230044894, 0.0, 0.0, 0.6678111135959626, 0.47052415918420865, 0.65766941010952, 0.46252615440774847, 0.6644879861579587, 0.46831576713809264, 0.6517652898405988, 0.4785471111536026, 0.6578520404795806, 0.48535434471236333, 0.644620281085372, 0.5060282951151883, 0.6542850866913795, 0.5106307804584503, 0.0, 0.0, 0.6603873717540409, 0.5404206410602287, 0.6422366093844175, 0.5442893032122541, 0.6524680110315482, 0.5445995927822811, 0.6508200335005919, 0.5852361378846345, 0.6568083139757316, 0.5856926399248618, 0.6486653805399935, 0.6247798443944365, 0.655563238201042, 0.6263033330992416], "2": [0.0, 0.0, 0.0, 0.0, 0.0, 0.0, 0.0, 0.0, 0.0, 0.0, 0.0, 0.0, 0.0, 0.0, 0.0, 0.0, 0.0, 0.0, 0.0, 0.0, 0.9436938569376554, 0.8351325525177851, 0.0, 0.0, 0.0, 0.0, 0.0, 0.0, 0.0, 0.0, 0.0, 0.0, 0.0, 0.0], "3": [0.0, 0.0, 0.0, 0.0, 0.0, 0.0, 0.0, 0.0, 0.0, 0.0, 0.0, 0.0, 0.0, 0.0, 0.0, 0.0, 0.0, 0.0, 0.0, 0.0, 0.0, 0.0, 0.0, 0.0, 0.0, 0.0, 0.0, 0.0, 0.0, 0.0, 0.7084097209076087, 0.8912989292983655, 0.0, 0.0], "4": [0.0, 0.0, 0.0, 0.0, 0.0, 0.0, 0.0, 0.0, 0.0, 0.0, 0.0, 0.0, 0.0, 0.0, 0.0, 0.0, 0.0, 0.0, 0.0, 0.0, 0.0, 0.0, 0.0, 0.0, 0.0, 0.0, 0.0, 0.0, 0.0, 0.0, 0.0, 0.0, 0.7084154066940148, 0.8907491999643821]}