{"0": [0.591609738022089, 0.5696009026633368, 0.5935139547257374, 0.5655080553558137, 0.0, 0.0, 0.5957464796801408, 0.566518282228046, 0.6033747964849074, 0.564102949919524, 0.6023890098246434, 0.5947380705012215, 0.6057210854565104, 0.5910227391454909, 0.596937838383019, 0.6133436364156228, 0.0, 0.0, 0.5774655069224537, 0.6198576397365994, 0.5794923470666011, 0.6172506124884994, 0.610853053132693, 0.656448665978732, 0.6017973444735011, 0.6552812284065618, 0.6162803328285614, 0.7066958660880724, 0.5958564103891452, 0.6930414787045232, 0.6432530544077356, 0.7281968772411346, 0.5961738978823026, 0.7434511213390915], "1": [0.35939066695670285, 0.6356612126032511, 0.0, 0.0, 0.0, 0.0, 0.0, 0.0, 0.0, 0.0, 0.0, 0.0, 0.0, 0.0, 0.0, 0.0, 0.0, 0.0, 0.0, 0.0, 0.0, 0.0, 0.0, 0.0, 0.0, 0.0, 0.0, 0.0, 0.0, 0.0, 0.0, 0.0, 0.0, 0.0], "2": [0.0, 0.0, 0.0, 0.0, 0.0, 0.0, 0.35382416931291427, 0.6284068039170017, 0.36731189166506134, 0.6254331656076291, 0.35031846861044563, 0.6622930836346415, 0.37941344541807975, 0.6616051615388305, 0.3428006961941719, 0.7126315072730736, 0.3875937315324942, 0.7028425788437879, 0.3313367129303515, 0.7479433238506317, 0.0, 0.0, 0.3593679384638866, 0.755008707443873, 0.38240618221461775, 0.757659191776205, 0.34595167972147467, 0.8263936592472925, 0.38881221984823544, 0.8262639233635531, 0.34145798136790595, 0.8963692459795211, 0.3966755766421556, 0.8784150080548392], "3": [0.0, 0.0, 0.0, 0.0, 0.0, 0.0, 0.0, 0.0, 0.0, 0.0, 0.0, 0.0, 0.3490173061688741, 0.6635671259076507, 0.0, 0.0, 0.34348548408597707, 0.7115179582878396, 0.0, 0.0, 0.3322207731505235, 0.7467474705643125, 0.0, 0.0, 0.0, 0.0, 0.0, 0.0, 0.0, 0.0, 0.0, 0.0, 0.0, 0.0], "4": [0.0, 0.0, 0.0, 0.0, 0.0, 0.0, 0.0, 0.0, 0.0, 0.0, 0.0, 0.0, 0.0, 0.0, 0.0, 0.0, 0.5887938828517993, 0.612746826255763, 0.0, 0.0, 0.0, 0.0, 0.0, 0.0, 0.0, 0.0, 0.0, 0.0, 0.0, 0.0, 0.0, 0.0, 0.0, 0.0], "5": [0.0, 0.0, 0.0, 0.0, 0.0, 0.0, 0.0, 0.0, 0.0, 0.0, 0.0, 0.0, 0.0, 0.0, 0.0, 0.0, 0.0, 0.0, 0.0, 0.0, 0.5734950119629503, 0.567927575884042, 0.0, 0.0, 0.0, 0.0, 0.0, 0.0, 0.0, 0.0, 0.0, 0.0, 0.0, 0.0], "6": [0.0, 0.0, 0.0, 0.0, 0.0, 0.0, 0.0, 0.0, 0.0, 0.0, 0.0, 0.0, 0.0, 0.0, 0.0, 0.0, 0.0, 0.0, 0.0, 0.0, 0.3868446705241998, 0.6835433123288331, 0.0, 0.0, 0.0, 0.0, 0.0, 0.0, 0.0, 0.0, 0.0, 0.0, 0.0, 0.0], "7": [0.0, 0.0, 0.0, 0.0, 0.0, 0.0, 0.0, 0.0, 0.0, 0.0, 0.0, 0.0, 0.0, 0.0, 0.0, 0.0, 0.0, 0.0, 0.0, 0.0, 0.0, 0.0, 0.0, 0.0, 0.6175078938404719, 0.6528458582030402, 0.5958198625594378, 0.6939803940278514, 0.0, 0.0, 0.0, 0.0, 0.6424316544085741, 0.727649043224476]}