{"0": [0.5829058852046728, 0.5269299509348692, 0.5834464902679125, 0.5213488754850847, 0.5801106675217549, 0.5224755115531109, 0.0, 0.0, 0.5732702728981773, 0.5263967478716814, 0.584307495628794, 0.5448703242672814, 0.5683444351889193, 0.5558905842127624, 0.584663727444907, 0.5796793854898876, 0.5612040584906935, 0.5928137684309924, 0.0, 0.0, 0.5759428774317106, 0.6123006219113315, 0.5774338275194169, 0.6284138034891199, 0.5703399752577146, 0.631976239879926, 0.5873251228282849, 0.6818392466615747, 0.5649739280032615, 0.673351663130301, 0.5900163640268147, 0.7341562253457529, 0.5540864709764719, 0.7167758840101737], "1": [0.6521993820865949, 0.4392983423338996, 0.0, 0.0, 0.6510935917496681, 0.4356276410597343, 0.0, 0.0, 0.6462713281313578, 0.43590706807595714, 0.0, 0.0, 0.0, 0.0, 0.0, 0.0, 0.0, 0.0, 0.0, 0.0, 0.0, 0.0, 0.0, 0.0, 0.0, 0.0, 0.0, 0.0, 0.0, 0.0, 0.0, 0.0, 0.0, 0.0], "2": [0.6322335218389828, 0.44210473828845553, 0.6333157350619634, 0.43821369100500035, 0.0, 0.0, 0.638571456943949, 0.437671262467349, 0.0, 0.0, 0.641821639239788, 0.4599713020854526, 0.6436975640283588, 0.45859786514882683, 0.6437220242650559, 0.4871243825665227, 0.6431878161306183, 0.4854453552376341, 0.6277042082821329, 0.500346811198526, 0.628544352700313, 0.4988161039573175, 0.6433381719204286, 0.5243212536529259, 0.6507687953611215, 0.5231878883308835, 0.6365140669047832, 0.561106264370459, 0.6512347706283133, 0.5600244232349926, 0.6345589951922496, 0.6000069481355172, 0.6577604979276657, 0.5937354447665038], "3": [0.0, 0.0, 0.0, 0.0, 0.0, 0.0, 0.0, 0.0, 0.0, 0.0, 0.0, 0.0, 0.0, 0.0, 0.0, 0.0, 0.0, 0.0, 0.5938497570731367, 0.5900571015146043, 0.0, 0.0, 0.0, 0.0, 0.0, 0.0, 0.0, 0.0, 0.0, 0.0, 0.0, 0.0, 0.0, 0.0], "4": [0.0, 0.0, 0.0, 0.0, 0.0, 0.0, 0.0, 0.0, 0.0, 0.0, 0.0, 0.0, 0.0, 0.0, 0.0, 0.0, 0.0, 0.0, 0.5769800178008154, 0.5576098678288637, 0.0, 0.0, 0.0, 0.0, 0.0, 0.0, 0.0, 0.0, 0.0, 0.0, 0.0, 0.0, 0.0, 0.0], "5": [0.0, 0.0, 0.0, 0.0, 0.0, 0.0, 0.0, 0.0, 0.0, 0.0, 0.0, 0.0, 0.0, 0.0, 0.0, 0.0, 0.0, 0.0, 0.0, 0.0, 0.5747528620064258, 0.5545938584539626, 0.0, 0.0, 0.0, 0.0, 0.0, 0.0, 0.0, 0.0, 0.0, 0.0, 0.0, 0.0], "6": [0.0, 0.0, 0.0, 0.0, 0.0, 0.0, 0.0, 0.0, 0.0, 0.0, 0.0, 0.0, 0.0, 0.0, 0.0, 0.0, 0.0, 0.0, 0.0, 0.0, 0.6540302199621996, 0.5057629828099851, 0.0, 0.0, 0.0, 0.0, 0.0, 0.0, 0.0, 0.0, 0.0, 0.0, 0.0, 0.0], "7": [0.0, 0.0, 0.0, 0.0, 0.0, 0.0, 0.0, 0.0, 0.0, 0.0, 0.0, 0.0, 0.0, 0.0, 0.0, 0.0, 0.0, 0.0, 0.0, 0.0, 0.0, 0.0, 0.0, 0.0, 0.0, 0.0, 0.5649002104376754, 0.6719387437458392, 0.5862412363290787, 0.6828829919850384, 0.554771002754569, 0.7168518485846342, 0.5902296226471663, 0.7371115688924437]}