{"0": [0.7139595387503505, 0.6501704869446931, 0.0, 0.0, 0.7136805440609654, 0.6429959253028587, 0.0, 0.0, 0.7097421609486143, 0.641472872429424, 0.699676604817311, 0.662242491653672, 0.6927148163318634, 0.663746566021884, 0.0, 0.0, 0.7011836838598052, 0.699773792632752, 0.7105985108297318, 0.6668095866839091, 0.7098706986134251, 0.6664703108646253, 0.6865642772366604, 0.7454937958055072, 0.6983425290323794, 0.7501136438714134, 0.7024917814880609, 0.808192848055451, 0.7084116650124391, 0.8086465722984738, 0.6947913350485193, 0.8400453729363103, 0.6979128297289814, 0.8606520277482493], "1": [0.3527677358438571, 0.7125213631877193, 0.3518568569018195, 0.70553613503774, 0.0, 0.0, 0.0, 0.0, 0.0, 0.0, 0.0, 0.0, 0.0, 0.0, 0.0, 0.0, 0.0, 0.0, 0.0, 0.0, 0.0, 0.0, 0.0, 0.0, 0.0, 0.0, 0.0, 0.0, 0.0, 0.0, 0.0, 0.0, 0.0, 0.0], "2": [0.0, 0.0, 0.0, 0.0, 0.0, 0.0, 0.3526703059052428, 0.7078266078675235, 0.3683174539046983, 0.7078740808698866, 0.3440833009779453, 0.7499843515731671, 0.37818677015602586, 0.7364173815206245, 0.3381406550606092, 0.8034748095467135, 0.3847005898753802, 0.7609498785601722, 0.33933829873179394, 0.8087204553462841, 0.0, 0.0, 0.35346616866687935, 0.8493876506884893, 0.38006559846301874, 0.8476932453612487, 0.35182494999219976, 0.9296927440704571, 0.37794218013683956, 0.9264833026462131, 0.3570687003433704, 0.9921096033520169, 0.37738571340839067, 0.9947797574378826], "3": [0.0, 0.0, 0.0, 0.0, 0.0, 0.0, 0.0, 0.0, 0.0, 0.0, 0.0, 0.0, 0.0, 0.0, 0.0, 0.0, 0.0, 0.0, 0.3397984807845205, 0.7580244548894741, 0.0, 0.0, 0.0, 0.0, 0.0, 0.0, 0.0, 0.0, 0.0, 0.0, 0.0, 0.0, 0.0, 0.0], "4": [0.0, 0.0, 0.0, 0.0, 0.0, 0.0, 0.0, 0.0, 0.0, 0.0, 0.0, 0.0, 0.0, 0.0, 0.0, 0.0, 0.0, 0.0, 0.0, 0.0, 0.0, 0.0, 0.0, 0.0, 0.0, 0.0, 0.0, 0.0, 0.0, 0.0, 0.0, 0.0, 0.6911504010359446, 0.8279628192936933]}