{"0": [0.7304089546203614, 0.45788733296924167, 0.0, 0.0, 0.728893393278122, 0.4541053281890021, 0.0, 0.0, 0.7227510739893963, 0.4526700072818332, 0.7228047498346617, 0.4711724627349112, 0.7199627620478471, 0.4732629899625425, 0.0, 0.0, 0.7178232242663702, 0.49835989077885945, 0.0, 0.0, 0.7253994207829237, 0.521649064068441, 0.7168986057241757, 0.5286729317020487, 0.7195322567597031, 0.5294055702233756, 0.7160484472910563, 0.5705041867715341, 0.7169793871541817, 0.5696625254772327, 0.7214137392739455, 0.6074009506790726, 0.721124851082762, 0.6067083848847282], "1": [0.6889208490028977, 0.4524143868022495, 0.6889960434287786, 0.4495629072189331, 0.0, 0.0, 0.0, 0.0, 0.0, 0.0, 0.0, 0.0, 0.0, 0.0, 0.0, 0.0, 0.0, 0.0, 0.0, 0.0, 0.0, 0.0, 0.0, 0.0, 0.0, 0.0, 0.0, 0.0, 0.0, 0.0, 0.0, 0.0, 0.0, 0.0], "2": [0.0, 0.0, 0.0, 0.0, 0.0, 0.0, 0.39992791265249256, 0.5220762491226196, 0.41019395521531504, 0.5207801199621624, 0.3950865428894758, 0.544731678261801, 0.4171008061617613, 0.544169050924204, 0.3880374652643999, 0.5767506683314287, 0.0, 0.0, 0.37393374772121507, 0.5938771042558882, 0.0, 0.0, 0.40931422760089237, 0.6119807946461219, 0.4245181169360876, 0.6077955802281697, 0.40083784287174534, 0.6675526327557034, 0.4190522408733765, 0.6575707166283219, 0.40516493543982507, 0.7274832575409502, 0.43262448012828825, 0.7093189268200487], "3": [0.0, 0.0, 0.0, 0.0, 0.0, 0.0, 0.6911733428637187, 0.45093632053445887, 0.698741132641832, 0.4496886870375386, 0.6933948155802985, 0.47080472122739864, 0.7032786683489879, 0.4708531936009725, 0.6887442946434021, 0.49920382422429543, 0.7012419392665227, 0.5038853724797566, 0.0, 0.0, 0.7036488492041826, 0.5235953110235708, 0.6854235748192877, 0.5246648057743356, 0.6972865036378305, 0.5248999891457734, 0.6887800032272935, 0.5579281474705096, 0.6982699302025139, 0.5636554336106335, 0.6808670134904484, 0.5909107018400122, 0.6923054625590642, 0.6024638106425603], "4": [0.0, 0.0, 0.0, 0.0, 0.0, 0.0, 0.0, 0.0, 0.0, 0.0, 0.0, 0.0, 0.0, 0.0, 0.0, 0.0, 0.0, 0.0, 0.7068890420719982, 0.5201204361738982, 0.0, 0.0, 0.0, 0.0, 0.0, 0.0, 0.0, 0.0, 0.0, 0.0, 0.0, 0.0, 0.0, 0.0]}