{"0": [0.45290614751478037, 0.5720352058057432, 0.0, 0.0, 0.4518811858103921, 0.568663842148251, 0.0, 0.0, 0.4495199299106995, 0.5739694319113537, 0.44991782692571475, 0.6023962597052257, 0.4481053341800968, 0.5989383779190205, 0.46073585348203777, 0.637527033134743, 0.44741080480938156, 0.6382014967777111, 0.44889667605360345, 0.660628569788403, 0.4455069477359454, 0.6588279258321833, 0.45916508014003443, 0.6701035139461359, 0.4556921044985453, 0.668751890902166, 0.45109690396736063, 0.7046270123234502, 0.4494114618748426, 0.7034402162940414, 0.46178709777692956, 0.7316327805872317, 0.4608358096020917, 0.7296184333826036], "1": [0.0, 0.0, 0.0, 0.0, 0.0, 0.0, 0.5827891918520133, 0.470846888422966, 0.590516920760274, 0.47157293889257645, 0.5775379239891966, 0.49218965225197653, 0.5952649323890606, 0.49106171870673143, 0.5698181193321943, 0.5226056276648133, 0.606135748171558, 0.5185052231506065, 0.0, 0.0, 0.6062871521959702, 0.549953286294584, 0.582850643992424, 0.5595630319582091, 0.5976715979942431, 0.5597428765561846, 0.5792408518493175, 0.6134429516615691, 0.59408153888459, 0.6159845853293383, 0.5754997982333104, 0.6695795623792542, 0.5956620956460635, 0.6730443214928662]}