{"0": [0.0, 0.0, 0.38403164856135846, 0.5886244517509585, 0.0, 0.0, 0.38688749521970744, 0.5907092692675414, 0.39372729178479254, 0.5910137061719541, 0.37528649034599465, 0.6190314292907715, 0.40481793334086735, 0.6218842071515542, 0.3678546783824762, 0.6544850713676876, 0.4127255316823721, 0.6622176121230479, 0.3629850422342618, 0.6738428601512203, 0.41982980246345203, 0.6904644246454592, 0.3807952733710408, 0.7085819007069977, 0.40561575957884394, 0.7083220917869497, 0.3663509706656138, 0.7871720540302771, 0.41191207493344945, 0.7600328146307557, 0.35698320269584655, 0.8473232361453551, 0.41105027012526985, 0.817723194040634], "1": [0.0, 0.0, 0.0, 0.0, 0.5022866552074751, 0.6324655239780744, 0.48789743284384407, 0.6366023774500247, 0.4999519447485606, 0.6365509863252993, 0.4800570500393709, 0.6671425830434871, 0.5001541181157033, 0.6726843416690828, 0.4735492760936419, 0.6991319977022984, 0.4963962650547425, 0.7146978828918051, 0.0, 0.0, 0.49986593996485074, 0.741260759918778, 0.47127245167891185, 0.728972463199386, 0.48739489043752354, 0.7400372257939092, 0.4697089552879333, 0.7605626044449982, 0.5033549193292857, 0.7663311882151499, 0.4547785826027393, 0.7909350863209477, 0.4908734849343697, 0.8173578337386802]}