{"0": [0.502446832632025, 0.5926205893357595, 0.5051912410805622, 0.5874315548826147, 0.49973261505365374, 0.5873970379432042, 0.5089753817766904, 0.5883356174385106, 0.4951848437388738, 0.5871410171190896, 0.5119138556222121, 0.6200983058523248, 0.4918874693413576, 0.613320580455992, 0.5160617620994647, 0.6603884884604702, 0.4864961596826712, 0.6476137368215455, 0.5145546450163238, 0.6971050820968769, 0.4793564183016618, 0.6838464082391174, 0.5045654265830914, 0.7003081366143845, 0.48964236506726594, 0.699410881322843, 0.4999459084123373, 0.7545896733248675, 0.4938003688352183, 0.7547763864199319, 0.5010296512395144, 0.806694421061763, 0.5004606959720452, 0.805727223555247], "1": [0.7229756331614529, 0.6694638671146499, 0.7259295360495647, 0.6633338435932442, 0.7197385856260856, 0.6644377293410124, 0.730867596094807, 0.6630721127545393, 0.7153725527847806, 0.6650927695963117, 0.7406443955997626, 0.7018711745738984, 0.7069357703129451, 0.6978959231464951, 0.7509498029947282, 0.7547184396673132, 0.6920053494473298, 0.7296144055616525, 0.750540649270018, 0.7958765909903579, 0.6869170513004065, 0.7689708475713376, 0.7312213457383526, 0.7974008078928347, 0.7128527216613293, 0.79403873262582, 0.0, 0.0, 0.7221417087440689, 0.862081758733149, 0.7315836846828461, 0.9304998517588333, 0.7312906380044296, 0.93162963964321], "2": [0.0, 0.0, 0.0, 0.0, 0.0, 0.0, 0.0, 0.0, 0.0, 0.0, 0.0, 0.0, 0.0, 0.0, 0.0, 0.0, 0.0, 0.0, 0.0, 0.0, 0.4948689570029577, 0.6383374819049128, 0.0, 0.0, 0.0, 0.0, 0.0, 0.0, 0.0, 0.0, 0.0, 0.0, 0.0, 0.0], "3": [0.0, 0.0, 0.0, 0.0, 0.0, 0.0, 0.0, 0.0, 0.0, 0.0, 0.0, 0.0, 0.0, 0.0, 0.0, 0.0, 0.0, 0.0, 0.0, 0.0, 0.0, 0.0, 0.0, 0.0, 0.0, 0.0, 0.7121547129005193, 0.863714558493208, 0.0, 0.0, 0.7056650734196107, 0.9458471856735371, 0.0, 0.0]}