{"0": [0.6241415221244097, 0.6805957723546912, 0.6245681984970967, 0.6740604230651149, 0.6228178073807309, 0.6735570806044119, 0.0, 0.0, 0.6154629572605094, 0.6723097536298964, 0.6182534149847925, 0.7005196258425712, 0.6074808149288098, 0.7096630268626742, 0.6180484361325701, 0.7471084285665441, 0.609783154229323, 0.7559108769452131, 0.632239097977678, 0.750924872469019, 0.6339492396761973, 0.7525255358329526, 0.6071203573917349, 0.7950234133888174, 0.6147667955451955, 0.7962902210282022, 0.6123650899777809, 0.8634700073688119, 0.6233106827984254, 0.8587196482552423, 0.5838961773862441, 0.8887379297503719, 0.6253439417729775, 0.9101419885953268], "1": [0.25079223811626433, 0.6846136075479013, 0.25197781385698664, 0.6784471803241305, 0.0, 0.0, 0.2598884504288435, 0.6813974499702453, 0.0, 0.0, 0.25782439510027566, 0.7217710576399609, 0.27830904138584933, 0.7144123981948253, 0.2489896306147178, 0.7764912433094449, 0.0, 0.0, 0.2279426336288452, 0.8006564153565301, 0.0, 0.0, 0.26502307805543146, 0.8347482706661578, 0.2781701285392046, 0.8317332611039834, 0.2573729166140159, 0.8957284499097753, 0.2801139570772648, 0.9018696014527922, 0.24546858146786693, 0.9452422874945182, 0.2948247383038203, 0.9684223709283052], "2": [0.0, 0.0, 0.0, 0.0, 0.0, 0.0, 0.0, 0.0, 0.27039755632479984, 0.6803321202596029, 0.0, 0.0, 0.0, 0.0, 0.0, 0.0, 0.0, 0.0, 0.0, 0.0, 0.0, 0.0, 0.0, 0.0, 0.0, 0.0, 0.0, 0.0, 0.0, 0.0, 0.0, 0.0, 0.0, 0.0], "3": [0.0, 0.0, 0.0, 0.0, 0.0, 0.0, 0.0, 0.0, 0.0, 0.0, 0.0, 0.0, 0.0, 0.0, 0.0, 0.0, 0.24958452172577378, 0.7761172972343586, 0.0, 0.0, 0.22903403515617052, 0.8004497157202827, 0.0, 0.0, 0.0, 0.0, 0.0, 0.0, 0.0, 0.0, 0.0, 0.0, 0.0, 0.0], "4": [0.0, 0.0, 0.0, 0.0, 0.0, 0.0, 0.0, 0.0, 0.0, 0.0, 0.0, 0.0, 0.0, 0.0, 0.0, 0.0, 0.0, 0.0, 0.0, 0.0, 0.0, 0.0, 0.0, 0.0, 0.0, 0.0, 0.6254612987240156, 0.8551871664546156, 0.0, 0.0, 0.6256034890810649, 0.9092153423362309, 0.0, 0.0], "5": [0.0, 0.0, 0.0, 0.0, 0.0, 0.0, 0.0, 0.0, 0.0, 0.0, 0.0, 0.0, 0.0, 0.0, 0.0, 0.0, 0.0, 0.0, 0.0, 0.0, 0.0, 0.0, 0.0, 0.0, 0.0, 0.0, 0.0, 0.0, 0.0, 0.0, 0.0, 0.0, 0.5842111427336931, 0.8894868599043952]}