{"0": [0.6761214771618446, 0.5399070620536804, 0.6782992228865624, 0.5358125837864699, 0.6757539515693982, 0.5354526512048863, 0.685313295200467, 0.539180831555967, 0.0, 0.0, 0.6923394652704398, 0.566409705027386, 0.6744325580696265, 0.5636366385000723, 0.7005645493666331, 0.5974483094833516, 0.6731795718272527, 0.597401726466638, 0.6848749617114663, 0.6174360297344349, 0.6686064668465406, 0.6110465478152036, 0.6883931118994951, 0.6392211221986347, 0.6762356720243891, 0.6389067140994249, 0.6834169415136179, 0.6901212531107443, 0.6807529437666138, 0.6894461026898137, 0.6858334435460468, 0.7401015361150106, 0.6850794855815668, 0.7387875797571958], "1": [0.3276171756287416, 0.6205117022549664, 0.32998145607610546, 0.6148189575583847, 0.3259462956339121, 0.6071701345620332, 0.0, 0.0, 0.31880096153278525, 0.6037552483655788, 0.3359508910526832, 0.619850312007798, 0.31397095204641423, 0.630268684581474, 0.3432382150242726, 0.6585983335971832, 0.31410040132080513, 0.6754068983925714, 0.0, 0.0, 0.32882225438952445, 0.7129573312070635, 0.33869079252084094, 0.7089732208737619, 0.3217303348084291, 0.7146619414289792, 0.3431365465124448, 0.7594296862957655, 0.31936631686985495, 0.7627618696954517, 0.34009803843994935, 0.8260146472189162, 0.3177220286180576, 0.799229402453811], "2": [0.3342297018816074, 0.5922978237823203, 0.0, 0.0, 0.0, 0.0, 0.0, 0.0, 0.0, 0.0, 0.0, 0.0, 0.0, 0.0, 0.0, 0.0, 0.0, 0.0, 0.0, 0.0, 0.0, 0.0, 0.0, 0.0, 0.0, 0.0, 0.0, 0.0, 0.0, 0.0, 0.0, 0.0, 0.0, 0.0], "3": [0.0, 0.0, 0.0, 0.0, 0.0, 0.0, 0.0, 0.0, 0.0, 0.0, 0.0, 0.0, 0.0, 0.0, 0.0, 0.0, 0.0, 0.0, 0.3420901400347551, 0.626653465297487, 0.0, 0.0, 0.0, 0.0, 0.0, 0.0, 0.0, 0.0, 0.0, 0.0, 0.0, 0.0, 0.0, 0.0]}