{"0": [0.7214375594009957, 0.5773454105412519, 0.7228700069089731, 0.5712505305254901, 0.7173227125157913, 0.5737072581770244, 0.726137875393033, 0.5726256087974265, 0.7112989241878191, 0.5790814779422903, 0.7352816427281748, 0.6052215525397548, 0.7049209153900544, 0.6098793072832955, 0.7416326254606247, 0.6391635991908886, 0.6980630493101975, 0.6494297252760992, 0.7435561119423558, 0.6608446421446623, 0.0, 0.0, 0.726695551071316, 0.6922391943357609, 0.7061178577442963, 0.6919333709058938, 0.7309800124727189, 0.7521773365084772, 0.7020431421231479, 0.7508558988571167, 0.737025823071599, 0.8128837417673181, 0.7018244246797015, 0.8101433979140388], "1": [0.0, 0.0, 0.0, 0.0, 0.0, 0.0, 0.49322567544877527, 0.6700131372997055, 0.5053956568241119, 0.6719828106738903, 0.4838085734595855, 0.6908284295488287, 0.5112790439898769, 0.7018570184707642, 0.474621136362354, 0.7221500592582204, 0.5204252966990074, 0.7337095534359969, 0.46693402143816154, 0.745297063280035, 0.0, 0.0, 0.4840271120270093, 0.7813540573611304, 0.5047532595694065, 0.781871208962467, 0.4734695936863621, 0.8339825375764458, 0.5061662805344288, 0.8472230597778603, 0.469870113953948, 0.8894779823444507, 0.513736316623787, 0.9034008370505439], "2": [0.0, 0.0, 0.0, 0.0, 0.0, 0.0, 0.0, 0.0, 0.0, 0.0, 0.0, 0.0, 0.0, 0.0, 0.0, 0.0, 0.8376529602954785, 0.6820848939595399, 0.0, 0.0, 0.0, 0.0, 0.0, 0.0, 0.0, 0.0, 0.0, 0.0, 0.0, 0.0, 0.0, 0.0, 0.0, 0.0], "3": [0.0, 0.0, 0.0, 0.0, 0.0, 0.0, 0.0, 0.0, 0.0, 0.0, 0.0, 0.0, 0.0, 0.0, 0.0, 0.0, 0.0, 0.0, 0.0, 0.0, 0.6999055963009596, 0.6265273083691244, 0.0, 0.0, 0.0, 0.0, 0.0, 0.0, 0.0, 0.0, 0.0, 0.0, 0.0, 0.0], "4": [0.0, 0.0, 0.0, 0.0, 0.0, 0.0, 0.0, 0.0, 0.0, 0.0, 0.0, 0.0, 0.0, 0.0, 0.0, 0.0, 0.0, 0.0, 0.0, 0.0, 0.5365236031512419, 0.727046776700903, 0.0, 0.0, 0.0, 0.0, 0.0, 0.0, 0.0, 0.0, 0.0, 0.0, 0.0, 0.0], "5": [0.0, 0.0, 0.0, 0.0, 0.0, 0.0, 0.0, 0.0, 0.0, 0.0, 0.0, 0.0, 0.0, 0.0, 0.0, 0.0, 0.0, 0.0, 0.0, 0.0, 0.6962941092749436, 0.6971825372289728, 0.0, 0.0, 0.0, 0.0, 0.0, 0.0, 0.0, 0.0, 0.0, 0.0, 0.0, 0.0], "6": [0.0, 0.0, 0.0, 0.0, 0.0, 0.0, 0.0, 0.0, 0.0, 0.0, 0.0, 0.0, 0.0, 0.0, 0.0, 0.0, 0.0, 0.0, 0.0, 0.0, 0.0, 0.0, 0.0, 0.0, 0.0, 0.0, 0.5052399981146057, 0.8472318001919322, 0.474210363253951, 0.8331119464227447, 0.513787377687792, 0.9033312227990892, 0.0, 0.0]}