{"0": [0.3290197506546974, 0.5757106131977504, 0.3315315193807085, 0.5679451794536027, 0.3256694341699282, 0.5706736964208109, 0.33677945112188656, 0.5643673799656055, 0.32153563251098, 0.5675544401009878, 0.3456177884091934, 0.585921256630509, 0.3174564313143492, 0.5908069562028956, 0.35323484614491457, 0.6205039490152289, 0.3140889215283096, 0.628209318055047, 0.3533606369048357, 0.6706246357825068, 0.31419465026507776, 0.6681657195091248, 0.3454680579404037, 0.6649071110619439, 0.3268465796795984, 0.6685488290256925, 0.3416325795153777, 0.7247268347828475, 0.3309813041239977, 0.7271314005057017, 0.3426732347657283, 0.7802468770080142, 0.3378300795952479, 0.7761243542035421], "1": [0.41257226169109346, 0.5457171824243333, 0.4146304095746018, 0.5401636883064552, 0.41006099665537477, 0.5404380506939358, 0.4183324436036249, 0.5401473235200953, 0.40607991960520545, 0.5414974358346727, 0.42683676453307273, 0.5670354941652881, 0.40131716523319483, 0.5699176642629835, 0.4336332658926646, 0.6031412557871253, 0.39334750765313703, 0.5969070119990243, 0.43648483355840045, 0.6286532600720723, 0.0, 0.0, 0.42316814949736, 0.6450674174008546, 0.4108117581655582, 0.6460795448886023, 0.42705878824926913, 0.6942892839511235, 0.409230670829614, 0.6931745993870276, 0.4273787065098683, 0.7413543003576774, 0.4109708037227392, 0.7383752233452268], "2": [0.0, 0.0, 0.0, 0.0, 0.0, 0.0, 0.0, 0.0, 0.0, 0.0, 0.40121844684084257, 0.570898069717266, 0.4264503915483753, 0.5683367866056936, 0.3931461780021588, 0.5970453538828426, 0.43421525818606216, 0.6031109972132577, 0.0, 0.0, 0.43682256117463114, 0.6305384580735807, 0.40500905017058053, 0.6439915420832457, 0.4256586660941442, 0.642682362706573, 0.40944204404950135, 0.6948526316218907, 0.4265462212885419, 0.6947315891583761, 0.0, 0.0, 0.429082736124595, 0.7463192930927983], "3": [0.0, 0.0, 0.0, 0.0, 0.0, 0.0, 0.0, 0.0, 0.0, 0.0, 0.0, 0.0, 0.0, 0.0, 0.0, 0.0, 0.0, 0.0, 0.3489122424274683, 0.6088194365854617, 0.0, 0.0, 0.0, 0.0, 0.0, 0.0, 0.0, 0.0, 0.0, 0.0, 0.0, 0.0, 0.0, 0.0], "4": [0.0, 0.0, 0.0, 0.0, 0.0, 0.0, 0.0, 0.0, 0.0, 0.0, 0.0, 0.0, 0.0, 0.0, 0.0, 0.0, 0.0, 0.0, 0.0, 0.0, 0.31681646990279355, 0.6107837549238293, 0.0, 0.0, 0.0, 0.0, 0.0, 0.0, 0.0, 0.0, 0.0, 0.0, 0.0, 0.0], "5": [0.0, 0.0, 0.0, 0.0, 0.0, 0.0, 0.0, 0.0, 0.0, 0.0, 0.0, 0.0, 0.0, 0.0, 0.0, 0.0, 0.0, 0.0, 0.0, 0.0, 0.39613022059202196, 0.5827692044002039, 0.0, 0.0, 0.0, 0.0, 0.0, 0.0, 0.0, 0.0, 0.0, 0.0, 0.0, 0.0]}