{"0": [0.5024779488332569, 0.6916299652170252, 0.5052302526930968, 0.6866123058177807, 0.4989242021615307, 0.6893211461879588, 0.507420155654351, 0.6881592472394308, 0.4978761394857429, 0.6909860674981718, 0.5129533695677916, 0.7093902164035373, 0.49529665373265747, 0.7118787043624454, 0.518267201508085, 0.7268214565736276, 0.5002798226972421, 0.7443841061451368, 0.5328023623675109, 0.7256718498689158, 0.0, 0.0, 0.0, 0.0, 0.0, 0.0, 0.0, 0.0, 0.0, 0.0, 0.0, 0.0, 0.0, 0.0], "1": [0.49733038817842795, 0.7311861841766922, 0.5014395908763011, 0.7279091945400944, 0.0, 0.0, 0.5064463983134677, 0.7292093839082453, 0.0, 0.0, 0.5180956942339738, 0.7476716633196229, 0.5015323544541995, 0.7477547442471539, 0.5302764136965076, 0.7627456141842737, 0.0, 0.0, 0.5151280083383123, 0.7790728328404604, 0.0, 0.0, 0.5225320492560664, 0.8088807788160112, 0.5013676069676877, 0.8021924240721596, 0.52558879951636, 0.867213327796371, 0.48997472288707894, 0.8490599557205483, 0.5365654731790225, 0.9005367012487517, 0.48881373051553967, 0.9023370129090769], "2": [0.32110279363890487, 0.6274416399222833, 0.0, 0.0, 0.3198059007525444, 0.6229384020522789, 0.0, 0.0, 0.31365065375963846, 0.6269654913081063, 0.2920681320130825, 0.6682500466152473, 0.3191479364099602, 0.6678960859775543, 0.2876474561790625, 0.6866617167437518, 0.3178969533493122, 0.7157569135780688, 0.0, 0.0, 0.3290366388857365, 0.7563481167510704, 0.29794417799760897, 0.7570322213349518, 0.31763518576820693, 0.7572653593840423, 0.29714595917612313, 0.8201191383379478, 0.3244960779945056, 0.8116392137827697, 0.29171592767039933, 0.8874363312014827, 0.3180790275335312, 0.8766515450345145], "3": [0.0, 0.0, 0.0, 0.0, 0.0, 0.0, 0.30076042041182516, 0.6525078316529593, 0.0, 0.0, 0.0, 0.0, 0.0, 0.0, 0.0, 0.0, 0.0, 0.0, 0.0, 0.0, 0.0, 0.0, 0.0, 0.0, 0.0, 0.0, 0.0, 0.0, 0.0, 0.0, 0.0, 0.0, 0.0, 0.0]}