{"0": [0.650712363794446, 0.5484528221465923, 0.6522612936794758, 0.543483653002315, 0.6496606364846229, 0.5450927637241505, 0.6595267021407684, 0.5423209530335885, 0.0, 0.0, 0.6710973657667637, 0.5677554651542948, 0.6525223848720392, 0.567591700013037, 0.6785325250277917, 0.6000540927604393, 0.6533472313235203, 0.6010891104186022, 0.6687806423772903, 0.6295014646318223, 0.6444774676114321, 0.6146610154045953, 0.6674385347714027, 0.6420521316704927, 0.6519785038816432, 0.6404310241617538, 0.667601594577233, 0.6880101184050242, 0.6494489243874947, 0.6881074221045883, 0.6677342712879181, 0.7336957414944967, 0.6463666448990504, 0.7396366523371803], "1": [0.38162882293884953, 0.6276886979738872, 0.0, 0.0, 0.3807601829680304, 0.6218429068724315, 0.0, 0.0, 0.0, 0.0, 0.0, 0.0, 0.0, 0.0, 0.0, 0.0, 0.0, 0.0, 0.0, 0.0, 0.0, 0.0, 0.0, 0.0, 0.0, 0.0, 0.0, 0.0, 0.0, 0.0, 0.0, 0.0, 0.0, 0.0], "2": [0.0, 0.0, 0.38182644682625927, 0.6228970814634254, 0.0, 0.0, 0.0, 0.0, 0.0, 0.0, 0.0, 0.0, 0.0, 0.0, 0.0, 0.0, 0.0, 0.0, 0.0, 0.0, 0.0, 0.0, 0.0, 0.0, 0.0, 0.0, 0.0, 0.0, 0.0, 0.0, 0.0, 0.0, 0.0, 0.0], "3": [0.0, 0.0, 0.0, 0.0, 0.0, 0.0, 0.36993731719752154, 0.6243289637344854, 0.38515569278970363, 0.6244713866048389, 0.36163416604201, 0.6632932743540516, 0.39579282117386655, 0.6595872435304855, 0.3597751252974073, 0.7144499102124462, 0.4046169741700093, 0.7127823847311514, 0.36411721259355545, 0.7306107097201877, 0.4014533573140701, 0.7508753888033054, 0.36849291034353276, 0.7568858051741565, 0.38972640509406725, 0.7563377049234178, 0.3688782119502624, 0.8266154582301775, 0.39398441907639303, 0.8146435636061209, 0.37112777307629585, 0.9041355678328762, 0.39655499955018364, 0.8755813521367531], "4": [0.0, 0.0, 0.0, 0.0, 0.0, 0.0, 0.0, 0.0, 0.0, 0.0, 0.0, 0.0, 0.8392094456901152, 0.6016105665100946, 0.0, 0.0, 0.8478287928039208, 0.6309827716262252, 0.0, 0.0, 0.8527725326518217, 0.632416953753542, 0.8344126698871454, 0.6563353764790075, 0.8424069763471683, 0.6547055918309423, 0.0, 0.0, 0.0, 0.0, 0.0, 0.0, 0.0, 0.0]}