{"0": [0.579888699700435, 0.5708652792153535, 0.5812551302214464, 0.565612009940324, 0.0, 0.0, 0.5841403779884179, 0.5667851642326073, 0.0, 0.0, 0.5894934541080147, 0.5911570888978462, 0.5906883849076405, 0.5905066455527767, 0.5725027996604521, 0.6020812868265478, 0.5687750161159784, 0.6010559404337847, 0.5483759085958203, 0.6101872670429724, 0.549827178567648, 0.6101656316607087, 0.597023298467199, 0.6589971939722697, 0.6064412215103706, 0.6554941718294113, 0.5934358110651374, 0.7045267305992268, 0.5974847756326198, 0.7033866776360406, 0.5928873442113399, 0.7433717391005269, 0.6185851643948506, 0.7219302686276258], "1": [0.0, 0.0, 0.0, 0.0, 0.0, 0.0, 0.3332912857333819, 0.6351076788372464, 0.34866741225123404, 0.6340881118067989, 0.33100170621958874, 0.6695688284105725, 0.3569694549466173, 0.6690893214057994, 0.32795935347676275, 0.727174542568348, 0.3627438488105933, 0.7112134489748213, 0.3195932937785983, 0.7569521864255269, 0.0, 0.0, 0.3419267617166042, 0.7672848860422771, 0.36217633734146754, 0.7664616954409413, 0.3279578207060695, 0.8312638949464869, 0.3696420135597388, 0.8242973425874004, 0.331974692394336, 0.9092006178917709, 0.38259777600566547, 0.8897299185947135], "2": [0.0, 0.0, 0.0, 0.0, 0.0, 0.0, 0.0, 0.0, 0.592342821508646, 0.5656183313440394, 0.0, 0.0, 0.0, 0.0, 0.0, 0.0, 0.0, 0.0, 0.0, 0.0, 0.0, 0.0, 0.0, 0.0, 0.0, 0.0, 0.0, 0.0, 0.0, 0.0, 0.0, 0.0, 0.0, 0.0], "3": [0.0, 0.0, 0.0, 0.0, 0.0, 0.0, 0.0, 0.0, 0.0, 0.0, 0.0, 0.0, 0.0, 0.0, 0.0, 0.0, 0.0, 0.0, 0.0, 0.0, 0.3204313804705938, 0.7577883804285968, 0.0, 0.0, 0.0, 0.0, 0.0, 0.0, 0.0, 0.0, 0.0, 0.0, 0.0, 0.0], "4": [0.0, 0.0, 0.0, 0.0, 0.0, 0.0, 0.0, 0.0, 0.0, 0.0, 0.0, 0.0, 0.0, 0.0, 0.0, 0.0, 0.0, 0.0, 0.0, 0.0, 0.0, 0.0, 0.0, 0.0, 0.0, 0.0, 0.0, 0.0, 0.0, 0.0, 0.6187574491923442, 0.7224268360270393, 0.0, 0.0], "5": [0.0, 0.0, 0.0, 0.0, 0.0, 0.0, 0.0, 0.0, 0.0, 0.0, 0.0, 0.0, 0.0, 0.0, 0.0, 0.0, 0.0, 0.0, 0.0, 0.0, 0.0, 0.0, 0.0, 0.0, 0.0, 0.0, 0.0, 0.0, 0.0, 0.0, 0.0, 0.0, 0.5928124601642291, 0.7406380765967899]}