{"0": [0.0, 0.0, 0.0, 0.0, 0.0, 0.0, 0.5651475988949338, 0.4172659845263869, 0.5765474372232954, 0.41805775303531584, 0.56184675420324, 0.440313018941217, 0.5778342156360546, 0.4393038623862796, 0.5618092651168506, 0.4622621996535195, 0.580455190812548, 0.4736123804692869, 0.0, 0.0, 0.5908388244609039, 0.5018295814593633, 0.5634693960348766, 0.49850145125830614, 0.5751833966622751, 0.5011515441868041, 0.5630217836548884, 0.5417413629867412, 0.5811342955023672, 0.5404912630716959, 0.5533859389523665, 0.5834645368434765, 0.5842824303855498, 0.5785910197982082], "1": [0.0, 0.0, 0.0, 0.0, 0.0, 0.0, 0.404756419112285, 0.5839796280419385, 0.41259156838059424, 0.5849972384947317, 0.406711981104066, 0.6127152384431274, 0.4076283266146978, 0.6184080552240765, 0.41744236486653485, 0.6481912752682412, 0.4099851474786798, 0.6632725393054661, 0.43114003198376555, 0.6600143706357038, 0.4239913258701563, 0.6958128578133054, 0.40201575835235415, 0.6924353819754389, 0.4082952315608661, 0.6941479871670405, 0.3956631125261386, 0.7479672608552156, 0.4211165529986223, 0.7450958021261074, 0.3862491838634014, 0.7973480580029665, 0.43038713956872626, 0.7982816084667489], "2": [0.0, 0.0, 0.0, 0.0, 0.0, 0.0, 0.0, 0.0, 0.0, 0.0, 0.0, 0.0, 0.0, 0.0, 0.0, 0.0, 0.0, 0.0, 0.9507662432889143, 0.8497985229448037, 0.0, 0.0, 0.0, 0.0, 0.0, 0.0, 0.0, 0.0, 0.0, 0.0, 0.0, 0.0, 0.0, 0.0], "3": [0.0, 0.0, 0.0, 0.0, 0.0, 0.0, 0.0, 0.0, 0.0, 0.0, 0.0, 0.0, 0.0, 0.0, 0.0, 0.0, 0.0, 0.0, 0.0, 0.0, 0.4314962988719344, 0.6605982639171459, 0.0, 0.0, 0.0, 0.0, 0.0, 0.0, 0.0, 0.0, 0.0, 0.0, 0.0, 0.0], "4": [0.0, 0.0, 0.0, 0.0, 0.0, 0.0, 0.0, 0.0, 0.0, 0.0, 0.0, 0.0, 0.0, 0.0, 0.0, 0.0, 0.0, 0.0, 0.0, 0.0, 0.0, 0.0, 0.0, 0.0, 0.0, 0.0, 0.42099592176576456, 0.7432165443897247, 0.395209617788593, 0.7490821259993093, 0.42966777421534064, 0.7980015579197143, 0.3860399998103579, 0.7969535467801271], "5": [0.0, 0.0, 0.0, 0.0, 0.0, 0.0, 0.0, 0.0, 0.0, 0.0, 0.0, 0.0, 0.0, 0.0, 0.0, 0.0, 0.0, 0.0, 0.0, 0.0, 0.0, 0.0, 0.0, 0.0, 0.0, 0.0, 0.5816282945374648, 0.5402907331784567, 0.5618306202193101, 0.5420933348161202, 0.5841279579947393, 0.5779565965687787, 0.0, 0.0], "6": [0.0, 0.0, 0.0, 0.0, 0.0, 0.0, 0.0, 0.0, 0.0, 0.0, 0.0, 0.0, 0.0, 0.0, 0.0, 0.0, 0.0, 0.0, 0.0, 0.0, 0.0, 0.0, 0.0, 0.0, 0.0, 0.0, 0.0, 0.0, 0.0, 0.0, 0.0, 0.0, 0.5525332621298731, 0.5828820431673968]}