{"0": [0.3682569713331759, 0.5232098038549777, 0.37050616368651396, 0.519042322812257, 0.36841830499470235, 0.5182005771884212, 0.37854595681031544, 0.5210745842368515, 0.0, 0.0, 0.3705319290359815, 0.5530222555001578, 0.3916602939367294, 0.5461253785424762, 0.37030018145839366, 0.5975221829281913, 0.3987098462879658, 0.5806318539160269, 0.3606361433397979, 0.614626779821184, 0.4020732383680297, 0.6027192914927447, 0.37741934846465786, 0.6337740859223737, 0.39312687957038484, 0.6303971827030181, 0.37547207785149417, 0.69312074046444, 0.3930604722971717, 0.6773676398451681, 0.3774879592160384, 0.7455459732700277, 0.40293463971465826, 0.7118580261866252], "1": [0.05117520211885373, 0.5311010890536838, 0.05491395816206932, 0.5258938630421957, 0.047934005161126454, 0.5259388221634759, 0.06457165829100026, 0.529218118775774, 0.0, 0.0, 0.06985515331228574, 0.5568289913513041, 0.054489388565222424, 0.5544204992276651, 0.0, 0.0, 0.0, 0.0, 0.05234431093558669, 0.5676798507019326, 0.0, 0.0, 0.0, 0.0, 0.0, 0.0, 0.0, 0.0, 0.0, 0.0, 0.0, 0.0, 0.0, 0.0], "2": [0.0, 0.0, 0.0, 0.0, 0.0, 0.0, 0.0, 0.0, 0.0, 0.0, 0.38877874153355757, 0.5471964476285157, 0.3693267891183496, 0.5521944678492016, 0.0, 0.0, 0.0, 0.0, 0.0, 0.0, 0.0, 0.0, 0.0, 0.0, 0.37591845020651815, 0.6291356567983274, 0.0, 0.0, 0.3760183165470759, 0.6912972846516856, 0.0, 0.0, 0.37771477873126663, 0.7445947996168225]}