{"0": [0.4009855472793182, 0.6126366837157143, 0.4022476982946197, 0.608142285876804, 0.4003749586641788, 0.608491301978076, 0.4053822627911965, 0.6115325545271237, 0.398145604863142, 0.610024466779497, 0.416052520647645, 0.6461432395157991, 0.38475414936741187, 0.6499536173211203, 0.0, 0.0, 0.38227925822138786, 0.7006960988596633, 0.0, 0.0, 0.0, 0.0, 0.41065727869669594, 0.7378085111026411, 0.3905816353236636, 0.7483837134308285, 0.4135997644315163, 0.8041749759956642, 0.0, 0.0, 0.0, 0.0, 0.0, 0.0], "1": [0.0, 0.0, 0.0, 0.0, 0.0, 0.0, 0.7154871888458729, 0.573325620315693, 0.7295438329378764, 0.5742546290573146, 0.707643364990751, 0.6014042337735493, 0.7367540407925844, 0.6038774371837025, 0.6976946758572012, 0.6377700567245482, 0.745944972584645, 0.6400271183362714, 0.693377261298398, 0.6592884725994534, 0.7501207741598289, 0.66664068169064, 0.7117591741184394, 0.6787778069575627, 0.7300391917427381, 0.6825062762807915, 0.7121253947416941, 0.7270901691030573, 0.7290463640044132, 0.7373308539942459, 0.7101978991491098, 0.7637772772047254, 0.7273161690216512, 0.7961696494094752], "2": [0.0, 0.0, 0.0, 0.0, 0.0, 0.0, 0.0, 0.0, 0.0, 0.0, 0.3846595332026482, 0.6490790749037707, 0.416448079670469, 0.647670380550402, 0.38148835686345894, 0.699505489402347, 0.4251961206396421, 0.6975808883154835, 0.0, 0.0, 0.42709077489804864, 0.7132536556985644, 0.3895597941222756, 0.7403201778729757, 0.41149905410905674, 0.7421261025799645, 0.38887794508288304, 0.8080513124112729, 0.4148804854291181, 0.8039094322257572, 0.3947628988573949, 0.87851225198419, 0.41778056466331087, 0.8664609604411656]}