{"0": [0.0, 0.0, 0.0, 0.0, 0.0, 0.0, 0.5293044070402781, 0.5743763584781576, 0.5438998534499357, 0.5740491273399029, 0.5216059688478708, 0.6042354263641216, 0.5499991949647665, 0.6016265209074374, 0.5134559015432993, 0.6468812789078112, 0.5578290862341722, 0.6384858886400858, 0.5070633715639512, 0.6643523606989119, 0.0, 0.0, 0.5257145486772061, 0.6758319907718234, 0.5452793842802445, 0.6741527605939793, 0.527718752870957, 0.7251732331735117, 0.5410471605757873, 0.7246146308051216, 0.5318165140226483, 0.7746581824841323, 0.538397250076135, 0.7738283794511247], "1": [0.0, 0.0, 0.0, 0.0, 0.0, 0.0, 0.6327100502947967, 0.6400322485853125, 0.6471949325874448, 0.6414065945479605, 0.6198773511995872, 0.6711118397889314, 0.6555004989728331, 0.6820652725519958, 0.6095690529172619, 0.7213299430630825, 0.6555360451340675, 0.7399900383419461, 0.0, 0.0, 0.6587496930112441, 0.7825652934886791, 0.6206362098455428, 0.7738321823378405, 0.6454306427389384, 0.7767507517779315, 0.6183770140943428, 0.8432845972202442, 0.6465008396655321, 0.8367020414935218, 0.6155401619151235, 0.9172014196713767, 0.6530138631661733, 0.8985674719015757]}