{"0": [0.6287995578100284, 0.45837449762556287, 0.6313058554815749, 0.4541228117766204, 0.6261138395095865, 0.45494223761337776, 0.6358822957612574, 0.4510477417045169, 0.6223431063815952, 0.45460506721779154, 0.6409973918149868, 0.47028091717511417, 0.6188575669812659, 0.47058697003457284, 0.6507779097805421, 0.4909001628557841, 0.610426150089673, 0.4952069973504102, 0.6527497810001175, 0.51315905838101, 0.6030989034101367, 0.5187518945446721, 0.6376747387150925, 0.5303723608454068, 0.6220611230159799, 0.5297665565654084, 0.6337815356751282, 0.5723984211683273, 0.6198287365337213, 0.5687775651613872, 0.6341335785885652, 0.6162870120119165, 0.6335240972538789, 0.6148352079921299], "1": [0.0, 0.0, 0.0, 0.0, 0.0, 0.0, 0.40286308353145917, 0.5012974704857226, 0.41195440565546354, 0.5012235204378764, 0.40116102813432614, 0.5302848391510823, 0.42185863181948663, 0.5271480964289771, 0.39641377292573454, 0.5672911552919282, 0.4224590666902562, 0.5614065017965105, 0.39159419660766914, 0.5953964252162862, 0.0, 0.0, 0.4072025934855143, 0.5977867250089293, 0.42093289718031884, 0.5963474796567526, 0.4087323223551114, 0.64348552469854, 0.41325245723128323, 0.641288871842402, 0.41464731079759076, 0.6852795860074736, 0.41482651407519977, 0.684202250065627], "2": [0.0, 0.0, 0.0, 0.0, 0.0, 0.0, 0.0, 0.0, 0.05991918643315633, 0.5115725603368547, 0.04735098636398713, 0.5318575249777899, 0.06052494533360005, 0.5350769839904926, 0.0, 0.0, 0.06667753234505654, 0.5672861945297983, 0.0, 0.0, 0.0, 0.0, 0.0, 0.0, 0.06064210173984368, 0.5942983075424478, 0.0, 0.0, 0.0, 0.0, 0.0, 0.0, 0.0, 0.0], "3": [0.0, 0.0, 0.0, 0.0, 0.0, 0.0, 0.0, 0.0, 0.0, 0.0, 0.0, 0.0, 0.0, 0.0, 0.0, 0.0, 0.0, 0.0, 0.6423017136752605, 0.47317405806647406, 0.0, 0.0, 0.0, 0.0, 0.0, 0.0, 0.0, 0.0, 0.0, 0.0, 0.0, 0.0, 0.0, 0.0], "4": [0.0, 0.0, 0.0, 0.0, 0.0, 0.0, 0.0, 0.0, 0.0, 0.0, 0.0, 0.0, 0.0, 0.0, 0.0, 0.0, 0.0, 0.0, 0.0, 0.0, 0.6185776049271225, 0.4774135238594478, 0.0, 0.0, 0.0, 0.0, 0.0, 0.0, 0.0, 0.0, 0.0, 0.0, 0.0, 0.0]}