{"0": [0.5271157538460102, 0.6058022273911369, 0.5291361689567566, 0.6010344876183404, 0.0, 0.0, 0.5353858863430409, 0.6017912330450835, 0.0, 0.0, 0.5310463498812169, 0.6341230550849879, 0.5515124545743068, 0.6232388450039757, 0.523451955554386, 0.6783364658002501, 0.5620813136299451, 0.6527115567966744, 0.5142832826822996, 0.6729222915790699, 0.5502721267441909, 0.6603260141831857, 0.5332181259989739, 0.7084684646791882, 0.5479030039171146, 0.7035281044465526, 0.5265728009243806, 0.759205934960671, 0.538830510340631, 0.7592969454342017, 0.536446710738043, 0.811508211410708, 0.5385149585704009, 0.8123025539848538], "1": [0.4226635295432061, 0.7799743834469054, 0.4199807796627283, 0.774959741919129, 0.0, 0.0, 0.42962233386933796, 0.7663164475173861, 0.0, 0.0, 0.45636564545178165, 0.7794393587995458, 0.4422023374587297, 0.7895360463747272, 0.48205572795122864, 0.8050972979377817, 0.0, 0.0, 0.46714765566090743, 0.8401511799406123, 0.44195278311769165, 0.8347457301837427, 0.4801977296670278, 0.8489739333037978, 0.46274879686534404, 0.854498725688016, 0.4708472728729248, 0.9247073135994098, 0.4395537793422894, 0.9079129709689705, 0.0, 0.0, 0.4631084707876047, 0.9772953839213759], "2": [0.0, 0.0, 0.0, 0.0, 0.0, 0.0, 0.0, 0.0, 0.0, 0.0, 0.0, 0.0, 0.0, 0.0, 0.4609579248353839, 0.7709055565021656, 0.0, 0.0, 0.0, 0.0, 0.0, 0.0, 0.0, 0.0, 0.0, 0.0, 0.0, 0.0, 0.0, 0.0, 0.0, 0.0, 0.0, 0.0], "3": [0.0, 0.0, 0.0, 0.0, 0.0, 0.0, 0.0, 0.0, 0.0, 0.0, 0.0, 0.0, 0.0, 0.0, 0.0, 0.0, 0.4322837156554063, 0.8126756607382386, 0.0, 0.0, 0.0, 0.0, 0.0, 0.0, 0.0, 0.0, 0.0, 0.0, 0.0, 0.0, 0.0, 0.0, 0.0, 0.0], "4": [0.0, 0.0, 0.0, 0.0, 0.0, 0.0, 0.0, 0.0, 0.0, 0.0, 0.0, 0.0, 0.0, 0.0, 0.0, 0.0, 0.0, 0.0, 0.5488241482526064, 0.6585644587322518, 0.0, 0.0, 0.0, 0.0, 0.0, 0.0, 0.0, 0.0, 0.0, 0.0, 0.0, 0.0, 0.0, 0.0], "5": [0.0, 0.0, 0.0, 0.0, 0.0, 0.0, 0.0, 0.0, 0.0, 0.0, 0.0, 0.0, 0.0, 0.0, 0.0, 0.0, 0.0, 0.0, 0.0, 0.0, 0.0, 0.0, 0.0, 0.0, 0.0, 0.0, 0.0, 0.0, 0.0, 0.0, 0.46691095555822054, 0.9858856640480183, 0.0, 0.0]}