{"0": [0.6296438582241535, 0.4942654879004867, 0.630696817735831, 0.4891619547649666, 0.6263858462373416, 0.48941287133428785, 0.0, 0.0, 0.6212391287088395, 0.49012339424203943, 0.6350391977777083, 0.5144175684010541, 0.6125093673666319, 0.5151124344103866, 0.6375205677002669, 0.5339829645774983, 0.6077830633769433, 0.5460890960914118, 0.6455566192666691, 0.5471845282448663, 0.6170922632018725, 0.5674077999812586, 0.6321921731034913, 0.5811994245206868, 0.6200898330658674, 0.5817301564194538, 0.6320841440930963, 0.6242453482415941, 0.6208950856079658, 0.6241567005713781, 0.6315948204137385, 0.6648059405662395, 0.6097328516344229, 0.6451754278606838], "1": [0.3257636142273744, 0.6444523327880436, 0.3275495313107967, 0.6392690583511635, 0.0, 0.0, 0.3352432606120905, 0.6421920114093357, 0.0, 0.0, 0.3438945737977822, 0.677075152154322, 0.3340498912045459, 0.6770813572628914, 0.3445918487384915, 0.7338296583405247, 0.3292126809557279, 0.7318133005389461, 0.3331013202667236, 0.7770907532285761, 0.3234348342133065, 0.7714872814990855, 0.33661621486147236, 0.7866824428240458, 0.32877130967875323, 0.7821666480766404, 0.3344767363121112, 0.8501780695385404, 0.32850413980583354, 0.8492929544713761, 0.3602323494851589, 0.8971130379924068, 0.33254531398415565, 0.9113007448337698], "2": [0.4725611903394261, 0.8781866833015725, 0.4739931986977657, 0.8760584875389382, 0.47086578346788877, 0.8760570405809968, 0.0, 0.0, 0.4661930985748768, 0.8775220331218506, 0.4766206769893567, 0.8944712393813663, 0.4610965088630716, 0.8934662233900141, 0.0, 0.0, 0.0, 0.0, 0.0, 0.0, 0.0, 0.0, 0.0, 0.0, 0.0, 0.0, 0.0, 0.0, 0.0, 0.0, 0.0, 0.0, 0.0, 0.0], "3": [0.0, 0.0, 0.0, 0.0, 0.0, 0.0, 0.0, 0.0, 0.0, 0.0, 0.8459001534928879, 0.5233134007012402, 0.0, 0.0, 0.8510308630764485, 0.5523986043753447, 0.0, 0.0, 0.8501063883304596, 0.5698061358045649, 0.0, 0.0, 0.8406920365989208, 0.5813998778523117, 0.8343179958562056, 0.5804407173836673, 0.8335151145855586, 0.6242580376289509, 0.8318431836863359, 0.6246616118484073, 0.0, 0.0, 0.0, 0.0], "4": [0.0, 0.0, 0.0, 0.0, 0.0, 0.0, 0.0, 0.0, 0.0, 0.0, 0.0, 0.0, 0.0, 0.0, 0.0, 0.0, 0.0, 0.0, 0.6346912315736214, 0.5065697795814939, 0.0, 0.0, 0.0, 0.0, 0.0, 0.0, 0.0, 0.0, 0.0, 0.0, 0.0, 0.0, 0.0, 0.0], "5": [0.0, 0.0, 0.0, 0.0, 0.0, 0.0, 0.0, 0.0, 0.0, 0.0, 0.0, 0.0, 0.0, 0.0, 0.0, 0.0, 0.0, 0.0, 0.0, 0.0, 0.0, 0.0, 0.0, 0.0, 0.0, 0.0, 0.0, 0.0, 0.0, 0.0, 0.3324178638557593, 0.9129488980328595, 0.0, 0.0], "6": [0.0, 0.0, 0.0, 0.0, 0.0, 0.0, 0.0, 0.0, 0.0, 0.0, 0.0, 0.0, 0.0, 0.0, 0.0, 0.0, 0.0, 0.0, 0.0, 0.0, 0.0, 0.0, 0.0, 0.0, 0.0, 0.0, 0.0, 0.0, 0.0, 0.0, 0.6104084035915245, 0.6437308114987833, 0.0, 0.0], "7": [0.0, 0.0, 0.0, 0.0, 0.0, 0.0, 0.0, 0.0, 0.0, 0.0, 0.0, 0.0, 0.0, 0.0, 0.0, 0.0, 0.0, 0.0, 0.0, 0.0, 0.0, 0.0, 0.0, 0.0, 0.0, 0.0, 0.0, 0.0, 0.0, 0.0, 0.0, 0.0, 0.3595392496014635, 0.8960913587499548], "8": [0.0, 0.0, 0.0, 0.0, 0.0, 0.0, 0.0, 0.0, 0.0, 0.0, 0.0, 0.0, 0.0, 0.0, 0.0, 0.0, 0.0, 0.0, 0.0, 0.0, 0.0, 0.0, 0.0, 0.0, 0.0, 0.0, 0.0, 0.0, 0.0, 0.0, 0.0, 0.0, 0.6309192076014976, 0.6664844557091042]}