{"0": [0.2555737828835845, 0.6323580880959828, 0.25826872463027634, 0.624904411037763, 0.25237018885090945, 0.6266507878347679, 0.26459392977509805, 0.6200739081259126, 0.2474425815045834, 0.6267124980688095, 0.2755095198750495, 0.6365667638955292, 0.2469897190729777, 0.6529802719751994, 0.28954126631918675, 0.6560731392767695, 0.24760715793818236, 0.6857864041019369, 0.29479307097693286, 0.6826681353427746, 0.0, 0.0, 0.279290472343564, 0.7142570827294279, 0.2599885554984212, 0.7179871572388543, 0.2758582210789124, 0.7669745586536548, 0.26005330256496867, 0.7643019183918283, 0.27388421893119813, 0.8240971086201845, 0.2709757963816325, 0.8194031480837751], "1": [0.0, 0.0, 0.0, 0.0, 0.0, 0.0, 0.46879319797347613, 0.7298192249955955, 0.4778420779233178, 0.7339099259288223, 0.46425894868249695, 0.7607048843745833, 0.4729575667025832, 0.7698964869534527, 0.4749314385155837, 0.8156434441054309, 0.47669669538736337, 0.816605042969739, 0.0, 0.0, 0.4861255747576555, 0.8555892354394826, 0.47209498354544244, 0.8690901978148354, 0.47876724464197956, 0.8629977763975384, 0.47698266963319225, 0.9234553311710004, 0.492055419832468, 0.9204763594600889, 0.4744337633252143, 0.9751315783571314, 0.4744474576165279, 0.9746191502721221], "2": [0.0, 0.0, 0.0, 0.0, 0.0, 0.0, 0.0, 0.0, 0.0, 0.0, 0.0, 0.0, 0.0, 0.0, 0.0, 0.0, 0.0, 0.0, 0.0, 0.0, 0.0, 0.0, 0.0, 0.0, 0.0, 0.0, 0.10775603304306666, 0.7080785506301457, 0.0, 0.0, 0.10823828056454658, 0.7580668602828626, 0.0, 0.0], "3": [0.0, 0.0, 0.0, 0.0, 0.0, 0.0, 0.0, 0.0, 0.0, 0.0, 0.0, 0.0, 0.0, 0.0, 0.0, 0.0, 0.0, 0.0, 0.0, 0.0, 0.0, 0.0, 0.0, 0.0, 0.0, 0.0, 0.0, 0.0, 0.0, 0.0, 0.0, 0.0, 0.25730033417542775, 0.7646875138635989]}