{"0": [0.6465114881594975, 0.5915314102614367, 0.6503063562015693, 0.5873067620727751, 0.6446884805957477, 0.5860747222547178, 0.0, 0.0, 0.0, 0.0, 0.0, 0.0, 0.0, 0.0, 0.0, 0.0, 0.0, 0.0, 0.0, 0.0, 0.0, 0.0, 0.0, 0.0, 0.0, 0.0, 0.0, 0.0, 0.0, 0.0, 0.0, 0.0, 0.0, 0.0], "1": [0.8683602353868385, 0.6113211834872211, 0.0, 0.0, 0.8668279531101386, 0.6065720288841813, 0.0, 0.0, 0.8616073480496804, 0.6082584661466104, 0.8698894259830315, 0.6312921199533674, 0.8549644898623228, 0.6327893149521616, 0.0, 0.0, 0.0, 0.0, 0.0, 0.0, 0.0, 0.0, 0.0, 0.0, 0.8564334256574512, 0.6853108279407024, 0.0, 0.0, 0.0, 0.0, 0.0, 0.0, 0.0, 0.0], "2": [0.0, 0.0, 0.0, 0.0, 0.0, 0.0, 0.6555466948077082, 0.570851711873655, 0.6570351595059037, 0.5628556079334683, 0.6625625059008599, 0.5941874060365889, 0.6375777828196685, 0.5813492329032333, 0.6629330155750116, 0.6271193204102693, 0.6292676334579785, 0.6047589757928142, 0.6473307959735395, 0.6292941795455085, 0.6193553686762849, 0.6305456245387042, 0.65853391798834, 0.654819322846554, 0.6403532641008496, 0.6468840216045026, 0.660228063321362, 0.6988370037741132, 0.6364544539401928, 0.693996215308154, 0.6645699793899742, 0.7453126226310377, 0.6416360748310884, 0.7410872304881061], "3": [0.0, 0.0, 0.0, 0.0, 0.0, 0.0, 0.38033683598041534, 0.6230768936651724, 0.3975686076718072, 0.6228935422720733, 0.372466228188326, 0.6543009827534357, 0.40766509522994365, 0.6570674565103319, 0.3647813199398418, 0.7042283773422242, 0.4163750539223353, 0.7027560947117982, 0.361614724000295, 0.7421585396484093, 0.4259383567919333, 0.6844855830625252, 0.37891459514697395, 0.750300203650086, 0.40172663504878686, 0.7523725365598997, 0.3732361658476293, 0.8149898131688436, 0.4049642845988274, 0.8170718101439652, 0.377316257947435, 0.8949141526663745, 0.4060404739032189, 0.888322270799566], "4": [0.0, 0.0, 0.0, 0.0, 0.0, 0.0, 0.0, 0.0, 0.0, 0.0, 0.0, 0.0, 0.0, 0.0, 0.0, 0.0, 0.0, 0.0, 0.0, 0.0, 0.6247738283127546, 0.5873811567271198, 0.0, 0.0, 0.0, 0.0, 0.0, 0.0, 0.0, 0.0, 0.0, 0.0, 0.0, 0.0], "5": [0.0, 0.0, 0.0, 0.0, 0.0, 0.0, 0.0, 0.0, 0.0, 0.0, 0.0, 0.0, 0.0, 0.0, 0.0, 0.0, 0.0, 0.0, 0.0, 0.0, 0.4095225257178148, 0.6774358209360529, 0.0, 0.0, 0.0, 0.0, 0.0, 0.0, 0.0, 0.0, 0.0, 0.0, 0.0, 0.0]}