{"0": [0.6411778888354699, 0.6401138729519315, 0.6441642089746893, 0.6340349859661526, 0.6394515333697199, 0.6332738267050849, 0.6471832913036148, 0.6347780748649879, 0.6344203889369965, 0.6337624483086445, 0.6486148326968153, 0.6618729934648231, 0.6265930847885708, 0.6597609901869739, 0.6500676150123279, 0.7267723244649392, 0.0, 0.0, 0.6726106793930133, 0.7337723820297807, 0.0, 0.0, 0.6342457172771295, 0.7547098400416198, 0.6272301688790322, 0.7572927479390745, 0.0, 0.0, 0.6275752789340914, 0.8021126080442358, 0.0, 0.0, 0.5971812273065249, 0.8455990014252839], "1": [0.0, 0.0, 0.0, 0.0, 0.0, 0.0, 0.3870466121782859, 0.5681111282772489, 0.397154492760698, 0.5674362131290965, 0.38199370484799144, 0.5970737758609984, 0.4014234500005841, 0.5957038084665934, 0.37664010319858787, 0.6214234773759488, 0.4055588397507866, 0.6321243808225349, 0.37509940440456074, 0.6403722002826355, 0.40636676737728217, 0.6549912916841331, 0.3832244969904422, 0.6634739545208437, 0.4001060230036576, 0.6631024447028284, 0.3818157354990641, 0.7069955568898607, 0.4176813660810391, 0.7085005940110595, 0.37317457717532915, 0.7546603419162609, 0.42742449942355354, 0.7615415937370724], "2": [0.0, 0.0, 0.0, 0.0, 0.0, 0.0, 0.0, 0.0, 0.0, 0.0, 0.627217597902442, 0.6568299759317326, 0.6484492680057883, 0.6585755262109968, 0.0, 0.0, 0.0, 0.0, 0.0, 0.0, 0.6756172149131695, 0.7348169375348975, 0.0, 0.0, 0.0, 0.0, 0.0, 0.0, 0.0, 0.0, 0.0, 0.0, 0.0, 0.0], "3": [0.0, 0.0, 0.0, 0.0, 0.0, 0.0, 0.0, 0.0, 0.0, 0.0, 0.0, 0.0, 0.0, 0.0, 0.0, 0.0, 0.0, 0.0, 0.0, 0.0, 0.0, 0.0, 0.0, 0.0, 0.0, 0.0, 0.6277114633470773, 0.7996774995768512, 0.6567464124100904, 0.8087173007152698, 0.5983505695747833, 0.845944889165737, 0.6540937893092632, 0.875683448932789]}