{"0": [0.673078987887129, 0.4732524456801238, 0.6744304426014424, 0.46892700250501984, 0.6703643025209506, 0.46903568539354534, 0.6763010397553444, 0.47026528124869976, 0.6640965809424718, 0.4712296759088834, 0.6798588826010624, 0.4950447318730531, 0.6578711729496718, 0.4953554855452644, 0.6786413855850696, 0.5305722352531221, 0.6486439793681105, 0.5204594982994928, 0.6835722628980875, 0.5575675430121246, 0.6622399361183245, 0.5362454223412054, 0.6740995530039072, 0.5620669104434824, 0.6598903058096767, 0.5611374387034663, 0.6723182380199433, 0.6032116006921839, 0.6616276646653813, 0.6037764374787609, 0.6637628578270475, 0.6381980458895364, 0.6624878664811452, 0.6411334571187143], "1": [0.5881679753462473, 0.6957545008924272, 0.5909617868562539, 0.6920662747489081, 0.0, 0.0, 0.5956292373438676, 0.6965623188901829, 0.0, 0.0, 0.592710183871289, 0.7430220845672819, 0.6112350143492222, 0.7433651855698338, 0.5848422381406029, 0.7821640149862678, 0.0, 0.0, 0.5739152881627282, 0.8125839280861396, 0.0, 0.0, 0.593628810866115, 0.8391084076077849, 0.5964512961606184, 0.8390375595401834, 0.5878868781030178, 0.9120798702593202, 0.6019270517552893, 0.9075060682164298, 0.5889161340271433, 0.9835299368257876, 0.6286029467980067, 0.946591979265213], "2": [0.7750023522724708, 0.46873889819339465, 0.7749911005298297, 0.46549643852092604, 0.0, 0.0, 0.0, 0.0, 0.0, 0.0, 0.7883308296402295, 0.4936238358418147, 0.7635353495677312, 0.491221300429768, 0.0, 0.0, 0.0, 0.0, 0.0, 0.0, 0.0, 0.0, 0.0, 0.0, 0.0, 0.0, 0.0, 0.0, 0.0, 0.0, 0.0, 0.0, 0.0, 0.0], "3": [0.0, 0.0, 0.0, 0.0, 0.0, 0.0, 0.7713889626165231, 0.46661047096605657, 0.7791869682570298, 0.4681410935189989, 0.7642521136750777, 0.49127772119310165, 0.7880923561751842, 0.49245419238728505, 0.7582631915807724, 0.5169356220298343, 0.7928523174797495, 0.5210147609313329, 0.0, 0.0, 0.7833930781732003, 0.5378990069031715, 0.7645905881761185, 0.5448723530327833, 0.7803453335538505, 0.5493754559093051, 0.7626625755180915, 0.5813417289130114, 0.7739828598996004, 0.5840255161126454, 0.7643036275481184, 0.6231795271237691, 0.7697707861661911, 0.6238240089681414], "4": [0.0, 0.0, 0.0, 0.0, 0.0, 0.0, 0.0, 0.0, 0.0, 0.0, 0.0, 0.0, 0.5908789710452159, 0.739818228174139, 0.0, 0.0, 0.5837169875701268, 0.7865914508148476, 0.0, 0.0, 0.5740219881137212, 0.8140153377144425, 0.0, 0.0, 0.0, 0.0, 0.0, 0.0, 0.0, 0.0, 0.0, 0.0, 0.0, 0.0], "5": [0.0, 0.0, 0.0, 0.0, 0.0, 0.0, 0.0, 0.0, 0.0, 0.0, 0.0, 0.0, 0.9407313755402963, 0.8378252499633365, 0.0, 0.0, 0.939394103223458, 0.8403907382929765, 0.0, 0.0, 0.0, 0.0, 0.0, 0.0, 0.0, 0.0, 0.0, 0.0, 0.0, 0.0, 0.0, 0.0, 0.0, 0.0], "6": [0.0, 0.0, 0.0, 0.0, 0.0, 0.0, 0.0, 0.0, 0.0, 0.0, 0.0, 0.0, 0.0, 0.0, 0.0, 0.0, 0.0, 0.0, 0.0, 0.0, 0.0, 0.0, 0.0, 0.0, 0.0, 0.0, 0.0, 0.0, 0.0, 0.0, 0.628842290987571, 0.9470670700073243, 0.0, 0.0]}