{"0": [0.5256780727456013, 0.523010480955795, 0.5268099189425509, 0.5193015933036804, 0.52319434400027, 0.5195164651782425, 0.0, 0.0, 0.0, 0.0, 0.5365999076515436, 0.5390566315915849, 0.5114017883315682, 0.540039297386452, 0.5466096083323161, 0.5678934888707267, 0.5058894904951254, 0.5698091363465344, 0.5382455491771301, 0.5802562745632949, 0.0, 0.0, 0.0, 0.0, 0.0, 0.0, 0.0, 0.0, 0.0, 0.0, 0.0, 0.0, 0.0, 0.0], "1": [0.0, 0.0, 0.0, 0.0, 0.0, 0.0, 0.5182563648559153, 0.5168884502516853, 0.5265081789344549, 0.5169485434337898, 0.5116866305470468, 0.5393335156970553, 0.5364467137803633, 0.5403340895970662, 0.5056164431075255, 0.5718859999268142, 0.5468153638144334, 0.5692923466364542, 0.4992834247648716, 0.5940552453200022, 0.5387117572128772, 0.5815051131985254, 0.515591403345267, 0.6089234641304723, 0.5350334617309273, 0.6057980301203552, 0.5077967825035254, 0.6520532824375012, 0.5417645738770565, 0.6503277348147498, 0.5039382775624593, 0.7010742070498289, 0.5513446840768059, 0.6930668754710092], "2": [0.0, 0.0, 0.0, 0.0, 0.0, 0.0, 0.0, 0.0, 0.0, 0.0, 0.643188154262801, 0.5570940878656175, 0.6619467232376337, 0.5635545368547793, 0.6349055425263941, 0.5688762887760445, 0.6658751341203849, 0.5779357936647204, 0.0, 0.0, 0.0, 0.0, 0.6366240973273913, 0.6024077753225963, 0.6527049478143454, 0.6033255258368121, 0.634281101450324, 0.6174602180719375, 0.6675341494381427, 0.5976074247448534, 0.6276592191929619, 0.662677403235877, 0.6638933310906092, 0.6411913872868926], "3": [0.0, 0.0, 0.0, 0.0, 0.0, 0.0, 0.0, 0.0, 0.0, 0.0, 0.0, 0.0, 0.0, 0.0, 0.0, 0.0, 0.0, 0.0, 0.0, 0.0, 0.0, 0.0, 0.0, 0.0, 0.0, 0.0, 0.6658264470597107, 0.5958123295395462, 0.0, 0.0, 0.0, 0.0, 0.0, 0.0]}