{"0": [0.6059526537545026, 0.6107305761840608, 0.0, 0.0, 0.6042480267584324, 0.6065370851092868, 0.0, 0.0, 0.5998624374469121, 0.6063400030136108, 0.6113799375792345, 0.6432644550447111, 0.5861315338561932, 0.6322241480703708, 0.6199728221942981, 0.6942390816079246, 0.5786150265487494, 0.658763265595301, 0.6387091344843309, 0.6792096195397553, 0.0, 0.0, 0.5920643677169629, 0.7286550817579565, 0.5930074115594228, 0.7310782253742218, 0.5970347072399116, 0.7916067639394163, 0.6073549470553795, 0.8015342209074232, 0.5771481369272806, 0.8397875006552095, 0.5776510995502273, 0.8413733067887802], "1": [0.0, 0.0, 0.0, 0.0, 0.0, 0.0, 0.34936958278218905, 0.5575577171864333, 0.3592796891927719, 0.5575796437484247, 0.34681249608596165, 0.5922527273495992, 0.36375510431826114, 0.5868644032213423, 0.34555247289439045, 0.6174613315750052, 0.3772202782953779, 0.6055300446572127, 0.0, 0.0, 0.38708728278676663, 0.6216470422568143, 0.3458057795961698, 0.6586019270949893, 0.36196721779803437, 0.6629931226717654, 0.34580846267441906, 0.7024962957258578, 0.36014389876897135, 0.7102444174113097, 0.33736417467395463, 0.7453643124412607, 0.35827834159135813, 0.7546469180672257], "2": [0.0, 0.0, 0.0, 0.0, 0.0, 0.0, 0.0, 0.0, 0.0, 0.0, 0.5861360812559724, 0.6335856936044163, 0.0, 0.0, 0.0, 0.0, 0.0, 0.0, 0.0, 0.0, 0.0, 0.0, 0.0, 0.0, 0.0, 0.0, 0.0, 0.0, 0.0, 0.0, 0.0, 0.0, 0.0, 0.0], "3": [0.0, 0.0, 0.0, 0.0, 0.0, 0.0, 0.0, 0.0, 0.0, 0.0, 0.0, 0.0, 0.0, 0.0, 0.0, 0.0, 0.0, 0.0, 0.0, 0.0, 0.5892721860100482, 0.6347957610665297, 0.0, 0.0, 0.0, 0.0, 0.0, 0.0, 0.0, 0.0, 0.0, 0.0, 0.0, 0.0]}