{"0": [0.5275962034240365, 0.5666638761946362, 0.5296313154200712, 0.5626554082941126, 0.5284246357778708, 0.5630235535127145, 0.5341108580430348, 0.5670850700802273, 0.0, 0.0, 0.5418382778763771, 0.5880085448975916, 0.5225877187525232, 0.591597522188116, 0.0, 0.0, 0.0, 0.0, 0.0, 0.0, 0.0, 0.0, 0.0, 0.0, 0.0, 0.0, 0.0, 0.0, 0.0, 0.0, 0.0, 0.0, 0.0, 0.0], "1": [0.0, 0.0, 0.0, 0.0, 0.0, 0.0, 0.29440305990477406, 0.6797045595116086, 0.30131288170814513, 0.6769773537362064, 0.3023394828507056, 0.7148491493115823, 0.3035877843617313, 0.7152335223074193, 0.31176937110722064, 0.757774993998033, 0.30007221599419914, 0.7530811696140853, 0.0, 0.0, 0.0, 0.0, 0.3175953338543574, 0.7990393267737494, 0.30622723781852984, 0.7971919543213316, 0.2952327298621337, 0.8628942616490854, 0.28355229484538236, 0.8244513609895, 0.3191848660198351, 0.9201073862888196, 0.29639348909258845, 0.8883631306665914], "2": [0.0, 0.0, 0.0, 0.0, 0.0, 0.0, 0.0, 0.0, 0.5344567179058989, 0.5648825035051063, 0.5187801109995538, 0.592132075186129, 0.5420684982091188, 0.5881578012197106, 0.509620217482249, 0.6351237267255783, 0.5531919625898202, 0.6114134408257625, 0.511061382976671, 0.6428367173230206, 0.0, 0.0, 0.5239941297719877, 0.6701888653139273, 0.5402555651962757, 0.6690758099158605, 0.5234090051924188, 0.7241267718650677, 0.5378501204152902, 0.7255722169522886, 0.5214874933163325, 0.7818913453982936, 0.5377711730698744, 0.7810198177066114], "3": [0.0, 0.0, 0.0, 0.0, 0.0, 0.0, 0.0, 0.0, 0.0, 0.0, 0.0, 0.0, 0.0, 0.0, 0.0, 0.0, 0.0, 0.0, 0.0, 0.0, 0.265702032049497, 0.7611174987422096, 0.0, 0.0, 0.0, 0.0, 0.0, 0.0, 0.0, 0.0, 0.0, 0.0, 0.0, 0.0], "4": [0.0, 0.0, 0.0, 0.0, 0.0, 0.0, 0.0, 0.0, 0.0, 0.0, 0.0, 0.0, 0.0, 0.0, 0.0, 0.0, 0.0, 0.0, 0.0, 0.0, 0.0, 0.0, 0.0, 0.0, 0.3256018648544947, 0.7923367438492952, 0.0, 0.0, 0.0, 0.0, 0.0, 0.0, 0.0, 0.0], "5": [0.0, 0.0, 0.0, 0.0, 0.0, 0.0, 0.0, 0.0, 0.0, 0.0, 0.0, 0.0, 0.0, 0.0, 0.0, 0.0, 0.0, 0.0, 0.0, 0.0, 0.0, 0.0, 0.0, 0.0, 0.0, 0.0, 0.0, 0.0, 0.2941877473456164, 0.8626712609496382, 0.0, 0.0, 0.3191345006848375, 0.919688484845338], "6": [0.0, 0.0, 0.0, 0.0, 0.0, 0.0, 0.0, 0.0, 0.0, 0.0, 0.0, 0.0, 0.0, 0.0, 0.0, 0.0, 0.0, 0.0, 0.0, 0.0, 0.0, 0.0, 0.0, 0.0, 0.0, 0.0, 0.0, 0.0, 0.0, 0.0, 0.29599046433965365, 0.8894365730109037, 0.0, 0.0]}