{"0": [0.4268170466646552, 0.49631999002562627, 0.4268506346115222, 0.49274013925481724, 0.0, 0.0, 0.4309870726428926, 0.4930377503512082, 0.0, 0.0, 0.4301354967057705, 0.5185950438181559, 0.4444157504166165, 0.5146393791255024, 0.4301083266735077, 0.5401714415461929, 0.44674594911436233, 0.5385032912095388, 0.0, 0.0, 0.0, 0.0, 0.43835615006585915, 0.5841768127900582, 0.4503007548550765, 0.5826666157554699, 0.42151598694423836, 0.6308310897262008, 0.4597243566066026, 0.6246145795892786, 0.42297627925872805, 0.6909541077084012, 0.47352721268932024, 0.674507631637432], "1": [0.17419609675804773, 0.5381897449493408, 0.0, 0.0, 0.0, 0.0, 0.0, 0.0, 0.0, 0.0, 0.0, 0.0, 0.0, 0.0, 0.0, 0.0, 0.0, 0.0, 0.0, 0.0, 0.0, 0.0, 0.0, 0.0, 0.0, 0.0, 0.0, 0.0, 0.0, 0.0, 0.0, 0.0, 0.0, 0.0], "2": [0.0, 0.0, 0.3326621929804484, 0.4846271349876015, 0.0, 0.0, 0.3334406457841396, 0.48609184860079374, 0.3439162970520556, 0.4795803135191953, 0.3372602111349503, 0.5065162581978021, 0.3555104343220592, 0.4831331195654692, 0.33345149184266726, 0.5322245407987524, 0.37312119893419254, 0.5052144587039947, 0.32991806194186213, 0.5521593979387371, 0.3809943121392279, 0.5193494752601341, 0.3554778767749667, 0.5488852401574452, 0.3716469995677471, 0.5392992545057226, 0.34814376027012867, 0.5800326805423808, 0.371448610102137, 0.5855357713169522, 0.3503593695660433, 0.6178731467436861, 0.3845941755920649, 0.6184153132140636], "3": [0.0, 0.0, 0.0, 0.0, 0.0, 0.0, 0.0, 0.0, 0.0, 0.0, 0.0, 0.0, 0.0, 0.0, 0.0, 0.0, 0.0, 0.0, 0.0, 0.0, 0.0, 0.0, 0.0, 0.0, 0.16084789372980593, 0.5751499419962919, 0.0, 0.0, 0.14839652460068464, 0.5966145224041409, 0.0, 0.0, 0.13519077193923296, 0.6227828202424226], "4": [0.0, 0.0, 0.0, 0.0, 0.0, 0.0, 0.0, 0.0, 0.0, 0.0, 0.0, 0.0, 0.0, 0.0, 0.0, 0.0, 0.0, 0.0, 0.0, 0.0, 0.0, 0.0, 0.0, 0.0, 0.0, 0.0, 0.45907630746563277, 0.6236606185083036, 0.42241673124954104, 0.6300356478602798, 0.473266156266133, 0.6741394806791234, 0.0, 0.0], "5": [0.0, 0.0, 0.0, 0.0, 0.0, 0.0, 0.0, 0.0, 0.0, 0.0, 0.0, 0.0, 0.0, 0.0, 0.0, 0.0, 0.0, 0.0, 0.0, 0.0, 0.0, 0.0, 0.0, 0.0, 0.0, 0.0, 0.1492912958065669, 0.5963760219859304, 0.0, 0.0, 0.13514260686933993, 0.6232273384376809, 0.0, 0.0], "6": [0.0, 0.0, 0.0, 0.0, 0.0, 0.0, 0.0, 0.0, 0.0, 0.0, 0.0, 0.0, 0.0, 0.0, 0.0, 0.0, 0.0, 0.0, 0.0, 0.0, 0.0, 0.0, 0.0, 0.0, 0.0, 0.0, 0.0, 0.0, 0.18151325990135472, 0.5691433957329503, 0.0, 0.0, 0.0, 0.0]}