{"0": [0.0, 0.0, 0.0, 0.0, 0.0, 0.0, 0.4934642212465405, 0.579874857156365, 0.5037922393530607, 0.5797052501528351, 0.4866831476489703, 0.6080472416347927, 0.5145572487478299, 0.606614637374878, 0.4780613341058294, 0.6424213635700721, 0.5253915670017402, 0.6321858585984619, 0.4764063574373722, 0.649003903236654, 0.5190232378120224, 0.6187813672202604, 0.4922792442142963, 0.6731190279678063, 0.5113002338136236, 0.6784025287186658, 0.48478265286733707, 0.6933781283873099, 0.5103457070421428, 0.7234729926895213, 0.4750478319823742, 0.741102546894992, 0.5118965038408836, 0.7664450479326425], "1": [0.0, 0.0, 0.0, 0.0, 0.0, 0.0, 0.3218298558145761, 0.5533242855910901, 0.33036592273662485, 0.551635294697351, 0.3209267834822337, 0.5692071104491199, 0.33705953309933345, 0.5676916102568309, 0.31829669751847783, 0.5891154917439929, 0.3442300336745878, 0.5930800764649002, 0.0, 0.0, 0.0, 0.0, 0.32820982336997984, 0.6182869741210231, 0.3442122217267752, 0.6185116075880446, 0.0, 0.0, 0.35097459784469665, 0.6646007590116441, 0.0, 0.0, 0.36780621875077485, 0.6958121990716016], "2": [0.0, 0.0, 0.0, 0.0, 0.0, 0.0, 0.0, 0.0, 0.0, 0.0, 0.0, 0.0, 0.0, 0.0, 0.0, 0.0, 0.0, 0.0, 0.0, 0.0, 0.0, 0.0, 0.0, 0.0, 0.0, 0.0, 0.0, 0.0, 0.0, 0.0, 0.0, 0.0, 0.3528108204404513, 0.678523390546993]}