{"0": [0.6482182060678802, 0.45103276570638023, 0.6509204216301441, 0.4473747901894428, 0.6455126269410054, 0.44680074365050704, 0.6540814753621816, 0.45153648985756767, 0.6418087045351665, 0.45023941927486, 0.6569133948534727, 0.4742529171484488, 0.6364341051007311, 0.4765825813567197, 0.661714182049036, 0.49207013409446787, 0.6327887810766697, 0.5080952648211409, 0.6582927676538627, 0.4877869027632254, 0.6413642714420954, 0.49285373003394517, 0.6537905000150204, 0.543738026144328, 0.6387335274368524, 0.5428200549549526, 0.6513977508371074, 0.5902012600942894, 0.6361988698442776, 0.5882526414813819, 0.6509771862377723, 0.6352299721152695, 0.6437156974337995, 0.6238669364540665], "1": [0.5227797608201702, 0.5226198156674703, 0.526166843622923, 0.5179879515259355, 0.5209168167163928, 0.5182837790913052, 0.5301937515536944, 0.5175166326540488, 0.519202100733916, 0.5179032581823844, 0.5389775176222126, 0.543126928585547, 0.5124051596969366, 0.5420122281268791, 0.5466811624666055, 0.5760103393484045, 0.5097024051472545, 0.5745659325409819, 0.5496099973718326, 0.5990053598527555, 0.5121688829114039, 0.5994885998743552, 0.5360023559381565, 0.6128462504457545, 0.5212171372026205, 0.6138536468700126, 0.533404158304135, 0.6624665864087917, 0.5253753633548816, 0.6622078863007052, 0.5317683894187212, 0.7072198132397953, 0.5300874101618925, 0.7069839891736154], "2": [0.5168135477850835, 0.3020254581062882, 0.5181097188964486, 0.3003635600761131, 0.515784015133977, 0.30020389556884763, 0.5203564643859864, 0.30135639950081156, 0.5133342397709687, 0.300534112530726, 0.5239184389511744, 0.3136914138440733, 0.5094967778772116, 0.31473812406399737, 0.5271666673012078, 0.3305924232359286, 0.5066378392589589, 0.3312247046717891, 0.0, 0.0, 0.0, 0.0, 0.5219094350934029, 0.34725649025705124, 0.5118629517654578, 0.3492588372142227, 0.0, 0.0, 0.0, 0.0, 0.0, 0.0, 0.0, 0.0], "3": [0.0, 0.0, 0.0, 0.0, 0.0, 0.0, 0.0, 0.0, 0.0, 0.0, 0.5124253499011198, 0.5425724100183558, 0.0, 0.0, 0.0, 0.0, 0.0, 0.0, 0.0, 0.0, 0.0, 0.0, 0.0, 0.0, 0.0, 0.0, 0.0, 0.0, 0.0, 0.0, 0.0, 0.0, 0.0, 0.0], "4": [0.0, 0.0, 0.0, 0.0, 0.0, 0.0, 0.0, 0.0, 0.0, 0.0, 0.0, 0.0, 0.0, 0.0, 0.0, 0.0, 0.0, 0.0, 0.6609062331107756, 0.5437194049910262, 0.0, 0.0, 0.0, 0.0, 0.0, 0.0, 0.0, 0.0, 0.0, 0.0, 0.0, 0.0, 0.0, 0.0], "5": [0.0, 0.0, 0.0, 0.0, 0.0, 0.0, 0.0, 0.0, 0.0, 0.0, 0.0, 0.0, 0.0, 0.0, 0.0, 0.0, 0.0, 0.0, 0.0, 0.0, 0.5500783436000347, 0.6001330984963311, 0.0, 0.0, 0.0, 0.0, 0.0, 0.0, 0.0, 0.0, 0.0, 0.0, 0.0, 0.0], "6": [0.0, 0.0, 0.0, 0.0, 0.0, 0.0, 0.0, 0.0, 0.0, 0.0, 0.0, 0.0, 0.0, 0.0, 0.0, 0.0, 0.0, 0.0, 0.0, 0.0, 0.0, 0.0, 0.0, 0.0, 0.0, 0.0, 0.7901646054660281, 0.5977070571095855, 0.8017191297374666, 0.6036850807946865, 0.7860497261087099, 0.6385226863401907, 0.0, 0.0], "7": [0.0, 0.0, 0.0, 0.0, 0.0, 0.0, 0.0, 0.0, 0.0, 0.0, 0.0, 0.0, 0.0, 0.0, 0.0, 0.0, 0.0, 0.0, 0.0, 0.0, 0.0, 0.0, 0.0, 0.0, 0.0, 0.0, 0.0, 0.0, 0.0, 0.0, 0.0, 0.0, 0.7846934721494715, 0.6380197474250087]}