{"0": [0.0, 0.0, 0.0, 0.0, 0.0, 0.0, 0.4180285954847932, 0.5962766955934327, 0.4307110708827774, 0.5961061167358247, 0.41054413489376507, 0.6225860661930509, 0.43973042924577993, 0.6203357926121464, 0.4041276058803002, 0.6660720154091164, 0.4514318344493707, 0.6545256740517087, 0.4032376895348231, 0.6747784599109933, 0.4555285361285011, 0.6658136266249197, 0.42102539017796514, 0.7002027271384442, 0.44035476036369803, 0.6996611262913103, 0.4172307981799046, 0.746216016014417, 0.4538777396082878, 0.7286987170025153, 0.41941525836785637, 0.8016062436280427, 0.45810589715838435, 0.7866801345789874], "1": [0.0, 0.0, 0.0, 0.0, 0.0, 0.0, 0.27950118395189444, 0.6521169693381698, 0.29628572265307107, 0.64807093453904, 0.2927773363267382, 0.6896299933945691, 0.31348187377055486, 0.6724609251375552, 0.27748233269279204, 0.722691753451471, 0.32729258105779685, 0.6873922314908769, 0.0, 0.0, 0.0, 0.0, 0.313827499995629, 0.7475176510987458, 0.33108268175274136, 0.7449391161953961, 0.28762727963427703, 0.7886964966715486, 0.34394615908774234, 0.7901226710390161, 0.29494131530324613, 0.851121069325341, 0.36826382875442504, 0.8320277254890512], "2": [0.0, 0.0, 0.0, 0.0, 0.0, 0.0, 0.2889351780836781, 0.7023083631639128, 0.0, 0.0, 0.0, 0.0, 0.0, 0.0, 0.0, 0.0, 0.0, 0.0, 0.0, 0.0, 0.0, 0.0, 0.0, 0.0, 0.0, 0.0, 0.0, 0.0, 0.0, 0.0, 0.0, 0.0, 0.0, 0.0], "3": [0.0, 0.0, 0.0, 0.0, 0.0, 0.0, 0.0, 0.0, 0.0, 0.0, 0.0, 0.0, 0.0, 0.0, 0.0, 0.0, 0.0, 0.0, 0.2775268172224363, 0.7323482983642154, 0.0, 0.0, 0.0, 0.0, 0.0, 0.0, 0.0, 0.0, 0.0, 0.0, 0.0, 0.0, 0.0, 0.0]}