{"0": [0.6589786358177662, 0.23015487061606513, 0.6598175787677367, 0.2273201862970988, 0.0, 0.0, 0.6617858038594325, 0.2269561626293041, 0.0, 0.0, 0.6646208406270792, 0.23735975689358182, 0.6615731841574113, 0.23800360140977084, 0.6634485961248477, 0.251934172489025, 0.6579651782910029, 0.24984016749593946, 0.6547832642992337, 0.2578120953506894, 0.0, 0.0, 0.6663769461214543, 0.26505560521726257, 0.6639816836764415, 0.2651928636762831, 0.0, 0.0, 0.0, 0.0, 0.0, 0.0, 0.0, 0.0], "1": [0.0, 0.0, 0.0, 0.0, 0.0, 0.0, 0.6264092527329922, 0.699085950465114, 0.6433831513548891, 0.699480731398971, 0.6148857975068192, 0.7321353998449114, 0.6504567731171846, 0.7372433669313236, 0.6053331791733702, 0.774585385510215, 0.6583425470938286, 0.7806229048856983, 0.0, 0.0, 0.6541959818452596, 0.7515759464491296, 0.6210224668184916, 0.8301352119004285, 0.6443248092507322, 0.8277443434353228, 0.6216638599832852, 0.8900094906489054, 0.6523484783557554, 0.8907141945980214, 0.6235276972254116, 0.9502030347232465, 0.6592406779527664, 0.9530589761557402], "2": [0.0, 0.0, 0.0, 0.0, 0.0, 0.0, 0.2916751777132352, 0.5464054160647922, 0.3034810606390238, 0.5510079403718312, 0.2848363996793826, 0.5680865043843234, 0.30473954839011036, 0.570154258939955, 0.2785080414265394, 0.61190154199247, 0.30851647034287455, 0.5977509997509144, 0.2837763917942842, 0.6489754684545376, 0.3141482091508806, 0.6170385497587698, 0.28967868491696813, 0.6460168101169446, 0.30154767284790673, 0.6402311899595791, 0.2953112331529458, 0.6923232241637178, 0.2972219793125987, 0.6928717349966367, 0.2905297150214513, 0.7464173853397369, 0.2904289767766992, 0.7473922742737664], "3": [0.0, 0.0, 0.0, 0.0, 0.0, 0.0, 0.0, 0.0, 0.0, 0.0, 0.0, 0.0, 0.0, 0.0, 0.0, 0.0, 0.0, 0.0, 0.6096305266022682, 0.7315787895962044, 0.0, 0.0, 0.0, 0.0, 0.0, 0.0, 0.0, 0.0, 0.0, 0.0, 0.0, 0.0, 0.0, 0.0], "4": [0.0, 0.0, 0.0, 0.0, 0.0, 0.0, 0.0, 0.0, 0.0, 0.0, 0.0, 0.0, 0.0, 0.0, 0.0, 0.0, 0.0, 0.0, 0.0, 0.0, 0.6530793023606143, 0.25716539135685673, 0.0, 0.0, 0.0, 0.0, 0.0, 0.0, 0.0, 0.0, 0.0, 0.0, 0.0, 0.0]}