{"0": [0.2919005360454321, 0.5375199006111534, 0.29411527241269747, 0.5326441343183871, 0.29112269630034765, 0.5335052836824347, 0.30288172103464606, 0.5333563892929643, 0.0, 0.0, 0.3145915478885096, 0.5600481115005634, 0.2914854193727176, 0.5587034942375289, 0.3229650131193921, 0.5870317485597398, 0.0, 0.0, 0.3165266710023085, 0.6198614837946715, 0.0, 0.0, 0.31430318504571914, 0.6325252254803976, 0.29692925612131754, 0.6335947330075281, 0.31497757853940134, 0.6778091475402039, 0.2968160984416802, 0.6825337396727669, 0.31438166126608846, 0.7152256926176724, 0.2950062638769548, 0.7335528179451272], "1": [0.4703197156389554, 0.6290537973244984, 0.4691215924608211, 0.6262224917058592, 0.46732990629971033, 0.6257398195564747, 0.47298290287144484, 0.6280424645653477, 0.46717496824761234, 0.6290144536230299, 0.4768298326525837, 0.6487377643033311, 0.45919482695559655, 0.661213708365405, 0.4965002321948608, 0.6572187435847742, 0.4524948470294475, 0.7002978499012965, 0.0, 0.0, 0.0, 0.0, 0.4772171110070001, 0.7639586609822732, 0.4608779768149058, 0.7732612207531929, 0.48432843362291655, 0.8169326457712386, 0.45480204100410143, 0.824026996780325, 0.48977019687493645, 0.8912570387125014, 0.44556100120147074, 0.8807085597956622], "2": [0.0, 0.0, 0.0, 0.0, 0.0, 0.0, 0.4575423301508029, 0.7083884990877576, 0.46124821770936253, 0.7115703256041915, 0.45451218113303177, 0.7318965766164993, 0.46588134894738914, 0.7295241073821137, 0.0, 0.0, 0.0, 0.0, 0.0, 0.0, 0.0, 0.0, 0.45865041092038156, 0.7752272142304315, 0.0, 0.0, 0.45567269076903666, 0.8228751092045395, 0.48469379749149083, 0.818943195734863, 0.4450129142651955, 0.8814018055244729, 0.49003195002054173, 0.8922867624020135], "3": [0.0, 0.0, 0.0, 0.0, 0.0, 0.0, 0.0, 0.0, 0.13342791224519412, 0.5433379544152154, 0.11757541000843048, 0.5675168308946822, 0.1420117030541102, 0.5635237329536014, 0.0, 0.0, 0.0, 0.0, 0.0, 0.0, 0.0, 0.0, 0.13396792473892372, 0.634090718737355, 0.14275758570681016, 0.6333812477067113, 0.13953770839919646, 0.6770103802283605, 0.1436586441860224, 0.6774438585396166, 0.1412362021704515, 0.7246614983788243, 0.14121953224142392, 0.7245602755634873], "4": [0.0, 0.0, 0.0, 0.0, 0.0, 0.0, 0.0, 0.0, 0.0, 0.0, 0.0, 0.0, 0.0, 0.0, 0.0, 0.0, 0.0, 0.0, 0.48191108722239734, 0.6474912824454131, 0.0, 0.0, 0.0, 0.0, 0.0, 0.0, 0.0, 0.0, 0.0, 0.0, 0.0, 0.0, 0.0, 0.0], "5": [0.0, 0.0, 0.0, 0.0, 0.0, 0.0, 0.0, 0.0, 0.0, 0.0, 0.0, 0.0, 0.0, 0.0, 0.0, 0.0, 0.0, 0.0, 0.0, 0.0, 0.456181401371335, 0.773656070480744, 0.0, 0.0, 0.0, 0.0, 0.0, 0.0, 0.0, 0.0, 0.0, 0.0, 0.0, 0.0], "6": [0.0, 0.0, 0.0, 0.0, 0.0, 0.0, 0.0, 0.0, 0.0, 0.0, 0.0, 0.0, 0.0, 0.0, 0.0, 0.0, 0.0, 0.0, 0.0, 0.0, 0.0, 0.0, 0.46990055466691655, 0.7240693988623442, 0.46380420774221426, 0.7234082491309555, 0.0, 0.0, 0.0, 0.0, 0.0, 0.0, 0.0, 0.0]}