{"0": [0.0, 0.0, 0.0, 0.0, 0.0, 0.0, 0.475034793963035, 0.5528283101541025, 0.483762792001168, 0.5518089419403286, 0.47760549634695054, 0.5809499613112874, 0.48706331824262933, 0.5753861135906644, 0.4807322689021627, 0.6230891603010673, 0.49861389212310314, 0.6176032607754072, 0.46842563841491935, 0.6434348678147351, 0.0, 0.0, 0.48666645238796863, 0.6558832804086032, 0.49938069730997087, 0.6552488893270494, 0.48553183999223015, 0.7067673083256792, 0.4913662483294805, 0.7027475385754197, 0.4997850132485231, 0.754196779816239, 0.5026462747460004, 0.7331593466084502], "1": [0.0, 0.0, 0.0, 0.0, 0.0, 0.0, 0.34509158978859583, 0.6435275002762123, 0.36014530522127947, 0.6419713134015048, 0.3510177424798409, 0.6765930457247629, 0.3657618549962838, 0.6726806766457027, 0.3427390246962508, 0.7310768638496046, 0.3670819662511349, 0.7140583635480316, 0.32676516321177285, 0.7564007891549005, 0.0, 0.0, 0.3540955173472563, 0.7647172777741044, 0.3687767159814636, 0.7604413162778925, 0.34240152277052405, 0.8441319602507132, 0.35184157782544695, 0.8447000722090403, 0.32686743742475904, 0.8866265842208156, 0.37277189573893943, 0.9045209968531573], "2": [0.0, 0.0, 0.0, 0.0, 0.0, 0.0, 0.0, 0.0, 0.0, 0.0, 0.0, 0.0, 0.34332977353284755, 0.6757388613842151, 0.0, 0.0, 0.3437136684854825, 0.7282088482821429, 0.0, 0.0, 0.0, 0.0, 0.0, 0.0, 0.0, 0.0, 0.0, 0.0, 0.0, 0.0, 0.0, 0.0, 0.0, 0.0], "3": [0.0, 0.0, 0.0, 0.0, 0.0, 0.0, 0.0, 0.0, 0.0, 0.0, 0.0, 0.0, 0.0, 0.0, 0.0, 0.0, 0.0, 0.0, 0.0, 0.0, 0.0, 0.0, 0.0, 0.0, 0.0, 0.0, 0.0, 0.0, 0.0, 0.0, 0.3723766778906186, 0.903925625483195, 0.0, 0.0], "4": [0.0, 0.0, 0.0, 0.0, 0.0, 0.0, 0.0, 0.0, 0.0, 0.0, 0.0, 0.0, 0.0, 0.0, 0.0, 0.0, 0.0, 0.0, 0.0, 0.0, 0.0, 0.0, 0.0, 0.0, 0.0, 0.0, 0.0, 0.0, 0.0, 0.0, 0.0, 0.0, 0.32642520815134046, 0.8852177830481971]}