{"0": [0.4788283823678891, 0.5484321386725816, 0.48101314461479583, 0.54365932058405, 0.4766647089893619, 0.5437076148611528, 0.4820843595390519, 0.5465291195445591, 0.4710189220805963, 0.5444103155940495, 0.4838078296432892, 0.5728579079663312, 0.46155072438220185, 0.5697781476709578, 0.4895231554401107, 0.6014544255203671, 0.45390116013586523, 0.6028663990674196, 0.4931018644943833, 0.6259830253785131, 0.46780950849254926, 0.6213212792520169, 0.4850434747835, 0.6421285045367701, 0.46756316125392916, 0.6435228104944583, 0.4899231687498589, 0.6857926843342959, 0.46939572213838504, 0.688936788947494, 0.4888537414371968, 0.7347302284505632, 0.4678285631040732, 0.7298132046781204], "1": [0.1571560092891256, 0.5727331973888256, 0.15733407537142435, 0.5705434750627589, 0.15652097041408222, 0.5705588287777371, 0.0, 0.0, 0.15512882868448893, 0.5725322635085495, 0.15735393924017746, 0.5800477731007116, 0.15372822470963002, 0.580405228888547, 0.0, 0.0, 0.15256643726800878, 0.5907369217386952, 0.0, 0.0, 0.15366510649522144, 0.6001283051791014, 0.15877382482091587, 0.6001334265426354, 0.156339701389273, 0.5998702402468081, 0.16128107359011967, 0.6145825158666681, 0.15897680744528772, 0.6165832757949828, 0.16299068306883177, 0.6307348701688978, 0.16030263275218506, 0.6292859505724024], "2": [0.0, 0.0, 0.0, 0.0, 0.0, 0.0, 0.26918136700987816, 0.5350232919057211, 0.2800881738464038, 0.5370868882233346, 0.25783892497420313, 0.5576741219670684, 0.28467968894789614, 0.5632412051713025, 0.24615211760004366, 0.5935208024802031, 0.2926963318139314, 0.5927092609582124, 0.2456352447470029, 0.6220022612147861, 0.2970381417622169, 0.6196738283943247, 0.25759416768948235, 0.640843971853179, 0.27411801666021346, 0.6403470081311685, 0.2627283830195665, 0.6983651760551665, 0.2876287336150805, 0.6985970970657137, 0.26567034783462684, 0.7549054838992931, 0.28352755332986507, 0.76425882268835], "3": [0.0, 0.0, 0.0, 0.0, 0.0, 0.0, 0.0, 0.0, 0.0, 0.0, 0.0, 0.0, 0.0, 0.0, 0.16074565686285497, 0.5871300586947689, 0.0, 0.0, 0.0, 0.0, 0.0, 0.0, 0.0, 0.0, 0.0, 0.0, 0.0, 0.0, 0.0, 0.0, 0.0, 0.0, 0.0, 0.0]}