{"0": [0.618861157951566, 0.5734321935309304, 0.6211223355183999, 0.5681743054478257, 0.6176796971509854, 0.5690905623965793, 0.6269509363919497, 0.5671745793135078, 0.6188836872577668, 0.5673647161987092, 0.6367587002615134, 0.5946049029076541, 0.6110521343226234, 0.5910128361648984, 0.6443078043560185, 0.633268843508429, 0.6085577143977086, 0.6190658857976948, 0.6407158867766459, 0.672754556161386, 0.6086313550670942, 0.6535800057428854, 0.6352937460023288, 0.6805348670041118, 0.6153598024199406, 0.6785743479927381, 0.6388453625763456, 0.7341407537460328, 0.6169780251880487, 0.7342601460439188, 0.6478435793581109, 0.7877178536521063, 0.62149375329415, 0.7886916390171758], "1": [0.0, 0.0, 0.0, 0.0, 0.0, 0.0, 0.34162337879339855, 0.6815800022195887, 0.3581087219218413, 0.6801035916363751, 0.33514400434990727, 0.7158296838954643, 0.36756498788793884, 0.7111000219980875, 0.327191235528638, 0.7596355800275449, 0.37536996056636174, 0.7561449046488161, 0.33503873478621243, 0.7565148534598174, 0.0, 0.0, 0.3432272814835111, 0.8031651436178773, 0.36483737835660573, 0.7993964270309165, 0.345335387935241, 0.8712854692781413, 0.3655997772390644, 0.8489184611925372, 0.3460698790848255, 0.9339007600590036, 0.3715928956866265, 0.8938012537029054], "2": [0.0, 0.0, 0.0, 0.0, 0.0, 0.0, 0.0, 0.0, 0.0, 0.0, 0.0, 0.0, 0.0, 0.0, 0.0, 0.0, 0.0, 0.0, 0.0, 0.0, 0.6081368628889322, 0.5972223309455095, 0.0, 0.0, 0.0, 0.0, 0.0, 0.0, 0.0, 0.0, 0.0, 0.0, 0.0, 0.0], "3": [0.0, 0.0, 0.0, 0.0, 0.0, 0.0, 0.0, 0.0, 0.0, 0.0, 0.0, 0.0, 0.0, 0.0, 0.0, 0.0, 0.0, 0.0, 0.0, 0.0, 0.0, 0.0, 0.0, 0.0, 0.0, 0.0, 0.618465440099438, 0.7345075527826945, 0.6400332818428676, 0.7354869351342872, 0.6234214355548223, 0.7925710598627727, 0.6478039499139413, 0.7901752471923829], "4": [0.0, 0.0, 0.0, 0.0, 0.0, 0.0, 0.0, 0.0, 0.0, 0.0, 0.0, 0.0, 0.0, 0.0, 0.0, 0.0, 0.0, 0.0, 0.0, 0.0, 0.0, 0.0, 0.0, 0.0, 0.0, 0.0, 0.0, 0.0, 0.0, 0.0, 0.0, 0.0, 0.3453135677923759, 0.9333721094661289]}