{"0": [0.6628229552259047, 0.6669987468807785, 0.664458664568762, 0.6612307018703885, 0.6603076278620089, 0.6607368937245122, 0.0, 0.0, 0.651124748463432, 0.6589260176376062, 0.6618730280548333, 0.6910249322652818, 0.6376726028819879, 0.6980458041032155, 0.6641704089629153, 0.7340777851917125, 0.6278721004103621, 0.7403951077549545, 0.6699579990158478, 0.761681189139684, 0.6512998811900617, 0.7551723378675955, 0.6614865910261869, 0.784255161329552, 0.6477518861492475, 0.7875411576694913, 0.6557621700378757, 0.8489288239015473, 0.0, 0.0, 0.6461286380887031, 0.8995139170576025, 0.6456922786931195, 0.9001808675212992], "1": [0.0, 0.0, 0.0, 0.0, 0.0, 0.0, 0.5357917661157747, 0.5086922110230835, 0.5449572246521711, 0.5072213262043618, 0.5357974713047345, 0.5339327772458394, 0.5451957205931346, 0.5312059915728039, 0.5354632835679998, 0.5779571568524396, 0.5446345686912537, 0.5741007725501226, 0.5306537138919035, 0.6041312937107352, 0.0, 0.0, 0.5354620661314887, 0.6160493983162774, 0.5448350352545579, 0.6106208249374673, 0.5324825648218393, 0.6713760589007978, 0.5408840513477723, 0.6697996562829724, 0.5317993796740969, 0.715146971107633, 0.5640165626381834, 0.6987214862196534], "2": [0.0, 0.0, 0.0, 0.0, 0.0, 0.0, 0.0, 0.0, 0.0, 0.0, 0.0, 0.0, 0.0, 0.0, 0.0, 0.0, 0.0, 0.0, 0.0, 0.0, 0.0, 0.0, 0.0, 0.0, 0.0, 0.0, 0.0, 0.0, 0.6565454352957507, 0.8492171358179164, 0.0, 0.0, 0.0, 0.0], "3": [0.0, 0.0, 0.0, 0.0, 0.0, 0.0, 0.0, 0.0, 0.0, 0.0, 0.0, 0.0, 0.0, 0.0, 0.0, 0.0, 0.0, 0.0, 0.0, 0.0, 0.0, 0.0, 0.0, 0.0, 0.0, 0.0, 0.0, 0.0, 0.0, 0.0, 0.5628800998131435, 0.6984718039079949, 0.0, 0.0], "4": [0.0, 0.0, 0.0, 0.0, 0.0, 0.0, 0.0, 0.0, 0.0, 0.0, 0.0, 0.0, 0.0, 0.0, 0.0, 0.0, 0.0, 0.0, 0.0, 0.0, 0.0, 0.0, 0.0, 0.0, 0.0, 0.0, 0.0, 0.0, 0.0, 0.0, 0.0, 0.0, 0.5328189685940743, 0.7153349255522092]}