{"0": [0.6158471595495939, 0.6322706537114249, 0.619463029752175, 0.6254330409345803, 0.6131059660265843, 0.6267721434434256, 0.6250861838459969, 0.6193974209052545, 0.6094090024630229, 0.6201673451397154, 0.6294815015047789, 0.6172702263902735, 0.6034981511533262, 0.6270010655676878, 0.641832101593415, 0.6104132438699404, 0.5991939951976141, 0.6554736305580094, 0.6423793144524097, 0.6335968624110575, 0.5975309873310228, 0.694329670181981, 0.62970251912872, 0.659494654999839, 0.6103881734753183, 0.6609878946233678, 0.6341245364397765, 0.6988369720953482, 0.6072966674963634, 0.7068228345226358, 0.6284286387264728, 0.7471861856955069, 0.6115704670548439, 0.7680022017823325], "1": [0.0, 0.0, 0.0, 0.0, 0.0, 0.0, 0.3362736064940691, 0.6514437754948934, 0.34899890385568144, 0.6518775354932855, 0.32795598929127057, 0.688789779610104, 0.3579502935210864, 0.6874952684949945, 0.3232659415031473, 0.7214351494003225, 0.36652827933430665, 0.7289271692434947, 0.0, 0.0, 0.0, 0.0, 0.3373365494112174, 0.7750083604344615, 0.3587693321208159, 0.7735744455898249, 0.34162543167670567, 0.8324903719955019, 0.37309805443510413, 0.830558005306456, 0.3416501010457675, 0.8887798468271891, 0.3856146269788345, 0.8845656237668461], "2": [0.0, 0.0, 0.0, 0.0, 0.0, 0.0, 0.0, 0.0, 0.0, 0.0, 0.0, 0.0, 0.0, 0.0, 0.0, 0.0, 0.0, 0.0, 0.6314750631650289, 0.6078257397369102, 0.0, 0.0, 0.0, 0.0, 0.0, 0.0, 0.0, 0.0, 0.0, 0.0, 0.0, 0.0, 0.0, 0.0], "3": [0.0, 0.0, 0.0, 0.0, 0.0, 0.0, 0.0, 0.0, 0.0, 0.0, 0.0, 0.0, 0.0, 0.0, 0.0, 0.0, 0.0, 0.0, 0.0, 0.0, 0.6017876161883274, 0.6416432135634952, 0.0, 0.0, 0.0, 0.0, 0.0, 0.0, 0.0, 0.0, 0.0, 0.0, 0.0, 0.0], "4": [0.0, 0.0, 0.0, 0.0, 0.0, 0.0, 0.0, 0.0, 0.0, 0.0, 0.0, 0.0, 0.0, 0.0, 0.0, 0.0, 0.0, 0.0, 0.0, 0.0, 0.36699627811710034, 0.7041159453215422, 0.0, 0.0, 0.0, 0.0, 0.0, 0.0, 0.0, 0.0, 0.0, 0.0, 0.0, 0.0], "5": [0.0, 0.0, 0.0, 0.0, 0.0, 0.0, 0.0, 0.0, 0.0, 0.0, 0.0, 0.0, 0.0, 0.0, 0.0, 0.0, 0.0, 0.0, 0.0, 0.0, 0.0, 0.0, 0.0, 0.0, 0.0, 0.0, 0.3718773914501071, 0.8305495032557735, 0.0, 0.0, 0.0, 0.0, 0.0, 0.0], "6": [0.0, 0.0, 0.0, 0.0, 0.0, 0.0, 0.0, 0.0, 0.0, 0.0, 0.0, 0.0, 0.0, 0.0, 0.0, 0.0, 0.0, 0.0, 0.0, 0.0, 0.0, 0.0, 0.0, 0.0, 0.0, 0.0, 0.0, 0.0, 0.0, 0.0, 0.0, 0.0, 0.5981614108197391, 0.6981345013335899]}