{"0": [0.0, 0.0, 0.0, 0.0, 0.6219927574818332, 0.5538590303173773, 0.609209776048859, 0.5532595369550917, 0.6197776289656757, 0.5568495370723582, 0.605492411305507, 0.574322795122862, 0.6165102546413739, 0.582535069518619, 0.0, 0.0, 0.6162567039330801, 0.6278248846530914, 0.0, 0.0, 0.6267396852994959, 0.6585538164333061, 0.5948727914442619, 0.6538040260473887, 0.6085247597346704, 0.6554618562606199, 0.5907809103528658, 0.7035224239031475, 0.0, 0.0, 0.5795102313160896, 0.7309210317002404, 0.0, 0.0], "1": [0.0, 0.0, 0.0, 0.0, 0.0, 0.0, 0.48404510083297886, 0.5484281204364918, 0.481594951171428, 0.5470924852070985, 0.490461925106744, 0.5783615814314949, 0.462044528250893, 0.5754614419407315, 0.0, 0.0, 0.4491967757542928, 0.5954752569949185, 0.0, 0.0, 0.45839939750730985, 0.5815122802396891, 0.0, 0.0, 0.0, 0.0, 0.0, 0.0, 0.0, 0.0, 0.0, 0.0, 0.0, 0.0], "2": [0.0, 0.0, 0.0, 0.0, 0.0, 0.0, 0.0, 0.0, 0.0, 0.0, 0.4618172127753496, 0.576463845482579, 0.49497596633931007, 0.6026691165235307, 0.447147140900294, 0.5966843491903058, 0.5005467294404904, 0.6248256281570151, 0.0, 0.0, 0.5037081728378932, 0.6422806984848446, 0.4649827897238234, 0.6674892946525856, 0.4898315899074077, 0.6627217790594807, 0.4520256248690809, 0.7041585098814082, 0.49920204232136406, 0.6854670483481001, 0.4390621717398365, 0.7584854261190803, 0.49717966044942535, 0.7305076768552814], "3": [0.0, 0.0, 0.0, 0.0, 0.0, 0.0, 0.0, 0.0, 0.0, 0.0, 0.0, 0.0, 0.0, 0.0, 0.0, 0.0, 0.0, 0.0, 0.0, 0.0, 0.0, 0.0, 0.0, 0.0, 0.0, 0.0, 0.0, 0.0, 0.5960065466662248, 0.7046636897104758, 0.0, 0.0, 0.0, 0.0], "4": [0.0, 0.0, 0.0, 0.0, 0.0, 0.0, 0.0, 0.0, 0.0, 0.0, 0.0, 0.0, 0.0, 0.0, 0.0, 0.0, 0.0, 0.0, 0.0, 0.0, 0.0, 0.0, 0.0, 0.0, 0.0, 0.0, 0.0, 0.0, 0.0, 0.0, 0.0, 0.0, 0.6321045828983188, 0.6777621072544544]}