{"0": [0.29015500843524933, 0.5538026299741533, 0.2911496420701345, 0.5483976103641369, 0.0, 0.0, 0.2970801407471299, 0.544873597914422, 0.0, 0.0, 0.30707361083477736, 0.5765747478714696, 0.305786429811269, 0.5729404627173035, 0.30560383126139645, 0.6152305402137616, 0.3084807578474283, 0.6125862118270662, 0.29873537675788003, 0.6440608885553148, 0.0, 0.0, 0.3083827531586091, 0.649704772344342, 0.3156933795660734, 0.6474953881568379, 0.30414579225083194, 0.6986041179409733, 0.30788808315992355, 0.6976783776724781, 0.312835186968247, 0.7475849778563888, 0.31218718911210697, 0.7447427902784612], "1": [0.0, 0.0, 0.0, 0.0, 0.0, 0.0, 0.5416778730849425, 0.6151282979382409, 0.5549053187171619, 0.615998308746903, 0.5316264520709714, 0.6446935894312682, 0.5644176175507405, 0.6532343965989572, 0.5221670779710015, 0.6973423498648185, 0.5662457364300887, 0.6954398764504326, 0.0, 0.0, 0.557652772590518, 0.7049818884443354, 0.5349300713588794, 0.7421474995436491, 0.5566797375368575, 0.7389859214976982, 0.5334055396417777, 0.8080298229500099, 0.5665633720656237, 0.8052519643748248, 0.5310589858486007, 0.8766607584776702, 0.5681502840171258, 0.8813897826053478], "2": [0.0, 0.0, 0.0, 0.0, 0.0, 0.0, 0.0, 0.0, 0.0, 0.0, 0.0, 0.0, 0.0, 0.0, 0.0, 0.0, 0.0, 0.0, 0.2975777653977275, 0.5925669111587383, 0.0, 0.0, 0.0, 0.0, 0.0, 0.0, 0.0, 0.0, 0.0, 0.0, 0.0, 0.0, 0.0, 0.0], "3": [0.0, 0.0, 0.0, 0.0, 0.0, 0.0, 0.0, 0.0, 0.0, 0.0, 0.0, 0.0, 0.0, 0.0, 0.0, 0.0, 0.0, 0.0, 0.0, 0.0, 0.2970997807880243, 0.5921906029736554, 0.0, 0.0, 0.0, 0.0, 0.0, 0.0, 0.0, 0.0, 0.0, 0.0, 0.0, 0.0], "4": [0.0, 0.0, 0.0, 0.0, 0.0, 0.0, 0.0, 0.0, 0.0, 0.0, 0.0, 0.0, 0.0, 0.0, 0.0, 0.0, 0.0, 0.0, 0.0, 0.0, 0.9244940934081872, 0.8166664799054464, 0.0, 0.0, 0.0, 0.0, 0.0, 0.0, 0.0, 0.0, 0.0, 0.0, 0.0, 0.0]}