{"0": [0.547581890784204, 0.5987960746994725, 0.5502867167194684, 0.5944247442263143, 0.5483110967092216, 0.59355969870532, 0.5581132791936397, 0.598089874232257, 0.0, 0.0, 0.5552439412722985, 0.6292635957400005, 0.5640814309939742, 0.6252512668569883, 0.5551307079692681, 0.6725664575894674, 0.5639707089712223, 0.6680822116357309, 0.5471813453308442, 0.6768355072130483, 0.0, 0.0, 0.5577095766862233, 0.7068795464105077, 0.568350696998338, 0.7052269185030902, 0.55397088440756, 0.756871082385381, 0.5592367245505253, 0.7558542598176885, 0.5567728450521827, 0.8148364610142178, 0.5651429841915766, 0.8048515283399158], "1": [0.4569095633924008, 0.6982458301164486, 0.4588832538574934, 0.6909915503528383, 0.45491782079140347, 0.6941449925855354, 0.46845313869416716, 0.6901966024328161, 0.0, 0.0, 0.48650455512106416, 0.7092071170056308, 0.46341689601540564, 0.728948303339658, 0.5143288487878939, 0.7190227654245166, 0.47733027987803023, 0.781467983267201, 0.5075950238853693, 0.7541368438137902, 0.0, 0.0, 0.5116454104582469, 0.786094229530405, 0.4905926282828053, 0.7884601539483777, 0.5186701833658541, 0.8559148073748305, 0.46218460649251936, 0.8312423101177921, 0.5390893029669921, 0.9010182062784831, 0.47079792941610027, 0.8885288799250566], "2": [0.0, 0.0, 0.0, 0.0, 0.0, 0.0, 0.0, 0.0, 0.0, 0.0, 0.4658932816237211, 0.7279031049322199, 0.0, 0.0, 0.0, 0.0, 0.0, 0.0, 0.0, 0.0, 0.0, 0.0, 0.0, 0.0, 0.0, 0.0, 0.0, 0.0, 0.0, 0.0, 0.0, 0.0, 0.0, 0.0], "3": [0.0, 0.0, 0.0, 0.0, 0.0, 0.0, 0.0, 0.0, 0.0, 0.0, 0.0, 0.0, 0.0, 0.0, 0.0, 0.0, 0.0, 0.0, 0.0, 0.0, 0.47745917495340107, 0.7858130591887015, 0.0, 0.0, 0.0, 0.0, 0.0, 0.0, 0.0, 0.0, 0.0, 0.0, 0.0, 0.0], "4": [0.0, 0.0, 0.0, 0.0, 0.0, 0.0, 0.0, 0.0, 0.0, 0.0, 0.0, 0.0, 0.0, 0.0, 0.0, 0.0, 0.0, 0.0, 0.0, 0.0, 0.5441200556233525, 0.6540322074183711, 0.0, 0.0, 0.0, 0.0, 0.0, 0.0, 0.0, 0.0, 0.0, 0.0, 0.0, 0.0]}