{"0": [0.4398850915643076, 0.5329798455591555, 0.4419827159494162, 0.528093679304476, 0.44021071717143057, 0.5278418487972684, 0.4486712763706843, 0.5303636075721847, 0.0, 0.0, 0.455156866957744, 0.5589312744085435, 0.4460313451786836, 0.5550158500671387, 0.4546744684378306, 0.6083190178429639, 0.44796900266082956, 0.6048463797127759, 0.44193844969073937, 0.6355677397162824, 0.43666452964146935, 0.6305829189441822, 0.45099655650556086, 0.6498800483014848, 0.4570210356265307, 0.651614432864719, 0.4397084126481786, 0.699065848853853, 0.4629224653045336, 0.699928993097058, 0.4350869323126972, 0.7500031580527623, 0.47474108040332796, 0.7532446292815385], "1": [0.35505168661475184, 0.5157233935815316, 0.3562308311462402, 0.5114870506304282, 0.0, 0.0, 0.3598605428511898, 0.5143841946290599, 0.3687893293021868, 0.5125415130897805, 0.35983762679000697, 0.5412774244944255, 0.37066018680731455, 0.5370421611578894, 0.35928181037306783, 0.5767414322605839, 0.3709668746838967, 0.5697782388439885, 0.3564715372553716, 0.6090061876508924, 0.0, 0.0, 0.36221872282524903, 0.61091591010767, 0.3752209827303886, 0.6054631192375113, 0.3541139803826808, 0.6568513862512729, 0.37447097649176914, 0.6540939554020211, 0.34564175580938655, 0.693667322728369, 0.3836530834436417, 0.694926682666496], "2": [0.0, 0.0, 0.0, 0.0, 0.0, 0.0, 0.0, 0.0, 0.0, 0.0, 0.0, 0.0, 0.0, 0.0, 0.0, 0.0, 0.0, 0.0, 0.0, 0.0, 0.0, 0.0, 0.0, 0.0, 0.43970523923635485, 0.6441734751065573, 0.4618947125971317, 0.700155379154064, 0.44051194190979004, 0.6978113814636513, 0.4744783992568652, 0.7530228821215806, 0.0, 0.0]}