{"0": [0.6133123869697251, 0.5501432072233271, 0.6137201085686683, 0.5462703028210887, 0.6114209134752552, 0.5452795580581383, 0.0, 0.0, 0.6051857533554235, 0.5456496521278664, 0.6049660497655471, 0.5681538044302552, 0.5979883838677779, 0.5719062445340333, 0.6079085903863112, 0.6016668061415354, 0.5911610469222068, 0.6055960421208982, 0.6121345597008864, 0.6302347315682305, 0.5982335207673409, 0.6382733448787972, 0.6054894275963306, 0.6413886012302504, 0.5991637919098138, 0.642661468187968, 0.6109894727667172, 0.6959589463693124, 0.5943195208907127, 0.6875037093957265, 0.0, 0.0, 0.5842310061057409, 0.7323322059931578], "1": [0.6439059764146805, 0.4867931652952124, 0.6460670925676822, 0.4792639056841532, 0.0, 0.0, 0.6505963077147802, 0.4787020851064611, 0.0, 0.0, 0.6530189543962479, 0.5040648100552736, 0.6595735031124809, 0.5036702407180381, 0.6458553709089756, 0.5217551418476635, 0.6473064464827378, 0.5274227870835199, 0.6458025415738423, 0.5069958258558203, 0.6436877907603048, 0.5077057761726556, 0.6480423699443539, 0.5804899413276602, 0.6638466098035375, 0.5792718659948418, 0.6427847748001417, 0.626336035684303, 0.6683404058528443, 0.6294237339938128, 0.6393215575876335, 0.6706012161793532, 0.678006992302835, 0.6828173251063735], "2": [0.0, 0.0, 0.0, 0.0, 0.8271127655151456, 0.48444436965165316, 0.0, 0.0, 0.0, 0.0, 0.0, 0.0, 0.0, 0.0, 0.0, 0.0, 0.0, 0.0, 0.0, 0.0, 0.0, 0.0, 0.0, 0.0, 0.0, 0.0, 0.0, 0.0, 0.0, 0.0, 0.0, 0.0, 0.0, 0.0], "3": [0.0, 0.0, 0.0, 0.0, 0.0, 0.0, 0.0, 0.0, 0.6588045413295428, 0.480460642002247, 0.0, 0.0, 0.0, 0.0, 0.0, 0.0, 0.0, 0.0, 0.0, 0.0, 0.0, 0.0, 0.0, 0.0, 0.0, 0.0, 0.0, 0.0, 0.0, 0.0, 0.0, 0.0, 0.0, 0.0], "4": [0.0, 0.0, 0.0, 0.0, 0.0, 0.0, 0.0, 0.0, 0.0, 0.0, 0.0, 0.0, 0.0, 0.0, 0.0, 0.0, 0.0, 0.0, 0.6382380517820517, 0.5668701128275306, 0.0, 0.0, 0.0, 0.0, 0.0, 0.0, 0.0, 0.0, 0.0, 0.0, 0.0, 0.0, 0.0, 0.0], "5": [0.0, 0.0, 0.0, 0.0, 0.0, 0.0, 0.0, 0.0, 0.0, 0.0, 0.0, 0.0, 0.0, 0.0, 0.0, 0.0, 0.0, 0.0, 0.0, 0.0, 0.0, 0.0, 0.0, 0.0, 0.0, 0.0, 0.5943331029887001, 0.6858238285338437, 0.6110301000376542, 0.6972240821078971, 0.5844295782968402, 0.7324198837633487, 0.6190160490262012, 0.7437227340760054]}