{"0": [0.5798022083938122, 0.4978601144419776, 0.5799506557484467, 0.49413735645788687, 0.5776913889373342, 0.4944078689372098, 0.0, 0.0, 0.5712547955413659, 0.49681470460361904, 0.5776677502940099, 0.5186270704975835, 0.5627215230216582, 0.5180253269495788, 0.585262973466888, 0.5449553800401864, 0.5553920077160001, 0.5413257576801159, 0.5958120347311099, 0.5634612286532367, 0.5687485564132657, 0.5355840356261642, 0.5614417243748904, 0.5874625751265773, 0.5669963471591473, 0.586833745903439, 0.5657448466867209, 0.6261723811151805, 0.5738497922817866, 0.6280901566699699, 0.5558131885404388, 0.6665550351142884, 0.5841218449175358, 0.6775295957922935], "1": [0.29954088491698105, 0.596614792170348, 0.3010947349170844, 0.593883200486501, 0.0, 0.0, 0.30760888357957206, 0.5972464082417664, 0.0, 0.0, 0.31758105282982196, 0.6258298430315874, 0.3020197354683963, 0.6236959587644648, 0.3150652766848604, 0.6799842240633788, 0.30168769002581636, 0.6647863254502967, 0.29960694859425224, 0.7092163092560239, 0.0, 0.0, 0.3179138171176116, 0.721540390893265, 0.3039249134560426, 0.7217854599709864, 0.3249922916293144, 0.7711918570377209, 0.2980574851855636, 0.7769914666811624, 0.3430798719326655, 0.8206866507177, 0.2917962481578191, 0.8444785868680036], "2": [0.0, 0.0, 0.0, 0.0, 0.0, 0.0, 0.0, 0.0, 0.0, 0.0, 0.0, 0.0, 0.0, 0.0, 0.0, 0.0, 0.5815256002669533, 0.5432236197921965, 0.0, 0.0, 0.0, 0.0, 0.0, 0.0, 0.0, 0.0, 0.0, 0.0, 0.0, 0.0, 0.0, 0.0, 0.0, 0.0], "3": [0.0, 0.0, 0.0, 0.0, 0.0, 0.0, 0.0, 0.0, 0.0, 0.0, 0.0, 0.0, 0.0, 0.0, 0.0, 0.0, 0.0, 0.0, 0.31499494183808563, 0.6435927267427798, 0.0, 0.0, 0.0, 0.0, 0.0, 0.0, 0.0, 0.0, 0.0, 0.0, 0.0, 0.0, 0.0, 0.0], "4": [0.0, 0.0, 0.0, 0.0, 0.0, 0.0, 0.0, 0.0, 0.0, 0.0, 0.0, 0.0, 0.0, 0.0, 0.0, 0.0, 0.0, 0.0, 0.0, 0.0, 0.29750913844133414, 0.7075332284111667, 0.0, 0.0, 0.0, 0.0, 0.0, 0.0, 0.0, 0.0, 0.0, 0.0, 0.0, 0.0], "5": [0.0, 0.0, 0.0, 0.0, 0.0, 0.0, 0.0, 0.0, 0.0, 0.0, 0.0, 0.0, 0.0, 0.0, 0.0, 0.0, 0.0, 0.0, 0.0, 0.0, 0.0, 0.0, 0.0, 0.0, 0.3204785205423832, 0.7163650826171593, 0.29874737486243247, 0.7782512130560697, 0.32598346956074237, 0.7727124121454026, 0.29180593267083166, 0.8455603310355434, 0.3438934691560765, 0.8209122295732851], "6": [0.0, 0.0, 0.0, 0.0, 0.0, 0.0, 0.0, 0.0, 0.0, 0.0, 0.0, 0.0, 0.0, 0.0, 0.0, 0.0, 0.0, 0.0, 0.0, 0.0, 0.0, 0.0, 0.0, 0.0, 0.0, 0.0, 0.0, 0.0, 0.0, 0.0, 0.0, 0.0, 0.554795631269614, 0.666862342092726]}