{"0": [0.28064928433547415, 0.42380688631976093, 0.28398274891078473, 0.4205363194147746, 0.27999908129374185, 0.4200613035096062, 0.2883868277072906, 0.4231203035072044, 0.2795656138410171, 0.4230577259152024, 0.293532642442733, 0.44626495131739863, 0.27991586240629357, 0.44873564568934615, 0.0, 0.0, 0.3014388302961985, 0.4894577829926102, 0.0, 0.0, 0.307595020532608, 0.5170275153937163, 0.28257996117075285, 0.5121397771217205, 0.2966651208698749, 0.5141845309072071, 0.2845676715175311, 0.5539957611649124, 0.30651601754749813, 0.5480655334613941, 0.28513188880557816, 0.6010972698529562, 0.3079445364574592, 0.5945738781381537], "1": [0.0, 0.0, 0.0, 0.0, 0.0, 0.0, 0.3968103187779585, 0.4486677470030608, 0.40718767438083886, 0.44780660514478327, 0.39640531465411183, 0.4762416007342162, 0.4137096938987573, 0.47024691917554096, 0.3929198273147146, 0.5105370534790887, 0.4173655312508344, 0.4989595447425489, 0.38811615159114204, 0.5337382148813319, 0.0, 0.0, 0.4041185783843199, 0.5316085329762211, 0.41678581014275545, 0.5319219677536576, 0.4069593038409948, 0.5737163977490531, 0.41121008191257713, 0.573031254057531, 0.4082030129929384, 0.6108881070382065, 0.4135619500031074, 0.6156679405106439], "2": [0.0, 0.0, 0.0, 0.0, 0.0, 0.0, 0.0, 0.0, 0.2512653414160013, 0.4314501325289408, 0.26271419984598954, 0.451915987332662, 0.2446724963063995, 0.45252449998149163, 0.0, 0.0, 0.24069028720259666, 0.4623829039710539, 0.0, 0.0, 0.0, 0.0, 0.2589878128220638, 0.5203691515657637, 0.24847678728401662, 0.5187975422099784, 0.2609087999599675, 0.5614073720243242, 0.24320538416504864, 0.5530482335223093, 0.25847276151180265, 0.6033230201237731, 0.24464210607111453, 0.5971838027238846], "3": [0.0, 0.0, 0.0, 0.0, 0.0, 0.0, 0.0, 0.0, 0.0, 0.0, 0.0, 0.0, 0.0, 0.0, 0.0, 0.0, 0.0, 0.0, 0.28197602884223066, 0.4400278529635182, 0.0, 0.0, 0.0, 0.0, 0.0, 0.0, 0.0, 0.0, 0.0, 0.0, 0.0, 0.0, 0.0, 0.0], "4": [0.0, 0.0, 0.0, 0.0, 0.0, 0.0, 0.0, 0.0, 0.0, 0.0, 0.0, 0.0, 0.0, 0.0, 0.0, 0.0, 0.0, 0.0, 0.0, 0.0, 0.2812635851315766, 0.44051227623389827, 0.0, 0.0, 0.0, 0.0, 0.0, 0.0, 0.0, 0.0, 0.0, 0.0, 0.0, 0.0], "5": [0.0, 0.0, 0.0, 0.0, 0.0, 0.0, 0.0, 0.0, 0.0, 0.0, 0.0, 0.0, 0.0, 0.0, 0.0, 0.0, 0.0, 0.0, 0.0, 0.0, 0.24414041265845302, 0.45180323212235063, 0.0, 0.0, 0.0, 0.0, 0.0, 0.0, 0.0, 0.0, 0.0, 0.0, 0.0, 0.0], "6": [0.0, 0.0, 0.0, 0.0, 0.0, 0.0, 0.0, 0.0, 0.0, 0.0, 0.0, 0.0, 0.0, 0.0, 0.0, 0.0, 0.0, 0.0, 0.0, 0.0, 0.0, 0.0, 0.0, 0.0, 0.0, 0.0, 0.24296009788910547, 0.5520615933531964, 0.2610245565573374, 0.5618376422811437, 0.0, 0.0, 0.2612108903626601, 0.6025978720850415]}