{"0": [0.6279441983128587, 0.5334442970929323, 0.6305270551393429, 0.5287205490249175, 0.6249064256747565, 0.5285789336319323, 0.6341434473792712, 0.531039038962788, 0.619883244112134, 0.5326237201690673, 0.6398738273108999, 0.5623607538364551, 0.6135079476982355, 0.5622795692196598, 0.6457138566921155, 0.60536859565311, 0.6090193998068572, 0.6059944649537405, 0.6483320985299845, 0.6431983415727263, 0.6071145707120498, 0.6447090912748266, 0.6348047141606609, 0.6417049924532572, 0.6174485471099617, 0.6428176756258364, 0.6318612664937971, 0.7023197739212601, 0.6221227141097188, 0.7024833043416341, 0.6313393189804628, 0.7641011096813061, 0.6274163518721859, 0.7532940534529863], "1": [0.17438307454188665, 0.4589931121578923, 0.0, 0.0, 0.17272949730977413, 0.45568035399472273, 0.16248040522138277, 0.4574293419166848, 0.17174453722933927, 0.4587388197580973, 0.15418041249116263, 0.4794798735115263, 0.17254516612738371, 0.48723513174940036, 0.14932568048437436, 0.5092901035591408, 0.17734211118270954, 0.5199395932533123, 0.0, 0.0, 0.17839466532071432, 0.54295108517011, 0.15599785790157814, 0.5442053870470436, 0.16725280384222665, 0.5469066933349327, 0.16116541704783838, 0.5848606983820598, 0.16691357990105946, 0.5851832493587775, 0.16243804693222047, 0.624236293192263, 0.16136709234366814, 0.6255540463659498], "2": [0.0, 0.0, 0.0, 0.0, 0.0, 0.0, 0.3481933534145355, 0.45507940920414747, 0.35922861446936927, 0.4520668736210576, 0.3484163312241435, 0.4827048078731254, 0.3700507014989853, 0.4713489651679993, 0.3475529681891203, 0.5145637961725394, 0.37931328316529594, 0.5006454434107851, 0.34913077764213085, 0.5421751976013184, 0.37584956338008246, 0.5197354970154939, 0.35851810611784457, 0.5411148848357024, 0.3733826986203591, 0.5376793764255665, 0.3593740576257308, 0.5784982570895443, 0.36975087064007917, 0.575734266086861, 0.36328851580619814, 0.6179355733372547, 0.3708000582953294, 0.61362782297311]}