{"0": [0.0, 0.0, 0.0, 0.0, 0.0, 0.0, 0.47994685396552084, 0.6160329708346615, 0.4923215307295323, 0.6094610197676553, 0.48136590016074476, 0.647128802979434, 0.5023435933981091, 0.6329735040112778, 0.47964441664516927, 0.6946819336326034, 0.5116855926811695, 0.6615678801580712, 0.4653739015882214, 0.7168652326972397, 0.5013427028432489, 0.6709849458049845, 0.49296934586018326, 0.7211563123597038, 0.508814100176096, 0.7167171941863166, 0.4852330384620776, 0.7720150466318485, 0.5136353634297848, 0.7572049993055838, 0.5038543532292048, 0.8193903910892981, 0.5360884455963969, 0.789627049145875], "1": [0.0, 0.0, 0.0, 0.0, 0.0, 0.0, 0.5788871695597967, 0.6061564403551596, 0.5912938116739194, 0.6072568425425777, 0.5663433736945208, 0.6383808489231587, 0.598917601381739, 0.6469593208145212, 0.5533744682868321, 0.6757768794342324, 0.6134774637718995, 0.6838736021960223, 0.0, 0.0, 0.6322556655853987, 0.710661337993763, 0.5660067881147067, 0.7309398307844445, 0.5892517675024767, 0.7357771016933299, 0.5641098245978355, 0.7819174963566992, 0.5995098923643429, 0.7950804776615565, 0.5602334922955682, 0.8407854253702142, 0.6081175789237022, 0.8728324020350421]}