{"0": [0.508991555745403, 0.7294171936810017, 0.5094738129526377, 0.7218784438515151, 0.5074214225014051, 0.7234355765360373, 0.517495142420133, 0.7167763566529309, 0.0, 0.0, 0.5349284774623811, 0.7451850172546176, 0.5186105078241476, 0.7437809895034189, 0.5345569036280116, 0.8005404114723206, 0.5189299360693743, 0.7891899614146463, 0.5160315949469805, 0.8196532492284422, 0.5103716697427444, 0.8175027824110455, 0.5347227703159054, 0.8406187126895894, 0.5194119254748026, 0.8384901973936292, 0.5400509043286245, 0.8933494729024393, 0.5206340154012045, 0.8925599670003134, 0.5436459494211401, 0.9456186667636589, 0.5171005827685197, 0.9556903300461945], "1": [0.38334763484696543, 0.7019785894287958, 0.3840881742537022, 0.6958470278316073, 0.3804864499097069, 0.6951918685877764, 0.0, 0.0, 0.3696655623614788, 0.6977555184452623, 0.38962031820168097, 0.7294151189978476, 0.35841687793533006, 0.7349241941063492, 0.0, 0.0, 0.3516440895696481, 0.7761962572733562, 0.0, 0.0, 0.0, 0.0, 0.38568872356166445, 0.8260201134132568, 0.36141809622446697, 0.826717213458485, 0.3876742746680975, 0.8904220426524126, 0.35781627309819064, 0.8877179362155772, 0.38699813820421697, 0.9650650655781782, 0.35104690566658975, 0.9383165754653788], "2": [0.0, 0.0, 0.0, 0.0, 0.0, 0.0, 0.0, 0.0, 0.0, 0.0, 0.0, 0.0, 0.0, 0.0, 0.0, 0.0, 0.0, 0.0, 0.0, 0.0, 0.0, 0.0, 0.0, 0.0, 0.0, 0.0, 0.5200162164866924, 0.8934153821733263, 0.0, 0.0, 0.5169943441947301, 0.9574322449940222, 0.0, 0.0], "3": [0.0, 0.0, 0.0, 0.0, 0.0, 0.0, 0.0, 0.0, 0.0, 0.0, 0.0, 0.0, 0.0, 0.0, 0.0, 0.0, 0.0, 0.0, 0.0, 0.0, 0.0, 0.0, 0.0, 0.0, 0.0, 0.0, 0.0, 0.0, 0.38646385148167606, 0.8911553253730138, 0.0, 0.0, 0.0, 0.0], "4": [0.0, 0.0, 0.0, 0.0, 0.0, 0.0, 0.0, 0.0, 0.0, 0.0, 0.0, 0.0, 0.0, 0.0, 0.0, 0.0, 0.0, 0.0, 0.0, 0.0, 0.0, 0.0, 0.0, 0.0, 0.0, 0.0, 0.0, 0.0, 0.0, 0.0, 0.0, 0.0, 0.38671920076012606, 0.9668536058178654]}