{"0": [0.3287846638510625, 0.7221216139970003, 0.3298716343939304, 0.7157855486428295, 0.3243025962263346, 0.7156801986473578, 0.0, 0.0, 0.3112386846294006, 0.7216860968205664, 0.3277671690409382, 0.7523934368734005, 0.30168783813714983, 0.7282852375948871, 0.33020083568990233, 0.7851854399398521, 0.0, 0.0, 0.3171172859768073, 0.7819328740791038, 0.2779779403160016, 0.7172256783202843, 0.3256856425354878, 0.8109163662901631, 0.3025526814162731, 0.801890919274754, 0.32286657648704326, 0.8541597775838994, 0.2899875900397698, 0.8471492438404649, 0.31871995275853193, 0.8757688385356868, 0.27807919066399334, 0.9238073291601958], "1": [0.0, 0.0, 0.0, 0.0, 0.0, 0.0, 0.47072794164220494, 0.5857599827978346, 0.4810057408486804, 0.584517886462035, 0.45949723552912475, 0.6119390426410569, 0.4868606780966124, 0.6113644491467211, 0.45271836190174025, 0.6342523664236068, 0.4932174193983277, 0.6415279983370392, 0.0, 0.0, 0.49592612162232397, 0.6577586725906089, 0.4536842215806246, 0.6726744916703966, 0.4722967402388652, 0.6759467952781253, 0.4468778384228547, 0.7164470345885665, 0.47206068616360425, 0.7169599797990587, 0.4350291296218832, 0.75713061315042, 0.46005060203994314, 0.7581328630447388], "2": [0.0, 0.0, 0.0, 0.0, 0.0, 0.0, 0.0, 0.0, 0.0, 0.0, 0.0, 0.0, 0.0, 0.0, 0.35216648841742426, 0.715688249413614, 0.0, 0.0, 0.0, 0.0, 0.0, 0.0, 0.0, 0.0, 0.0, 0.0, 0.0, 0.0, 0.0, 0.0, 0.0, 0.0, 0.0, 0.0], "3": [0.0, 0.0, 0.0, 0.0, 0.0, 0.0, 0.0, 0.0, 0.0, 0.0, 0.0, 0.0, 0.0, 0.0, 0.0, 0.0, 0.27991202858587105, 0.7236382179790073, 0.0, 0.0, 0.0, 0.0, 0.0, 0.0, 0.0, 0.0, 0.0, 0.0, 0.0, 0.0, 0.0, 0.0, 0.0, 0.0]}