{"0": [0.4505309378107389, 0.583189825658445, 0.4541750860710939, 0.5805818828167739, 0.4486520135775208, 0.579950244669561, 0.4583472354958455, 0.5834196185624158, 0.44506637478868166, 0.5813359224409969, 0.4629522014409304, 0.6119452520101158, 0.44019979344060023, 0.6142583246584292, 0.0, 0.0, 0.43601471117387214, 0.6548496394245713, 0.0, 0.0, 0.0, 0.0, 0.0, 0.0, 0.0, 0.0, 0.0, 0.0, 0.0, 0.0, 0.0, 0.0, 0.0, 0.0], "1": [0.0, 0.0, 0.0, 0.0, 0.0, 0.0, 0.6213794690867265, 0.646389956386001, 0.635212613719826, 0.6459087444676294, 0.6109393173828721, 0.6765500769571021, 0.6429681366309523, 0.6793839428159926, 0.5982661503367126, 0.7135326111758197, 0.6562528983005904, 0.7196182427582918, 0.5925645753741265, 0.738002386909944, 0.0, 0.0, 0.6156467780470847, 0.7676961912049188, 0.6364199399948121, 0.7663175693816608, 0.6147237255548438, 0.8273673633734385, 0.6452494195351998, 0.8300855881637997, 0.6144520414993166, 0.886472342632435, 0.6535842956354221, 0.890826686333727], "2": [0.0, 0.0, 0.0, 0.0, 0.0, 0.0, 0.0, 0.0, 0.0, 0.0, 0.0, 0.0, 0.4636860555658738, 0.612580696300224, 0.0, 0.0, 0.0, 0.0, 0.0, 0.0, 0.0, 0.0, 0.45023164389034115, 0.7019719814812696, 0.4657850751032432, 0.7001565761864186, 0.441629201049606, 0.7682717329925961, 0.4602465452781568, 0.7634858530980569, 0.4398797155978779, 0.8366146087646484, 0.4701404616236687, 0.8280782695169802], "3": [0.0, 0.0, 0.0, 0.0, 0.0, 0.0, 0.0, 0.0, 0.0, 0.0, 0.0, 0.0, 0.0, 0.0, 0.0, 0.0, 0.0, 0.0, 0.4541381945212682, 0.6050498267014822, 0.0, 0.0, 0.0, 0.0, 0.0, 0.0, 0.0, 0.0, 0.0, 0.0, 0.0, 0.0, 0.0, 0.0], "4": [0.0, 0.0, 0.0, 0.0, 0.0, 0.0, 0.0, 0.0, 0.0, 0.0, 0.0, 0.0, 0.0, 0.0, 0.0, 0.0, 0.0, 0.0, 0.0, 0.0, 0.43605357029785713, 0.6262443683489606, 0.0, 0.0, 0.0, 0.0, 0.0, 0.0, 0.0, 0.0, 0.0, 0.0, 0.0, 0.0]}