{"0": [0.6004292455812296, 0.5628840989536709, 0.6016258552670479, 0.5582623341569193, 0.0, 0.0, 0.6061756701907143, 0.5568090659600717, 0.0, 0.0, 0.6105899833142757, 0.5834991236527761, 0.6197816230356693, 0.5738010602416815, 0.6035987871388594, 0.6238022402480797, 0.6057137501736481, 0.6244660377502441, 0.5928296100969116, 0.6420286256957937, 0.0, 0.0, 0.6277607474476099, 0.6480783356974522, 0.6184132580955823, 0.6455954333146413, 0.6297999357183774, 0.6949836457217182, 0.6048343701908986, 0.6775270109651266, 0.6528634424010913, 0.7234169210548753, 0.5940460711717606, 0.7208354432273794], "1": [0.36699594706296923, 0.6422739000232132, 0.36943994897107285, 0.6374904579586453, 0.0, 0.0, 0.37804224540789927, 0.6392644098511449, 0.0, 0.0, 0.3707927346229553, 0.6772001574436823, 0.38576300389443835, 0.6720524505332665, 0.0, 0.0, 0.374360574533542, 0.7235565545382323, 0.36420421646907924, 0.723960440799042, 0.36165220427016415, 0.7170039024617937, 0.37687358101829893, 0.778515742443226, 0.3865559191753467, 0.7764617968488623, 0.37186881961921847, 0.8436253485856233, 0.38599874755988517, 0.8325145592844044, 0.3751163351039092, 0.9217433202045935, 0.4042957459886869, 0.8770470677702515], "2": [0.0, 0.0, 0.0, 0.0, 0.0, 0.0, 0.0, 0.0, 0.3836566769828399, 0.6394511204074931, 0.0, 0.0, 0.0, 0.0, 0.0, 0.0, 0.0, 0.0, 0.0, 0.0, 0.0, 0.0, 0.0, 0.0, 0.0, 0.0, 0.0, 0.0, 0.0, 0.0, 0.0, 0.0, 0.0, 0.0], "3": [0.0, 0.0, 0.0, 0.0, 0.0, 0.0, 0.0, 0.0, 0.0, 0.0, 0.0, 0.0, 0.0, 0.0, 0.0, 0.0, 0.0, 0.0, 0.0, 0.0, 0.5947378091514111, 0.6406691622747868, 0.0, 0.0, 0.0, 0.0, 0.0, 0.0, 0.0, 0.0, 0.0, 0.0, 0.0, 0.0], "4": [0.0, 0.0, 0.0, 0.0, 0.0, 0.0, 0.0, 0.0, 0.0, 0.0, 0.0, 0.0, 0.0, 0.0, 0.0, 0.0, 0.0, 0.0, 0.0, 0.0, 0.0, 0.0, 0.0, 0.0, 0.0, 0.0, 0.0, 0.0, 0.0, 0.0, 0.0, 0.0, 0.6525686999162038, 0.7234500840858177]}