{"0": [0.33449476112922033, 0.4862993636616954, 0.33494418816020094, 0.48183417629312586, 0.3316405899512271, 0.4838925896971314, 0.3374479697396358, 0.48134238455030653, 0.33130461362889035, 0.4855064160845898, 0.3503286980092526, 0.5074015738537397, 0.3423873857905467, 0.5080328385035197, 0.3518353313518067, 0.5415153022165652, 0.34339071363210677, 0.5397825132917474, 0.33219284700850643, 0.5633714945228011, 0.3311475697516774, 0.5619534956084358, 0.35167991972217955, 0.581595978844497, 0.3481325660056124, 0.5802738209565481, 0.3472768237814307, 0.620907853267811, 0.3524792562549313, 0.6189278796591141, 0.34927927056948344, 0.6692475971248415, 0.36275897125403084, 0.6572356942627166], "1": [0.6284081642826398, 0.6756172248610743, 0.0, 0.0, 0.6276702993859847, 0.6710816524095006, 0.6096553701907397, 0.6684658730471575, 0.6246036330858866, 0.6709378758514369, 0.6017329399784406, 0.6985929823584027, 0.6226582475937903, 0.713265080805178, 0.6008782650033633, 0.7383813082068055, 0.6264846068496506, 0.7617787105065805, 0.0, 0.0, 0.6390735210850835, 0.7863448454274071, 0.6051589156190554, 0.8012018161791342, 0.6230884758755565, 0.8017157857064847, 0.6103685873288972, 0.8558480995120825, 0.6390400984014074, 0.8668860128632299, 0.6062583053096507, 0.907480356828482, 0.64696038266023, 0.9280719627936681], "2": [0.0, 0.0, 0.0, 0.0, 0.0, 0.0, 0.0, 0.0, 0.0, 0.0, 0.0, 0.0, 0.0, 0.0, 0.0, 0.0, 0.0, 0.0, 0.3391135270707309, 0.522875072006826, 0.0, 0.0, 0.0, 0.0, 0.0, 0.0, 0.0, 0.0, 0.0, 0.0, 0.0, 0.0, 0.0, 0.0], "3": [0.0, 0.0, 0.0, 0.0, 0.0, 0.0, 0.0, 0.0, 0.0, 0.0, 0.0, 0.0, 0.0, 0.0, 0.0, 0.0, 0.0, 0.0, 0.0, 0.0, 0.3367549875130256, 0.5213165208145424, 0.0, 0.0, 0.0, 0.0, 0.0, 0.0, 0.0, 0.0, 0.0, 0.0, 0.0, 0.0]}