{"0": [0.0, 0.0, 0.0, 0.0, 0.0, 0.0, 0.5160364441573619, 0.604329249980273, 0.5304650420943896, 0.6041251745212961, 0.5059171068482101, 0.6375281828421133, 0.5386264937619368, 0.6403648630060531, 0.5004784672210614, 0.6857023966533167, 0.5427757777894536, 0.6872818955668698, 0.0, 0.0, 0.541585860401392, 0.7181463338710644, 0.5113074926038583, 0.7309268142338152, 0.5326059256990751, 0.7368237887819608, 0.506662492826581, 0.7883068705046619, 0.5293952441463867, 0.8040603153407574, 0.5015614854792754, 0.8492541552693755, 0.5257025882601738, 0.87641420673441], "1": [0.0, 0.0, 0.0, 0.0, 0.0, 0.0, 0.2948504618058602, 0.5756349245707194, 0.3093939592440923, 0.5768136770636947, 0.2889738097166021, 0.6043682073553404, 0.31828054003417494, 0.6070997357368468, 0.2855257815991839, 0.632620487831257, 0.3278525737424692, 0.6423098076272894, 0.2860743186126153, 0.6562631559040811, 0.0, 0.0, 0.2986510102947553, 0.683504879143503, 0.3158259409169356, 0.6808405591381921, 0.3035472383101781, 0.729685354091365, 0.3173927213996649, 0.7336273511250814, 0.30772176695366704, 0.7684363488797789, 0.31805400786300503, 0.783266622379974], "2": [0.0, 0.0, 0.0, 0.0, 0.0, 0.0, 0.0, 0.0, 0.0, 0.0, 0.0, 0.0, 0.0, 0.0, 0.0, 0.0, 0.0, 0.0, 0.2772206088528037, 0.6112968720495701, 0.0, 0.0, 0.0, 0.0, 0.0, 0.0, 0.0, 0.0, 0.0, 0.0, 0.0, 0.0, 0.0, 0.0], "3": [0.0, 0.0, 0.0, 0.0, 0.0, 0.0, 0.0, 0.0, 0.0, 0.0, 0.0, 0.0, 0.0, 0.0, 0.0, 0.0, 0.0, 0.0, 0.10218357591268917, 0.6578481665364018, 0.0, 0.0, 0.0, 0.0, 0.0, 0.0, 0.0, 0.0, 0.0, 0.0, 0.0, 0.0, 0.0, 0.0], "4": [0.0, 0.0, 0.0, 0.0, 0.0, 0.0, 0.0, 0.0, 0.0, 0.0, 0.0, 0.0, 0.0, 0.0, 0.0, 0.0, 0.0, 0.0, 0.0, 0.0, 0.0, 0.0, 0.0, 0.0, 0.0, 0.0, 0.2860394346838196, 0.6174597201523957, 0.0, 0.0, 0.0, 0.0, 0.0, 0.0]}