{"0": [0.6583225737015405, 0.5628109976097389, 0.6593234421064457, 0.5577671903151052, 0.6579947513838609, 0.5589537736442354, 0.665502748390039, 0.5563631693522135, 0.0, 0.0, 0.6718510795384646, 0.5849624337973418, 0.6760628909493486, 0.5799347272625676, 0.6762154240782062, 0.6262059687740273, 0.6688156011359145, 0.6231273536328916, 0.6661578190823396, 0.6542921955938692, 0.662397117416064, 0.6388492791740983, 0.6729392148360299, 0.6592023226949902, 0.6778477327277262, 0.6572737614313763, 0.6648652999040982, 0.7066404811761997, 0.6691838177541892, 0.7019020294701611, 0.6655047563215096, 0.754085702807815, 0.6768962133502374, 0.7386013010616446], "1": [0.0, 0.0, 0.0, 0.0, 0.0, 0.0, 0.0, 0.0, 0.0, 0.0, 0.3594774603843689, 0.6608283349761257, 0.391271727407972, 0.6639401606939457, 0.35480663875738777, 0.7075440969870046, 0.0, 0.0, 0.0, 0.0, 0.0, 0.0, 0.36877593102593287, 0.7518894965174021, 0.38612582900871834, 0.7524798485415953, 0.37408514358103273, 0.8368425801948265, 0.0, 0.0, 0.3778162630895773, 0.9044019986082006, 0.0, 0.0], "2": [0.0, 0.0, 0.0, 0.0, 0.0, 0.0, 0.0, 0.0, 0.0, 0.0, 0.0, 0.0, 0.0, 0.0, 0.0, 0.0, 0.0, 0.0, 0.0, 0.0, 0.0, 0.0, 0.0, 0.0, 0.0, 0.0, 0.0, 0.0, 0.37481865535179776, 0.8341369748667434, 0.0, 0.0, 0.37763884260008734, 0.9043487487015901]}