{"0": [0.4494720580677192, 0.5146793486205516, 0.45214839425558845, 0.5095164374068932, 0.4472826916724443, 0.5097626917892033, 0.45761769190430646, 0.5106220064339816, 0.4442727259049813, 0.5127665802284523, 0.46383298902461934, 0.5384851621256934, 0.43933970569632946, 0.5378317477526489, 0.47059425897896295, 0.572682809388196, 0.432946531350414, 0.5689870732801932, 0.47208931607504684, 0.6002221730020311, 0.4412668875108163, 0.5563136734344342, 0.46077296013633406, 0.6087023768160078, 0.44470224622637033, 0.6091589325004153, 0.458483120923241, 0.654393020161876, 0.4469332723567883, 0.6492119259304471, 0.45891412111620106, 0.6948681217652781, 0.4477596358240893, 0.6836868758554813], "1": [0.4915450925628344, 0.45437534009968794, 0.49231055527925494, 0.44992128665800446, 0.48817565788825357, 0.4517102285667702, 0.0, 0.0, 0.4828586094081401, 0.4546343346436818, 0.4945460816224416, 0.47305702324266785, 0.4784187248597542, 0.4788334287978985, 0.49324710477764405, 0.5018251172922276, 0.4768646932517489, 0.514568646169371, 0.0, 0.0, 0.49121621971329055, 0.5311563239053444, 0.4944057751446963, 0.5424354888774731, 0.4847045591721932, 0.543998372030479, 0.5024736741557717, 0.5829850481616126, 0.4884209041794142, 0.5903727164974919, 0.48843022870520747, 0.6296396118623239, 0.487595575551192, 0.6314615644790507], "2": [0.9472393374269207, 0.8032871069731535, 0.9486479613929987, 0.8007114684140241, 0.0, 0.0, 0.0, 0.0, 0.0, 0.0, 0.0, 0.0, 0.9353678863107536, 0.8224625993657995, 0.0, 0.0, 0.0, 0.0, 0.0, 0.0, 0.0, 0.0, 0.0, 0.0, 0.0, 0.0, 0.0, 0.0, 0.0, 0.0, 0.0, 0.0, 0.0, 0.0], "3": [0.0, 0.0, 0.0, 0.0, 0.0, 0.0, 0.0, 0.0, 0.0, 0.0, 0.0, 0.0, 0.0, 0.0, 0.0, 0.0, 0.0, 0.0, 0.49111008966962494, 0.4759917828771803, 0.0, 0.0, 0.0, 0.0, 0.0, 0.0, 0.0, 0.0, 0.0, 0.0, 0.0, 0.0, 0.0, 0.0], "4": [0.0, 0.0, 0.0, 0.0, 0.0, 0.0, 0.0, 0.0, 0.0, 0.0, 0.0, 0.0, 0.0, 0.0, 0.0, 0.0, 0.0, 0.0, 0.0, 0.0, 0.481731097586453, 0.47832903232839374, 0.0, 0.0, 0.0, 0.0, 0.0, 0.0, 0.0, 0.0, 0.0, 0.0, 0.0, 0.0], "5": [0.0, 0.0, 0.0, 0.0, 0.0, 0.0, 0.0, 0.0, 0.0, 0.0, 0.0, 0.0, 0.0, 0.0, 0.0, 0.0, 0.0, 0.0, 0.0, 0.0, 0.0, 0.0, 0.0, 0.0, 0.0, 0.0, 0.4864390820264816, 0.5918414813500864, 0.0, 0.0, 0.0, 0.0, 0.0, 0.0], "6": [0.0, 0.0, 0.0, 0.0, 0.0, 0.0, 0.0, 0.0, 0.0, 0.0, 0.0, 0.0, 0.0, 0.0, 0.0, 0.0, 0.0, 0.0, 0.0, 0.0, 0.0, 0.0, 0.0, 0.0, 0.0, 0.0, 0.0, 0.0, 0.503122246513764, 0.5816780100266139, 0.0, 0.0, 0.0, 0.0]}