{"0": [0.9350905187427998, 0.4480746617057809, 0.9371875471125046, 0.44508509900834825, 0.9350663844806452, 0.44462408798712266, 0.9415530987083912, 0.447779377301534, 0.0, 0.0, 0.9458063376446566, 0.46856386683605333, 0.9355246387577305, 0.46854251479661024, 0.9465853597968816, 0.4999054969874797, 0.9338082149624825, 0.4961777205820437, 0.9417232221613328, 0.5215207564058127, 0.9313413614174351, 0.507756522849754, 0.9438914871153732, 0.5226062925877395, 0.9376982755959034, 0.5214720978781029, 0.9434034538455308, 0.5571257509567119, 0.9383735217154027, 0.5582085294855965, 0.0, 0.0, 0.0, 0.0], "1": [0.07634132020175458, 0.6119542002677918, 0.07760898775110642, 0.6077673810499685, 0.0, 0.0, 0.08079005315278967, 0.6082725608790363, 0.0, 0.0, 0.08618189717332522, 0.6237761972127137, 0.0844789182767272, 0.6230624353444135, 0.0, 0.0, 0.0, 0.0, 0.0, 0.0, 0.0, 0.0, 0.08793596662580967, 0.6671952077636012, 0.08549742981946716, 0.6621644262362409, 0.08614822030067444, 0.6856699016359117, 0.0, 0.0, 0.08932307561238607, 0.7147237115160182, 0.08891522586345672, 0.7116421695108768], "2": [0.340598283149302, 0.5545357249401234, 0.0, 0.0, 0.33962739671890935, 0.5515857307999222, 0.0, 0.0, 0.33763424009084697, 0.5527784687501412, 0.3196969585493207, 0.5938244066856525, 0.0, 0.0, 0.0, 0.0, 0.0, 0.0, 0.0, 0.0, 0.0, 0.0, 0.31649255578716595, 0.6537347078323364, 0.0, 0.0, 0.32072983073691524, 0.7098042805989583, 0.3487573416903615, 0.6912437653100049, 0.3066958789713681, 0.7640563112718086, 0.3418739095330238, 0.7486463423128481], "3": [0.0, 0.0, 0.0, 0.0, 0.0, 0.0, 0.6418642578025658, 0.6951264359332897, 0.6550653959314029, 0.6966615990356163, 0.6250520901133617, 0.7255415788403264, 0.6606513933589061, 0.7336401656821921, 0.6158250305801629, 0.7698563354986685, 0.6677523140485088, 0.7770452918829741, 0.0, 0.0, 0.6656320373217265, 0.7475466926892598, 0.6326184240480264, 0.8269150918280638, 0.6561587792743617, 0.8265517736474673, 0.6340123295783997, 0.8868539933805113, 0.6632927775382995, 0.888183636577041, 0.6334734411289294, 0.9466916885640885, 0.6649841457605362, 0.9526008958617846], "4": [0.0, 0.0, 0.0, 0.0, 0.0, 0.0, 0.0, 0.0, 0.6423430149753888, 0.6947396664707749, 0.6598250300933918, 0.7317552184617079, 0.6258851038912933, 0.7274927064224527, 0.0, 0.0, 0.0, 0.0, 0.6636135074620445, 0.7487008622399083, 0.0, 0.0, 0.0, 0.0, 0.0, 0.0, 0.0, 0.0, 0.0, 0.0, 0.0, 0.0, 0.0, 0.0], "5": [0.0, 0.0, 0.0, 0.0, 0.0, 0.0, 0.0, 0.0, 0.0, 0.0, 0.34428091074029604, 0.5688909382731826, 0.32389231473207475, 0.5749583753722686, 0.3532497255752484, 0.5937501068468447, 0.3106758002502223, 0.6054130325714747, 0.0, 0.0, 0.0, 0.0, 0.3339994120101134, 0.653285105140121, 0.32055848836898804, 0.655826680638172, 0.3508870756874482, 0.6900129998171771, 0.31985547207295895, 0.7103282497988807, 0.34236783956487976, 0.7483084073773136, 0.3068184552714229, 0.7659912983024562], "6": [0.0, 0.0, 0.0, 0.0, 0.0, 0.0, 0.0, 0.0, 0.0, 0.0, 0.0, 0.0, 0.34416814961781106, 0.5683475703001022, 0.0, 0.0, 0.35379010861118637, 0.5947729131689778, 0.0, 0.0, 0.0, 0.0, 0.0, 0.0, 0.0, 0.0, 0.0, 0.0, 0.0, 0.0, 0.0, 0.0, 0.0, 0.0], "7": [0.0, 0.0, 0.0, 0.0, 0.0, 0.0, 0.0, 0.0, 0.0, 0.0, 0.0, 0.0, 0.0, 0.0, 0.0, 0.0, 0.0, 0.0, 0.0, 0.0, 0.3166150285551945, 0.5942033730171344, 0.0, 0.0, 0.0, 0.0, 0.0, 0.0, 0.0, 0.0, 0.0, 0.0, 0.0, 0.0], "8": [0.0, 0.0, 0.0, 0.0, 0.0, 0.0, 0.0, 0.0, 0.0, 0.0, 0.0, 0.0, 0.0, 0.0, 0.0, 0.0, 0.0, 0.0, 0.0, 0.0, 0.33253299656013646, 0.6272845176634965, 0.0, 0.0, 0.0, 0.0, 0.0, 0.0, 0.0, 0.0, 0.0, 0.0, 0.0, 0.0], "9": [0.0, 0.0, 0.0, 0.0, 0.0, 0.0, 0.0, 0.0, 0.0, 0.0, 0.0, 0.0, 0.0, 0.0, 0.0, 0.0, 0.0, 0.0, 0.0, 0.0, 0.0, 0.0, 0.0, 0.0, 0.0, 0.0, 0.0, 0.0, 0.0849933177543183, 0.6856064181912829, 0.0, 0.0, 0.0, 0.0]}