{"0": [0.5527858294546604, 0.5929705544754312, 0.5596517314513524, 0.5874462599003757, 0.0, 0.0, 0.5629707378645737, 0.591342071250633, 0.0, 0.0, 0.5648001667577773, 0.6326900625118503, 0.5431920168300469, 0.6275950387672141, 0.5604492731237163, 0.6817210164335038, 0.5375826614598433, 0.6777545525623416, 0.5848469066123168, 0.7064593500561185, 0.0, 0.0, 0.5528988203654687, 0.7314265535937415, 0.0, 0.0, 0.0, 0.0, 0.0, 0.0, 0.0, 0.0, 0.0, 0.0], "1": [0.0, 0.0, 0.0, 0.0, 0.0, 0.0, 0.5274916245291631, 0.7051451082582827, 0.5384153075516224, 0.7022672595801177, 0.5144991215318442, 0.7464554537225653, 0.0, 0.0, 0.5030851261069377, 0.7862655502778512, 0.0, 0.0, 0.5123740008721749, 0.8046447958107349, 0.0, 0.0, 0.5181863535816471, 0.8290192149303578, 0.5416495164719487, 0.8309405498006139, 0.5092667378485203, 0.8741408418726038, 0.5381622608751059, 0.90435718982308, 0.4980663342401385, 0.9317248388572975, 0.5385993190730611, 0.9796305634357311], "2": [0.0, 0.0, 0.0, 0.0, 0.0, 0.0, 0.0, 0.0, 0.5648501793543498, 0.5914151028350547, 0.0, 0.0, 0.5623536807795365, 0.6330056343089652, 0.0, 0.0, 0.5604768034769222, 0.6836353034884841, 0.0, 0.0, 0.0, 0.0, 0.0, 0.0, 0.5545209943006436, 0.7380372112547909, 0.0, 0.0, 0.0, 0.0, 0.0, 0.0, 0.5595592714846134, 0.8136194939966555], "3": [0.0, 0.0, 0.0, 0.0, 0.0, 0.0, 0.0, 0.0, 0.0, 0.0, 0.0, 0.0, 0.0, 0.0, 0.0, 0.0, 0.0, 0.0, 0.0, 0.0, 0.0, 0.0, 0.0, 0.0, 0.0, 0.0, 0.0, 0.0, 0.5653423100089033, 0.7609718186987771, 0.0, 0.0, 0.0, 0.0], "4": [0.0, 0.0, 0.0, 0.0, 0.0, 0.0, 0.0, 0.0, 0.0, 0.0, 0.0, 0.0, 0.0, 0.0, 0.0, 0.0, 0.0, 0.0, 0.0, 0.0, 0.0, 0.0, 0.0, 0.0, 0.0, 0.0, 0.0, 0.0, 0.0, 0.0, 0.5603624189000888, 0.8057634879041601, 0.0, 0.0]}