{"0": [0.5872977167367935, 0.7403784138185007, 0.5881868551174799, 0.7349697417683072, 0.5876519400626421, 0.7343757823661522, 0.0, 0.0, 0.5784853146721919, 0.7325593919665726, 0.5863916837299864, 0.767641415309023, 0.5610001461580396, 0.758432359441563, 0.5750293143093586, 0.7992881505577653, 0.5509139496833086, 0.8041400116074968, 0.0, 0.0, 0.5661333132535219, 0.828902346558041, 0.5739776293436686, 0.8341985018165023, 0.5590140686680873, 0.8405000373169227, 0.5935849575791508, 0.8919532579956231, 0.5634830735623837, 0.9059003547385887, 0.6056294054413836, 0.9550133307774862, 0.0, 0.0], "1": [0.0, 0.0, 0.0, 0.0, 0.0, 0.0, 0.4196018762265642, 0.5999700780268069, 0.43376662905017543, 0.6030161193675466, 0.4099327776581049, 0.6265233017780163, 0.4370903202642997, 0.6345041293788838, 0.4011802035073439, 0.6607757930402403, 0.4414756534000238, 0.6778734536427591, 0.0, 0.0, 0.4507816952963671, 0.6998717899399775, 0.41716717431942624, 0.7088692336170762, 0.43499006622781355, 0.7107920620176529, 0.42738769442463914, 0.7590749041487773, 0.4469461005465131, 0.7496860008337589, 0.4227327139427264, 0.8180367269449764, 0.43377651696403824, 0.81933797934541], "2": [0.0, 0.0, 0.0, 0.0, 0.0, 0.0, 0.0, 0.0, 0.0, 0.0, 0.0, 0.0, 0.0, 0.0, 0.0, 0.0, 0.0, 0.0, 0.0, 0.0, 0.0, 0.0, 0.0, 0.0, 0.0, 0.0, 0.0, 0.0, 0.5931434781601032, 0.8907333740481624, 0.0, 0.0, 0.0, 0.0], "3": [0.0, 0.0, 0.0, 0.0, 0.0, 0.0, 0.0, 0.0, 0.0, 0.0, 0.0, 0.0, 0.0, 0.0, 0.0, 0.0, 0.0, 0.0, 0.0, 0.0, 0.0, 0.0, 0.0, 0.0, 0.0, 0.0, 0.0, 0.0, 0.0, 0.0, 0.0, 0.0, 0.5608194320462644, 0.9052429305182563]}