{"0": [0.0, 0.0, 0.0, 0.0, 0.0, 0.0, 0.6447147839392225, 0.5603078378571404, 0.6534481129298607, 0.5620817970346521, 0.6363204849883914, 0.5771123073719165, 0.6558748820175727, 0.5870712056204125, 0.625320577993989, 0.5985373660370156, 0.0, 0.0, 0.6178841628134251, 0.6196225020620558, 0.0, 0.0, 0.0, 0.0, 0.0, 0.0, 0.0, 0.0, 0.0, 0.0, 0.0, 0.0, 0.0, 0.0], "1": [0.0, 0.0, 0.0, 0.0, 0.0, 0.0, 0.3698058440039555, 0.6360246331603439, 0.3859036151940624, 0.6236234876844619, 0.3637009024620056, 0.6680851492616864, 0.3955933490147193, 0.6655011057853699, 0.3574508668233951, 0.7091302378310098, 0.40417136028409006, 0.7050045326904014, 0.35010562191406885, 0.7301059081598564, 0.0, 0.0, 0.36959328688681126, 0.7538580426463375, 0.39342038153360287, 0.7568939617386571, 0.37287996081480135, 0.8308843921732019, 0.4051211473842462, 0.8154916599944786, 0.376533981350561, 0.9015026659877213, 0.41137631827344495, 0.8838887202518958], "2": [0.0, 0.0, 0.0, 0.0, 0.0, 0.0, 0.0, 0.0, 0.0, 0.0, 0.655658779727916, 0.5883400221113806, 0.6367412455379963, 0.5787215239471859, 0.6599679940690597, 0.6254112839698791, 0.6259900574882825, 0.5986005304036317, 0.6468272104859352, 0.6292884252689502, 0.6186368212026233, 0.6179171496519336, 0.6545563906431198, 0.6493866488889412, 0.6375813695291678, 0.6468272960848278, 0.6577477953086297, 0.6969076403865108, 0.6311378698252762, 0.6906410411552146, 0.6630888324230909, 0.7441927109327581, 0.6350825510919094, 0.7387964439612847], "3": [0.0, 0.0, 0.0, 0.0, 0.0, 0.0, 0.0, 0.0, 0.0, 0.0, 0.0, 0.0, 0.0, 0.0, 0.0, 0.0, 0.0, 0.0, 0.0, 0.0, 0.40285594382633766, 0.7525448152312526, 0.0, 0.0, 0.0, 0.0, 0.0, 0.0, 0.0, 0.0, 0.0, 0.0, 0.0, 0.0]}