{"0": [0.43925030790269376, 0.5919980601028161, 0.44146960352857906, 0.5872625217393592, 0.4361643376449743, 0.5873538247965, 0.4446929111455878, 0.5875862770610385, 0.4304088147977988, 0.5883423673333945, 0.4501475218683481, 0.6184845105986352, 0.4248364592591921, 0.6149578992967253, 0.4556657778099179, 0.6533784226134972, 0.41963847583780683, 0.6455899291568332, 0.45553347263485194, 0.6837073930987604, 0.4103206256404519, 0.6762238299405133, 0.44579076816638313, 0.6921883623909068, 0.4336591230084499, 0.6901338806858769, 0.4319860115647316, 0.7485759518764639, 0.0, 0.0, 0.42327758005509775, 0.8051085984265363, 0.4509483128786087, 0.7936063603118615], "1": [0.6277657730504871, 0.6589780030427156, 0.6277021802961826, 0.6557143167213157, 0.0, 0.0, 0.6323600271095832, 0.6599192444924955, 0.6416356661667426, 0.6596153537432353, 0.6228131444659084, 0.6982098937034608, 0.6475134132119517, 0.7009071133202975, 0.6084327573577564, 0.7420489088252739, 0.65294976439327, 0.7456754205403504, 0.5905425741647681, 0.7134110645011619, 0.649328559388717, 0.7816839721605735, 0.6236709441368778, 0.8039021357617996, 0.6389583613723516, 0.8027668172562564, 0.62317653374436, 0.8686243028552443, 0.6349685350122553, 0.8783257621857855, 0.6138909117008249, 0.9230575155328822, 0.6590066867570082, 0.9234406350939363], "2": [0.0, 0.0, 0.0, 0.0, 0.0, 0.0, 0.0, 0.0, 0.0, 0.0, 0.0, 0.0, 0.0, 0.0, 0.0, 0.0, 0.0, 0.0, 0.0, 0.0, 0.5917091023176908, 0.713738782759066, 0.0, 0.0, 0.0, 0.0, 0.0, 0.0, 0.0, 0.0, 0.0, 0.0, 0.0, 0.0], "3": [0.0, 0.0, 0.0, 0.0, 0.0, 0.0, 0.0, 0.0, 0.0, 0.0, 0.0, 0.0, 0.0, 0.0, 0.0, 0.0, 0.0, 0.0, 0.0, 0.0, 0.0, 0.0, 0.0, 0.0, 0.0, 0.0, 0.0, 0.0, 0.4409551776945591, 0.7428081162549831, 0.0, 0.0, 0.0, 0.0], "4": [0.0, 0.0, 0.0, 0.0, 0.0, 0.0, 0.0, 0.0, 0.0, 0.0, 0.0, 0.0, 0.0, 0.0, 0.0, 0.0, 0.0, 0.0, 0.0, 0.0, 0.0, 0.0, 0.0, 0.0, 0.0, 0.0, 0.0, 0.0, 0.6207458113630614, 0.866188555735129, 0.0, 0.0, 0.6140363288422426, 0.9226269747647974], "5": [0.0, 0.0, 0.0, 0.0, 0.0, 0.0, 0.0, 0.0, 0.0, 0.0, 0.0, 0.0, 0.0, 0.0, 0.0, 0.0, 0.0, 0.0, 0.0, 0.0, 0.0, 0.0, 0.0, 0.0, 0.0, 0.0, 0.0, 0.0, 0.0, 0.0, 0.45085036580761273, 0.7945087919632594, 0.0, 0.0], "6": [0.0, 0.0, 0.0, 0.0, 0.0, 0.0, 0.0, 0.0, 0.0, 0.0, 0.0, 0.0, 0.0, 0.0, 0.0, 0.0, 0.0, 0.0, 0.0, 0.0, 0.0, 0.0, 0.0, 0.0, 0.0, 0.0, 0.0, 0.0, 0.0, 0.0, 0.6590005628764629, 0.924549972569501, 0.0, 0.0], "7": [0.0, 0.0, 0.0, 0.0, 0.0, 0.0, 0.0, 0.0, 0.0, 0.0, 0.0, 0.0, 0.0, 0.0, 0.0, 0.0, 0.0, 0.0, 0.0, 0.0, 0.0, 0.0, 0.0, 0.0, 0.0, 0.0, 0.0, 0.0, 0.0, 0.0, 0.0, 0.0, 0.42307410929352046, 0.8042550285105353]}