{"0": [0.5336686683197817, 0.5885563063952658, 0.0, 0.0, 0.5322233197589715, 0.5836690523006297, 0.0, 0.0, 0.5269279749908795, 0.5858786876554842, 0.521057207758228, 0.6065639875553273, 0.5231107717845589, 0.6099541063661928, 0.0, 0.0, 0.5455813777495601, 0.6210418259271222, 0.5612222114577889, 0.6086088670624628, 0.5632305872937043, 0.6085472051744107, 0.5279623712102572, 0.6904196094583582, 0.5361475363994638, 0.6871242322303631, 0.0, 0.0, 0.0, 0.0, 0.0, 0.0, 0.0, 0.0], "1": [0.0, 0.0, 0.0, 0.0, 0.0, 0.0, 0.5968246653676033, 0.6229463197566845, 0.6103854368557222, 0.6316530405371278, 0.5835919814805189, 0.6467807437534685, 0.6121178463101387, 0.6705369533763992, 0.5634244482964277, 0.6719374357550233, 0.6138447657848398, 0.7181425783369276, 0.5771665450806419, 0.6559444833408903, 0.6254167859752974, 0.7513630710266255, 0.5694644421959917, 0.746399567966108, 0.5860792705789208, 0.7574061667477643, 0.5584108288089434, 0.8029426839064668, 0.60364740130802, 0.8125518512946588, 0.5519919494865462, 0.8434320043634486, 0.5940677025976279, 0.8911225429287665]}