{"0": [0.6889696359013517, 0.6664446866070782, 0.6903612290819486, 0.6611285343214318, 0.6870392442991337, 0.6605512398260611, 0.6911972798407078, 0.6625384516186185, 0.6828860649218161, 0.6583590401543511, 0.6973072869703174, 0.7000903155999603, 0.6674854569137096, 0.6842018687062793, 0.7024905943311751, 0.7441974305996188, 0.6540810609857242, 0.7206629011366102, 0.709703017026186, 0.7716438247097863, 0.6407915238291025, 0.7523284556689086, 0.6878240250051022, 0.7916760135579992, 0.0, 0.0, 0.6894408474210649, 0.8484785581352534, 0.6714735552668571, 0.8375868035687339, 0.6882517118006944, 0.9056782183823763, 0.653700748210152, 0.8769211320413484], "1": [0.5235195411990087, 0.5126193706636075, 0.5270074828760698, 0.5086540615117109, 0.5217689474423727, 0.5083800598427102, 0.534180365006129, 0.5097697655359904, 0.0, 0.0, 0.5366412834574779, 0.536486151041808, 0.5177602764219046, 0.5353985914477596, 0.5396077313518617, 0.5707104987568324, 0.5148327963116268, 0.5674624668227302, 0.5242213549713294, 0.5866367035441928, 0.5113785699630777, 0.5932977508615563, 0.5310887844767421, 0.6109215329918597, 0.5157268437246482, 0.6109542841712634, 0.5343146150310835, 0.6570114770421276, 0.5140991213110586, 0.6558815471552036, 0.5445060579727093, 0.6855167144978488, 0.5207244023680687, 0.7072375758654541], "2": [0.0, 0.0, 0.0, 0.0, 0.0, 0.0, 0.0, 0.0, 0.0, 0.0, 0.0, 0.0, 0.0, 0.0, 0.6529107268278798, 0.7209404829475615, 0.0, 0.0, 0.6407092623412609, 0.7545655895162511, 0.0, 0.0, 0.0, 0.0, 0.0, 0.0, 0.0, 0.0, 0.0, 0.0, 0.0, 0.0, 0.0, 0.0], "3": [0.0, 0.0, 0.0, 0.0, 0.0, 0.0, 0.0, 0.0, 0.0, 0.0, 0.0, 0.0, 0.0, 0.0, 0.0, 0.0, 0.7026020077988506, 0.7454544671155788, 0.0, 0.0, 0.0, 0.0, 0.0, 0.0, 0.0, 0.0, 0.0, 0.0, 0.0, 0.0, 0.0, 0.0, 0.0, 0.0], "4": [0.0, 0.0, 0.0, 0.0, 0.0, 0.0, 0.0, 0.0, 0.0, 0.0, 0.0, 0.0, 0.0, 0.0, 0.0, 0.0, 0.0, 0.0, 0.0, 0.0, 0.5183961374995609, 0.5468258729687443, 0.0, 0.0, 0.0, 0.0, 0.0, 0.0, 0.0, 0.0, 0.0, 0.0, 0.0, 0.0], "5": [0.0, 0.0, 0.0, 0.0, 0.0, 0.0, 0.0, 0.0, 0.0, 0.0, 0.0, 0.0, 0.0, 0.0, 0.0, 0.0, 0.0, 0.0, 0.0, 0.0, 0.0, 0.0, 0.6691123456073303, 0.7790306334142332, 0.6852176449416826, 0.7819858060942756, 0.6707471889754136, 0.8370500917787905, 0.6894506146200001, 0.8513085943681221, 0.6540554761886597, 0.8771341892304244, 0.687734755128622, 0.9075663045600608]}