{"0": [0.0, 0.0, 0.6180442222083609, 0.8040537088833474, 0.0, 0.0, 0.0, 0.0, 0.0, 0.0, 0.0, 0.0, 0.0, 0.0, 0.0, 0.0, 0.0, 0.0, 0.0, 0.0, 0.0, 0.0, 0.0, 0.0, 0.0, 0.0, 0.0, 0.0, 0.0, 0.0, 0.0, 0.0, 0.0, 0.0], "1": [0.0, 0.0, 0.0, 0.0, 0.6183161586523056, 0.7951327033616878, 0.0, 0.0, 0.0, 0.0, 0.0, 0.0, 0.0, 0.0, 0.0, 0.0, 0.0, 0.0, 0.0, 0.0, 0.0, 0.0, 0.0, 0.0, 0.0, 0.0, 0.0, 0.0, 0.0, 0.0, 0.0, 0.0, 0.0, 0.0], "2": [0.0, 0.0, 0.0, 0.0, 0.0, 0.0, 0.4443871526668469, 0.5599828937539348, 0.45795429622133577, 0.5593580704665294, 0.43834126815199853, 0.5854796782687858, 0.4656734444200993, 0.5856989103334921, 0.4315451978705823, 0.6246713406509823, 0.4741988049199184, 0.6239868409103817, 0.4415762168665726, 0.6369464070708664, 0.48229749550422035, 0.642525941685394, 0.44604819764693576, 0.6597099295368901, 0.46527246901144587, 0.6593172216856921, 0.4548116163661082, 0.7105144697206991, 0.47034444585442536, 0.703981822066837, 0.45983137153089054, 0.7588038183748722, 0.475234596307079, 0.7475369548356091], "3": [0.0, 0.0, 0.0, 0.0, 0.0, 0.0, 0.0, 0.0, 0.0, 0.0, 0.6046791744728883, 0.7932972093423207, 0.5837199235955874, 0.8211375850218313, 0.6398800681655605, 0.8002058470690692, 0.5716581456363201, 0.8495374522827289, 0.0, 0.0, 0.5641124766630431, 0.8922392206335509, 0.6024955527236064, 0.8489581805136468, 0.5904021840542555, 0.8479087106055684, 0.5981223161953191, 0.87693740002535, 0.5934034128983815, 0.8639853697132182, 0.6109031181161603, 0.9681106796971074, 0.6107534339961906, 0.9681200734995029], "4": [0.0, 0.0, 0.0, 0.0, 0.0, 0.0, 0.0, 0.0, 0.0, 0.0, 0.576982751985391, 0.8336446430948045, 0.0, 0.0, 0.0, 0.0, 0.0, 0.0, 0.0, 0.0, 0.0, 0.0, 0.0, 0.0, 0.0, 0.0, 0.0, 0.0, 0.0, 0.0, 0.0, 0.0, 0.0, 0.0]}