{"0": [0.6829221380253633, 0.4889961180863557, 0.6843249784161647, 0.48490244075655936, 0.0, 0.0, 0.6892584772470097, 0.48655491272608437, 0.0, 0.0, 0.6930511585126321, 0.5098905660487988, 0.6934671402598421, 0.5077826998300022, 0.6989428712675969, 0.5425542756363197, 0.6899113724008202, 0.5400496010427122, 0.6936443911477302, 0.5667184846544707, 0.6906148184090852, 0.5658857593381846, 0.6957259863615037, 0.5752757997424515, 0.6993599653244018, 0.5734177500561431, 0.6927201171716054, 0.6223583192737014, 0.69695904571563, 0.6186433375847561, 0.6921495632578929, 0.6706522914822455, 0.7013993562509616, 0.6559479588987651], "1": [0.0, 0.0, 0.0, 0.0, 0.0, 0.0, 0.5609151448744039, 0.45269772255862195, 0.5738748724882802, 0.4511788875968368, 0.555388224311173, 0.4786689412814599, 0.5803003193810582, 0.47694657522219197, 0.550908554966251, 0.5087542411353853, 0.5880504219482342, 0.5132663659475468, 0.0, 0.0, 0.5903183029343685, 0.5401868442694346, 0.5617583139489094, 0.5431238178853636, 0.5771821879937004, 0.5440238113756534, 0.5648507511243224, 0.5917866037951576, 0.5738488214711348, 0.5892957594935541, 0.5704983505109946, 0.6404692609277036, 0.57225690651685, 0.63930087795964], "2": [0.0, 0.0, 0.0, 0.0, 0.0, 0.0, 0.948061930667609, 0.7965931080005787, 0.0, 0.0, 0.952312124830981, 0.8127910344688981, 0.9433150286786258, 0.8129023004461218, 0.0, 0.0, 0.0, 0.0, 0.0, 0.0, 0.0, 0.0, 0.9512476772690813, 0.8534910643542254, 0.9389295978471637, 0.8485893242613033, 0.0, 0.0, 0.0, 0.0, 0.0, 0.0, 0.0, 0.0], "3": [0.0, 0.0, 0.0, 0.0, 0.0, 0.0, 0.0, 0.0, 0.0, 0.0, 0.7641081157450874, 0.494237329893642, 0.7740246089796224, 0.49430128004815843, 0.7602569342435648, 0.5068301782011986, 0.7762753113483389, 0.5025922887855105, 0.0, 0.0, 0.0, 0.0, 0.7643498217997452, 0.5103237871770505, 0.772959090633473, 0.5120627266389353, 0.7647381380821268, 0.5331244084570143, 0.7733042441618939, 0.5294601876150679, 0.7651453229909142, 0.5452572476532724, 0.771415118376414, 0.5446412350568508], "4": [0.0, 0.0, 0.0, 0.0, 0.0, 0.0, 0.0, 0.0, 0.0, 0.0, 0.7547348438451688, 0.560295002548783, 0.0, 0.0, 0.0, 0.0, 0.0, 0.0, 0.0, 0.0, 0.0, 0.0, 0.0, 0.0, 0.0, 0.0, 0.0, 0.0, 0.0, 0.0, 0.0, 0.0, 0.0, 0.0], "5": [0.0, 0.0, 0.0, 0.0, 0.0, 0.0, 0.0, 0.0, 0.0, 0.0, 0.0, 0.0, 0.0, 0.0, 0.0, 0.0, 0.0, 0.0, 0.5538748994469642, 0.48571664845501933, 0.0, 0.0, 0.0, 0.0, 0.0, 0.0, 0.0, 0.0, 0.0, 0.0, 0.0, 0.0, 0.0, 0.0], "6": [0.0, 0.0, 0.0, 0.0, 0.0, 0.0, 0.0, 0.0, 0.0, 0.0, 0.0, 0.0, 0.0, 0.0, 0.0, 0.0, 0.0, 0.0, 0.9389563061917822, 0.8476925443443987, 0.0, 0.0, 0.0, 0.0, 0.0, 0.0, 0.0, 0.0, 0.0, 0.0, 0.0, 0.0, 0.0, 0.0], "7": [0.0, 0.0, 0.0, 0.0, 0.0, 0.0, 0.0, 0.0, 0.0, 0.0, 0.0, 0.0, 0.0, 0.0, 0.0, 0.0, 0.0, 0.0, 0.0, 0.0, 0.6819856031487386, 0.5338111060637015, 0.0, 0.0, 0.0, 0.0, 0.0, 0.0, 0.0, 0.0, 0.0, 0.0, 0.0, 0.0]}