{"0": [0.3140363070492943, 0.4854126359301585, 0.31654612099130947, 0.48011056295147647, 0.3118518218398094, 0.4809996059647313, 0.3219867859656612, 0.4803998298115201, 0.3099449545145035, 0.4826489329338074, 0.3311793973126138, 0.5029085580949431, 0.30774504902462163, 0.5059679253233804, 0.33846488669514657, 0.5365840995201359, 0.3077061576147874, 0.5384056552692696, 0.34201123503347236, 0.569035326772266, 0.0, 0.0, 0.33073178424189487, 0.570332098448718, 0.318173937437435, 0.5715402373561153, 0.32490126714110373, 0.6187406466377002, 0.3234998305638631, 0.6220832135942247, 0.32878026514855335, 0.6660838103527544, 0.3294254468200463, 0.663278912642806], "1": [0.6555153942977389, 0.6241329590479533, 0.658248890688022, 0.6191676101198903, 0.6532628352443377, 0.6186413852704896, 0.6625083938241005, 0.6154624669640153, 0.6480313228753706, 0.6133722592283178, 0.6702477759371201, 0.6439973316810749, 0.6390205251673857, 0.6429570701387194, 0.679197114209334, 0.6739481462372674, 0.6300131238996982, 0.6771643425579424, 0.6717871848493815, 0.7071976362969037, 0.642417686805129, 0.6961412111918132, 0.6610652483378847, 0.7282001735987487, 0.6423200145363808, 0.7286181726941356, 0.6552353243033091, 0.7828754633665085, 0.6422604242960612, 0.7859222239918178, 0.6513173549125592, 0.8256262387942385, 0.6440518248515824, 0.833556994823394], "2": [0.1480420845017458, 0.48822423131377607, 0.15064200883110365, 0.4829177459081014, 0.1476144826039672, 0.48280212216907076, 0.15720049490531285, 0.485125507435037, 0.0, 0.0, 0.1636237641175588, 0.5118444520014304, 0.1439201687462628, 0.5113651019555551, 0.1689281831185023, 0.5489604718155331, 0.13695253804326057, 0.5449536027179824, 0.16447826034855098, 0.5265507320562999, 0.0, 0.0, 0.1609735516210397, 0.5919580437518932, 0.15104716786493858, 0.588373511367374, 0.15944839809089897, 0.63408432536655, 0.15377578536669415, 0.6343009856012133, 0.15885139753421149, 0.6779927659365866, 0.15606183060444892, 0.6787437596806773], "3": [0.0, 0.0, 0.0, 0.0, 0.0, 0.0, 0.0, 0.0, 0.0, 0.0, 0.0, 0.0, 0.16315279975533487, 0.511612738944866, 0.0, 0.0, 0.0, 0.0, 0.0, 0.0, 0.0, 0.0, 0.0, 0.0, 0.0, 0.0, 0.0, 0.0, 0.0, 0.0, 0.0, 0.0, 0.0, 0.0], "4": [0.0, 0.0, 0.0, 0.0, 0.0, 0.0, 0.0, 0.0, 0.0, 0.0, 0.0, 0.0, 0.0, 0.0, 0.0, 0.0, 0.0, 0.0, 0.33424672385056814, 0.5152136220700211, 0.0, 0.0, 0.0, 0.0, 0.0, 0.0, 0.0, 0.0, 0.0, 0.0, 0.0, 0.0, 0.0, 0.0], "5": [0.0, 0.0, 0.0, 0.0, 0.0, 0.0, 0.0, 0.0, 0.0, 0.0, 0.0, 0.0, 0.0, 0.0, 0.0, 0.0, 0.0, 0.0, 0.17434427676101524, 0.5879542996486028, 0.0, 0.0, 0.0, 0.0, 0.0, 0.0, 0.0, 0.0, 0.0, 0.0, 0.0, 0.0, 0.0, 0.0], "6": [0.0, 0.0, 0.0, 0.0, 0.0, 0.0, 0.0, 0.0, 0.0, 0.0, 0.0, 0.0, 0.0, 0.0, 0.0, 0.0, 0.0, 0.0, 0.0, 0.0, 0.31037326785735786, 0.5216519075963232, 0.0, 0.0, 0.0, 0.0, 0.0, 0.0, 0.0, 0.0, 0.0, 0.0, 0.0, 0.0], "7": [0.0, 0.0, 0.0, 0.0, 0.0, 0.0, 0.0, 0.0, 0.0, 0.0, 0.0, 0.0, 0.0, 0.0, 0.0, 0.0, 0.0, 0.0, 0.0, 0.0, 0.3060190973803401, 0.5752501005375826, 0.0, 0.0, 0.0, 0.0, 0.0, 0.0, 0.0, 0.0, 0.0, 0.0, 0.0, 0.0]}