{"0": [0.36700929900010426, 0.6586824196356315, 0.3699100255966187, 0.653375385204951, 0.36379556854565936, 0.6534111349670977, 0.37523755220075444, 0.6576045899479477, 0.35950492626676955, 0.6583860556284586, 0.38219274443884693, 0.6944282675230945, 0.35279453328500193, 0.6987583218901245, 0.38921727320800226, 0.746263611316681, 0.343002970640858, 0.7310366578676083, 0.3848624244332314, 0.7084202940817232, 0.33294887853165467, 0.7456501331594255, 0.3821901047602296, 0.7931068378466147, 0.35902493471900615, 0.7932824011202212, 0.39467378084858257, 0.849407516364698, 0.35747156428794064, 0.8712325798140631, 0.0, 0.0, 0.33888558596372603, 0.939658271824872], "1": [0.4222043682510654, 0.554180508631247, 0.42361119234313566, 0.5511590325721988, 0.42205860521644356, 0.5504291967109397, 0.42958473501106104, 0.5514582272205087, 0.0, 0.0, 0.43972329896253837, 0.5761619764345663, 0.421424375846982, 0.5714224952238577, 0.4466401132444541, 0.6051788503373111, 0.0, 0.0, 0.44081003690759346, 0.6221974205087732, 0.0, 0.0, 0.4258546459178129, 0.6521575768788656, 0.4263419002837952, 0.649505351240397, 0.4196564543992281, 0.6961058850641603, 0.42262414647266267, 0.6952104374214455, 0.43249587478737034, 0.7404064054842349, 0.4321948328365882, 0.7403159104011677], "2": [0.0, 0.0, 0.0, 0.0, 0.0, 0.0, 0.0, 0.0, 0.0, 0.0, 0.0, 0.0, 0.0, 0.0, 0.0, 0.0, 0.0, 0.0, 0.0, 0.0, 0.4402774397904674, 0.6234148621559144, 0.0, 0.0, 0.0, 0.0, 0.0, 0.0, 0.0, 0.0, 0.0, 0.0, 0.0, 0.0], "3": [0.0, 0.0, 0.0, 0.0, 0.0, 0.0, 0.0, 0.0, 0.0, 0.0, 0.0, 0.0, 0.0, 0.0, 0.0, 0.0, 0.0, 0.0, 0.0, 0.0, 0.3817342291896542, 0.7072170741856099, 0.0, 0.0, 0.0, 0.0, 0.0, 0.0, 0.0, 0.0, 0.0, 0.0, 0.0, 0.0], "4": [0.0, 0.0, 0.0, 0.0, 0.0, 0.0, 0.0, 0.0, 0.0, 0.0, 0.0, 0.0, 0.0, 0.0, 0.0, 0.0, 0.0, 0.0, 0.0, 0.0, 0.0, 0.0, 0.0, 0.0, 0.0, 0.0, 0.3574358111868302, 0.8704283638132944, 0.0, 0.0, 0.3390681624102096, 0.9399854390709489, 0.0, 0.0], "5": [0.0, 0.0, 0.0, 0.0, 0.0, 0.0, 0.0, 0.0, 0.0, 0.0, 0.0, 0.0, 0.0, 0.0, 0.0, 0.0, 0.0, 0.0, 0.0, 0.0, 0.0, 0.0, 0.0, 0.0, 0.0, 0.0, 0.0, 0.0, 0.0, 0.0, 0.0, 0.0, 0.3995912253856659, 0.9291506405781816]}