{"0": [0.34500073740879694, 0.5688913040690952, 0.3460194336871306, 0.5624028537008497, 0.3436837807142486, 0.5616558980058741, 0.0, 0.0, 0.3355992366094142, 0.560560918295825, 0.34358281002690394, 0.5868102579205124, 0.3230921658221632, 0.5847606994487621, 0.34694083463400605, 0.609791898506659, 0.3161542185892661, 0.6263347115781572, 0.3573387491206328, 0.6297552064613061, 0.3207610034694275, 0.6635210544974716, 0.3395583095999124, 0.6605574340732009, 0.3250982078413168, 0.6618245394141584, 0.3435982949876537, 0.7107824886286701, 0.3236724551146229, 0.7189614975893938, 0.34197451968987785, 0.7656257728735606, 0.31319004197915395, 0.7710377311265028], "1": [0.6504325766116381, 0.6979521835291828, 0.6512798479447762, 0.6919853449971588, 0.0, 0.0, 0.6546485134710868, 0.6921055282707568, 0.0, 0.0, 0.6676110394299031, 0.7254897899097866, 0.6345966176440319, 0.7157897853189045, 0.0, 0.0, 0.0, 0.0, 0.0, 0.0, 0.0, 0.0, 0.0, 0.0, 0.0, 0.0, 0.0, 0.0, 0.0, 0.0, 0.0, 0.0, 0.0, 0.0], "2": [0.0, 0.0, 0.0, 0.0, 0.0, 0.0, 0.0, 0.0, 0.6610274986053507, 0.6920295977482089, 0.6343688266972702, 0.7175785424532715, 0.668556269009908, 0.7253501304873714, 0.629118946318825, 0.751000667391, 0.6756446536630392, 0.7693881160683103, 0.0, 0.0, 0.0, 0.0, 0.6370543589194616, 0.820803979811845, 0.6611176990593474, 0.8201007155356583, 0.6356787731250128, 0.8822928300610294, 0.6635031407078107, 0.8855593935483032, 0.6296127771337828, 0.9449833430073878, 0.6670992103715737, 0.9451412805252605], "3": [0.0, 0.0, 0.0, 0.0, 0.0, 0.0, 0.0, 0.0, 0.0, 0.0, 0.0, 0.0, 0.0, 0.0, 0.0, 0.0, 0.0, 0.0, 0.0, 0.0, 0.3191723144923647, 0.5978515366713206, 0.0, 0.0, 0.0, 0.0, 0.0, 0.0, 0.0, 0.0, 0.0, 0.0, 0.0, 0.0], "4": [0.0, 0.0, 0.0, 0.0, 0.0, 0.0, 0.0, 0.0, 0.0, 0.0, 0.0, 0.0, 0.0, 0.0, 0.0, 0.0, 0.0, 0.0, 0.0, 0.0, 0.6776568751161297, 0.7745028814507855, 0.0, 0.0, 0.0, 0.0, 0.0, 0.0, 0.0, 0.0, 0.0, 0.0, 0.0, 0.0]}