{"0": [0.6472378148386876, 0.5522634943326314, 0.6501109141856432, 0.5475657820701599, 0.6454049199819565, 0.5478488701361197, 0.6556590841462214, 0.5482665000138459, 0.6453080914914608, 0.5474775791168213, 0.6633187611897786, 0.577727315602479, 0.6408301716049513, 0.5718008646258601, 0.6695817412808538, 0.6120972743740788, 0.6352861021645367, 0.6030514995808954, 0.6551036201417447, 0.6282641443941327, 0.6290179525812467, 0.6147939231660631, 0.6607430592179299, 0.6495955402100527, 0.6460116152962048, 0.6487661301537796, 0.6588861656685672, 0.6932429447218224, 0.6516587173876663, 0.692367835936171, 0.6610153323039413, 0.7381709271007114, 0.660635657561943, 0.7344059970643785], "1": [0.3885591785113017, 0.6180551356187574, 0.0, 0.0, 0.0, 0.0, 0.0, 0.0, 0.3859955305233598, 0.6154578849121376, 0.3680376828337709, 0.6472746374982374, 0.3982674149485926, 0.6478702433407306, 0.36528946210940677, 0.6794021873562425, 0.40782679518063863, 0.6931762256556087, 0.0, 0.0, 0.40510192004342876, 0.6527615690672839, 0.37794892160842813, 0.7435045025966786, 0.39691343481342006, 0.743189150315744, 0.3726763380691409, 0.8134011560016208, 0.39973983243107797, 0.809690265081547, 0.37731334871302047, 0.8931344786175975, 0.40405105364819366, 0.8848336465932705], "2": [0.0, 0.0, 0.0, 0.0, 0.0, 0.0, 0.0, 0.0, 0.0, 0.0, 0.0, 0.0, 0.0, 0.0, 0.0, 0.0, 0.0, 0.0, 0.0, 0.0, 0.9166741997003556, 0.8288657230359536, 0.0, 0.0, 0.0, 0.0, 0.0, 0.0, 0.0, 0.0, 0.0, 0.0, 0.0, 0.0]}