{"0": [0.6207078875352939, 0.7571740093054595, 0.6232496633504828, 0.7538564072714913, 0.6193050286422174, 0.7469934399481173, 0.0, 0.0, 0.6102781294689824, 0.7415788222242286, 0.6233050580446918, 0.776378412158401, 0.5978250452627738, 0.7645091626379226, 0.6245098738620679, 0.8161491374174754, 0.5725827184505761, 0.7900334473009464, 0.628888103241722, 0.8569490090564446, 0.5738319752116998, 0.8348654696234951, 0.6049465847512087, 0.8484509727745144, 0.5827347292254369, 0.8488501654730902, 0.6091012754788001, 0.9050281793982893, 0.5857402877261241, 0.9138968607341802, 0.6098677396774292, 0.9588578615475584, 0.5778921877965332, 0.9760843332167025], "1": [0.3708422695597013, 0.6535856286684671, 0.0, 0.0, 0.3683724152545135, 0.6485958005267161, 0.0, 0.0, 0.3595752935235699, 0.6538072621380842, 0.34484041544298333, 0.6908866901088643, 0.3671673535058896, 0.696212481127845, 0.3668262518942356, 0.7458619509582166, 0.3680582170685132, 0.7491755836539798, 0.0, 0.0, 0.38518021972849964, 0.7855638852825871, 0.3578336330751578, 0.8027584759173569, 0.3701042017589013, 0.8009330824569421, 0.36619587230185674, 0.8577279675889897, 0.3831800160308679, 0.8547462019655441, 0.360324857142858, 0.9192033187820761, 0.37198045731832585, 0.9248089697625902], "2": [0.0, 0.0, 0.0, 0.0, 0.0, 0.0, 0.0, 0.0, 0.0, 0.0, 0.0, 0.0, 0.0, 0.0, 0.0, 0.0, 0.0, 0.0, 0.0, 0.0, 0.0, 0.0, 0.0, 0.0, 0.0, 0.0, 0.0, 0.0, 0.367038988818725, 0.8657960644474736, 0.0, 0.0, 0.3528655797243118, 0.9178712198027859]}