{"0": [0.6924651411672433, 0.610137485133277, 0.6965016163885593, 0.605430793872586, 0.6898835483007133, 0.6042301760779487, 0.7036838968594868, 0.6099770846190276, 0.6875603230049213, 0.6074111523451629, 0.7106805787421763, 0.6457716438505384, 0.6792939630647502, 0.6395708549905708, 0.7178310986608267, 0.6916879923255355, 0.6716356089959542, 0.6868798591472485, 0.7183861486924191, 0.7363054255092587, 0.668457122022907, 0.7298433299417848, 0.7058133375830948, 0.7366317274117912, 0.6816132431228955, 0.7347750120692783, 0.7026841080437104, 0.7980898411185652, 0.678243754307429, 0.7963046375032583, 0.6998654088626305, 0.8671900930228057, 0.691352161889275, 0.8250002017175709], "1": [0.33966647535562516, 0.566871825426265, 0.341305972635746, 0.5639812866846721, 0.0, 0.0, 0.3468789481868347, 0.56714147053383, 0.0, 0.0, 0.3453607669721047, 0.5968852698251054, 0.35412101273735364, 0.5913308532149704, 0.34458486363291746, 0.6362087817103774, 0.34400351382791994, 0.628940803916366, 0.32549805057545494, 0.6579856596611166, 0.0, 0.0, 0.34423624351620674, 0.6722552703486548, 0.358478531986475, 0.6706070628707055, 0.33350031822919846, 0.7203206214639875, 0.3568502944583694, 0.7145585516812625, 0.3278773986424009, 0.7639029725834177, 0.3749793911973635, 0.7565284004917852], "2": [0.0, 0.0, 0.0, 0.0, 0.0, 0.0, 0.0, 0.0, 0.0, 0.0, 0.0, 0.0, 0.0, 0.0, 0.0, 0.0, 0.0, 0.0, 0.023884150385856628, 0.4262089062068197, 0.0, 0.0, 0.0, 0.0, 0.0, 0.0, 0.0, 0.0, 0.0, 0.0, 0.0, 0.0, 0.0, 0.0], "3": [0.0, 0.0, 0.0, 0.0, 0.0, 0.0, 0.0, 0.0, 0.0, 0.0, 0.0, 0.0, 0.0, 0.0, 0.0, 0.0, 0.0, 0.0, 0.3251636857787768, 0.6125804303972809, 0.0, 0.0, 0.0, 0.0, 0.0, 0.0, 0.0, 0.0, 0.0, 0.0, 0.0, 0.0, 0.0, 0.0], "4": [0.0, 0.0, 0.0, 0.0, 0.0, 0.0, 0.0, 0.0, 0.0, 0.0, 0.0, 0.0, 0.0, 0.0, 0.0, 0.0, 0.0, 0.0, 0.0, 0.0, 0.3288918107748032, 0.6136940697828929, 0.0, 0.0, 0.0, 0.0, 0.0, 0.0, 0.0, 0.0, 0.0, 0.0, 0.0, 0.0], "5": [0.0, 0.0, 0.0, 0.0, 0.0, 0.0, 0.0, 0.0, 0.0, 0.0, 0.0, 0.0, 0.0, 0.0, 0.0, 0.0, 0.0, 0.0, 0.0, 0.0, 0.023493890340129536, 0.4266112889956545, 0.0, 0.0, 0.0, 0.0, 0.0, 0.0, 0.0, 0.0, 0.0, 0.0, 0.0, 0.0], "6": [0.0, 0.0, 0.0, 0.0, 0.0, 0.0, 0.0, 0.0, 0.0, 0.0, 0.0, 0.0, 0.0, 0.0, 0.0, 0.0, 0.0, 0.0, 0.0, 0.0, 0.0, 0.0, 0.0, 0.0, 0.0, 0.0, 0.0, 0.0, 0.0, 0.0, 0.0, 0.0, 0.6994312265266974, 0.8690810393404078]}