{"0": [0.6255785727252563, 0.5691711606802764, 0.6263250990460316, 0.5657483747711888, 0.6264213629687826, 0.5654654657399212, 0.6275549753879507, 0.5683738377359179, 0.0, 0.0, 0.6399211671513816, 0.5925853468753672, 0.6200229600071907, 0.5881309087629671, 0.6430691304927071, 0.627067185000137, 0.0, 0.0, 0.629405320311586, 0.6123688477056998, 0.5849718596786261, 0.5780282453254418, 0.6415287254999081, 0.6577562188660657, 0.6221480498711268, 0.6578762504789565, 0.6484729250272115, 0.7047549892354894, 0.6135202957938115, 0.6988862990229218, 0.6611119382704298, 0.7456567265369275, 0.6058719878084957, 0.7419386225718039], "1": [0.0, 0.0, 0.0, 0.0, 0.0, 0.0, 0.3558464291195075, 0.6333209293523664, 0.3736699402332306, 0.6340970986419254, 0.3490624826401472, 0.6655482256854022, 0.3813363277974228, 0.6714121560255687, 0.34080088684956233, 0.7163318129601302, 0.3878325559198856, 0.715909214372988, 0.3340504615257184, 0.7477448057245325, 0.0, 0.0, 0.35421826019883157, 0.7612170038399872, 0.3764781958113114, 0.7661365240260407, 0.3434538116057714, 0.8296263983956089, 0.381428821121032, 0.8314915002496154, 0.3457173240681489, 0.904595641957389, 0.38701577956477806, 0.9003189504146576], "2": [0.0, 0.0, 0.0, 0.0, 0.0, 0.0, 0.0, 0.0, 0.6333081101377805, 0.5672310702778675, 0.0, 0.0, 0.6394128571574886, 0.592577988130075, 0.0, 0.0, 0.0, 0.0, 0.0, 0.0, 0.0, 0.0, 0.0, 0.0, 0.0, 0.0, 0.0, 0.0, 0.0, 0.0, 0.0, 0.0, 0.0, 0.0], "3": [0.0, 0.0, 0.0, 0.0, 0.0, 0.0, 0.0, 0.0, 0.0, 0.0, 0.0, 0.0, 0.0, 0.0, 0.0, 0.0, 0.0, 0.0, 0.0, 0.0, 0.3865350948025783, 0.6844242628525805, 0.0, 0.0, 0.0, 0.0, 0.0, 0.0, 0.0, 0.0, 0.0, 0.0, 0.0, 0.0], "4": [0.0, 0.0, 0.0, 0.0, 0.0, 0.0, 0.0, 0.0, 0.0, 0.0, 0.0, 0.0, 0.0, 0.0, 0.0, 0.0, 0.0, 0.0, 0.0, 0.0, 0.3931032250324885, 0.7266420324643454, 0.0, 0.0, 0.0, 0.0, 0.0, 0.0, 0.0, 0.0, 0.0, 0.0, 0.0, 0.0], "5": [0.0, 0.0, 0.0, 0.0, 0.0, 0.0, 0.0, 0.0, 0.0, 0.0, 0.0, 0.0, 0.0, 0.0, 0.0, 0.0, 0.0, 0.0, 0.0, 0.0, 0.627279116710027, 0.6112989250156614, 0.0, 0.0, 0.0, 0.0, 0.0, 0.0, 0.0, 0.0, 0.0, 0.0, 0.0, 0.0]}