{"0": [0.6106315265720089, 0.6006713445539827, 0.613017401099205, 0.5954168208219387, 0.6064285238894324, 0.5965740224001584, 0.6162383859356244, 0.5980575719365367, 0.6006988658259312, 0.6017141706413693, 0.6225606864628692, 0.6290972444746229, 0.5927199995766084, 0.6367923948499892, 0.6250842340290547, 0.6796495325035519, 0.5880107523252567, 0.6817834920353358, 0.6319750170533855, 0.7136839245204573, 0.6082660200695197, 0.7019493359106558, 0.6191642484627664, 0.7236790735412527, 0.5999911749114593, 0.7277396694377617, 0.6161149874329567, 0.7869917973324103, 0.6022050477021064, 0.7855573389265272, 0.6219902407377959, 0.862290195899981, 0.6089142645398777, 0.8376000711211452], "1": [0.4462144958476225, 0.641817154707732, 0.4461937005321185, 0.6367343076953181, 0.0, 0.0, 0.4496089078485966, 0.6376874928121213, 0.46174500448008376, 0.6359253490412676, 0.4473510588829716, 0.6773670063802489, 0.4744775164872408, 0.6711048736064522, 0.43800006185968715, 0.7240213156850249, 0.4856594494233529, 0.7120881670051151, 0.4090580303221941, 0.7307101039974778, 0.49169525727629654, 0.7404018695707675, 0.4542676930626233, 0.7651641053182108, 0.4680939288189014, 0.7637857732949433, 0.45264300735046464, 0.8182793204983075, 0.46406722782800597, 0.8233360926310221, 0.44218888555963837, 0.8541323479678896, 0.4840809375047684, 0.8802810805815238], "2": [0.0, 0.0, 0.0, 0.0, 0.0, 0.0, 0.0, 0.0, 0.0, 0.0, 0.0, 0.0, 0.0, 0.0, 0.0, 0.0, 0.0, 0.0, 0.0, 0.0, 0.0, 0.0, 0.0, 0.0, 0.0, 0.0, 0.0, 0.0, 0.0, 0.0, 0.4837743192911148, 0.8797258690551474, 0.0, 0.0], "3": [0.0, 0.0, 0.0, 0.0, 0.0, 0.0, 0.0, 0.0, 0.0, 0.0, 0.0, 0.0, 0.0, 0.0, 0.0, 0.0, 0.0, 0.0, 0.0, 0.0, 0.0, 0.0, 0.0, 0.0, 0.0, 0.0, 0.0, 0.0, 0.0, 0.0, 0.0, 0.0, 0.44184312373399737, 0.853623354655725]}