{"0": [0.3404735860104362, 0.6392966825653006, 0.34230166114866734, 0.634533397798185, 0.0, 0.0, 0.3492058870693048, 0.6353468466688086, 0.0, 0.0, 0.35010935689012207, 0.6786263076795472, 0.3642746762682994, 0.6681218471792009, 0.36386048203955096, 0.7267570173298871, 0.0, 0.0, 0.3510520604749521, 0.7769049531883663, 0.0, 0.0, 0.35173977725207806, 0.7875762739667187, 0.35543070702503127, 0.7867160666871954, 0.35309388432651756, 0.8438716451327006, 0.3530262184639772, 0.843621947588744, 0.3574831238450189, 0.9076373347621504, 0.3596516785992713, 0.8965197934815079], "1": [0.0, 0.0, 0.0, 0.0, 0.0, 0.0, 0.6299512890477975, 0.679910992693018, 0.6458834002415339, 0.6813979819968895, 0.6201965346932412, 0.7070714345684759, 0.6536167905976374, 0.7133051718826647, 0.6090475420157114, 0.7537538543895439, 0.6642517825899025, 0.7436833286726915, 0.5997680385907491, 0.7859218310426783, 0.6715330036977928, 0.7569876653176767, 0.6250571928918361, 0.8039051937422267, 0.6421150313069423, 0.8083464682102204, 0.0, 0.0, 0.6363129333903392, 0.8729018100985775, 0.6206133673588435, 0.9339117474026151, 0.6201774634420871, 0.9343627503624669], "2": [0.0, 0.0, 0.0, 0.0, 0.0, 0.0, 0.0, 0.0, 0.0, 0.0, 0.0, 0.0, 0.0, 0.0, 0.0, 0.0, 0.35050277411937714, 0.7416378758571766, 0.0, 0.0, 0.0, 0.0, 0.0, 0.0, 0.0, 0.0, 0.0, 0.0, 0.0, 0.0, 0.0, 0.0, 0.0, 0.0], "3": [0.0, 0.0, 0.0, 0.0, 0.0, 0.0, 0.0, 0.0, 0.0, 0.0, 0.0, 0.0, 0.0, 0.0, 0.0, 0.0, 0.0, 0.0, 0.0, 0.0, 0.0, 0.0, 0.0, 0.0, 0.0, 0.0, 0.6355610135011376, 0.8731308239477652, 0.0, 0.0, 0.0, 0.0, 0.0, 0.0], "4": [0.0, 0.0, 0.0, 0.0, 0.0, 0.0, 0.0, 0.0, 0.0, 0.0, 0.0, 0.0, 0.0, 0.0, 0.0, 0.0, 0.0, 0.0, 0.0, 0.0, 0.0, 0.0, 0.0, 0.0, 0.0, 0.0, 0.0, 0.0, 0.0, 0.0, 0.6423297859728336, 0.8986275103357103, 0.0, 0.0], "5": [0.0, 0.0, 0.0, 0.0, 0.0, 0.0, 0.0, 0.0, 0.0, 0.0, 0.0, 0.0, 0.0, 0.0, 0.0, 0.0, 0.0, 0.0, 0.0, 0.0, 0.0, 0.0, 0.0, 0.0, 0.0, 0.0, 0.0, 0.0, 0.0, 0.0, 0.0, 0.0, 0.6421251075963179, 0.8982799006832971]}