{"0": [0.4362106527512272, 0.5625079720108598, 0.4378748198350271, 0.5574566302476106, 0.43314213305711746, 0.5576851384507285, 0.0, 0.0, 0.4249712313214938, 0.5567534265694795, 0.4399803667639693, 0.5831095467011134, 0.41427846321215234, 0.5862091572196395, 0.44316816721111535, 0.6205706017988699, 0.40852809449036914, 0.623822600973977, 0.44494376045962175, 0.6487388483904026, 0.41408880790695546, 0.6532673239707948, 0.4363162045677503, 0.6616759307958462, 0.42011016694207987, 0.6618093777585913, 0.42978246659040453, 0.7120373127637086, 0.41859687118170164, 0.7093177225854661, 0.4275488746662935, 0.7559644668190567, 0.4119642974187931, 0.7334268680325261], "1": [0.6633046116679907, 0.27019922733306884, 0.6635827843720714, 0.2677769989879043, 0.663008521621426, 0.26788112454944185, 0.6643777672511836, 0.26843439252288254, 0.6630408940215905, 0.26803028958815117, 0.665793867657582, 0.2740024659368727, 0.6613311064740022, 0.2751878012109686, 0.6687956493774739, 0.28391798006163704, 0.6632247878859441, 0.2843931484553549, 0.6691945164464415, 0.2906634264522129, 0.6611998923743765, 0.29116496918378054, 0.6642795516798894, 0.2948907207559656, 0.6629535833994548, 0.29547429195156805, 0.6635593276470899, 0.3126547257105509, 0.6625961765646935, 0.31221201110769203, 0.6646467755238216, 0.3261855160748517, 0.6620583903044462, 0.3284774238312686], "2": [0.6066085285817583, 0.4710593843901598, 0.6074757902572553, 0.46757753866690177, 0.0, 0.0, 0.6085796301563581, 0.4714716756785357, 0.616159672041734, 0.46746861978813453, 0.6040283095091581, 0.5027746549359075, 0.6227191275606553, 0.4929841293780892, 0.5958171491821607, 0.530215144433357, 0.626422541278104, 0.49500682972095633, 0.5896238945618583, 0.5318773099669704, 0.6119640367726485, 0.49276141262164824, 0.6048613645136356, 0.5610590829893395, 0.6221589704975485, 0.5607498349966826, 0.6021543441185107, 0.6025354408555561, 0.6211065289874872, 0.6052027172512479, 0.605237506578366, 0.6472318996433859, 0.6206533486644427, 0.6583479854795666], "3": [0.0, 0.0, 0.0, 0.0, 0.0, 0.0, 0.0, 0.0, 0.0, 0.0, 0.0, 0.0, 0.0, 0.0, 0.6243315426011881, 0.49462541739145915, 0.0, 0.0, 0.0, 0.0, 0.0, 0.0, 0.0, 0.0, 0.0, 0.0, 0.0, 0.0, 0.0, 0.0, 0.0, 0.0, 0.0, 0.0], "4": [0.0, 0.0, 0.0, 0.0, 0.0, 0.0, 0.0, 0.0, 0.0, 0.0, 0.0, 0.0, 0.0, 0.0, 0.0, 0.0, 0.0, 0.0, 0.6061303531130154, 0.4987360563543108, 0.0, 0.0, 0.0, 0.0, 0.0, 0.0, 0.0, 0.0, 0.0, 0.0, 0.0, 0.0, 0.0, 0.0]}