{"0": [0.45793618733684216, 0.5376611188054085, 0.4609065347351134, 0.5322166478192365, 0.45434473194181924, 0.5318854451179504, 0.4650486269344886, 0.531389386124081, 0.4493371335168679, 0.5308306849665112, 0.4685341667228689, 0.5584188472893503, 0.4441682694479823, 0.5597373070540252, 0.4716981536398332, 0.6036290771914301, 0.438788569594423, 0.5933981125001554, 0.46230636462569236, 0.6336878655409371, 0.433358517040809, 0.6221361456093965, 0.4651138136163354, 0.6340222517097438, 0.450364076718688, 0.6326062695847617, 0.46170066110789776, 0.6937297461209474, 0.4485008308663964, 0.6885494278536902, 0.464431383414194, 0.7458550873729918, 0.4643323242353896, 0.7454258141694245], "1": [0.688843741081655, 0.46496067223725496, 0.6924022898077966, 0.46165283388561673, 0.6875550903379917, 0.4612129107669548, 0.6961476481209199, 0.46289379193826957, 0.6860088057816028, 0.46194476992995653, 0.7035465110093355, 0.4896470202340019, 0.6779754507665833, 0.48524942869941395, 0.7056703041618069, 0.5196895650139561, 0.670233765244484, 0.5134094114656802, 0.7045625537633895, 0.5463707961418011, 0.6725313581215838, 0.5353049869890566, 0.6930856933196384, 0.5490427558068876, 0.6806147636845707, 0.5485448918960713, 0.6886394220093887, 0.5859495244644306, 0.6797484353184701, 0.5857500932834766, 0.6852080686483533, 0.6177141512985582, 0.6779290163889528, 0.6269680692089928], "2": [0.7448490719000499, 0.46911991669072045, 0.7460308523227771, 0.46542444008368034, 0.7438069649545166, 0.4650431059024952, 0.7491792877515157, 0.46598656221672347, 0.7419834971427918, 0.46603284941779244, 0.7534248575568199, 0.48639175638004584, 0.732713771983981, 0.48833529242762813, 0.0, 0.0, 0.7279964421565334, 0.5172080865612736, 0.0, 0.0, 0.0, 0.0, 0.0, 0.0, 0.7342879151304563, 0.5474268524735062, 0.7529958029588063, 0.5880646006376655, 0.7338770451645057, 0.5812653957555691, 0.753392041226228, 0.6338437928093804, 0.732922940949599, 0.6221583194202847], "3": [0.0, 0.0, 0.0, 0.0, 0.0, 0.0, 0.0, 0.0, 0.0, 0.0, 0.7335925733049712, 0.48833929741824117, 0.7547036161025366, 0.485704257035697, 0.0, 0.0, 0.7602934365083153, 0.5106301362867709, 0.0, 0.0, 0.0, 0.0, 0.7429121144115924, 0.5468191932748865, 0.7505574477215607, 0.5470217291955595, 0.7346807826931278, 0.5834147340721554, 0.7532604367782674, 0.5883555349376467, 0.7336852123339971, 0.6241276222246664, 0.7529397512475648, 0.6334355052836516], "4": [0.0, 0.0, 0.0, 0.0, 0.0, 0.0, 0.0, 0.0, 0.0, 0.0, 0.0, 0.0, 0.0, 0.0, 0.0, 0.0, 0.0, 0.0, 0.46521307304501536, 0.5746189713478088, 0.0, 0.0, 0.0, 0.0, 0.0, 0.0, 0.0, 0.0, 0.0, 0.0, 0.0, 0.0, 0.0, 0.0]}