{"0": [0.7719810294608275, 0.6031480093797048, 0.0, 0.0, 0.7706256144990523, 0.5965122506712321, 0.0, 0.0, 0.7628365424772103, 0.5909375091393788, 0.7376607581973076, 0.6098763459258609, 0.7608014386457701, 0.614327589891575, 0.7228004144892718, 0.6480728071665874, 0.7717457407464584, 0.638812561167611, 0.7158006183803082, 0.6846387399567498, 0.0, 0.0, 0.7336409042278925, 0.7040791754369382, 0.7446409157166879, 0.7078265780100116, 0.7373103433599074, 0.7600238213936488, 0.7440727529736858, 0.7608644657664829, 0.7356526884405563, 0.8176631573173735, 0.7399803013540804, 0.81796504634398], "1": [0.5085507209102312, 0.6313810485380668, 0.5105402804911137, 0.6257973734841302, 0.5047128998984893, 0.6251447800684858, 0.5132629250486692, 0.6279264043878626, 0.4986226354415218, 0.6256724415277994, 0.5204138349741698, 0.6562331459588475, 0.48783042157689727, 0.6590875210585417, 0.5258608604470889, 0.7009372710077851, 0.47854637205600736, 0.6936969807854405, 0.5318685626611114, 0.725584751146811, 0.474123289436102, 0.7299108577271303, 0.5132657503088315, 0.7440609420063319, 0.49328362963472805, 0.7435493722006127, 0.5108999838742118, 0.7995330960662277, 0.49846333178381125, 0.8037644700112718, 0.5065564049677579, 0.8519786865664218, 0.5000587227443855, 0.8664463873262759], "2": [0.0, 0.0, 0.0, 0.0, 0.0, 0.0, 0.8202394319077333, 0.6248479423699556, 0.0, 0.0, 0.0, 0.0, 0.814985242082427, 0.635619968396646, 0.0, 0.0, 0.0, 0.0, 0.0, 0.0, 0.0, 0.0, 0.0, 0.0, 0.8188991714113703, 0.6854478669387323, 0.835812920331955, 0.7502993066001822, 0.0, 0.0, 0.0, 0.0, 0.0, 0.0], "3": [0.0, 0.0, 0.0, 0.0, 0.0, 0.0, 0.0, 0.0, 0.0, 0.0, 0.7650402653341491, 0.614445177272514, 0.0, 0.0, 0.7716113880276679, 0.6383843695675885, 0.0, 0.0, 0.7822418579831719, 0.6482760295961743, 0.0, 0.0, 0.0, 0.0, 0.0, 0.0, 0.0, 0.0, 0.0, 0.0, 0.0, 0.0, 0.0, 0.0], "4": [0.0, 0.0, 0.0, 0.0, 0.0, 0.0, 0.0, 0.0, 0.0, 0.0, 0.0, 0.0, 0.0, 0.0, 0.0, 0.0, 0.7231392899528146, 0.6474170409418919, 0.0, 0.0, 0.0, 0.0, 0.0, 0.0, 0.0, 0.0, 0.0, 0.0, 0.0, 0.0, 0.0, 0.0, 0.0, 0.0], "5": [0.0, 0.0, 0.0, 0.0, 0.0, 0.0, 0.0, 0.0, 0.0, 0.0, 0.0, 0.0, 0.0, 0.0, 0.0, 0.0, 0.0, 0.0, 0.0, 0.0, 0.0, 0.0, 0.8164081880201896, 0.6918266654566482, 0.0, 0.0, 0.8153244870404402, 0.7425874838122615, 0.8343819300333659, 0.7508856028318405, 0.8169017964353164, 0.7899632283934841, 0.0, 0.0]}