{"0": [0.6321784442290663, 0.5636693411403232, 0.6334695654610792, 0.5590616429293597, 0.0, 0.0, 0.0, 0.0, 0.0, 0.0, 0.645688351492087, 0.5871267744788418, 0.6256269875913858, 0.5806348942496159, 0.6457802587499221, 0.6303998911822284, 0.6041659412284692, 0.5926400904302244, 0.6300506574412187, 0.6264705849466501, 0.5833202737073103, 0.5985117806328668, 0.6472452140723666, 0.6494236961559012, 0.6281936805695295, 0.6488530820166624, 0.651790753317376, 0.700076863369732, 0.6187399708374869, 0.6926942424089821, 0.6597288172692061, 0.7452008239648961, 0.6106606678726773, 0.7399252975428546], "1": [0.0, 0.0, 0.0, 0.0, 0.0, 0.0, 0.3638243302702904, 0.624171875582801, 0.37823679360250634, 0.6220539861255223, 0.35686699046442905, 0.6578972193929883, 0.38611535442372164, 0.6566124008761511, 0.3519792310738315, 0.7085836663290307, 0.40015230054656664, 0.6844865814955146, 0.3488883153224985, 0.7419103759306448, 0.0, 0.0, 0.36430898883069557, 0.7524397313594818, 0.38825228810310364, 0.751890356928386, 0.3567001722753048, 0.819085508916113, 0.38893369045108556, 0.8190469257809497, 0.3673221749564012, 0.8944338905590552, 0.39419832875331245, 0.8797821437871014], "2": [0.0, 0.0, 0.0, 0.0, 0.0, 0.0, 0.6360677293191354, 0.5868690788745881, 0.0, 0.0, 0.0, 0.0, 0.0, 0.0, 0.0, 0.0, 0.0, 0.0, 0.0, 0.0, 0.0, 0.0, 0.0, 0.0, 0.0, 0.0, 0.0, 0.0, 0.0, 0.0, 0.0, 0.0, 0.0, 0.0], "3": [0.0, 0.0, 0.0, 0.0, 0.0, 0.0, 0.0, 0.0, 0.6376894326259691, 0.5605171313992253, 0.0, 0.0, 0.0, 0.0, 0.0, 0.0, 0.0, 0.0, 0.0, 0.0, 0.0, 0.0, 0.0, 0.0, 0.0, 0.0, 0.0, 0.0, 0.0, 0.0, 0.0, 0.0, 0.0, 0.0], "4": [0.0, 0.0, 0.0, 0.0, 0.0, 0.0, 0.0, 0.0, 0.0, 0.0, 0.0, 0.0, 0.0, 0.0, 0.0, 0.0, 0.0, 0.0, 0.0, 0.0, 0.39511236945788064, 0.6562200212368259, 0.0, 0.0, 0.0, 0.0, 0.0, 0.0, 0.0, 0.0, 0.0, 0.0, 0.0, 0.0]}