{"0": [0.0, 0.0, 0.0, 0.0, 0.0, 0.0, 0.4987567434708277, 0.6100868070567096, 0.5130354938407738, 0.6113942253920767, 0.49278868635495504, 0.6350907859978853, 0.5224462684864799, 0.6426259206400977, 0.48219365229209266, 0.6633210285670229, 0.5308157155911127, 0.6840717526497664, 0.0, 0.0, 0.0, 0.0, 0.4939290031169852, 0.7160932236247591, 0.516992773860693, 0.7168297228989777, 0.4847189297899604, 0.7335239907105764, 0.5230516986610989, 0.7413186720123998, 0.4872778209547202, 0.7905704003793222, 0.5376525717477004, 0.7704298337300618], "1": [0.0, 0.0, 0.0, 0.0, 0.0, 0.0, 0.6112293961147467, 0.6545576148562962, 0.6247965012987454, 0.657870520485772, 0.5992110264798005, 0.6726925351001598, 0.6331751935184002, 0.6856963251475935, 0.5807394178894659, 0.6909730328453911, 0.6500258377442757, 0.7223202713661723, 0.0, 0.0, 0.661141593568027, 0.740805239809884, 0.6030775316680471, 0.7877697187441367, 0.6240325932701428, 0.7872722164348319, 0.610896293229113, 0.8482089780891935, 0.6269977684210366, 0.8498083791247121, 0.6142739339731633, 0.9092999442859933, 0.6283454779535532, 0.9112968639091209]}