{"0": [0.2969176468749841, 0.5593133232556283, 0.299598932514588, 0.5546963382650305, 0.2984653691450755, 0.5549326817194621, 0.30520698204636576, 0.5574185340492813, 0.0, 0.0, 0.3127132018407186, 0.5869621151023441, 0.3030411411697666, 0.5809369818479927, 0.313408408438166, 0.6277349507367169, 0.30353945419192313, 0.6137663766189858, 0.2937745181203354, 0.626575090708556, 0.2950174334148566, 0.6238293669841908, 0.31209544762969016, 0.6615639327852816, 0.0, 0.0, 0.31179860631624856, 0.7085405365184502, 0.0, 0.0, 0.3192570078807572, 0.754104689977787, 0.0, 0.0], "1": [0.5445672690868377, 0.6063357262699692, 0.5468321594099204, 0.6026835470287889, 0.0, 0.0, 0.0, 0.0, 0.0, 0.0, 0.0, 0.0, 0.0, 0.0, 0.0, 0.0, 0.0, 0.0, 0.0, 0.0, 0.0, 0.0, 0.0, 0.0, 0.0, 0.0, 0.0, 0.0, 0.0, 0.0, 0.0, 0.0, 0.0, 0.0], "2": [0.0, 0.0, 0.0, 0.0, 0.5480418457727259, 0.6017912019182133, 0.0, 0.0, 0.0, 0.0, 0.0, 0.0, 0.0, 0.0, 0.0, 0.0, 0.0, 0.0, 0.0, 0.0, 0.0, 0.0, 0.0, 0.0, 0.0, 0.0, 0.0, 0.0, 0.0, 0.0, 0.0, 0.0, 0.0, 0.0], "3": [0.0, 0.0, 0.0, 0.0, 0.0, 0.0, 0.5400312371551991, 0.6028594977325863, 0.5506641554335753, 0.6035391822457313, 0.5284751147031784, 0.6336322936470862, 0.5608772586410244, 0.6385472573615887, 0.5197136138876279, 0.6779941037021301, 0.5634040440122288, 0.6859758421226784, 0.0, 0.0, 0.0, 0.0, 0.5317191782407462, 0.7288697667695858, 0.5524173153874775, 0.7289465800479606, 0.5285616423934698, 0.7912964520631013, 0.5531389606495698, 0.8019852824785091, 0.5222880870103837, 0.8479183890753322, 0.5411668712894122, 0.8760549632487473], "4": [0.0, 0.0, 0.0, 0.0, 0.0, 0.0, 0.0, 0.0, 0.0, 0.0, 0.0, 0.0, 0.0, 0.0, 0.0, 0.0, 0.0, 0.0, 0.0, 0.0, 0.0, 0.0, 0.0, 0.0, 0.3152278110384941, 0.6607416960928175, 0.0, 0.0, 0.31393089493115744, 0.7075625901696858, 0.0, 0.0, 0.3187246423350492, 0.7522539982365236]}