{"0": [0.6347101887067159, 0.659068535875391, 0.0, 0.0, 0.6326874915510416, 0.6515697046562476, 0.0, 0.0, 0.6234408111621936, 0.6531081806730341, 0.6286079761882623, 0.6803377191225688, 0.617871408847471, 0.6956278182842114, 0.6350777093631526, 0.7382243288887872, 0.6162137880921363, 0.7522907644234321, 0.0, 0.0, 0.6332562180856863, 0.785215311580234, 0.6321275385717551, 0.7982470998057613, 0.6263261468460163, 0.7986332052283817, 0.6295714283982914, 0.8732302003436618, 0.6299166031181812, 0.8736498755437356, 0.6328086795906226, 0.9137337559903109, 0.6230881406966607, 0.9394316656163669], "1": [0.4524688112549483, 0.5049167388015323, 0.45270156469196077, 0.5014259740158363, 0.4512560345232487, 0.5023637659019894, 0.4528038751954834, 0.5025352497895559, 0.45118701631824176, 0.5042632946261654, 0.4537194780368453, 0.5269817522544739, 0.4551452180162951, 0.5255709768208229, 0.44396426669942834, 0.5640553836469296, 0.4691148826852441, 0.5411983081588039, 0.4361796699464321, 0.5545212944348653, 0.0, 0.0, 0.45153069738298657, 0.5903446343210008, 0.4602179056499153, 0.5891866993572977, 0.45087145566940307, 0.6335332189445142, 0.45584678674737616, 0.633567877224198, 0.4514641407329307, 0.6735980553717186, 0.4643285668765505, 0.6799242809966759], "2": [0.0, 0.0, 0.0, 0.0, 0.0, 0.0, 0.0, 0.0, 0.0, 0.0, 0.0, 0.0, 0.0, 0.0, 0.4698413846393426, 0.5395106690901297, 0.0, 0.0, 0.4602536297868937, 0.544453594575774, 0.0, 0.0, 0.0, 0.0, 0.0, 0.0, 0.0, 0.0, 0.0, 0.0, 0.0, 0.0, 0.0, 0.0], "3": [0.0, 0.0, 0.0, 0.0, 0.0, 0.0, 0.0, 0.0, 0.0, 0.0, 0.0, 0.0, 0.0, 0.0, 0.0, 0.0, 0.0, 0.0, 0.0, 0.0, 0.4603299103677273, 0.5443146566549937, 0.0, 0.0, 0.0, 0.0, 0.0, 0.0, 0.0, 0.0, 0.0, 0.0, 0.0, 0.0], "4": [0.0, 0.0, 0.0, 0.0, 0.0, 0.0, 0.0, 0.0, 0.0, 0.0, 0.0, 0.0, 0.0, 0.0, 0.0, 0.0, 0.0, 0.0, 0.0, 0.0, 0.0, 0.0, 0.0, 0.0, 0.0, 0.0, 0.0, 0.0, 0.0, 0.0, 0.6200098899503549, 0.9525215419906157, 0.0, 0.0], "5": [0.0, 0.0, 0.0, 0.0, 0.0, 0.0, 0.0, 0.0, 0.0, 0.0, 0.0, 0.0, 0.0, 0.0, 0.0, 0.0, 0.0, 0.0, 0.0, 0.0, 0.0, 0.0, 0.0, 0.0, 0.0, 0.0, 0.0, 0.0, 0.0, 0.0, 0.0, 0.0, 0.4426871221512556, 0.668911428363235]}