{"0": [0.5232027276108662, 0.43003230624728733, 0.5239628740896782, 0.42307030227449205, 0.0, 0.0, 0.5269897673899928, 0.42423718770345054, 0.0, 0.0, 0.5354276381743451, 0.45033454188594113, 0.5264575242996216, 0.452488092802189, 0.5226861767160396, 0.47797255502254876, 0.5215065342684587, 0.4777654722746876, 0.5257766798138619, 0.4555364274833765, 0.5222204019625981, 0.46008164198310286, 0.5299268876512845, 0.5117628064420489, 0.5366037835677465, 0.5100873002299556, 0.5310441014977793, 0.5550683317361055, 0.534472215299805, 0.5545355324391965, 0.5368852477520705, 0.5966851856145594, 0.5371079274763664, 0.5954811499074654], "1": [0.660406946579072, 0.5372455107255114, 0.0, 0.0, 0.0, 0.0, 0.0, 0.0, 0.0, 0.0, 0.6799950368702412, 0.5527703241617591, 0.0, 0.0, 0.0, 0.0, 0.0, 0.0, 0.0, 0.0, 0.0, 0.0, 0.0, 0.0, 0.0, 0.0, 0.0, 0.0, 0.0, 0.0, 0.0, 0.0, 0.0, 0.0], "2": [0.0, 0.0, 0.0, 0.0, 0.0, 0.0, 0.6581286959350108, 0.5304833851478717, 0.6711424338320892, 0.5288987117784995, 0.6534292357663313, 0.5521590399245421, 0.6795043262342612, 0.5532369860896358, 0.6463576254745325, 0.5813546330702526, 0.6891597844660282, 0.5880089922635644, 0.6533376979331176, 0.5580062255815224, 0.692630372196436, 0.6121288033547225, 0.6587914435813825, 0.6276786049207052, 0.6738637168581287, 0.6278155064141309, 0.6650286011087397, 0.676365162928899, 0.6658391150335471, 0.6759396015493958, 0.6634352892637253, 0.7247482476411042, 0.6629521586000919, 0.7239266269736819], "3": [0.0, 0.0, 0.0, 0.0, 0.0, 0.0, 0.0, 0.0, 0.534528378645579, 0.42371451413189926, 0.0, 0.0, 0.0, 0.0, 0.0, 0.0, 0.0, 0.0, 0.0, 0.0, 0.0, 0.0, 0.0, 0.0, 0.0, 0.0, 0.0, 0.0, 0.0, 0.0, 0.0, 0.0, 0.0, 0.0], "4": [0.0, 0.0, 0.0, 0.0, 0.0, 0.0, 0.0, 0.0, 0.0, 0.0, 0.0, 0.0, 0.0, 0.0, 0.0, 0.0, 0.0, 0.0, 0.0, 0.0, 0.6589989228794974, 0.5661044367485576, 0.0, 0.0, 0.0, 0.0, 0.0, 0.0, 0.0, 0.0, 0.0, 0.0, 0.0, 0.0], "5": [0.0, 0.0, 0.0, 0.0, 0.0, 0.0, 0.0, 0.0, 0.0, 0.0, 0.0, 0.0, 0.0, 0.0, 0.0, 0.0, 0.0, 0.0, 0.0, 0.0, 0.0, 0.0, 0.8247063415745894, 0.6295684880680508, 0.8237338560943802, 0.6288530340901127, 0.0, 0.0, 0.0, 0.0, 0.0, 0.0, 0.0, 0.0]}