{"0": [0.6692369183835883, 0.5689920039088637, 0.0, 0.0, 0.0, 0.0, 0.0, 0.0, 0.6655374633148312, 0.5638146974422313, 0.6481950088202173, 0.5734473374080841, 0.6602274110075086, 0.5901923797748707, 0.6489634476602077, 0.6297807393250642, 0.6506468567997217, 0.63034500391395, 0.0, 0.0, 0.6593714099377394, 0.6659470823076036, 0.6335607251773278, 0.6549396556836588, 0.6431798336406549, 0.65738539132807, 0.6358592186123134, 0.704535937750781, 0.6598944861441851, 0.7084577807673702, 0.6289745904505253, 0.7589036169427412, 0.6624457091093063, 0.7727150839787943], "1": [0.0, 0.0, 0.0, 0.0, 0.6690889611529808, 0.5657968350582653, 0.0, 0.0, 0.0, 0.0, 0.0, 0.0, 0.0, 0.0, 0.0, 0.0, 0.0, 0.0, 0.0, 0.0, 0.0, 0.0, 0.0, 0.0, 0.0, 0.0, 0.0, 0.0, 0.0, 0.0, 0.0, 0.0, 0.0, 0.0], "2": [0.0, 0.0, 0.0, 0.0, 0.0, 0.0, 0.35219592274321865, 0.6601228215076306, 0.36668316945433616, 0.6598844225759858, 0.3450694873929024, 0.6969800807811596, 0.3769865931089347, 0.6907834327883191, 0.33914004849890866, 0.7434610366821289, 0.3827798624833425, 0.7279135482178793, 0.0, 0.0, 0.0, 0.0, 0.3497727379202843, 0.7871664249234729, 0.3713764198124409, 0.7823134533785008, 0.34681025668978693, 0.8506561835606893, 0.3704650036990643, 0.8402977838008492, 0.3484472590188185, 0.9093997410050145, 0.36835365410273274, 0.895454141166475], "3": [0.0, 0.0, 0.0, 0.0, 0.0, 0.0, 0.0, 0.0, 0.0, 0.0, 0.9339939088871082, 0.47620628663787135, 0.9267391465914746, 0.4749283538924323, 0.9353916489868425, 0.5175267248241989, 0.0, 0.0, 0.0, 0.0, 0.0, 0.0, 0.9354861869787177, 0.5428381027998748, 0.9341954097151758, 0.5386536752736127, 0.0, 0.0, 0.0, 0.0, 0.0, 0.0, 0.0, 0.0], "4": [0.0, 0.0, 0.0, 0.0, 0.0, 0.0, 0.0, 0.0, 0.0, 0.0, 0.0, 0.0, 0.0, 0.0, 0.6288744493077199, 0.5818267517067768, 0.0, 0.0, 0.6404904410863916, 0.5811431644415413, 0.0, 0.0, 0.0, 0.0, 0.0, 0.0, 0.0, 0.0, 0.0, 0.0, 0.0, 0.0, 0.0, 0.0], "5": [0.0, 0.0, 0.0, 0.0, 0.0, 0.0, 0.0, 0.0, 0.0, 0.0, 0.0, 0.0, 0.0, 0.0, 0.0, 0.0, 0.0, 0.0, 0.0, 0.0, 0.645397987216711, 0.5867030552139989, 0.0, 0.0, 0.0, 0.0, 0.0, 0.0, 0.0, 0.0, 0.0, 0.0, 0.0, 0.0], "6": [0.0, 0.0, 0.0, 0.0, 0.0, 0.0, 0.0, 0.0, 0.0, 0.0, 0.0, 0.0, 0.0, 0.0, 0.0, 0.0, 0.0, 0.0, 0.0, 0.0, 0.3689176184590906, 0.7233657025628619, 0.0, 0.0, 0.0, 0.0, 0.0, 0.0, 0.0, 0.0, 0.0, 0.0, 0.0, 0.0]}