{"0": [0.6729005739936837, 0.558614335236726, 0.6756468689690034, 0.5533771088829746, 0.6709507625550032, 0.5521583760778109, 0.67719011704127, 0.5557315596827754, 0.6645604988385458, 0.5503006569765232, 0.6804669524853428, 0.5810233703366032, 0.6527147844433786, 0.5731093916628096, 0.6855776498715083, 0.6164291379628358, 0.6443416507293781, 0.60201279785898, 0.6835959691554307, 0.6464810782008701, 0.6541507051636776, 0.6229374704537568, 0.6718881107245882, 0.6518262161148919, 0.6569586078946789, 0.6473025602323038, 0.6725666450957457, 0.6979022430049049, 0.6513092132285238, 0.6956418262587654, 0.6736775066082676, 0.7479693593802276, 0.64972557798028, 0.7414257166562257], "1": [0.0, 0.0, 0.0, 0.0, 0.0, 0.0, 0.3881038518001636, 0.6700492054499961, 0.0, 0.0, 0.3874838079015414, 0.7111831022633448, 0.40865721156199775, 0.71271588978944, 0.0, 0.0, 0.0, 0.0, 0.0, 0.0, 0.0, 0.0, 0.40216025601451594, 0.8160795878480982, 0.0, 0.0, 0.40260069680710636, 0.8619616940065666, 0.0, 0.0, 0.4068483820805947, 0.905574577053388, 0.0, 0.0], "2": [0.0, 0.0, 0.0, 0.0, 0.0, 0.0, 0.0, 0.0, 0.0, 0.0, 0.8402215284605821, 0.5745158359960273, 0.8648942253862818, 0.5736027732491493, 0.8353163004775221, 0.6040634631006806, 0.8720485644415021, 0.6031035112010108, 0.0, 0.0, 0.0, 0.0, 0.8453380778431893, 0.6337906417747339, 0.861261520596842, 0.6328520497790089, 0.8435308744665235, 0.6776341775225269, 0.8615478076040745, 0.678310789609397, 0.0, 0.0, 0.0, 0.0], "3": [0.0, 0.0, 0.0, 0.0, 0.0, 0.0, 0.0, 0.0, 0.0, 0.0, 0.6538038245091836, 0.5756160444683499, 0.6807942202625176, 0.5812032330919195, 0.6444707251464327, 0.602123503000648, 0.6846400072177251, 0.6177164067824682, 0.0, 0.0, 0.6847437366843223, 0.647181835660228, 0.6544321070114771, 0.647589637670252, 0.6754580903798342, 0.6462142312968219, 0.6507280454039573, 0.6966928830853215, 0.6711217017223438, 0.7003780780015169, 0.0, 0.0, 0.6747175512214502, 0.7473338109475595], "4": [0.0, 0.0, 0.0, 0.0, 0.0, 0.0, 0.0, 0.0, 0.0, 0.0, 0.0, 0.0, 0.38703700515131156, 0.7091970323412505, 0.0, 0.0, 0.3911546754340331, 0.7654759822068391, 0.0, 0.0, 0.3798468219737211, 0.7867175839565418, 0.0, 0.0, 0.3993279330432415, 0.8158479348376945, 0.0, 0.0, 0.3995393649985393, 0.8624563144864861, 0.0, 0.0, 0.40661876161272326, 0.8997766071999515]}