{"0": [0.4746224363644918, 0.5878640970698109, 0.4754932171354691, 0.582755610898689, 0.0, 0.0, 0.47976858193675676, 0.5861220591598086, 0.4920541143665711, 0.5928011395313123, 0.4681586810698112, 0.6189253630461516, 0.5017428868450224, 0.6326590312299905, 0.4535968465109666, 0.6530757851070828, 0.510817771932731, 0.6619205648148502, 0.0, 0.0, 0.5153226857384046, 0.6880802161163754, 0.4758215770125389, 0.7015409740032973, 0.4938832523611685, 0.7026305843282629, 0.4807884217550357, 0.7765679054790074, 0.48557786111099027, 0.7699297030766805, 0.4992258419593175, 0.8330034398922214, 0.4999157962699732, 0.8334707258062231], "1": [0.07454931549727917, 0.623212872169636, 0.0, 0.0, 0.07234358321875334, 0.6169384000477968, 0.0, 0.0, 0.06619292870163918, 0.6197567053415157, 0.04542635828256607, 0.6568205215312817, 0.07715896481337646, 0.6593776254742234, 0.0, 0.0, 0.08838759660720825, 0.704670720188706, 0.0, 0.0, 0.0, 0.0, 0.0, 0.0, 0.0, 0.0, 0.0, 0.0, 0.0, 0.0, 0.0, 0.0, 0.0, 0.0], "2": [0.3679961038132509, 0.5469089238731949, 0.36935595199465754, 0.5382509770216766, 0.0, 0.0, 0.3754571604231993, 0.5380187744343722, 0.0, 0.0, 0.37886101032296815, 0.5681899049767741, 0.3884215548634529, 0.5623698658413357, 0.36500366029019155, 0.6064673368577604, 0.0, 0.0, 0.3492738076796134, 0.6036217036415581, 0.0, 0.0, 0.3961875382810831, 0.6195707265977506, 0.4077518407255411, 0.6177966524605398, 0.37206547980507215, 0.6574527003146984, 0.4128944577028354, 0.6494933349114876, 0.3704452098657688, 0.7049112108018664, 0.43121109089115633, 0.6791571081788451], "3": [0.0, 0.0, 0.0, 0.0, 0.0, 0.0, 0.0, 0.0, 0.38471313528716566, 0.532029962098157, 0.0, 0.0, 0.0, 0.0, 0.0, 0.0, 0.39305106035123266, 0.5813295605144015, 0.0, 0.0, 0.0, 0.0, 0.0, 0.0, 0.0, 0.0, 0.0, 0.0, 0.0, 0.0, 0.0, 0.0, 0.0, 0.0], "4": [0.0, 0.0, 0.0, 0.0, 0.0, 0.0, 0.0, 0.0, 0.0, 0.0, 0.0, 0.0, 0.0, 0.0, 0.0, 0.0, 0.0, 0.0, 0.0, 0.0, 0.09802033225229631, 0.7127000629901886, 0.0, 0.0, 0.0, 0.0, 0.0, 0.0, 0.0, 0.0, 0.0, 0.0, 0.0, 0.0], "5": [0.0, 0.0, 0.0, 0.0, 0.0, 0.0, 0.0, 0.0, 0.0, 0.0, 0.0, 0.0, 0.0, 0.0, 0.0, 0.0, 0.0, 0.0, 0.0, 0.0, 0.0, 0.0, 0.0, 0.0, 0.0, 0.0, 0.0, 0.0, 0.3753642211357752, 0.6532708936267428, 0.0, 0.0, 0.0, 0.0], "6": [0.0, 0.0, 0.0, 0.0, 0.0, 0.0, 0.0, 0.0, 0.0, 0.0, 0.0, 0.0, 0.0, 0.0, 0.0, 0.0, 0.0, 0.0, 0.0, 0.0, 0.0, 0.0, 0.0, 0.0, 0.0, 0.0, 0.0, 0.0, 0.0, 0.0, 0.48085127947852013, 0.7948969839899628, 0.0, 0.0]}