{"0": [0.5193509845063091, 0.6958347060062268, 0.0, 0.0, 0.5184652104973793, 0.6896716102405831, 0.0, 0.0, 0.5109160920915504, 0.6885888638319793, 0.5092022466162841, 0.7179281546009912, 0.5002007868140936, 0.7240323634059342, 0.5112397134304046, 0.7710704772560685, 0.5039762623608113, 0.7780352303275355, 0.0, 0.0, 0.5180623792732756, 0.8017726275655959, 0.5119274531801542, 0.8113715609742537, 0.5038541812449694, 0.8175046181237257, 0.5237484985341628, 0.8623404699895117, 0.4961063505460819, 0.8760100372411588, 0.0, 0.0, 0.4847131406267484, 0.9225094061758783], "1": [0.31048303002025934, 0.47976642538000036, 0.31240852909783523, 0.47751507615601574, 0.30907247761885326, 0.47447840372721356, 0.31698403420547644, 0.4833793921603097, 0.0, 0.0, 0.3196810090914369, 0.5059295339716805, 0.3191111428042253, 0.5055663252318346, 0.32055935114622114, 0.523205100606989, 0.31453794027523446, 0.5232604514669489, 0.3159804169088602, 0.5448980359567537, 0.0, 0.0, 0.31944239872197316, 0.5641808425938641, 0.32169309866925083, 0.5634230033115104, 0.3198382017513116, 0.6086179706785414, 0.32157031099001565, 0.6091651490441075, 0.3281942258278529, 0.6568989216177552, 0.3272805472680678, 0.6546505625601167], "2": [0.0, 0.0, 0.0, 0.0, 0.0, 0.0, 0.0, 0.0, 0.0, 0.0, 0.0, 0.0, 0.0, 0.0, 0.0, 0.0, 0.0, 0.0, 0.3142731618757049, 0.4984325692609504, 0.0, 0.0, 0.0, 0.0, 0.0, 0.0, 0.0, 0.0, 0.0, 0.0, 0.0, 0.0, 0.0, 0.0], "3": [0.0, 0.0, 0.0, 0.0, 0.0, 0.0, 0.0, 0.0, 0.0, 0.0, 0.0, 0.0, 0.0, 0.0, 0.0, 0.0, 0.0, 0.0, 0.0, 0.0, 0.0, 0.0, 0.0, 0.0, 0.0, 0.0, 0.4962438024580479, 0.8752033710479736, 0.5231274340612193, 0.8629288351956617, 0.4839368169506391, 0.9235099258246245, 0.5336376930276553, 0.9125683058191228]}