{"0": [0.5771036126262818, 0.47892273675512387, 0.5764169347162048, 0.47527032560772364, 0.5761556850125392, 0.4750382324059804, 0.5685937718333055, 0.47717056848384715, 0.5734960592662295, 0.477429661154747, 0.5632150152077278, 0.4984254078732597, 0.574967356150349, 0.505520690591247, 0.5648362150726219, 0.5358126219775942, 0.5746540306756894, 0.5387016828413362, 0.0, 0.0, 0.5821924756591519, 0.5634328528686806, 0.5632202468812466, 0.5652192641187597, 0.5717727924386661, 0.5658129883033258, 0.5701948236674069, 0.6089384151829613, 0.5753858433415492, 0.6069113270000175, 0.5644596956049402, 0.6508651733398437, 0.5763820669042512, 0.6462754798213598], "1": [0.8747846577316524, 0.48280386703985706, 0.8764890192076564, 0.4793406221601698, 0.0, 0.0, 0.8810922818258404, 0.48112084843494274, 0.0, 0.0, 0.8853831159416586, 0.5014992939101325, 0.0, 0.0, 0.8831124966343246, 0.5402781453397539, 0.0, 0.0, 0.0, 0.0, 0.0, 0.0, 0.0, 0.0, 0.0, 0.0, 0.0, 0.0, 0.0, 0.0, 0.0, 0.0, 0.0, 0.0], "2": [0.0, 0.0, 0.0, 0.0, 0.0, 0.0, 0.6377155249317487, 0.44176711340745295, 0.6499000159402688, 0.44133322735627495, 0.6334453349312146, 0.4639746962874024, 0.653520603850484, 0.46582382255130345, 0.0, 0.0, 0.6686490126497423, 0.47636710151478096, 0.0, 0.0, 0.6775058118936916, 0.45969631760208696, 0.634933050783972, 0.5307464638242015, 0.6493489496409892, 0.5308515660188816, 0.6411401274303594, 0.5705619739161598, 0.6547448394199212, 0.5709291175559715, 0.6407884793976942, 0.6149818959059539, 0.6468105732152858, 0.613691488901774], "3": [0.0, 0.0, 0.0, 0.0, 0.0, 0.0, 0.0, 0.0, 0.0, 0.0, 0.0, 0.0, 0.0, 0.0, 0.0, 0.0, 0.0, 0.0, 0.8749995132287344, 0.5059189795343965, 0.0, 0.0, 0.0, 0.0, 0.0, 0.0, 0.0, 0.0, 0.0, 0.0, 0.0, 0.0, 0.0, 0.0], "4": [0.0, 0.0, 0.0, 0.0, 0.0, 0.0, 0.0, 0.0, 0.0, 0.0, 0.0, 0.0, 0.0, 0.0, 0.0, 0.0, 0.0, 0.0, 0.0, 0.0, 0.6565746071748435, 0.47164212939915834, 0.0, 0.0, 0.0, 0.0, 0.0, 0.0, 0.0, 0.0, 0.0, 0.0, 0.0, 0.0], "5": [0.0, 0.0, 0.0, 0.0, 0.0, 0.0, 0.0, 0.0, 0.0, 0.0, 0.0, 0.0, 0.0, 0.0, 0.0, 0.0, 0.0, 0.0, 0.0, 0.0, 0.8722173251832525, 0.504512427912818, 0.0, 0.0, 0.0, 0.0, 0.0, 0.0, 0.0, 0.0, 0.0, 0.0, 0.0, 0.0], "6": [0.0, 0.0, 0.0, 0.0, 0.0, 0.0, 0.0, 0.0, 0.0, 0.0, 0.0, 0.0, 0.0, 0.0, 0.0, 0.0, 0.0, 0.0, 0.0, 0.0, 0.0, 0.0, 0.0, 0.0, 0.0, 0.0, 0.0, 0.0, 0.0, 0.0, 0.5822501664360366, 0.6428978173821059, 0.0, 0.0]}