{"0": [0.518633657701624, 0.6085855411158667, 0.5197951683153709, 0.6051696251939844, 0.5148841538776954, 0.6027640740076701, 0.5228316425190617, 0.6103402407632934, 0.5079994380474091, 0.6072619941499499, 0.5290332399308681, 0.6472456583270321, 0.49901233315467836, 0.6380785716904535, 0.538754836221536, 0.6932247127647753, 0.4876020148396492, 0.6467903182462409, 0.5445203188185891, 0.7232201174453453, 0.0, 0.0, 0.5214753532161315, 0.7370152759382984, 0.49992355406284333, 0.7302162682016691, 0.0, 0.0, 0.0, 0.0, 0.0, 0.0, 0.0, 0.0], "1": [0.0, 0.0, 0.0, 0.0, 0.0, 0.0, 0.5733377395818631, 0.6066632235491717, 0.5858866213510434, 0.6082104312049018, 0.5697867014755805, 0.6328652295801374, 0.5834755157430968, 0.6399024711714851, 0.5616319579382737, 0.6703856353113359, 0.5778934666886926, 0.6822091539700826, 0.0, 0.0, 0.5885471163317562, 0.7150414015683862, 0.5579750621070464, 0.7139273076697632, 0.5714012750734886, 0.7147230999406289, 0.5652698910484711, 0.7625909597785384, 0.5818930422887206, 0.771137030477877, 0.547361143430074, 0.7812537711527614, 0.5646907820521544, 0.8244110466153534], "2": [0.0, 0.0, 0.0, 0.0, 0.0, 0.0, 0.0, 0.0, 0.0, 0.0, 0.0, 0.0, 0.0, 0.0, 0.0, 0.0, 0.5387181160971523, 0.6938185205062231, 0.0, 0.0, 0.0, 0.0, 0.0, 0.0, 0.0, 0.0, 0.0, 0.0, 0.0, 0.0, 0.0, 0.0, 0.0, 0.0], "3": [0.0, 0.0, 0.0, 0.0, 0.0, 0.0, 0.0, 0.0, 0.0, 0.0, 0.0, 0.0, 0.0, 0.0, 0.0, 0.0, 0.0, 0.0, 0.5360441112269958, 0.6643399177877991, 0.0, 0.0, 0.0, 0.0, 0.0, 0.0, 0.0, 0.0, 0.0, 0.0, 0.0, 0.0, 0.0, 0.0], "4": [0.0, 0.0, 0.0, 0.0, 0.0, 0.0, 0.0, 0.0, 0.0, 0.0, 0.0, 0.0, 0.0, 0.0, 0.0, 0.0, 0.0, 0.0, 0.0, 0.0, 0.4876709518333276, 0.6429891798231336, 0.0, 0.0, 0.0, 0.0, 0.0, 0.0, 0.0, 0.0, 0.0, 0.0, 0.0, 0.0], "5": [0.0, 0.0, 0.0, 0.0, 0.0, 0.0, 0.0, 0.0, 0.0, 0.0, 0.0, 0.0, 0.0, 0.0, 0.0, 0.0, 0.0, 0.0, 0.0, 0.0, 0.0, 0.0, 0.49984932517011954, 0.7338099715886293, 0.5208747657636801, 0.7418223279493825, 0.5011914392312368, 0.8107633794071498, 0.5203653182834387, 0.8030732079236595, 0.5007385320961475, 0.887587696534616, 0.5188271598036711, 0.869205003424927], "6": [0.0, 0.0, 0.0, 0.0, 0.0, 0.0, 0.0, 0.0, 0.0, 0.0, 0.0, 0.0, 0.0, 0.0, 0.0, 0.0, 0.0, 0.0, 0.0, 0.0, 0.0, 0.0, 0.0, 0.0, 0.0, 0.0, 0.5813034288585186, 0.7704065435462528, 0.0, 0.0, 0.5640402207771937, 0.822183891799715, 0.0, 0.0]}