{"0": [0.0, 0.0, 0.0, 0.0, 0.0, 0.0, 0.4595111221075058, 0.5779668671113474, 0.472253634656469, 0.5779254522588518, 0.4531792024771372, 0.6091469411496763, 0.4815651088953018, 0.6049821033521935, 0.4461036222676436, 0.6526881279768766, 0.4930812522768974, 0.6378949266892894, 0.445289408788085, 0.6659412004329539, 0.49699145834892994, 0.6572435556738466, 0.46261122065285837, 0.6843862414911941, 0.4845135508105159, 0.6827697979079353, 0.45942068776736655, 0.7455767626011813, 0.48897905529787145, 0.7418145168710638, 0.45527286392947036, 0.798205610116323, 0.49714539647102357, 0.7916311239754712], "1": [0.0, 0.0, 0.0, 0.0, 0.0, 0.0, 0.6246893018484115, 0.6729724126833456, 0.6363363365332285, 0.6792609054733205, 0.6174595572054387, 0.6887081258826786, 0.6312484636103667, 0.7114343285560608, 0.0, 0.0, 0.6452732067555189, 0.7371629278830907, 0.0, 0.0, 0.6606350779533386, 0.7392335924837324, 0.6049568548553246, 0.791029145292063, 0.6097875172272325, 0.7926257054011027, 0.6232431546164056, 0.8427713884247675, 0.6378535118305682, 0.8549741459126116, 0.5999804846942425, 0.8971953985867677, 0.0, 0.0], "2": [0.0, 0.0, 0.0, 0.0, 0.0, 0.0, 0.0, 0.0, 0.0, 0.0, 0.6313214934663847, 0.7228509024337486, 0.0, 0.0, 0.6433742954395711, 0.7351647083406095, 0.0, 0.0, 0.0, 0.0, 0.0, 0.0, 0.0, 0.0, 0.0, 0.0, 0.0, 0.0, 0.0, 0.0, 0.0, 0.0, 0.0, 0.0], "3": [0.0, 0.0, 0.0, 0.0, 0.0, 0.0, 0.0, 0.0, 0.0, 0.0, 0.0, 0.0, 0.0, 0.0, 0.0, 0.0, 0.0, 0.0, 0.0, 0.0, 0.0, 0.0, 0.0, 0.0, 0.0, 0.0, 0.0, 0.0, 0.0, 0.0, 0.0, 0.0, 0.6591021925210953, 0.9329412299173849], "4": [0.0, 0.0, 0.0, 0.0, 0.0, 0.0, 0.0, 0.0, 0.0, 0.0, 0.0, 0.0, 0.0, 0.0, 0.0, 0.0, 0.0, 0.0, 0.0, 0.0, 0.0, 0.0, 0.0, 0.0, 0.0, 0.0, 0.0, 0.0, 0.0, 0.0, 0.0, 0.0, 0.6005456350743771, 0.8974280264642502]}