{"0": [0.3868852669994036, 0.6206879602538214, 0.0, 0.0, 0.3859411460037033, 0.6151654647456275, 0.37104832207163174, 0.6173112636363065, 0.3820543736840288, 0.6160640957178894, 0.36273056318362557, 0.6479227135302844, 0.39183758820096654, 0.6522429671552448, 0.3592521345863739, 0.6996606507235104, 0.4051844570785761, 0.7019689215554131, 0.0, 0.0, 0.0, 0.0, 0.3706899439295133, 0.746022101464095, 0.3926583413034678, 0.7506533371077643, 0.3659371512631575, 0.8120605027234112, 0.39817726984620094, 0.8116734809345669, 0.38041327794392904, 0.8855729693063983, 0.40289275869727137, 0.8827955376218867], "1": [0.0, 0.0, 0.6471616959820191, 0.559130872040987, 0.0, 0.0, 0.0, 0.0, 0.0, 0.0, 0.0, 0.0, 0.0, 0.0, 0.0, 0.0, 0.0, 0.0, 0.0, 0.0, 0.0, 0.0, 0.0, 0.0, 0.0, 0.0, 0.0, 0.0, 0.0, 0.0, 0.0, 0.0, 0.0, 0.0], "2": [0.0, 0.0, 0.0, 0.0, 0.0, 0.0, 0.6448536532620589, 0.5620885328010277, 0.0, 0.0, 0.656354762846604, 0.5825834571211427, 0.6321215477461616, 0.5818835486416464, 0.0, 0.0, 0.6175610401978096, 0.5926468054453532, 0.0, 0.0, 0.5960196434209745, 0.6109881639480591, 0.6530859174827734, 0.6510074290964338, 0.6361080879966418, 0.6489386740658019, 0.6574533352007469, 0.7040736944587143, 0.6261210637787978, 0.6932851535854516, 0.666196362177531, 0.7469976948367225, 0.6217822421342134, 0.7394961162849709], "3": [0.0, 0.0, 0.0, 0.0, 0.0, 0.0, 0.0, 0.0, 0.6472916949540377, 0.5618051985899607, 0.6327407768617074, 0.5814026100974944, 0.6570428629716237, 0.5848697000079685, 0.0, 0.0, 0.0, 0.0, 0.595827563603719, 0.6103966523099829, 0.0, 0.0, 0.6384166372319062, 0.6514312121603224, 0.6560928445775062, 0.6509770662696274, 0.6256914167354505, 0.6933733875552813, 0.6577349173525969, 0.7033168349001143, 0.6214789532124996, 0.7413350350326962, 0.6656438710788886, 0.7469506254902593], "4": [0.0, 0.0, 0.0, 0.0, 0.0, 0.0, 0.0, 0.0, 0.0, 0.0, 0.0, 0.0, 0.0, 0.0, 0.0, 0.0, 0.0, 0.0, 0.0, 0.0, 0.4121497300763925, 0.701279436107035, 0.0, 0.0, 0.0, 0.0, 0.0, 0.0, 0.0, 0.0, 0.0, 0.0, 0.0, 0.0]}