{"0": [0.45629085957771165, 0.5078222738371955, 0.4579841665923596, 0.5041536302478226, 0.4556123957658807, 0.5035117758644951, 0.4610742038115859, 0.5057941425729681, 0.0, 0.0, 0.4652517235527436, 0.5298942184834569, 0.0, 0.0, 0.4461912814804279, 0.5411755493321635, 0.0, 0.0, 0.438438002516826, 0.5265486231556645, 0.0, 0.0, 0.0, 0.0, 0.0, 0.0, 0.0, 0.0, 0.0, 0.0, 0.0, 0.0, 0.0, 0.0], "1": [0.3202987591425578, 0.5163600966886238, 0.0, 0.0, 0.3191652228434881, 0.5126603040430281, 0.30499539064864317, 0.5161827726496591, 0.3167357866962751, 0.5163215999250059, 0.3021968356411283, 0.5394552868825419, 0.3238426197320223, 0.5425142131469868, 0.29093561271826424, 0.5555496491767742, 0.3345843471586704, 0.5760452700985803, 0.2928516079982122, 0.5502700423752821, 0.3427725858365496, 0.597439843305835, 0.3042774831255277, 0.6075363803792883, 0.3201180679102739, 0.6092427101400163, 0.29454238681743544, 0.6506214464152301, 0.3312751328300995, 0.6531198843761726, 0.27891691227753956, 0.696993769981243, 0.32182164750993253, 0.7144840327953851], "2": [0.0, 0.0, 0.0, 0.0, 0.0, 0.0, 0.0, 0.0, 0.0, 0.0, 0.0, 0.0, 0.4686605448989818, 0.5254428640559867, 0.0, 0.0, 0.4557029528543353, 0.5430021172320402, 0.0, 0.0, 0.4388116487612327, 0.5222650112480753, 0.4518984780646861, 0.6046783246375896, 0.4704582384477059, 0.6043884235951635, 0.44422351811081173, 0.6508237178678866, 0.4645232999580912, 0.6509995195600722, 0.440896088629961, 0.6984502853066833, 0.4701339486986399, 0.6933904998832279], "3": [0.0, 0.0, 0.0, 0.0, 0.0, 0.0, 0.0, 0.0, 0.0, 0.0, 0.0, 0.0, 0.0, 0.0, 0.0, 0.0, 0.0, 0.0, 0.0, 0.0, 0.32490143527587256, 0.5546611397354692, 0.0, 0.0, 0.0, 0.0, 0.0, 0.0, 0.0, 0.0, 0.0, 0.0, 0.0, 0.0]}