{"0": [0.0, 0.0, 0.0, 0.0, 0.4322076792518298, 0.5756655440286355, 0.4184706638256709, 0.5787005066871643, 0.4297339726239443, 0.5785456094476912, 0.4121413475523392, 0.6068023615413242, 0.4365765765309334, 0.6070404971087421, 0.407299705222249, 0.6392099933491813, 0.4513786531984806, 0.6406732155148078, 0.41683862345914047, 0.6499869363175499, 0.4464000638574362, 0.6257690848713672, 0.41813926429798204, 0.675995045569208, 0.43331169461210567, 0.6755657686127556, 0.42419103197753427, 0.7107331483452407, 0.4544882583121458, 0.7192603283458284, 0.41176392907897635, 0.748441098133723, 0.46385327068467935, 0.7711435148009548], "1": [0.0, 0.0, 0.0, 0.0, 0.0, 0.0, 0.6774797302670775, 0.5959973392387231, 0.6888269474729896, 0.5956025479568375, 0.6676861432691417, 0.6251027733639435, 0.6943244918559989, 0.6222570116873141, 0.6548648734887441, 0.6563153794518224, 0.7211047058304151, 0.6103494272187904, 0.6409762360155582, 0.667107488711675, 0.7414821182688077, 0.589757517973582, 0.6592495950559776, 0.7134197658962673, 0.6817761598775784, 0.7217842926857649, 0.6450908323129018, 0.756607743545815, 0.687952212492625, 0.7957332320235394, 0.6307625733005504, 0.813154297404819, 0.6921132960667212, 0.871111712301219], "2": [0.0, 0.0, 0.0, 0.0, 0.0, 0.0, 0.0, 0.0, 0.0, 0.0, 0.0, 0.0, 0.0, 0.0, 0.0, 0.0, 0.0, 0.0, 0.7404206287115812, 0.5902029461330838, 0.0, 0.0, 0.0, 0.0, 0.0, 0.0, 0.0, 0.0, 0.0, 0.0, 0.0, 0.0, 0.0, 0.0], "3": [0.0, 0.0, 0.0, 0.0, 0.0, 0.0, 0.0, 0.0, 0.0, 0.0, 0.0, 0.0, 0.0, 0.0, 0.0, 0.0, 0.0, 0.0, 0.0, 0.0, 0.7078474584966898, 0.621435487932629, 0.0, 0.0, 0.0, 0.0, 0.0, 0.0, 0.0, 0.0, 0.0, 0.0, 0.0, 0.0], "4": [0.0, 0.0, 0.0, 0.0, 0.0, 0.0, 0.0, 0.0, 0.0, 0.0, 0.0, 0.0, 0.0, 0.0, 0.0, 0.0, 0.0, 0.0, 0.0, 0.0, 0.0, 0.0, 0.0, 0.0, 0.0, 0.0, 0.0, 0.0, 0.0, 0.0, 0.6923734764258067, 0.8739764156164946, 0.0, 0.0]}