{"0": [0.40293483088413873, 0.6518296740673206, 0.40410200084249176, 0.6475418562138522, 0.0, 0.0, 0.4083368216951689, 0.6499915962969816, 0.0, 0.0, 0.4134708681454261, 0.6833431204160055, 0.42095793349047506, 0.6784461586563676, 0.4183042172342539, 0.7284903194065447, 0.42166023018459475, 0.7244176663734294, 0.40271930589030186, 0.757398803808071, 0.0, 0.0, 0.42469943140943844, 0.7645590102231061, 0.4346372497578461, 0.7632952250816204, 0.406803778372705, 0.8115142903118222, 0.40766981480022274, 0.8097392862593686, 0.42140025695165, 0.8654701954788632, 0.4211674037079016, 0.8622195226174814], "1": [0.0, 0.0, 0.0, 0.0, 0.0, 0.0, 0.5209984535972277, 0.6433427857028113, 0.5349003416175644, 0.6402071154779858, 0.5173189261307319, 0.6740801329965945, 0.5472409337759018, 0.6725896349659674, 0.5170444212737857, 0.7219691458335652, 0.5619928859174251, 0.7100697539470814, 0.5060372103160868, 0.7538390415686148, 0.5593432468672593, 0.7452049513105993, 0.5393303155899047, 0.7817216402126684, 0.5546936929225922, 0.7729213069986414, 0.5513175340990225, 0.834501666272128, 0.5553067199264964, 0.8327091414619375, 0.5810915810676912, 0.8887645015010127, 0.580668929219246, 0.8889843812695256], "2": [0.0, 0.0, 0.0, 0.0, 0.0, 0.0, 0.0, 0.0, 0.0, 0.0, 0.0, 0.0, 0.0, 0.0, 0.0, 0.0, 0.0, 0.0, 0.4051789638896783, 0.6996199064784581, 0.0, 0.0, 0.0, 0.0, 0.0, 0.0, 0.0, 0.0, 0.0, 0.0, 0.0, 0.0, 0.0, 0.0], "3": [0.0, 0.0, 0.0, 0.0, 0.0, 0.0, 0.0, 0.0, 0.0, 0.0, 0.0, 0.0, 0.0, 0.0, 0.0, 0.0, 0.0, 0.0, 0.0, 0.0, 0.0, 0.0, 0.0, 0.0, 0.0, 0.0, 0.0, 0.0, 0.0, 0.0, 0.0, 0.0, 0.4511601027101279, 0.8115307914714018]}