{"0": [0.6992750560243924, 0.5495576452325892, 0.7014672055219611, 0.5441633250978258, 0.695823406924804, 0.5450274735689163, 0.704820609341065, 0.5472146343301844, 0.6910095941275358, 0.5488427402796568, 0.7115000244230032, 0.5769246754822908, 0.6842946887016297, 0.5788729555077023, 0.7194577356800437, 0.6164592502293763, 0.679190082103014, 0.622116787786837, 0.7262216913203399, 0.6585374606980218, 0.6782345114896695, 0.6570911807042581, 0.706635853772362, 0.6599470308533423, 0.6871692279974619, 0.6597073674201964, 0.7036584338794152, 0.7153313704662853, 0.6872212479511897, 0.716156217566243, 0.7010996962587039, 0.7700197829140557, 0.6888799700886011, 0.765969243866426], "1": [0.43330190430084864, 0.584369949499766, 0.4351488740183413, 0.5805666449445265, 0.0, 0.0, 0.440805413822333, 0.5846647209591336, 0.0, 0.0, 0.4399765018063287, 0.617173171043396, 0.4489219748104612, 0.6121393573504907, 0.4335402179509401, 0.6575527634885576, 0.4475989220974347, 0.6535801134727619, 0.41491528988505405, 0.6567398607730865, 0.0, 0.0, 0.43765479425589243, 0.6984308963572537, 0.45426802858710297, 0.6929049732232536, 0.4293053584794204, 0.7401088052325778, 0.4525592141163846, 0.7399997088644239, 0.4258081876983245, 0.7890739234647265, 0.47364697015533846, 0.7861147825364714], "2": [0.0, 0.0, 0.0, 0.0, 0.0, 0.0, 0.0, 0.0, 0.0, 0.0, 0.0, 0.0, 0.0, 0.0, 0.0, 0.0, 0.0, 0.0, 0.712357792382439, 0.5948036948839823, 0.0, 0.0, 0.0, 0.0, 0.0, 0.0, 0.0, 0.0, 0.0, 0.0, 0.0, 0.0, 0.0, 0.0], "3": [0.0, 0.0, 0.0, 0.0, 0.0, 0.0, 0.0, 0.0, 0.0, 0.0, 0.0, 0.0, 0.0, 0.0, 0.0, 0.0, 0.0, 0.0, 0.9508038179328044, 0.853420360441561, 0.0, 0.0, 0.0, 0.0, 0.0, 0.0, 0.0, 0.0, 0.0, 0.0, 0.0, 0.0, 0.0, 0.0], "4": [0.0, 0.0, 0.0, 0.0, 0.0, 0.0, 0.0, 0.0, 0.0, 0.0, 0.0, 0.0, 0.0, 0.0, 0.0, 0.0, 0.0, 0.0, 0.0, 0.0, 0.6852935299044475, 0.5971276472012202, 0.0, 0.0, 0.0, 0.0, 0.0, 0.0, 0.0, 0.0, 0.0, 0.0, 0.0, 0.0], "5": [0.0, 0.0, 0.0, 0.0, 0.0, 0.0, 0.0, 0.0, 0.0, 0.0, 0.0, 0.0, 0.0, 0.0, 0.0, 0.0, 0.0, 0.0, 0.0, 0.0, 0.9433652042721709, 0.8190278870088082, 0.0, 0.0, 0.0, 0.0, 0.0, 0.0, 0.0, 0.0, 0.0, 0.0, 0.0, 0.0], "6": [0.0, 0.0, 0.0, 0.0, 0.0, 0.0, 0.0, 0.0, 0.0, 0.0, 0.0, 0.0, 0.0, 0.0, 0.0, 0.0, 0.0, 0.0, 0.0, 0.0, 0.41736740233997505, 0.6548796786202324, 0.0, 0.0, 0.0, 0.0, 0.0, 0.0, 0.0, 0.0, 0.0, 0.0, 0.0, 0.0], "7": [0.0, 0.0, 0.0, 0.0, 0.0, 0.0, 0.0, 0.0, 0.0, 0.0, 0.0, 0.0, 0.0, 0.0, 0.0, 0.0, 0.0, 0.0, 0.0, 0.0, 0.0, 0.0, 0.0, 0.0, 0.06955951098352671, 0.4153192427423265, 0.0, 0.0, 0.06776319394508998, 0.42461151436523153, 0.0, 0.0, 0.0, 0.0]}