{"0": [0.4748272940516472, 0.5839333397370798, 0.4761166905363401, 0.580038176311387, 0.47222403498987364, 0.580607868289506, 0.47637384980916975, 0.5803140979122232, 0.4659226218859355, 0.5824982229206297, 0.48146025229555867, 0.602710035553685, 0.45913496278226373, 0.6122784187396367, 0.48958578678381554, 0.6378228408318979, 0.44842711950962744, 0.6434589397024226, 0.49735999815166, 0.6623833552002907, 0.4565195766588052, 0.670602430458422, 0.4725230305766066, 0.6856110263201926, 0.467249205087622, 0.6868653294112947, 0.466388892258207, 0.7332248345569328, 0.4726229916326702, 0.741657124404554, 0.4570516273379326, 0.7688843005233341, 0.479283981770277, 0.8007328969460946], "1": [0.0, 0.0, 0.0, 0.0, 0.0, 0.0, 0.7298093780875206, 0.5888171806034667, 0.7472776574393113, 0.5965195505707352, 0.7270473077505206, 0.6163163085778555, 0.7381823999186357, 0.6175725570431462, 0.7383605025708675, 0.6611006120840709, 0.7284917579342921, 0.6661304866826092, 0.7494055675963561, 0.6843111091189914, 0.7373064448436101, 0.7005852945976787, 0.7315208650194108, 0.7069690350581098, 0.7332672793418169, 0.7072874408905153, 0.739794411479185, 0.7683347918369152, 0.7394358692225069, 0.7665442944814761, 0.7355341869095962, 0.8333570137740699, 0.7348432715982198, 0.8347584743190695], "2": [0.0, 0.0, 0.0, 0.0, 0.0, 0.0, 0.0, 0.0, 0.0, 0.0, 0.83434353210032, 0.6070723674915455, 0.8563711263627435, 0.6067445141297799, 0.0, 0.0, 0.0, 0.0, 0.0, 0.0, 0.0, 0.0, 0.0, 0.0, 0.0, 0.0, 0.0, 0.0, 0.0, 0.0, 0.0, 0.0, 0.0, 0.0], "3": [0.0, 0.0, 0.0, 0.0, 0.0, 0.0, 0.0, 0.0, 0.0, 0.0, 0.0, 0.0, 0.0, 0.0, 0.0, 0.0, 0.0, 0.0, 0.0, 0.0, 0.0, 0.0, 0.0, 0.0, 0.0, 0.0, 0.0, 0.0, 0.0, 0.0, 0.4798602320253849, 0.800576921304067, 0.0, 0.0], "4": [0.0, 0.0, 0.0, 0.0, 0.0, 0.0, 0.0, 0.0, 0.0, 0.0, 0.0, 0.0, 0.0, 0.0, 0.0, 0.0, 0.0, 0.0, 0.0, 0.0, 0.0, 0.0, 0.0, 0.0, 0.0, 0.0, 0.0, 0.0, 0.0, 0.0, 0.0, 0.0, 0.4568118989467621, 0.7688734103132179]}