{"0": [0.6587700854986906, 0.47057644021179945, 0.6613105481490493, 0.4662157323625353, 0.6567398220611115, 0.4665477920461584, 0.666965967292587, 0.46564718551105927, 0.6550323498745759, 0.4661999002650932, 0.6741892998417219, 0.4892928158795392, 0.6532622426748276, 0.48399444741231423, 0.6768954427757611, 0.519184124469757, 0.6495944711069266, 0.5116702251964145, 0.6733897499119242, 0.5455981497411375, 0.645251663029194, 0.5339099325515606, 0.6678025883312027, 0.5475022638285602, 0.6543690659105779, 0.5460611325723154, 0.6674685648332038, 0.5858462258621498, 0.6529269890238841, 0.5876964762254998, 0.6643803052448978, 0.6224831108693724, 0.6494983159005642, 0.6283524844381544], "1": [0.36072568828240037, 0.45822190178765193, 0.3633370243012905, 0.4574010769526164, 0.0, 0.0, 0.3626957514633735, 0.463281389877752, 0.37362474501132964, 0.4669885864964238, 0.35259707014386854, 0.478472389501554, 0.3689689631263415, 0.49290610847097854, 0.3341907538473606, 0.47815887676896873, 0.3730844969705989, 0.5337369936483878, 0.0, 0.0, 0.38614253383129843, 0.5524907403522068, 0.34662903025746344, 0.5513734233048228, 0.36259684239824613, 0.5528045709486361, 0.35018954475720726, 0.6019694676001865, 0.3658438152323166, 0.6006496104929182, 0.35291378709177174, 0.6553380667887352, 0.3674531682084004, 0.6471985375439679], "2": [0.0, 0.0, 0.0, 0.0, 0.0, 0.0, 0.0, 0.0, 0.0, 0.0, 0.7598069104676445, 0.5225356719008198, 0.0, 0.0, 0.7644571101060137, 0.5415504199487192, 0.0, 0.0, 0.0, 0.0, 0.0, 0.0, 0.7597101835533977, 0.5563018392633509, 0.0, 0.0, 0.7567376227118074, 0.5889730297925847, 0.0, 0.0, 0.7549326575050751, 0.6220476318288732, 0.0, 0.0], "3": [0.0, 0.0, 0.0, 0.0, 0.0, 0.0, 0.0, 0.0, 0.0, 0.0, 0.0, 0.0, 0.7612036898732185, 0.5240134597928435, 0.0, 0.0, 0.7613984379296501, 0.5427776314594127, 0.0, 0.0, 0.7688963450957089, 0.5536167007905466, 0.0, 0.0, 0.7600280012314519, 0.5586998945033109, 0.0, 0.0, 0.7570888412495455, 0.5886613037713148, 0.0, 0.0, 0.7547973858813445, 0.6222765216120967], "4": [0.0, 0.0, 0.0, 0.0, 0.0, 0.0, 0.0, 0.0, 0.0, 0.0, 0.0, 0.0, 0.0, 0.0, 0.372568584078302, 0.5308785594171948, 0.0, 0.0, 0.0, 0.0, 0.0, 0.0, 0.0, 0.0, 0.0, 0.0, 0.0, 0.0, 0.0, 0.0, 0.0, 0.0, 0.0, 0.0], "5": [0.0, 0.0, 0.0, 0.0, 0.0, 0.0, 0.0, 0.0, 0.0, 0.0, 0.0, 0.0, 0.0, 0.0, 0.0, 0.0, 0.3350141692596177, 0.47939291165934667, 0.0, 0.0, 0.0, 0.0, 0.0, 0.0, 0.0, 0.0, 0.0, 0.0, 0.0, 0.0, 0.0, 0.0, 0.0, 0.0], "6": [0.0, 0.0, 0.0, 0.0, 0.0, 0.0, 0.0, 0.0, 0.0, 0.0, 0.0, 0.0, 0.0, 0.0, 0.0, 0.0, 0.0, 0.0, 0.3694342741121848, 0.504053055577808, 0.0, 0.0, 0.0, 0.0, 0.0, 0.0, 0.0, 0.0, 0.0, 0.0, 0.0, 0.0, 0.0, 0.0], "7": [0.0, 0.0, 0.0, 0.0, 0.0, 0.0, 0.0, 0.0, 0.0, 0.0, 0.0, 0.0, 0.0, 0.0, 0.0, 0.0, 0.0, 0.0, 0.0, 0.0, 0.37055343116323153, 0.5034397807386186, 0.0, 0.0, 0.0, 0.0, 0.0, 0.0, 0.0, 0.0, 0.0, 0.0, 0.0, 0.0], "8": [0.0, 0.0, 0.0, 0.0, 0.0, 0.0, 0.0, 0.0, 0.0, 0.0, 0.0, 0.0, 0.0, 0.0, 0.0, 0.0, 0.0, 0.0, 0.0, 0.0, 0.0, 0.0, 0.14404013936097423, 0.5782263294414237, 0.0, 0.0, 0.14394679988423983, 0.6179034921858045, 0.0, 0.0, 0.14042241970698038, 0.6593971557087368, 0.0, 0.0], "9": [0.0, 0.0, 0.0, 0.0, 0.0, 0.0, 0.0, 0.0, 0.0, 0.0, 0.0, 0.0, 0.0, 0.0, 0.0, 0.0, 0.0, 0.0, 0.0, 0.0, 0.0, 0.0, 0.0, 0.0, 0.14361628758100173, 0.5785397057180052, 0.0, 0.0, 0.1428881329173843, 0.61827590106814, 0.0, 0.0, 0.14065251139303048, 0.6614815671134878]}