{"0": [0.29052547737956047, 0.7311793996228113, 0.2938152415057023, 0.7234109654470726, 0.28893143484989803, 0.7256979010723256, 0.3032953664660454, 0.7206729185801966, 0.0, 0.0, 0.3122854852428039, 0.7586884358966792, 0.2897842643627276, 0.7520296279203009, 0.32015423799554504, 0.8081336855888367, 0.28432457012434803, 0.7874324022619813, 0.294788658991456, 0.8243170723870948, 0.2749053253481785, 0.788483969922419, 0.30961071103811266, 0.8508330802122752, 0.2964547382046779, 0.8502485107492518, 0.29668815930684406, 0.9193068157743525, 0.30703913265218336, 0.9097952394573777, 0.29513942437867324, 0.98099990669224, 0.3186130419839174, 0.9567596894723398], "1": [0.495391508936882, 0.6500235508989405, 0.0, 0.0, 0.49587314377228425, 0.6440443716667317, 0.0, 0.0, 0.48924481123685837, 0.641236293260698, 0.4719093945498268, 0.6579159109680741, 0.4805097441499432, 0.6711265656131286, 0.478049507488807, 0.7144901793036196, 0.4769891218127062, 0.7165812726374026, 0.0, 0.0, 0.47710828905304264, 0.7610982159773508, 0.47666230145841837, 0.7599922962210797, 0.4766484747019907, 0.7634927045415949, 0.491279586032033, 0.8139557321866353, 0.4669645542899767, 0.8052294885670698, 0.49660127125680453, 0.8835936993360519, 0.44203995962937676, 0.848747465952679], "2": [0.0, 0.0, 0.0, 0.0, 0.0, 0.0, 0.0, 0.0, 0.0, 0.0, 0.0, 0.0, 0.0, 0.0, 0.0, 0.0, 0.0, 0.0, 0.0, 0.0, 0.2857355828396976, 0.8240918426601974, 0.0, 0.0, 0.0, 0.0, 0.0, 0.0, 0.0, 0.0, 0.0, 0.0, 0.0, 0.0], "3": [0.0, 0.0, 0.0, 0.0, 0.0, 0.0, 0.0, 0.0, 0.0, 0.0, 0.0, 0.0, 0.0, 0.0, 0.0, 0.0, 0.0, 0.0, 0.0, 0.0, 0.0, 0.0, 0.0, 0.0, 0.0, 0.0, 0.4669331816335519, 0.8045670966859217, 0.49075237525006127, 0.8148804501250938, 0.441574659695228, 0.8487239493264093, 0.4963238475223382, 0.8841201969870814], "4": [0.0, 0.0, 0.0, 0.0, 0.0, 0.0, 0.0, 0.0, 0.0, 0.0, 0.0, 0.0, 0.0, 0.0, 0.0, 0.0, 0.0, 0.0, 0.0, 0.0, 0.0, 0.0, 0.0, 0.0, 0.0, 0.0, 0.0, 0.0, 0.0, 0.0, 0.3189676428989818, 0.9574474270696993, 0.0, 0.0], "5": [0.0, 0.0, 0.0, 0.0, 0.0, 0.0, 0.0, 0.0, 0.0, 0.0, 0.0, 0.0, 0.0, 0.0, 0.0, 0.0, 0.0, 0.0, 0.0, 0.0, 0.0, 0.0, 0.0, 0.0, 0.0, 0.0, 0.0, 0.0, 0.0, 0.0, 0.0, 0.0, 0.2958942907551924, 0.9712905821976838]}