{"0": [0.6351106201298535, 0.5594321967413028, 0.6368963103741407, 0.5547729664378694, 0.633599087720116, 0.5558651709998096, 0.6431183969601989, 0.5543367368203622, 0.0, 0.0, 0.6553751867264509, 0.5820009741518233, 0.6411840155720709, 0.5792191331033354, 0.6582658767700196, 0.6214395355295252, 0.6477415227486442, 0.6155638094301576, 0.6485819571341077, 0.652745622617227, 0.0, 0.0, 0.6610910460352898, 0.6477425943370219, 0.6611095913996299, 0.6439417110549079, 0.6542357419927913, 0.6964587423536512, 0.6553568851202727, 0.6962231640462523, 0.6588883407413959, 0.7442222180327883, 0.6588849610338608, 0.7416275474760268], "1": [0.0, 0.0, 0.0, 0.0, 0.0, 0.0, 0.3733234773700436, 0.6213294015990363, 0.39033164158463474, 0.6209880314491413, 0.36406841734424233, 0.6486645763670956, 0.3956947512924672, 0.6526058274286765, 0.3636848272755742, 0.6971047889303278, 0.404664688060681, 0.6983519740678646, 0.0, 0.0, 0.0, 0.0, 0.3699973894904057, 0.7464272819183491, 0.38969500561555226, 0.750870062134884, 0.3652383016422391, 0.8207826534907023, 0.3915649472425382, 0.8202771152611132, 0.36812501257906355, 0.8971672451054609, 0.3941249124705791, 0.8826577182169314], "2": [0.0, 0.0, 0.0, 0.0, 0.0, 0.0, 0.0, 0.0, 0.0, 0.0, 0.0, 0.0, 0.0, 0.0, 0.0, 0.0, 0.0, 0.0, 0.0, 0.0, 0.6369991121192773, 0.6138877846576549, 0.0, 0.0, 0.0, 0.0, 0.0, 0.0, 0.0, 0.0, 0.0, 0.0, 0.0, 0.0], "3": [0.0, 0.0, 0.0, 0.0, 0.0, 0.0, 0.0, 0.0, 0.0, 0.0, 0.0, 0.0, 0.0, 0.0, 0.0, 0.0, 0.0, 0.0, 0.0, 0.0, 0.648311386629939, 0.651062117682563, 0.0, 0.0, 0.0, 0.0, 0.0, 0.0, 0.0, 0.0, 0.0, 0.0, 0.0, 0.0]}