{"0": [0.5868105497211218, 0.4556552459658296, 0.0, 0.0, 0.5864466246217489, 0.4526507373209353, 0.5731717533897609, 0.4520442830191718, 0.584447464843591, 0.4538256115383572, 0.5703700354943674, 0.47477194755165664, 0.5847134552896023, 0.47905530653618, 0.5646059507096652, 0.5004094770385159, 0.5860914817079902, 0.5121245309158607, 0.0, 0.0, 0.5901837129766743, 0.5335000528229608, 0.566451640923818, 0.5369819160550833, 0.5782884743064642, 0.5388210549398705, 0.576597725910445, 0.5796290104035978, 0.5784679071356853, 0.5815455943621971, 0.5632252278427283, 0.6180937091509501, 0.5635654574260116, 0.6190594750973912], "1": [0.0, 0.0, 0.0, 0.0, 0.0, 0.0, 0.44457973099003234, 0.5166817956500583, 0.4550072982907295, 0.5159821430842082, 0.4365125241378943, 0.5372362972271664, 0.4616942254205545, 0.5413962695333693, 0.43393063060939313, 0.5727247249197077, 0.47141642967859904, 0.5727796725652837, 0.44281751774251454, 0.5734230405754512, 0.4815633524519702, 0.5986395646024634, 0.44331306039045254, 0.6078343764499382, 0.4601852918975055, 0.6059019088745117, 0.446328129991889, 0.6522574226061503, 0.47311987256010374, 0.6396969104254688, 0.4500389472891887, 0.7000300519478818, 0.47261439381788173, 0.6879550253903425], "2": [0.0, 0.0, 0.0, 0.0, 0.0, 0.0, 0.0, 0.0, 0.0, 0.0, 0.0, 0.0, 0.0, 0.0, 0.0, 0.0, 0.0, 0.0, 0.0, 0.0, 0.0, 0.0, 0.0, 0.0, 0.0, 0.0, 0.0, 0.0, 0.0, 0.0, 0.5832397085924943, 0.6025280903886866, 0.0, 0.0], "3": [0.0, 0.0, 0.0, 0.0, 0.0, 0.0, 0.0, 0.0, 0.0, 0.0, 0.0, 0.0, 0.0, 0.0, 0.0, 0.0, 0.0, 0.0, 0.0, 0.0, 0.0, 0.0, 0.0, 0.0, 0.0, 0.0, 0.0, 0.0, 0.0, 0.0, 0.0, 0.0, 0.5831934866805871, 0.6027282092306349]}