{"0": [0.0, 0.0, 0.0, 0.0, 0.0, 0.0, 0.5340397257357836, 0.6121296465396882, 0.5488949591914812, 0.6115331316711726, 0.5253468791643778, 0.6443496986671731, 0.5568541214490931, 0.6405002356127456, 0.5167799526204665, 0.6970683011743758, 0.5619402699557706, 0.686165169083916, 0.0, 0.0, 0.0, 0.0, 0.531272861834926, 0.7438263236924453, 0.5547910096744696, 0.7411297455981926, 0.5325178861618042, 0.8111706712662622, 0.5636713842550913, 0.8109265519099103, 0.5315678610776862, 0.8780893534421921, 0.5660804301500321, 0.8821813649601405], "1": [0.0, 0.0, 0.0, 0.0, 0.0, 0.0, 0.30286342712740105, 0.566482099187043, 0.0, 0.0, 0.3083930676182111, 0.5947533505934255, 0.32072041829427084, 0.588170734986111, 0.3033983816703161, 0.6318546183683255, 0.0, 0.0, 0.28760675763090454, 0.6227371524881433, 0.0, 0.0, 0.3089368204275767, 0.6613221734762191, 0.3230955561933418, 0.6611123553028813, 0.30708342293898266, 0.710620156482414, 0.3161483880132437, 0.7027341785254302, 0.311864472925663, 0.7612690420062453, 0.3311818606685847, 0.7408991513428864], "2": [0.0, 0.0, 0.0, 0.0, 0.0, 0.0, 0.0, 0.0, 0.0, 0.0, 0.0, 0.0, 0.0, 0.0, 0.0, 0.0, 0.0, 0.0, 0.0, 0.0, 0.28930785044406854, 0.6219167961014642, 0.0, 0.0, 0.0, 0.0, 0.0, 0.0, 0.0, 0.0, 0.0, 0.0, 0.0, 0.0]}