{"0": [0.3376256304482619, 0.5555464448752226, 0.33784444245199363, 0.5510034110811022, 0.33528377269394694, 0.5516933140931306, 0.0, 0.0, 0.32845715917646884, 0.5542583509727761, 0.3370407238224989, 0.582666325650691, 0.31596510410308837, 0.5911637994978163, 0.34246773625666044, 0.6066631603088833, 0.3140795656790336, 0.6246896043971732, 0.0, 0.0, 0.0, 0.0, 0.3332632775108019, 0.6556764614940793, 0.31944213192909954, 0.6597723532606056, 0.3442594396881759, 0.6955420873783252, 0.32026903356115016, 0.7066740893655353, 0.3262818139667312, 0.7502706270526956, 0.31024679749583206, 0.7612019192289423], "1": [0.0, 0.0, 0.0, 0.0, 0.0, 0.0, 0.6257640990118186, 0.6907611894386786, 0.6429307957490286, 0.6902540862560272, 0.6143829407791297, 0.7231680143762518, 0.6515667790547013, 0.7254543189649227, 0.6069170196230212, 0.7674450692755205, 0.6595466422537962, 0.7672351108105094, 0.0, 0.0, 0.6625863077739874, 0.7857353930120115, 0.6216312310347953, 0.8238284801995313, 0.645520770053069, 0.818590577022621, 0.6239100535710652, 0.8836161227137954, 0.6545179945727191, 0.8818743933130193, 0.6217349241177241, 0.9431576706745006, 0.6582108159859975, 0.9444061878309757], "2": [0.0, 0.0, 0.0, 0.0, 0.0, 0.0, 0.08473436112205188, 0.6034477422358813, 0.0, 0.0, 0.08500026756276687, 0.6238358749283685, 0.09238991886377335, 0.6245597930970015, 0.0, 0.0, 0.0, 0.0, 0.0, 0.0, 0.0, 0.0, 0.08569445364798109, 0.6700181082994849, 0.09128009925285975, 0.6701654115898742, 0.08580890394126375, 0.697985859491207, 0.0899750789006551, 0.6982660708604036, 0.08649374470114708, 0.7162027058777986, 0.09006864055991173, 0.7172859845338044], "3": [0.0, 0.0, 0.0, 0.0, 0.0, 0.0, 0.0, 0.0, 0.0, 0.0, 0.0, 0.0, 0.0, 0.0, 0.0, 0.0, 0.0, 0.0, 0.3467927557726701, 0.5900746176640193, 0.0, 0.0, 0.0, 0.0, 0.0, 0.0, 0.0, 0.0, 0.0, 0.0, 0.0, 0.0, 0.0, 0.0], "4": [0.0, 0.0, 0.0, 0.0, 0.0, 0.0, 0.0, 0.0, 0.0, 0.0, 0.0, 0.0, 0.0, 0.0, 0.0, 0.0, 0.0, 0.0, 0.0, 0.0, 0.3171843650440375, 0.59319098216516, 0.0, 0.0, 0.0, 0.0, 0.0, 0.0, 0.0, 0.0, 0.0, 0.0, 0.0, 0.0], "5": [0.0, 0.0, 0.0, 0.0, 0.0, 0.0, 0.0, 0.0, 0.0, 0.0, 0.0, 0.0, 0.0, 0.0, 0.0, 0.0, 0.0, 0.0, 0.0, 0.0, 0.32632804854462544, 0.6289950172106425, 0.0, 0.0, 0.0, 0.0, 0.0, 0.0, 0.0, 0.0, 0.0, 0.0, 0.0, 0.0], "6": [0.0, 0.0, 0.0, 0.0, 0.0, 0.0, 0.0, 0.0, 0.0, 0.0, 0.0, 0.0, 0.0, 0.0, 0.0, 0.0, 0.0, 0.0, 0.0, 0.0, 0.0, 0.0, 0.316067307194074, 0.6611935825259597, 0.0, 0.0, 0.3198347532500823, 0.7068071158395873, 0.0, 0.0, 0.0, 0.0, 0.0, 0.0]}