{"0": [0.49396941014565526, 0.5472221961727849, 0.49588675759732725, 0.5424375474452973, 0.4918610485891501, 0.5434500515460968, 0.5009072555849949, 0.5417036498034442, 0.4886031225944559, 0.545168278835438, 0.5090928652634222, 0.5654763279137788, 0.48204987148443856, 0.570561929764571, 0.5167572289705277, 0.5966655504648333, 0.47574370317161085, 0.6034268255586978, 0.524204126248757, 0.62167846582554, 0.4795560881495476, 0.6315660230539463, 0.5044305307169755, 0.6407187346782949, 0.4884553658465544, 0.6423575654073997, 0.5038948419193426, 0.6828853499006342, 0.48934933862959346, 0.686479992447076, 0.5027609199906389, 0.7093917753961351, 0.48781178730229535, 0.7362080868195604], "1": [0.28777818704644836, 0.48478963231598887, 0.28813469832142197, 0.4805066642937837, 0.2853972260393978, 0.4815105047490862, 0.0, 0.0, 0.2789917600651582, 0.4869639312779462, 0.29111216713984805, 0.5068714035329995, 0.27263593627139926, 0.5188083970988239, 0.2954215591152509, 0.545403121135853, 0.2718890612944961, 0.5558308570473282, 0.30120784832785524, 0.5675479265274825, 0.2765077408403158, 0.5879600350503569, 0.29323557546983164, 0.5821815016644973, 0.28078298553203546, 0.5872780624363158, 0.2990064634631077, 0.6257411583844158, 0.2818466686333219, 0.63315763472131, 0.29382348305080086, 0.675639577706655, 0.2785535172869762, 0.6821642041206358], "2": [0.0, 0.0, 0.0, 0.0, 0.0, 0.0, 0.0, 0.0, 0.0, 0.0, 0.0, 0.0, 0.0, 0.0, 0.0, 0.0, 0.0, 0.0, 0.2892647588315109, 0.5120970873921006, 0.0, 0.0, 0.0, 0.0, 0.0, 0.0, 0.0, 0.0, 0.0, 0.0, 0.0, 0.0, 0.0, 0.0]}