{"0": [0.4472629296903809, 0.5710564132089968, 0.448653577764829, 0.5661338874035411, 0.44696281409511956, 0.5661089330359742, 0.45632565988538165, 0.5643531691145014, 0.0, 0.0, 0.45859589191774525, 0.5922222433266816, 0.47132116196056206, 0.5820692926645279, 0.4681617531304558, 0.6281564107647648, 0.4690030427183956, 0.62582216411829, 0.45369106394549213, 0.6524015064592714, 0.0, 0.0, 0.4792278225223223, 0.6605042854944865, 0.4932847732057174, 0.6561244561164468, 0.4606260791576157, 0.7216349021152213, 0.49418148444965476, 0.7008963041283465, 0.45824473972121876, 0.7853811785026832, 0.504774222522974, 0.7451235861138062], "1": [0.0, 0.0, 0.9463409036397934, 0.8110585159725613, 0.0, 0.0, 0.0, 0.0, 0.0, 0.0, 0.9518440995986263, 0.8263562411345817, 0.9384583368897438, 0.820734852331656, 0.0, 0.0, 0.0, 0.0, 0.0, 0.0, 0.0, 0.0, 0.0, 0.0, 0.0, 0.0, 0.0, 0.0, 0.0, 0.0, 0.0, 0.0, 0.0, 0.0], "2": [0.0, 0.0, 0.0, 0.0, 0.0, 0.0, 0.3994396425783634, 0.7273011090578857, 0.41577198381225267, 0.7237891651965954, 0.3998181308309237, 0.7649253684061544, 0.4277461824938655, 0.7558490956271137, 0.40211986265688515, 0.8037735398858785, 0.4386715030918518, 0.8034595984275693, 0.0, 0.0, 0.4282669721792142, 0.8330474456703222, 0.41181039040287337, 0.8534382349914975, 0.4310188013284157, 0.8477548185046072, 0.4206872834513585, 0.9092940787474314, 0.42701758242522675, 0.9090983971401497, 0.42509006982048353, 0.9715100383317029, 0.42470769460002583, 0.9694873467639641], "3": [0.0, 0.0, 0.0, 0.0, 0.0, 0.0, 0.0, 0.0, 0.0, 0.0, 0.0, 0.0, 0.0, 0.0, 0.0, 0.0, 0.0, 0.0, 0.423006701694491, 0.8320304414740314, 0.0, 0.0, 0.0, 0.0, 0.0, 0.0, 0.0, 0.0, 0.0, 0.0, 0.0, 0.0, 0.0, 0.0]}