{"0": [0.4777046677966913, 0.4642691128783755, 0.0, 0.0, 0.4772025785020863, 0.4575101651527263, 0.0, 0.0, 0.47276689590265353, 0.4535572169003663, 0.45333692952990534, 0.4565504507886039, 0.4663639397670825, 0.46410978646190076, 0.44138455068071686, 0.4750858441547111, 0.47550103925168513, 0.5133431128881596, 0.438191345334053, 0.5031728130799753, 0.4833633918315172, 0.5385407607864451, 0.4438396266506364, 0.5098054431102894, 0.46106414788713057, 0.510792734225591, 0.4406067803502083, 0.5578780641158422, 0.4762022445599238, 0.5387347299743581, 0.4296847061564525, 0.5971895032458835, 0.47037632577121263, 0.5873906163153825], "1": [0.0, 0.0, 0.0, 0.0, 0.0, 0.0, 0.6254000466316938, 0.6958132441397067, 0.6414765924215317, 0.696651225399088, 0.6151343153789639, 0.7285969382082974, 0.6482697872134546, 0.727961198709629, 0.6048086478064458, 0.7761159934379437, 0.6528626640637716, 0.7422438195458165, 0.6139277709027131, 0.7762072660304882, 0.0, 0.0, 0.6211620435118675, 0.8262450897859203, 0.6440084209976097, 0.8256807327822403, 0.6219423163061341, 0.8885804856265033, 0.6517549835766355, 0.8875199540897653, 0.6235307119786739, 0.948390554940259, 0.6589541368186473, 0.9519273929435897], "2": [0.0, 0.0, 0.0, 0.0, 0.0, 0.0, 0.0, 0.0, 0.0, 0.0, 0.0, 0.0, 0.0, 0.0, 0.0, 0.0, 0.4733064173099895, 0.4767902730791657, 0.0, 0.0, 0.0, 0.0, 0.0, 0.0, 0.0, 0.0, 0.0, 0.0, 0.0, 0.0, 0.0, 0.0, 0.0, 0.0], "3": [0.0, 0.0, 0.0, 0.0, 0.0, 0.0, 0.0, 0.0, 0.0, 0.0, 0.0, 0.0, 0.0, 0.0, 0.0, 0.0, 0.0, 0.0, 0.0, 0.0, 0.47510544856389364, 0.47561766924681487, 0.0, 0.0, 0.0, 0.0, 0.0, 0.0, 0.0, 0.0, 0.0, 0.0, 0.0, 0.0], "4": [0.0, 0.0, 0.0, 0.0, 0.0, 0.0, 0.0, 0.0, 0.0, 0.0, 0.0, 0.0, 0.0, 0.0, 0.0, 0.0, 0.0, 0.0, 0.0, 0.0, 0.0, 0.0, 0.0, 0.0, 0.0, 0.0, 0.4752110393097003, 0.5362161220223816, 0.0, 0.0, 0.0, 0.0, 0.0, 0.0], "5": [0.0, 0.0, 0.0, 0.0, 0.0, 0.0, 0.0, 0.0, 0.0, 0.0, 0.0, 0.0, 0.0, 0.0, 0.0, 0.0, 0.0, 0.0, 0.0, 0.0, 0.0, 0.0, 0.0, 0.0, 0.0, 0.0, 0.0, 0.0, 0.47560906608899434, 0.5069489033133895, 0.0, 0.0, 0.4897931315160046, 0.5728719589886841]}