{"0": [0.6758120729277531, 0.6091018751815513, 0.6786076992750167, 0.6031177796699383, 0.6720680405075351, 0.6037727710756439, 0.683359112093846, 0.60193778541353, 0.6671935802946488, 0.6038836039464783, 0.6916038615008195, 0.6357950815448055, 0.6601923082799961, 0.6362985487337466, 0.698579753562808, 0.6814713283821389, 0.6568149412671727, 0.6830025107772262, 0.7010021592179932, 0.7263888429712366, 0.6570449820409219, 0.7268882045039424, 0.6850373986487587, 0.7295524452295569, 0.6659856233745813, 0.7298626285184313, 0.678496236850818, 0.7959629284286941, 0.6694722775369882, 0.7947943485445447, 0.67572756956021, 0.8612832673169949, 0.6756676172492426, 0.8476436333855358], "1": [0.6505172905822594, 0.4127895063824124, 0.650921427210172, 0.4088542660077413, 0.6490388675282399, 0.40815548631880016, 0.0, 0.0, 0.6429692150404056, 0.4081374824047088, 0.6441106157998244, 0.42604246110551885, 0.6364711457242568, 0.42615568425368383, 0.6435704685437182, 0.4478339180626252, 0.6302306949471433, 0.4525046450120431, 0.6490911255280177, 0.438910236954689, 0.6367040224373339, 0.4740759520619004, 0.6402370979388555, 0.4790198065616466, 0.6331831585615874, 0.4786320391076582, 0.6390726859991749, 0.5179652240541245, 0.6343911466499169, 0.5180071141984728, 0.635660006913046, 0.5504005770992351, 0.6322614582876365, 0.5522711010994734], "2": [0.732310259838899, 0.4124015156869535, 0.7341603666543961, 0.4077018035782708, 0.730432391166687, 0.4077040409600293, 0.7387996022279064, 0.408667649604656, 0.7292845040559769, 0.40887760431678205, 0.745615276073416, 0.4305101604373367, 0.7274019626900554, 0.4302288262932389, 0.7488310437028607, 0.4525050746070014, 0.7257386437306802, 0.4600515495847773, 0.7403781538208326, 0.4765479208142669, 0.7255723439157009, 0.4745326616145946, 0.7433964738622307, 0.48415694645157564, 0.7307796921891471, 0.48056241671244304, 0.0, 0.0, 0.0, 0.0, 0.0, 0.0, 0.0, 0.0], "3": [0.0, 0.0, 0.0, 0.0, 0.0, 0.0, 0.0, 0.0, 0.0, 0.0, 0.4669973738491535, 0.89183358196859, 0.0, 0.0, 0.0, 0.0, 0.0, 0.0, 0.0, 0.0, 0.0, 0.0, 0.0, 0.0, 0.0, 0.0, 0.0, 0.0, 0.0, 0.0, 0.0, 0.0, 0.0, 0.0], "4": [0.0, 0.0, 0.0, 0.0, 0.0, 0.0, 0.0, 0.0, 0.0, 0.0, 0.0, 0.0, 0.0, 0.0, 0.0, 0.0, 0.0, 0.0, 0.0, 0.0, 0.6603878139304773, 0.657529369990031, 0.0, 0.0, 0.0, 0.0, 0.0, 0.0, 0.0, 0.0, 0.0, 0.0, 0.0, 0.0], "5": [0.0, 0.0, 0.0, 0.0, 0.0, 0.0, 0.0, 0.0, 0.0, 0.0, 0.0, 0.0, 0.0, 0.0, 0.0, 0.0, 0.0, 0.0, 0.0, 0.0, 0.6453342958043019, 0.44000274566588576, 0.0, 0.0, 0.0, 0.0, 0.0, 0.0, 0.0, 0.0, 0.0, 0.0, 0.0, 0.0]}