{"0": [0.5732297853877147, 0.5646535864582768, 0.5722675201793511, 0.5614138903441253, 0.0, 0.0, 0.5764079576979081, 0.5597709242944364, 0.585815587763985, 0.555814599107813, 0.5849423518714806, 0.5860064842082836, 0.5902494136244059, 0.5804706070158216, 0.5693670156101386, 0.5997680913518977, 0.5893117350526154, 0.5976038779373523, 0.5577672970791657, 0.6004858507050408, 0.5590754130234321, 0.598654760033996, 0.5960747990757227, 0.6549495253298018, 0.6057975542421142, 0.6534581634733412, 0.5879154192904631, 0.7034524586465625, 0.5934902693765859, 0.7004718299817156, 0.596136711537838, 0.7450096446606846, 0.6085053780426581, 0.7262851198514302], "1": [0.6574913819630941, 0.2968130160261084, 0.6576097130775451, 0.2942083954811096, 0.6568216502666473, 0.2945373296737671, 0.0, 0.0, 0.6547556919356187, 0.2949707808317962, 0.6604616456820319, 0.3053630731723927, 0.6515049705902736, 0.30749176099068587, 0.6661906521767378, 0.3167138903229325, 0.0, 0.0, 0.666819482917587, 0.3192255660339638, 0.0, 0.0, 0.6603763252263889, 0.331841641664505, 0.0, 0.0, 0.0, 0.0, 0.0, 0.0, 0.0, 0.0, 0.0, 0.0], "2": [0.0, 0.0, 0.0, 0.0, 0.0, 0.0, 0.34162049715717635, 0.6647226112860221, 0.0, 0.0, 0.33658716604113587, 0.6849283947160949, 0.36495923763141036, 0.6846415228865764, 0.3268358451779932, 0.7137851633407452, 0.0, 0.0, 0.30941591542214153, 0.7426692473667639, 0.0, 0.0, 0.34537678509950637, 0.7616569274001651, 0.3666482925415039, 0.7607171012295617, 0.33454063286383945, 0.8264753266617105, 0.3769451727624983, 0.8151269535223643, 0.3449286604921023, 0.9012872455296693, 0.39465981591492894, 0.8720066499930841], "3": [0.0, 0.0, 0.0, 0.0, 0.0, 0.0, 0.3430652000010014, 0.6238435588501118, 0.35194603841130934, 0.6239247560501099, 0.33975178299782177, 0.6504132822707848, 0.35339985477427643, 0.6463096104286336, 0.0, 0.0, 0.37415220538775124, 0.7096244162983365, 0.0, 0.0, 0.36765897559622923, 0.6698063942017378, 0.0, 0.0, 0.0, 0.0, 0.0, 0.0, 0.0, 0.0, 0.0, 0.0, 0.0, 0.0]}