{"0": [0.41460485408703485, 0.7407707064240067, 0.4168525173018376, 0.7350943715484054, 0.0, 0.0, 0.42319841658075646, 0.7344221360153622, 0.0, 0.0, 0.42694989402468003, 0.7759536178023727, 0.4448761491725842, 0.7600217799897547, 0.42260627187788485, 0.844731589379134, 0.45792701877653597, 0.826653532518281, 0.418311711307615, 0.8847235295231696, 0.0, 0.0, 0.4393830106438449, 0.8704033264303926, 0.4562988501934645, 0.8650461923193049, 0.43496338861684003, 0.9550033229368704, 0.0, 0.0, 0.0, 0.0, 0.0, 0.0], "1": [0.0, 0.0, 0.0, 0.0, 0.0, 0.0, 0.49033235857884083, 0.5808113492749355, 0.5046333433439334, 0.5813684201212945, 0.4826244464764992, 0.6091220195646639, 0.512064202874899, 0.6118014101628904, 0.4724184375877182, 0.6456884556346468, 0.5222583044320345, 0.651014854952141, 0.4803340149422487, 0.6621528913577398, 0.5159798466910919, 0.6510702936737626, 0.4855584297329188, 0.6905225113586143, 0.5074071356405814, 0.6925230666443154, 0.4798886224627495, 0.7474382181962331, 0.5148464144207537, 0.7465799466327384, 0.4746498224635919, 0.7986777115751196, 0.5238607267538706, 0.7942807537538034], "2": [0.0, 0.0, 0.0, 0.0, 0.0, 0.0, 0.0, 0.0, 0.0, 0.0, 0.9238906958450873, 0.478977593338048, 0.9311302348893756, 0.48245192611659016, 0.0, 0.0, 0.0, 0.0, 0.0, 0.0, 0.0, 0.0, 0.9187229120599416, 0.5430406124503524, 0.9257088868568341, 0.5435042082159608, 0.0, 0.0, 0.0, 0.0, 0.0, 0.0, 0.0, 0.0], "3": [0.0, 0.0, 0.0, 0.0, 0.0, 0.0, 0.0, 0.0, 0.0, 0.0, 0.0, 0.0, 0.0, 0.0, 0.0, 0.0, 0.0, 0.0, 0.0, 0.0, 0.0, 0.0, 0.0, 0.0, 0.0, 0.0, 0.0, 0.0, 0.4375955071300268, 0.9498300512631734, 0.0, 0.0, 0.0, 0.0]}