{"0": [0.6773032854466389, 0.732480005423228, 0.6786259392897288, 0.7268978895964446, 0.6758886051674684, 0.7247849685174449, 0.0, 0.0, 0.6647635098857184, 0.7208067039648692, 0.675488932803273, 0.7605287584993574, 0.646519314001004, 0.748452474894347, 0.6778160621101659, 0.794731797112359, 0.6298424363136291, 0.7823305976611596, 0.6787271035214265, 0.8170146307459584, 0.6363155150786042, 0.8259668121735255, 0.6668516078342994, 0.8390534706689693, 0.6447570245092114, 0.8383135912594973, 0.6716663199166457, 0.892890850123432, 0.6446941676239173, 0.8904964709723437, 0.6698886265357336, 0.9491844824066868, 0.6434132441567878, 0.9348889593724852], "1": [0.5245841177801291, 0.5638886058772051, 0.0, 0.0, 0.5228870345279575, 0.5610137069666827, 0.5068724604944388, 0.5654809277366709, 0.5188172985721999, 0.5675884259519753, 0.4993548101435105, 0.5887528839900539, 0.5205730628222226, 0.5977487250610635, 0.4876782227307558, 0.6173448341864127, 0.5168003485848506, 0.6401465469488391, 0.0, 0.0, 0.5283726104845603, 0.661360138213193, 0.4946575305735072, 0.6685941110054651, 0.511654399956266, 0.6695329777068562, 0.4932951348523299, 0.7362463991399164, 0.5294712917258342, 0.7267981774277157, 0.4799638466288646, 0.7965735536758547, 0.5330795409778754, 0.794268286007422], "2": [0.9385126033176978, 0.8187598652309842, 0.9407314350207646, 0.8119823608133527, 0.0, 0.0, 0.0, 0.0, 0.0, 0.0, 0.0, 0.0, 0.0, 0.0, 0.0, 0.0, 0.0, 0.0, 0.0, 0.0, 0.0, 0.0, 0.0, 0.0, 0.0, 0.0, 0.0, 0.0, 0.0, 0.0, 0.0, 0.0, 0.0, 0.0], "3": [0.0, 0.0, 0.0, 0.0, 0.0, 0.0, 0.0, 0.0, 0.0, 0.0, 0.0, 0.0, 0.9394532649933051, 0.8089015784087005, 0.0, 0.0, 0.0, 0.0, 0.0, 0.0, 0.0, 0.0, 0.0, 0.0, 0.0, 0.0, 0.0, 0.0, 0.0, 0.0, 0.0, 0.0, 0.0, 0.0], "4": [0.0, 0.0, 0.0, 0.0, 0.0, 0.0, 0.0, 0.0, 0.0, 0.0, 0.0, 0.0, 0.0, 0.0, 0.0, 0.0, 0.0, 0.0, 0.9360024654616913, 0.8471809819892601, 0.0, 0.0, 0.0, 0.0, 0.0, 0.0, 0.0, 0.0, 0.0, 0.0, 0.0, 0.0, 0.0, 0.0], "5": [0.0, 0.0, 0.0, 0.0, 0.0, 0.0, 0.0, 0.0, 0.0, 0.0, 0.0, 0.0, 0.0, 0.0, 0.0, 0.0, 0.0, 0.0, 0.4962650450567404, 0.6010690223287654, 0.0, 0.0, 0.0, 0.0, 0.0, 0.0, 0.0, 0.0, 0.0, 0.0, 0.0, 0.0, 0.0, 0.0], "6": [0.0, 0.0, 0.0, 0.0, 0.0, 0.0, 0.0, 0.0, 0.0, 0.0, 0.0, 0.0, 0.0, 0.0, 0.0, 0.0, 0.0, 0.0, 0.0, 0.0, 0.5016220873221755, 0.6097116741869185, 0.0, 0.0, 0.0, 0.0, 0.0, 0.0, 0.0, 0.0, 0.0, 0.0, 0.0, 0.0]}