{"0": [0.6033181302249432, 0.5461489280064901, 0.0, 0.0, 0.6053829431533814, 0.5301183644268248, 0.0, 0.0, 0.0, 0.0, 0.0, 0.0, 0.0, 0.0, 0.0, 0.0, 0.0, 0.0, 0.0, 0.0, 0.0, 0.0, 0.0, 0.0, 0.0, 0.0, 0.0, 0.0, 0.0, 0.0, 0.0, 0.0, 0.0, 0.0], "1": [0.0, 0.0, 0.0, 0.0, 0.0, 0.0, 0.495309894780318, 0.5287172767299193, 0.508021738876899, 0.5233910526390428, 0.4933241981392105, 0.5575614031818178, 0.519650620346268, 0.5427571944616459, 0.49041979933778446, 0.5973711316232329, 0.5305589699496825, 0.570743406260455, 0.48476946577429775, 0.6260911643919017, 0.5282926724602779, 0.5967498242855072, 0.5059588259706894, 0.6187676140555628, 0.524610635638237, 0.6145535813437567, 0.506389055820182, 0.6681595714003952, 0.5239888409773509, 0.6671569331928535, 0.5052361936618884, 0.7122431737405283, 0.528317325686415, 0.7169789945637739], "2": [0.0, 0.0, 0.0, 0.0, 0.0, 0.0, 0.0, 0.0, 0.5975439575811227, 0.5294450243590054, 0.6042054792705381, 0.5537492451858981, 0.5974285484912495, 0.5463620680349844, 0.5973741669828693, 0.5935645993109102, 0.5975381105827788, 0.5952552593416638, 0.6165780360500016, 0.6250236466526985, 0.6143434092712899, 0.6254629483929387, 0.6097257232293487, 0.6476860228512022, 0.601745804026723, 0.6489052568320874, 0.617071021348238, 0.6901777375627447, 0.5944077420358856, 0.6854927174195096, 0.6301153370489677, 0.7435075344862763, 0.580636207262675, 0.7309414670423225], "3": [0.0, 0.0, 0.0, 0.0, 0.0, 0.0, 0.0, 0.0, 0.0, 0.0, 0.0, 0.0, 0.0, 0.0, 0.0, 0.0, 0.0, 0.0, 0.0, 0.0, 0.5989574144904812, 0.5627866824467976, 0.0, 0.0, 0.0, 0.0, 0.0, 0.0, 0.0, 0.0, 0.0, 0.0, 0.0, 0.0], "4": [0.0, 0.0, 0.0, 0.0, 0.0, 0.0, 0.0, 0.0, 0.0, 0.0, 0.0, 0.0, 0.0, 0.0, 0.0, 0.0, 0.0, 0.0, 0.0, 0.0, 0.0, 0.0, 0.0, 0.0, 0.0, 0.0, 0.594659925190111, 0.6844512328505516, 0.6174777659277121, 0.6907438100488098, 0.581519277052333, 0.7326172749201457, 0.6299841525653999, 0.7432187511965082]}