{"0": [0.34430760256946086, 0.5651921093463897, 0.3454594156394402, 0.5607958016572175, 0.33936448986642065, 0.55766626254276, 0.34809347150536873, 0.5621744919706274, 0.33292347490787505, 0.5604026148716609, 0.3497383505105972, 0.5842972031346074, 0.32316011811296147, 0.5899331567464051, 0.36496488442644476, 0.6002214422932377, 0.3179681424672405, 0.6235536926322514, 0.3812255406131347, 0.6117353304668709, 0.0, 0.0, 0.3449857965111732, 0.6571021025931394, 0.3255335802833239, 0.6592022295351382, 0.36112412543346484, 0.6987306665491175, 0.3161854013800621, 0.7144889493783315, 0.37220939273635545, 0.7536524853220692, 0.3051723303894202, 0.7684825697430858], "1": [0.6341061561057965, 0.6930180043809944, 0.6354048628233916, 0.6887395328945584, 0.0, 0.0, 0.6397250578117867, 0.6898691278916818, 0.6522543422567347, 0.6917672756645414, 0.6257902449617784, 0.7246343508914664, 0.6594703837608298, 0.7261581122875214, 0.6162871024260919, 0.7692825597745402, 0.6678796918441852, 0.7716920770980694, 0.6190319940447806, 0.7300075985767224, 0.6618027310818434, 0.7672733479075962, 0.629497783879439, 0.8170889850015993, 0.6541058334211508, 0.8163095408015782, 0.631038525312518, 0.8828019515231803, 0.6588959629336993, 0.8827042606141832, 0.6293690599501133, 0.9443677816195069, 0.665634756286939, 0.9446840937214869], "2": [0.6411354164282481, 0.2847006780129892, 0.6425798499335845, 0.2810824182298448, 0.0, 0.0, 0.0, 0.0, 0.0, 0.0, 0.0, 0.0, 0.0, 0.0, 0.0, 0.0, 0.0, 0.0, 0.0, 0.0, 0.0, 0.0, 0.0, 0.0, 0.0, 0.0, 0.0, 0.0, 0.0, 0.0, 0.0, 0.0, 0.0, 0.0], "3": [0.0, 0.0, 0.0, 0.0, 0.0, 0.0, 0.0, 0.0, 0.0, 0.0, 0.0, 0.0, 0.0, 0.0, 0.0, 0.0, 0.0, 0.0, 0.0, 0.0, 0.32333909810210265, 0.6053308702177471, 0.0, 0.0, 0.0, 0.0, 0.0, 0.0, 0.0, 0.0, 0.0, 0.0, 0.0, 0.0], "4": [0.0, 0.0, 0.0, 0.0, 0.0, 0.0, 0.0, 0.0, 0.0, 0.0, 0.0, 0.0, 0.0, 0.0, 0.0, 0.0, 0.0, 0.0, 0.0, 0.0, 0.0, 0.0, 0.0, 0.0, 0.0, 0.0, 0.0, 0.0, 0.36031553900490204, 0.6989299228897801, 0.0, 0.0, 0.3733319690451026, 0.7552928686141968], "5": [0.0, 0.0, 0.0, 0.0, 0.0, 0.0, 0.0, 0.0, 0.0, 0.0, 0.0, 0.0, 0.0, 0.0, 0.0, 0.0, 0.0, 0.0, 0.0, 0.0, 0.0, 0.0, 0.0, 0.0, 0.0, 0.0, 0.0, 0.0, 0.0, 0.0, 0.3051035050302744, 0.7690134995513491, 0.0, 0.0]}