{"0": [0.6970941537991167, 0.6890321437959318, 0.6979346917554116, 0.6849459480908182, 0.6965095364799103, 0.684055956756627, 0.6978078020969406, 0.6865813076496124, 0.693751097284985, 0.6865058417673464, 0.6951392290757699, 0.718965139616809, 0.6849060302910706, 0.7229598603866719, 0.7139631892244022, 0.7390514523894699, 0.6907957769930363, 0.772631925785983, 0.7310668980081877, 0.7299135248418208, 0.7134659404555956, 0.7745762188677434, 0.6957194631298385, 0.8059837202231089, 0.6924420744180679, 0.8115176878041691, 0.0, 0.0, 0.6897524472791702, 0.8820762153025027, 0.7045429778595765, 0.9069772547593823, 0.6751122020184994, 0.9394354135901839], "1": [0.0, 0.0, 0.0, 0.0, 0.0, 0.0, 0.45752193257212637, 0.5530938225763815, 0.4694074104850491, 0.5528871136683005, 0.44891850668936967, 0.5778535235811163, 0.47827404066920276, 0.5815589022857172, 0.43612343389540903, 0.6041030905864857, 0.48552117383417986, 0.6144152910621078, 0.0, 0.0, 0.4866432545085748, 0.637575935875928, 0.45347830516596643, 0.660728207340947, 0.47342529672508443, 0.6620783332873272, 0.44823054084554315, 0.7159238165175473, 0.4767745324720939, 0.7230446558307718, 0.43529077561882634, 0.7758111965877039, 0.4738203190267087, 0.7784379133471737], "2": [0.0, 0.0, 0.0, 0.0, 0.0, 0.0, 0.0, 0.0, 0.0, 0.0, 0.0, 0.0, 0.0, 0.0, 0.6959131387372811, 0.7700068679120805, 0.0, 0.0, 0.7107299963633219, 0.7741141070059882, 0.0, 0.0, 0.0, 0.0, 0.0, 0.0, 0.0, 0.0, 0.0, 0.0, 0.0, 0.0, 0.0, 0.0], "3": [0.0, 0.0, 0.0, 0.0, 0.0, 0.0, 0.0, 0.0, 0.0, 0.0, 0.0, 0.0, 0.0, 0.0, 0.0, 0.0, 0.7139550560464462, 0.7393954751668151, 0.0, 0.0, 0.7323362752795219, 0.729739843191648, 0.0, 0.0, 0.0, 0.0, 0.0, 0.0, 0.0, 0.0, 0.0, 0.0, 0.0, 0.0], "4": [0.0, 0.0, 0.0, 0.0, 0.0, 0.0, 0.0, 0.0, 0.0, 0.0, 0.0, 0.0, 0.0, 0.0, 0.0, 0.0, 0.0, 0.0, 0.0, 0.0, 0.0, 0.0, 0.0, 0.0, 0.0, 0.0, 0.6894994194852189, 0.8803260085759339, 0.0, 0.0, 0.6766774704058965, 0.9365162121476951, 0.0, 0.0], "5": [0.0, 0.0, 0.0, 0.0, 0.0, 0.0, 0.0, 0.0, 0.0, 0.0, 0.0, 0.0, 0.0, 0.0, 0.0, 0.0, 0.0, 0.0, 0.0, 0.0, 0.0, 0.0, 0.0, 0.0, 0.0, 0.0, 0.0, 0.0, 0.0, 0.0, 0.0, 0.0, 0.7047686996559303, 0.9064032969651399]}