{"0": [0.4259500047812859, 0.43979851658697483, 0.4253352793554465, 0.4355170773135291, 0.0, 0.0, 0.43044580332934856, 0.4368090806183992, 0.0, 0.0, 0.43610553176452715, 0.4667947919280441, 0.43815928424398104, 0.4619597202097928, 0.4402238619824251, 0.4940801993564323, 0.43943628805379065, 0.49301949871910944, 0.43266432012120887, 0.5251216870767099, 0.0, 0.0, 0.4440565808055302, 0.5269557025697497, 0.4440130702219903, 0.5223423646418033, 0.4487260243544976, 0.5617237289746603, 0.4298293456435204, 0.5553312301635742, 0.4578079047302405, 0.6017480978259334, 0.4365274515002966, 0.5965719417841346], "1": [0.0, 0.0, 0.0, 0.0, 0.0, 0.0, 0.6276762607817848, 0.6971648105868588, 0.6450993807365497, 0.6980195096245518, 0.6158205598592759, 0.7289997585393765, 0.6519397443936517, 0.7300401809038939, 0.6041999439398448, 0.7738893188122246, 0.6569224936266741, 0.7649441510438919, 0.6144910608573506, 0.7701085684476076, 0.0, 0.0, 0.6212911343822877, 0.8258592802962219, 0.6444138855983813, 0.8251150236637504, 0.6225115026347339, 0.8885636616636206, 0.6513281749561429, 0.8877558690530283, 0.6232255378738045, 0.9488711145189074, 0.6588982969522476, 0.9518345334066974], "2": [0.0, 0.0, 0.0, 0.0, 0.0, 0.0, 0.0, 0.0, 0.0, 0.0, 0.0, 0.0, 0.0, 0.0, 0.4580090902745724, 0.4589059926845409, 0.0, 0.0, 0.44794055446012254, 0.45856434415887903, 0.0, 0.0, 0.0, 0.0, 0.0, 0.0, 0.0, 0.0, 0.0, 0.0, 0.0, 0.0, 0.0, 0.0], "3": [0.0, 0.0, 0.0, 0.0, 0.0, 0.0, 0.0, 0.0, 0.0, 0.0, 0.0, 0.0, 0.0, 0.0, 0.0, 0.0, 0.0, 0.0, 0.0, 0.0, 0.9446701077123483, 0.823567016919454, 0.0, 0.0, 0.0, 0.0, 0.0, 0.0, 0.0, 0.0, 0.0, 0.0, 0.0, 0.0], "4": [0.0, 0.0, 0.0, 0.0, 0.0, 0.0, 0.0, 0.0, 0.0, 0.0, 0.0, 0.0, 0.0, 0.0, 0.0, 0.0, 0.0, 0.0, 0.0, 0.0, 0.4481772212932507, 0.4594309407251853, 0.0, 0.0, 0.0, 0.0, 0.0, 0.0, 0.0, 0.0, 0.0, 0.0, 0.0, 0.0], "5": [0.0, 0.0, 0.0, 0.0, 0.0, 0.0, 0.0, 0.0, 0.0, 0.0, 0.0, 0.0, 0.0, 0.0, 0.0, 0.0, 0.0, 0.0, 0.0, 0.0, 0.0, 0.0, 0.0, 0.0, 0.0, 0.0, 0.42864414180318516, 0.5547055818416454, 0.4492385484278202, 0.5617402889110424, 0.4366708964109421, 0.5969722987325102, 0.4586530439555645, 0.6017211412941968]}