{"0": [0.6184398954113325, 0.6923976447847154, 0.6195116348564624, 0.6891839451260037, 0.0, 0.0, 0.6226866488655408, 0.6936782469352086, 0.63643622448047, 0.6947526649192527, 0.609107868000865, 0.7279798201940678, 0.6440728473787506, 0.7294966262937695, 0.5990627686182658, 0.7729827521023926, 0.6535654784490664, 0.7768993825824172, 0.6018228369454541, 0.7396610675034699, 0.6438911816570908, 0.7925315931991295, 0.6139108699435989, 0.8268741607666016, 0.6369736369699239, 0.8247023731470108, 0.6146730306403091, 0.8893477044723653, 0.6446234480167429, 0.8912465549177594, 0.6154982370634874, 0.9520468728961768, 0.6524387545262774, 0.9543376794567815], "1": [0.0, 0.0, 0.0, 0.0, 0.0, 0.0, 0.0, 0.0, 0.27967270327111093, 0.5491491326579341, 0.26519225717832645, 0.5791012892016658, 0.2718183759599924, 0.5831282845249882, 0.2738903942207495, 0.6221443284440924, 0.2612411951025327, 0.6236983433917717, 0.2778603124742707, 0.6561547923971105, 0.27546144699056935, 0.6565250702478268, 0.27208575227608284, 0.6612960775693258, 0.26786420655747256, 0.6613601950583635, 0.27594168384869894, 0.7075243737410616, 0.2633539186169704, 0.7142680772476726, 0.27240215813120205, 0.7616600703310084, 0.24899286304910978, 0.7710691582273554], "2": [0.0, 0.0, 0.0, 0.0, 0.0, 0.0, 0.0, 0.0, 0.0, 0.0, 0.0, 0.0, 0.0, 0.0, 0.0, 0.0, 0.0, 0.0, 0.0, 0.0, 0.0, 0.0, 0.0, 0.0, 0.270212946459651, 0.5795587098156965, 0.0, 0.0, 0.0, 0.0, 0.0, 0.0, 0.0, 0.0], "3": [0.0, 0.0, 0.0, 0.0, 0.0, 0.0, 0.0, 0.0, 0.0, 0.0, 0.0, 0.0, 0.0, 0.0, 0.0, 0.0, 0.0, 0.0, 0.0, 0.0, 0.0, 0.0, 0.0, 0.0, 0.0, 0.0, 0.26034746592243513, 0.7155994772359177, 0.0, 0.0, 0.0, 0.0, 0.0, 0.0]}