{"0": [0.0, 0.0, 0.0, 0.0, 0.3692370258271695, 0.6761221369107563, 0.35297296891609825, 0.6831258319042347, 0.3633809916675091, 0.6792053575868959, 0.35878771096467965, 0.7160125920066127, 0.38756125093776267, 0.7134254355218493, 0.3555027298629284, 0.7606182598405414, 0.0, 0.0, 0.35121665919820466, 0.7917190209582999, 0.0, 0.0, 0.3838330460091432, 0.7833930947162486, 0.40132123374690615, 0.7832729211560002, 0.37236327777781697, 0.8175573067305943, 0.0, 0.0, 0.36513683994611107, 0.874818499883016, 0.0, 0.0], "1": [0.0, 0.0, 0.0, 0.0, 0.0, 0.0, 0.5054073038200537, 0.5801274178204713, 0.5194367606813709, 0.5810156642286866, 0.4976842534417907, 0.6068977532563387, 0.5273685603092114, 0.6097928100162082, 0.48688813336193565, 0.6450251623436257, 0.5400465010975798, 0.643500225632279, 0.4928820470968882, 0.6677609317832522, 0.5392160694114864, 0.6506477729037956, 0.5004305253426234, 0.6845178648277566, 0.5203126554687818, 0.6833310045577862, 0.4973008716478944, 0.7427916749759956, 0.5271402174141258, 0.7410480463946307, 0.4941771714948118, 0.7962922097037167, 0.5311929174116813, 0.7915097724508356], "2": [0.0, 0.0, 0.0, 0.0, 0.0, 0.0, 0.0, 0.0, 0.0, 0.0, 0.0, 0.0, 0.0, 0.0, 0.0, 0.0, 0.0, 0.0, 0.0, 0.0, 0.0, 0.0, 0.0, 0.0, 0.0, 0.0, 0.39279672925670944, 0.8527304567672588, 0.0, 0.0, 0.0, 0.0, 0.0, 0.0], "3": [0.0, 0.0, 0.0, 0.0, 0.0, 0.0, 0.0, 0.0, 0.0, 0.0, 0.0, 0.0, 0.0, 0.0, 0.0, 0.0, 0.0, 0.0, 0.0, 0.0, 0.0, 0.0, 0.0, 0.0, 0.0, 0.0, 0.0, 0.0, 0.39290933875987927, 0.8502680429705867, 0.0, 0.0, 0.0, 0.0], "4": [0.0, 0.0, 0.0, 0.0, 0.0, 0.0, 0.0, 0.0, 0.0, 0.0, 0.0, 0.0, 0.0, 0.0, 0.0, 0.0, 0.0, 0.0, 0.0, 0.0, 0.0, 0.0, 0.0, 0.0, 0.0, 0.0, 0.0, 0.0, 0.0, 0.0, 0.0, 0.0, 0.4322803090016047, 0.8658243161660654], "5": [0.0, 0.0, 0.0, 0.0, 0.0, 0.0, 0.0, 0.0, 0.0, 0.0, 0.0, 0.0, 0.0, 0.0, 0.0, 0.0, 0.0, 0.0, 0.0, 0.0, 0.0, 0.0, 0.0, 0.0, 0.0, 0.0, 0.0, 0.0, 0.0, 0.0, 0.0, 0.0, 0.3655487947165966, 0.8733017016340185]}