{"0": [0.0, 0.0, 0.0, 0.0, 0.0, 0.0, 0.5614411448438962, 0.6851397514170795, 0.5657961834222078, 0.6852822939209916, 0.5528592102850477, 0.72211781039972, 0.575041280935208, 0.7146611008793116, 0.5339410646508137, 0.7620431590963292, 0.5745898718635242, 0.7529988344068881, 0.5203807392468055, 0.7915052376411579, 0.0, 0.0, 0.5512079570442439, 0.8051284037254475, 0.5674459374199311, 0.8016757351380809, 0.5533993716041247, 0.8645180191154833, 0.5599279219595095, 0.8616067512167824, 0.556163122310924, 0.9332744620464467, 0.5678630274410049, 0.9152948161518131], "1": [0.0, 0.0, 0.0, 0.0, 0.0, 0.0, 0.4515423204128941, 0.6003862270602474, 0.0, 0.0, 0.452442380040884, 0.6226178904374442, 0.4610074890156587, 0.6172586806394436, 0.0, 0.0, 0.0, 0.0, 0.0, 0.0, 0.0, 0.0, 0.4567130755012234, 0.664537529040266, 0.46664656351010003, 0.662212610023993, 0.43952077188296246, 0.7130670024289026, 0.4648384123419722, 0.7024625965842495, 0.43640456845362974, 0.7767861052795693, 0.47634178039928277, 0.7456192269369407], "2": [0.0, 0.0, 0.0, 0.0, 0.0, 0.0, 0.4551080516229073, 0.5514589579017074, 0.46406456042701993, 0.5523876825968425, 0.4507708564400673, 0.5772460173677514, 0.4605321779148653, 0.5756981604629092, 0.45100301603476206, 0.6316132781682191, 0.46457132478826674, 0.6094743761751387, 0.44659958854317666, 0.6465882115893894, 0.0, 0.0, 0.0, 0.0, 0.0, 0.0, 0.0, 0.0, 0.0, 0.0, 0.0, 0.0, 0.0, 0.0], "3": [0.0, 0.0, 0.0, 0.0, 0.0, 0.0, 0.0, 0.0, 0.0, 0.0, 0.5727328400903692, 0.7137757864263322, 0.5497917316854, 0.7221635019613637, 0.0, 0.0, 0.5347002514327566, 0.7586747245656119, 0.0, 0.0, 0.5208714033166567, 0.7906129736591269, 0.0, 0.0, 0.0, 0.0, 0.0, 0.0, 0.0, 0.0, 0.0, 0.0, 0.0, 0.0]}