{"0": [0.0, 0.0, 0.0, 0.0, 0.0, 0.0, 0.6294075685242811, 0.6919225547048781, 0.6466828256845474, 0.694717918281202, 0.6189677502959967, 0.723780267878815, 0.6542899978657564, 0.7310102204481761, 0.6114995587617159, 0.7692672389524955, 0.6668998626371224, 0.7712566256523132, 0.0, 0.0, 0.6658134642988444, 0.7665480570522724, 0.6262818409750859, 0.824653054828997, 0.6491892300546169, 0.8258486442198908, 0.6275240099057555, 0.8859571050162669, 0.6590290886660417, 0.8887059216146117, 0.6249990321695805, 0.946915026947304, 0.6622102381040652, 0.9523363724902824], "1": [0.0, 0.0, 0.0, 0.0, 0.0, 0.0, 0.3219832550734282, 0.5942640576097701, 0.0, 0.0, 0.0, 0.0, 0.0, 0.0, 0.0, 0.0, 0.0, 0.0, 0.0, 0.0, 0.0, 0.0, 0.0, 0.0, 0.0, 0.0, 0.0, 0.0, 0.0, 0.0, 0.0, 0.0, 0.0, 0.0], "2": [0.0, 0.0, 0.0, 0.0, 0.0, 0.0, 0.0, 0.0, 0.3259590841829777, 0.5996341515470434, 0.31349646163483463, 0.617092012365659, 0.3316770299958686, 0.610483238266574, 0.0, 0.0, 0.334306163340807, 0.6168836061601287, 0.0, 0.0, 0.0, 0.0, 0.31348175182938576, 0.665081164571974, 0.0, 0.0, 0.31913257610673706, 0.7124004988758653, 0.3444317072009047, 0.696455117949733, 0.3068407674009601, 0.7658428991282428, 0.33712377001841864, 0.758105033525714], "3": [0.0, 0.0, 0.0, 0.0, 0.0, 0.0, 0.0, 0.0, 0.0, 0.0, 0.33909327515090504, 0.5845898634857601, 0.0, 0.0, 0.34900591249267254, 0.6020564821031359, 0.0, 0.0, 0.0, 0.0, 0.0, 0.0, 0.3323808717230955, 0.6568792697456148, 0.3195209422459205, 0.662937342915339, 0.34531789223353065, 0.6950361289359905, 0.3188734118826687, 0.7124714506997003, 0.33652039368947345, 0.757618832588196, 0.3067915206154187, 0.7681268590467948], "4": [0.0, 0.0, 0.0, 0.0, 0.0, 0.0, 0.0, 0.0, 0.0, 0.0, 0.0, 0.0, 0.0, 0.0, 0.0, 0.0, 0.3511483939985434, 0.6032383768646805, 0.0, 0.0, 0.0, 0.0, 0.0, 0.0, 0.0, 0.0, 0.0, 0.0, 0.0, 0.0, 0.0, 0.0, 0.0, 0.0], "5": [0.0, 0.0, 0.0, 0.0, 0.0, 0.0, 0.0, 0.0, 0.0, 0.0, 0.0, 0.0, 0.0, 0.0, 0.0, 0.0, 0.0, 0.0, 0.3321417829642694, 0.6078608225893092, 0.0, 0.0, 0.0, 0.0, 0.0, 0.0, 0.0, 0.0, 0.0, 0.0, 0.0, 0.0, 0.0, 0.0], "6": [0.0, 0.0, 0.0, 0.0, 0.0, 0.0, 0.0, 0.0, 0.0, 0.0, 0.0, 0.0, 0.0, 0.0, 0.0, 0.0, 0.0, 0.0, 0.0, 0.0, 0.333218951523304, 0.6109036498737556, 0.0, 0.0, 0.0, 0.0, 0.0, 0.0, 0.0, 0.0, 0.0, 0.0, 0.0, 0.0]}