{"0": [0.4408942084759474, 0.5550642538953711, 0.4459233993043502, 0.5503891442660932, 0.4390979817447563, 0.5500476366943783, 0.44847400337457655, 0.5533851534128189, 0.4354424972261768, 0.5523370296866805, 0.456465285209318, 0.5860652345198172, 0.42843020148575306, 0.581259046839895, 0.4598966980973879, 0.6139717313978407, 0.41638054251670836, 0.610542359120316, 0.0, 0.0, 0.4230149681291853, 0.5929255116868902, 0.0, 0.0, 0.432817279919982, 0.6593716268186216, 0.0, 0.0, 0.0, 0.0, 0.0, 0.0, 0.0, 0.0], "1": [0.695626329133908, 0.6991873428777412, 0.0, 0.0, 0.6954187468936046, 0.6942577794746116, 0.6838732368002335, 0.6930423332033334, 0.6933883946699401, 0.6960324819441195, 0.6766933018962542, 0.7154302201889179, 0.6900972070793311, 0.7322310231350088, 0.0, 0.0, 0.6892957930763561, 0.7831956010173868, 0.0, 0.0, 0.7111262118443846, 0.7934940561100289, 0.6699520585437616, 0.805707343640151, 0.6826764088124037, 0.8115213561941076, 0.6836203441023828, 0.8892784109822026, 0.6855444602047404, 0.8881844436680829, 0.6760853677988052, 0.9472037529503857, 0.6755036907891433, 0.9496969978014628], "2": [0.0, 0.0, 0.0, 0.0, 0.0, 0.0, 0.0, 0.0, 0.0, 0.0, 0.6938936454554399, 0.7324873226660269, 0.0, 0.0, 0.0, 0.0, 0.0, 0.0, 0.7142218791879713, 0.7406864762306213, 0.0, 0.0, 0.0, 0.0, 0.0, 0.0, 0.0, 0.0, 0.0, 0.0, 0.0, 0.0, 0.0, 0.0], "3": [0.0, 0.0, 0.0, 0.0, 0.0, 0.0, 0.0, 0.0, 0.0, 0.0, 0.0, 0.0, 0.457217276096344, 0.586632392141554, 0.0, 0.0, 0.46159209435184795, 0.6221015210504885, 0.0, 0.0, 0.0, 0.0, 0.4341326526055733, 0.6639102756977081, 0.4536089642594258, 0.6637379097165885, 0.4236632098754247, 0.7031763950983683, 0.46970211863517763, 0.702701497077942, 0.4061270976690798, 0.7450018165483342, 0.4724466912448406, 0.769340897930993], "4": [0.0, 0.0, 0.0, 0.0, 0.0, 0.0, 0.0, 0.0, 0.0, 0.0, 0.0, 0.0, 0.0, 0.0, 0.0, 0.0, 0.0, 0.0, 0.44854496140033007, 0.5799738264746136, 0.0, 0.0, 0.0, 0.0, 0.0, 0.0, 0.0, 0.0, 0.0, 0.0, 0.0, 0.0, 0.0, 0.0], "5": [0.0, 0.0, 0.0, 0.0, 0.0, 0.0, 0.0, 0.0, 0.0, 0.0, 0.0, 0.0, 0.0, 0.0, 0.0, 0.0, 0.0, 0.0, 0.0, 0.0, 0.7156870786100626, 0.741287597461983, 0.0, 0.0, 0.0, 0.0, 0.0, 0.0, 0.0, 0.0, 0.0, 0.0, 0.0, 0.0], "6": [0.0, 0.0, 0.0, 0.0, 0.0, 0.0, 0.0, 0.0, 0.0, 0.0, 0.0, 0.0, 0.0, 0.0, 0.0, 0.0, 0.0, 0.0, 0.0, 0.0, 0.0, 0.0, 0.0, 0.0, 0.0, 0.0, 0.0, 0.0, 0.0, 0.0, 0.6970372957487901, 0.9180689416549824, 0.0, 0.0], "7": [0.0, 0.0, 0.0, 0.0, 0.0, 0.0, 0.0, 0.0, 0.0, 0.0, 0.0, 0.0, 0.0, 0.0, 0.0, 0.0, 0.0, 0.0, 0.0, 0.0, 0.0, 0.0, 0.0, 0.0, 0.0, 0.0, 0.0, 0.0, 0.0, 0.0, 0.0, 0.0, 0.697190964842836, 0.9191627347910847]}