{"0": [0.40011168445150064, 0.4503629139176122, 0.4012776038299004, 0.4471882869799932, 0.0, 0.0, 0.40541523272792496, 0.4507859210173289, 0.41332221167782934, 0.4472589649535991, 0.4064027597817282, 0.4742965261141459, 0.42337751869733137, 0.4684340989148175, 0.41098606257388987, 0.5058028727769852, 0.42773529949287575, 0.4998440635011152, 0.4107217016629875, 0.5255960376174361, 0.0, 0.0, 0.4196866296852628, 0.5312536551996514, 0.43123969261941963, 0.529599131360926, 0.4108659356832504, 0.5641456539984101, 0.4236362605666121, 0.5658176652811192, 0.416766103108724, 0.604151481003673, 0.4239768942197164, 0.603849169322186], "1": [0.0, 0.0, 0.0, 0.0, 0.0, 0.0, 0.362355779359738, 0.524252012261638, 0.37331100103134907, 0.5173029513270767, 0.36059967018663885, 0.5480836111086386, 0.3788141877700885, 0.5377367381696347, 0.35867170604566734, 0.581712403493347, 0.0, 0.0, 0.3549655944108963, 0.6057523689888141, 0.0, 0.0, 0.38124709247204014, 0.5838068814189346, 0.39573427351812523, 0.582714749817495, 0.37189498059451587, 0.6181315263664281, 0.3979541916987589, 0.6316822995958268, 0.38392539607981846, 0.6659928719202678, 0.4116082901755969, 0.6749114140316292]}