{"0": [0.8640854396857321, 0.11489015420277914, 0.8653584639541805, 0.11174015667703417, 0.862830713763833, 0.11035083399878608, 0.0, 0.0, 0.8598916582763195, 0.11069014469782511, 0.8713431156240403, 0.12986420260535347, 0.8543950986117125, 0.12910763571659725, 0.871497462131083, 0.15285062591234844, 0.8492261737585067, 0.1503540237330728, 0.0, 0.0, 0.0, 0.0, 0.8673948932439088, 0.1693180736568239, 0.8555556766688823, 0.16982239964935514, 0.0, 0.0, 0.0, 0.0, 0.0, 0.0, 0.0, 0.0], "1": [0.0, 0.0, 0.0, 0.0, 0.0, 0.0, 0.388717795163393, 0.6056734583651026, 0.4007476668804884, 0.5995457172393799, 0.3916422173380852, 0.6309630241658952, 0.41131266932934524, 0.6266268352667491, 0.39171832129359246, 0.6743361403544744, 0.42572966665029527, 0.6643578327364391, 0.0, 0.0, 0.4365486141294241, 0.6586698484089639, 0.4026877167634666, 0.7074752832452457, 0.4198641337454319, 0.7053302095168167, 0.3961077746935189, 0.7289092823863029, 0.42780443518422545, 0.735738785399331, 0.40086921360343697, 0.801922372314665, 0.44195003602653743, 0.7731879290607241], "2": [0.0, 0.0, 0.0, 0.0, 0.0, 0.0, 0.3614100717008114, 0.6560948749383291, 0.37410049289464953, 0.6579659773243798, 0.35759419314563273, 0.6822372822297944, 0.38814884386956694, 0.6851531619826953, 0.3507147215306759, 0.7174113600618309, 0.39346523322165006, 0.6924450541536014, 0.34530656151473527, 0.7668397062354617, 0.0, 0.0, 0.36894897297024726, 0.7593882453110483, 0.386869122646749, 0.7574923515319825, 0.3714241955894977, 0.8148851840032472, 0.0, 0.0, 0.37197685824939974, 0.8652432825830247, 0.3835173046216368, 0.8694918185472489], "3": [0.0, 0.0, 0.0, 0.0, 0.0, 0.0, 0.0, 0.0, 0.0, 0.0, 0.0, 0.0, 0.0, 0.0, 0.0, 0.0, 0.0, 0.0, 0.38720234483480453, 0.6811322760250833, 0.0, 0.0, 0.0, 0.0, 0.0, 0.0, 0.0, 0.0, 0.0, 0.0, 0.0, 0.0, 0.0, 0.0], "4": [0.0, 0.0, 0.0, 0.0, 0.0, 0.0, 0.0, 0.0, 0.0, 0.0, 0.0, 0.0, 0.0, 0.0, 0.0, 0.0, 0.0, 0.0, 0.0, 0.0, 0.0, 0.0, 0.0, 0.0, 0.0, 0.0, 0.0, 0.0, 0.39518400523811575, 0.7455650286542045, 0.0, 0.0, 0.0, 0.0], "5": [0.0, 0.0, 0.0, 0.0, 0.0, 0.0, 0.0, 0.0, 0.0, 0.0, 0.0, 0.0, 0.0, 0.0, 0.0, 0.0, 0.0, 0.0, 0.0, 0.0, 0.0, 0.0, 0.0, 0.0, 0.0, 0.0, 0.0, 0.0, 0.0, 0.0, 0.0, 0.0, 0.40023342818021773, 0.8074209809303283]}