{"0": [0.4249427650123835, 0.5303129772345225, 0.4265725483186543, 0.5254329936371909, 0.0, 0.0, 0.43237840607762335, 0.5286958157188363, 0.4438731839880347, 0.522354722685284, 0.43528439225628973, 0.5516642149951723, 0.4495825629681348, 0.5437892357508342, 0.4247897543013096, 0.5914485378397836, 0.0, 0.0, 0.4093920860759681, 0.5938838547716538, 0.0, 0.0, 0.458046389836818, 0.6197218159834544, 0.4693102609366179, 0.6150709566142823, 0.0, 0.0, 0.4606229763478041, 0.674504987233215, 0.0, 0.0, 0.0, 0.0], "1": [0.0, 0.0, 0.0, 0.0, 0.0, 0.0, 0.5848265916574745, 0.5228284915288289, 0.6019376147538422, 0.5235122369395362, 0.5790617967955768, 0.5415177639987734, 0.6075122985988856, 0.5435895204544068, 0.5672388169914484, 0.5722428327736755, 0.6147895053960382, 0.5728266570303175, 0.0, 0.0, 0.6124675285071135, 0.5953760691814952, 0.5836293827742339, 0.6063357831703292, 0.6009565506130456, 0.6071370609932476, 0.5784862673608586, 0.6608051017133726, 0.6031694606353994, 0.6595259045561155, 0.5780666807666421, 0.7037058959404628, 0.6034165802877396, 0.719196551044782], "2": [0.0, 0.0, 0.0, 0.0, 0.0, 0.0, 0.0, 0.0, 0.0, 0.0, 0.0, 0.0, 0.0, 0.0, 0.0, 0.0, 0.4288558064028621, 0.5854392490453191, 0.0, 0.0, 0.4113030767068267, 0.5923288222816255, 0.0, 0.0, 0.0, 0.0, 0.0, 0.0, 0.0, 0.0, 0.0, 0.0, 0.0, 0.0], "3": [0.0, 0.0, 0.0, 0.0, 0.0, 0.0, 0.0, 0.0, 0.0, 0.0, 0.0, 0.0, 0.0, 0.0, 0.0, 0.0, 0.0, 0.0, 0.5659958097618073, 0.5512261061204804, 0.0, 0.0, 0.0, 0.0, 0.0, 0.0, 0.0, 0.0, 0.0, 0.0, 0.0, 0.0, 0.0, 0.0], "4": [0.0, 0.0, 0.0, 0.0, 0.0, 0.0, 0.0, 0.0, 0.0, 0.0, 0.0, 0.0, 0.0, 0.0, 0.0, 0.0, 0.0, 0.0, 0.0, 0.0, 0.0, 0.0, 0.0, 0.0, 0.0, 0.0, 0.4528617441188544, 0.6794912265406714, 0.0, 0.0, 0.0, 0.0, 0.0, 0.0]}