{"0": [0.0, 0.0, 0.0, 0.0, 0.0, 0.0, 0.4417970578186214, 0.6105301552348666, 0.4568203091621399, 0.609326085779402, 0.4347361663356423, 0.6385670936976869, 0.467036968562752, 0.6369319904181693, 0.425176908262074, 0.6788709362347921, 0.47845231266692273, 0.6762442804045148, 0.41656384002417324, 0.7044349138107565, 0.47556351199746133, 0.7057210892438889, 0.4474461574107408, 0.7158954361246692, 0.46401218567043545, 0.7150519496864742, 0.4523830021731555, 0.7768831458356645, 0.4617688570171595, 0.7784332010481093, 0.4510215729475021, 0.8344412409596973, 0.4601370715536177, 0.834095796611574], "1": [0.0, 0.0, 0.0, 0.0, 0.0, 0.0, 0.34971776939928534, 0.6180967536237505, 0.0, 0.0, 0.35838388418778777, 0.628545648439063, 0.376903342269361, 0.6232355402575599, 0.35180571740493183, 0.6681164668665992, 0.0, 0.0, 0.0, 0.0, 0.0, 0.0, 0.3647138223983347, 0.7004062407546573, 0.3776769604999572, 0.6957942632337412, 0.3539802750572562, 0.7425768819120195, 0.3551451886072755, 0.7450826065407858, 0.3549871876835823, 0.8139412959416708, 0.35432846201583745, 0.813066534532441], "2": [0.0, 0.0, 0.0, 0.0, 0.0, 0.0, 0.0, 0.0, 0.0, 0.0, 0.0, 0.0, 0.0, 0.0, 0.0, 0.0, 0.0, 0.0, 0.44379854034632443, 0.6968025603228145, 0.0, 0.0, 0.0, 0.0, 0.0, 0.0, 0.0, 0.0, 0.0, 0.0, 0.0, 0.0, 0.0, 0.0]}