{"0": [0.37455244623124606, 0.5963092964556482, 0.3778508712304756, 0.5931512557797962, 0.37342256158590315, 0.5932795571784178, 0.38404449839144944, 0.5930441253715091, 0.3719278435979504, 0.5923651576042175, 0.3930106425657868, 0.6187149758140246, 0.36642838791012766, 0.6171751217295726, 0.39451944492757324, 0.6542151527272331, 0.35838389005512, 0.6511356702281369, 0.3870771538466215, 0.6825509805646207, 0.35444867331534624, 0.6792536331547632, 0.38541314583271746, 0.6770558612214194, 0.3684553012251854, 0.6762523591518401, 0.3817986875772476, 0.7150687471032142, 0.36550401787972076, 0.7145268024669753, 0.3810556145384908, 0.7718470594535272, 0.3734402710571885, 0.771484319286214], "1": [0.13485179236158729, 0.09551575051413642, 0.13789872396737338, 0.09076979690127902, 0.1329763550311327, 0.0897440387143029, 0.0, 0.0, 0.0, 0.0, 0.14717419866938145, 0.11982489592499203, 0.12477680929005146, 0.1217394792371326, 0.0, 0.0, 0.0, 0.0, 0.0, 0.0, 0.0, 0.0, 0.0, 0.0, 0.0, 0.0, 0.0, 0.0, 0.0, 0.0, 0.0, 0.0, 0.0, 0.0], "2": [0.0, 0.0, 0.0, 0.0, 0.0, 0.0, 0.5050640530884266, 0.528779764721791, 0.5145525991916656, 0.525710675617059, 0.5027661507716402, 0.5494591120630503, 0.5195948304608464, 0.5469553271929423, 0.49918390195816753, 0.5882304704851574, 0.5230248956941068, 0.5814081869191594, 0.495118523016572, 0.6212923569811715, 0.0, 0.0, 0.5093966307060327, 0.6162641278571552, 0.5212735924869776, 0.6131788565052881, 0.5048772005364299, 0.6722778275039875, 0.5199776709079742, 0.6707435735397869, 0.5061549101024866, 0.722710680299335, 0.5176616929471493, 0.7248507718245188]}