{"0": [0.4349983965512365, 0.6129884597327974, 0.43495243242941795, 0.6062144011259079, 0.0, 0.0, 0.4412618722766638, 0.6035673855079545, 0.0, 0.0, 0.4535384296439588, 0.620553364025222, 0.4607342896051705, 0.6119258185227712, 0.4585969540094661, 0.6602815568845841, 0.4755196876823902, 0.6425116711192661, 0.44868860524147747, 0.6970661989516682, 0.0, 0.0, 0.4564788542687892, 0.7048746678978205, 0.4672706600278615, 0.6979181478420894, 0.45280174715444443, 0.759185293647978, 0.46312106139957904, 0.7546163688103358, 0.45933198154962157, 0.813579769598113, 0.4691720951348543, 0.8084543913602829], "1": [0.14846395421773195, 0.2686768154303233, 0.15066628083586692, 0.26334695286220977, 0.14590368364006281, 0.2629287276003096, 0.153446064889431, 0.2658327539761861, 0.1409449482569471, 0.2656356241967943, 0.15756223928183316, 0.2883749160501692, 0.13463078429922465, 0.28745204011599224, 0.16375917065888643, 0.3185277490152253, 0.1333028834313154, 0.3178747564554215, 0.1549181666225195, 0.3023570163382424, 0.15007775742560622, 0.3029217900501357, 0.15288653839379548, 0.34956347747809363, 0.139729758258909, 0.3490330976744493, 0.15156830260530113, 0.39279402163293625, 0.14070214810781181, 0.3929502569966846, 0.0, 0.0, 0.13850499913096428, 0.43109230928950837], "2": [0.0, 0.0, 0.0, 0.0, 0.0, 0.0, 0.0, 0.0, 0.0, 0.0, 0.37888420103117826, 0.7817716083592837, 0.0, 0.0, 0.0, 0.0, 0.0, 0.0, 0.0, 0.0, 0.0, 0.0, 0.377496158471331, 0.8503212052293949, 0.37097858004271983, 0.8529200911521911, 0.37347551081329583, 0.8688856628206041, 0.35004409700632094, 0.8640017926692962, 0.38509882632642983, 0.9421689165963067, 0.3485565148293972, 0.9343463593059116], "3": [0.0, 0.0, 0.0, 0.0, 0.0, 0.0, 0.0, 0.0, 0.0, 0.0, 0.0, 0.0, 0.0, 0.0, 0.0, 0.0, 0.362426570802927, 0.841645951403512, 0.0, 0.0, 0.0, 0.0, 0.0, 0.0, 0.0, 0.0, 0.0, 0.0, 0.0, 0.0, 0.0, 0.0, 0.0, 0.0], "4": [0.0, 0.0, 0.0, 0.0, 0.0, 0.0, 0.0, 0.0, 0.0, 0.0, 0.0, 0.0, 0.0, 0.0, 0.0, 0.0, 0.0, 0.0, 0.0, 0.0, 0.0, 0.0, 0.0, 0.0, 0.0, 0.0, 0.0, 0.0, 0.0, 0.0, 0.0, 0.0, 0.3847976868506521, 0.9401042434904311]}