{"0": [0.37133667888119815, 0.45025160130527286, 0.3732711961492896, 0.44617490934001075, 0.36930538322776557, 0.4460815287298626, 0.37558896653354173, 0.45037926038106285, 0.36521751247346407, 0.4484725225302908, 0.3786309084389359, 0.467893937892384, 0.35980743016116323, 0.46732708513736726, 0.3864391477778554, 0.48828545610109964, 0.35408819671720265, 0.48866177731090116, 0.3769958625547588, 0.4671699835194483, 0.36521738730371, 0.46797436939345466, 0.37644368410110474, 0.5072357088327408, 0.3633309565484524, 0.5059224724769592, 0.0, 0.0, 0.0, 0.0, 0.0, 0.0, 0.0, 0.0], "1": [0.0, 0.0, 0.0, 0.0, 0.0, 0.0, 0.3295755464583635, 0.5806688903106583, 0.34187126858159905, 0.5790871871842278, 0.32443692795932294, 0.6071720093488693, 0.3535138777922839, 0.6058563177370363, 0.31482383571565153, 0.6412592598133617, 0.3597635723650455, 0.6488990576730834, 0.31120332777500154, 0.667468402783076, 0.35811507403850557, 0.6735073539945814, 0.3287840169388801, 0.6742432374093268, 0.3492120772600174, 0.6747310789095031, 0.0, 0.0, 0.3485365226864815, 0.7162409439682961, 0.0, 0.0, 0.3495189573615789, 0.7824850916034646], "2": [0.0, 0.0, 0.0, 0.0, 0.0, 0.0, 0.5180103059858083, 0.5630034946733051, 0.5271944598294794, 0.5672363215022617, 0.5158987535396591, 0.5793983300526937, 0.5318378748372197, 0.5741141570938958, 0.5164510504342615, 0.609975892967648, 0.5311843276023864, 0.6175843218134509, 0.0, 0.0, 0.5384532567113637, 0.6506723270234135, 0.515774891874753, 0.6426510380374061, 0.5258956773206592, 0.6434083084265391, 0.5173305921256542, 0.6919538300898339, 0.5331426627599094, 0.6883595292141975, 0.5134823115542531, 0.7407703854971461, 0.5389345290139318, 0.7348928266101413], "3": [0.0, 0.0, 0.0, 0.0, 0.0, 0.0, 0.0, 0.0, 0.0, 0.0, 0.0, 0.0, 0.0, 0.0, 0.0, 0.0, 0.0, 0.0, 0.24869308955967426, 0.6901243189970653, 0.0, 0.0, 0.0, 0.0, 0.0, 0.0, 0.0, 0.0, 0.0, 0.0, 0.0, 0.0, 0.0, 0.0], "4": [0.0, 0.0, 0.0, 0.0, 0.0, 0.0, 0.0, 0.0, 0.0, 0.0, 0.0, 0.0, 0.0, 0.0, 0.0, 0.0, 0.0, 0.0, 0.0, 0.0, 0.0, 0.0, 0.0, 0.0, 0.0, 0.0, 0.3140447612851858, 0.6824820193151633, 0.0, 0.0, 0.0, 0.0, 0.0, 0.0], "5": [0.0, 0.0, 0.0, 0.0, 0.0, 0.0, 0.0, 0.0, 0.0, 0.0, 0.0, 0.0, 0.0, 0.0, 0.0, 0.0, 0.0, 0.0, 0.0, 0.0, 0.0, 0.0, 0.0, 0.0, 0.0, 0.0, 0.33594565875828264, 0.7230080339643691, 0.0, 0.0, 0.343194356188178, 0.7820528304411305, 0.0, 0.0]}