{"0": [0.3644913023337722, 0.4488823228412204, 0.3660420257598162, 0.4459550897280375, 0.36213475093245506, 0.4461282014846802, 0.0, 0.0, 0.3579986325465143, 0.4482074095143212, 0.36862091086804866, 0.46903009083535935, 0.3510390831157565, 0.4678739627202352, 0.3769995908252895, 0.49115117920769585, 0.3437486572191119, 0.49073565469847785, 0.36944101452827455, 0.47171793695953157, 0.0, 0.0, 0.0, 0.0, 0.0, 0.0, 0.0, 0.0, 0.0, 0.0, 0.0, 0.0, 0.0, 0.0], "1": [0.0, 0.0, 0.0, 0.0, 0.0, 0.0, 0.4702492695301771, 0.629427055352264, 0.483985042036511, 0.6304027385181851, 0.46273461561650037, 0.6546813620461358, 0.4939007855951786, 0.6568937261899312, 0.45544978938996794, 0.6885353836748335, 0.5045519961975515, 0.6915442804495494, 0.0, 0.0, 0.0, 0.0, 0.4659196606837213, 0.7288282500372992, 0.4878703925758601, 0.7275926467238201, 0.4577005133032799, 0.7601884560452568, 0.5066519331187009, 0.7595892980694771, 0.4538013204932213, 0.8048009443614219, 0.5221069919178262, 0.80276387433211], "2": [0.0, 0.0, 0.0, 0.0, 0.0, 0.0, 0.4007546231150627, 0.6870029509067536, 0.4145828070119024, 0.6845947501560052, 0.401363505423069, 0.703051562110583, 0.4251407410949469, 0.696243984831704, 0.0, 0.0, 0.4362807611003518, 0.7162336154530445, 0.0, 0.0, 0.0, 0.0, 0.4151755424682051, 0.7487964590390523, 0.4285159079823643, 0.7473494160506461, 0.0, 0.0, 0.0, 0.0, 0.0, 0.0, 0.0, 0.0], "3": [0.0, 0.0, 0.0, 0.0, 0.0, 0.0, 0.0, 0.0, 0.0, 0.0, 0.0, 0.0, 0.0, 0.0, 0.0, 0.0, 0.0, 0.0, 0.44666640015784653, 0.7254934759603606, 0.0, 0.0, 0.0, 0.0, 0.0, 0.0, 0.0, 0.0, 0.0, 0.0, 0.0, 0.0, 0.0, 0.0], "4": [0.0, 0.0, 0.0, 0.0, 0.0, 0.0, 0.0, 0.0, 0.0, 0.0, 0.0, 0.0, 0.0, 0.0, 0.0, 0.0, 0.0, 0.0, 0.0, 0.0, 0.3574272664263844, 0.4695399459865358, 0.0, 0.0, 0.0, 0.0, 0.0, 0.0, 0.0, 0.0, 0.0, 0.0, 0.0, 0.0], "5": [0.0, 0.0, 0.0, 0.0, 0.0, 0.0, 0.0, 0.0, 0.0, 0.0, 0.0, 0.0, 0.0, 0.0, 0.0, 0.0, 0.0, 0.0, 0.0, 0.0, 0.49814874418079846, 0.7093249503109191, 0.0, 0.0, 0.0, 0.0, 0.0, 0.0, 0.0, 0.0, 0.0, 0.0, 0.0, 0.0], "6": [0.0, 0.0, 0.0, 0.0, 0.0, 0.0, 0.0, 0.0, 0.0, 0.0, 0.0, 0.0, 0.0, 0.0, 0.0, 0.0, 0.0, 0.0, 0.0, 0.0, 0.0, 0.0, 0.42455710135400293, 0.8166925470318852, 0.4311113780364394, 0.8153138447138998, 0.42493597120046617, 0.8627721440460947, 0.4286796478088945, 0.8651220695839987, 0.42615591175854206, 0.9265000072618326, 0.4257694322615862, 0.9259054930673705]}