{"0": [0.36236798726022246, 0.4511791920496358, 0.3641376752406359, 0.4475888434383604, 0.36069456590339544, 0.44704409142335255, 0.3677506824955344, 0.44920785824457804, 0.357041927985847, 0.4487006465593974, 0.3716676432173699, 0.4681826061672635, 0.3520321155898273, 0.46692651046646966, 0.37844803389161824, 0.4901644402080112, 0.3447906535118818, 0.4855558541085985, 0.3680253019556403, 0.46908833980560305, 0.0, 0.0, 0.3678727500140667, 0.50913464890586, 0.3537747221533209, 0.5091355194648106, 0.0, 0.0, 0.0, 0.0, 0.0, 0.0, 0.0, 0.0], "1": [0.8635842764750123, 0.11213274399439493, 0.8658583434997127, 0.10654215415318807, 0.8601019800174982, 0.10517819258901807, 0.0, 0.0, 0.8553580153733492, 0.10498539047936599, 0.871766721631866, 0.1339053690433502, 0.8500928310677409, 0.13501336342758602, 0.0, 0.0, 0.0, 0.0, 0.0, 0.0, 0.0, 0.0, 0.8687128027901053, 0.2270810038679176, 0.855144064873457, 0.22699898406863211, 0.0, 0.0, 0.0, 0.0, 0.0, 0.0, 0.0, 0.0], "2": [0.40535010360181334, 0.6527627540959251, 0.406034030392766, 0.6475921872589324, 0.0, 0.0, 0.40972826045472177, 0.6465624256266488, 0.0, 0.0, 0.42101466143503785, 0.6684996002250247, 0.4220455200294964, 0.6629390857285924, 0.42766536683775486, 0.6955227375858359, 0.4207732890732586, 0.6947228566639954, 0.4278075909242034, 0.7263677403330803, 0.4029310243087821, 0.691767576833566, 0.44043201638851315, 0.7254489594035678, 0.44838688233867285, 0.7228321890036266, 0.4163149371277541, 0.7771586365169949, 0.442425899207592, 0.7809357091784479, 0.42042128490284086, 0.8482073287169138, 0.47050124788656833, 0.8122609701421526], "3": [0.56626973063685, 0.6076061465673978, 0.5668714462779463, 0.6021455503172345, 0.0, 0.0, 0.568988036736846, 0.6046927986873522, 0.5817649379372597, 0.603915499150753, 0.5622426379472018, 0.6308091729879379, 0.5935681387782097, 0.6275047783843345, 0.5489902343600989, 0.6665277229415045, 0.6061782296746969, 0.6615598188506232, 0.5305979318916798, 0.6830311125558283, 0.604606494680047, 0.6853898745444087, 0.5686218088492752, 0.6977417823341157, 0.5900378856342285, 0.6990618460708194, 0.5637191450223327, 0.7463756581147512, 0.5881745379418135, 0.748741757704152, 0.5555876284837723, 0.8051175395233764, 0.5900985093321651, 0.8104583958784741], "4": [0.0, 0.0, 0.0, 0.0, 0.0, 0.0, 0.0, 0.0, 0.0, 0.0, 0.0, 0.0, 0.0, 0.0, 0.0, 0.0, 0.0, 0.0, 0.40276085552759466, 0.6862263215912713, 0.0, 0.0, 0.0, 0.0, 0.0, 0.0, 0.0, 0.0, 0.0, 0.0, 0.0, 0.0, 0.0, 0.0], "5": [0.0, 0.0, 0.0, 0.0, 0.0, 0.0, 0.0, 0.0, 0.0, 0.0, 0.0, 0.0, 0.0, 0.0, 0.0, 0.0, 0.0, 0.0, 0.0, 0.0, 0.35625007227063177, 0.46975124759806525, 0.0, 0.0, 0.0, 0.0, 0.0, 0.0, 0.0, 0.0, 0.0, 0.0, 0.0, 0.0], "6": [0.0, 0.0, 0.0, 0.0, 0.0, 0.0, 0.0, 0.0, 0.0, 0.0, 0.0, 0.0, 0.0, 0.0, 0.0, 0.0, 0.0, 0.0, 0.0, 0.0, 0.0, 0.0, 0.0, 0.0, 0.0, 0.0, 0.44186566323041915, 0.7846563975016276, 0.0, 0.0, 0.4698199860751629, 0.8117231355773078, 0.0, 0.0], "7": [0.0, 0.0, 0.0, 0.0, 0.0, 0.0, 0.0, 0.0, 0.0, 0.0, 0.0, 0.0, 0.0, 0.0, 0.0, 0.0, 0.0, 0.0, 0.0, 0.0, 0.0, 0.0, 0.0, 0.0, 0.0, 0.0, 0.5398592376615852, 0.6818636152479384, 0.0, 0.0, 0.0, 0.0, 0.0, 0.0], "8": [0.0, 0.0, 0.0, 0.0, 0.0, 0.0, 0.0, 0.0, 0.0, 0.0, 0.0, 0.0, 0.0, 0.0, 0.0, 0.0, 0.0, 0.0, 0.0, 0.0, 0.0, 0.0, 0.0, 0.0, 0.0, 0.0, 0.0, 0.0, 0.0, 0.0, 0.0, 0.0, 0.42053373958915474, 0.8471426748567157]}