{"0": [0.5877032544463873, 0.6895876046684053, 0.5897722825407982, 0.6827094462182787, 0.5859764657914639, 0.683740320470598, 0.0, 0.0, 0.57810602090467, 0.6865696618954341, 0.581295401416719, 0.6967757781346638, 0.5766009858809411, 0.7045827998055352, 0.0, 0.0, 0.0, 0.0, 0.0, 0.0, 0.0, 0.0, 0.5763770809397102, 0.7271141745977932, 0.0, 0.0, 0.595148760639131, 0.7621374369495445, 0.0, 0.0, 0.5837431392166763, 0.8232513411177529, 0.0, 0.0], "1": [0.0, 0.0, 0.0, 0.0, 0.0, 0.0, 0.5296251118183136, 0.6538598934809366, 0.5414715670980513, 0.6570861601167255, 0.5192409923300148, 0.678561105993059, 0.5461209649220108, 0.6808526024222374, 0.5099585955496877, 0.7239945001072354, 0.5523084190674126, 0.7284801907009548, 0.507970605790615, 0.7482662533720335, 0.0, 0.0, 0.519814714975655, 0.7619472502834267, 0.5405900020938134, 0.7625052963693937, 0.5174599155783653, 0.8151320300168461, 0.5407186185475439, 0.805150449110402, 0.5165710893459619, 0.8790467480818429, 0.5447998713701964, 0.8495343837473127], "2": [0.0, 0.0, 0.0, 0.0, 0.0, 0.0, 0.5886267237365246, 0.6341778642601437, 0.5977666813880205, 0.6376352936857277, 0.5792288102209567, 0.6480370657311545, 0.589929320430383, 0.6583757898873753, 0.5816533230726156, 0.7069764782848931, 0.5846341534983367, 0.7178769131501516, 0.5947974856942893, 0.7369675066736009, 0.5926768815144896, 0.7431789706150691, 0.0, 0.0, 0.5780340920260643, 0.7064094001220332, 0.0, 0.0, 0.5951029017567635, 0.7632679868075583, 0.0, 0.0, 0.5830752225592732, 0.8241413987345165], "3": [0.0, 0.0, 0.0, 0.0, 0.0, 0.0, 0.0, 0.0, 0.0, 0.0, 0.0, 0.0, 0.7046475157141685, 0.45050187686251275, 0.0, 0.0, 0.0, 0.0, 0.0, 0.0, 0.0, 0.0, 0.0, 0.0, 0.0, 0.0, 0.0, 0.0, 0.0, 0.0, 0.0, 0.0, 0.0, 0.0]}