{"0": [0.34797613993287085, 0.5944712945906859, 0.3497790493071079, 0.5897109445598391, 0.0, 0.0, 0.3551092650741338, 0.5913199398252699, 0.0, 0.0, 0.3579675806686282, 0.615550915317403, 0.36719959471374747, 0.6108785887559255, 0.36257063540538503, 0.6517198670392903, 0.38316610883921387, 0.6464083707994885, 0.373166489508003, 0.6849230587482452, 0.38138855118304493, 0.6872115347120497, 0.36222536079585554, 0.6842883735067314, 0.3707737412303686, 0.6826813001185656, 0.3644216784276068, 0.7383296355605126, 0.36547034661052746, 0.736844479209847, 0.3650966615881771, 0.7996623347202937, 0.36441013514995574, 0.7980638825231128], "1": [0.0, 0.0, 0.0, 0.0, 0.0, 0.0, 0.459436181630008, 0.5417267047696643, 0.47028096821159127, 0.5407678357428976, 0.4573653534054756, 0.5655084451039633, 0.4780204232549295, 0.565832965572675, 0.4522333129309118, 0.6030681118369102, 0.48486149283125995, 0.5967841042412652, 0.4475122021511197, 0.6381156490080886, 0.48483182922936974, 0.6260881771643957, 0.46128992475569247, 0.6314906888537937, 0.4760681200772523, 0.6306209766202502, 0.45612924098968505, 0.683303907003978, 0.47768328422680495, 0.6818386175566249, 0.4549694495275617, 0.7297242714299096, 0.478975813742727, 0.7399363231327799], "2": [0.0, 0.0, 0.0, 0.0, 0.0, 0.0, 0.0, 0.0, 0.0, 0.0, 0.0, 0.0, 0.35212658988311885, 0.47185394503176215, 0.0, 0.0, 0.0, 0.0, 0.0, 0.0, 0.0, 0.0, 0.0, 0.0, 0.0, 0.0, 0.0, 0.0, 0.0, 0.0, 0.0, 0.0, 0.0, 0.0]}