{"0": [0.14969924762845038, 0.2654939568705029, 0.1516584675759077, 0.25948505683077705, 0.14574182452633977, 0.25963848216666113, 0.15536876246333123, 0.26032274034288194, 0.13990385546348988, 0.26288811349206503, 0.1634092852473259, 0.2969370825423135, 0.1341655797790736, 0.29138390223185223, 0.1671489667147398, 0.3474836677312851, 0.0, 0.0, 0.16781062949448824, 0.3858989511926969, 0.0, 0.0, 0.15512434113770723, 0.39982965721024405, 0.1398482846561819, 0.3944815721311089, 0.0, 0.0, 0.0, 0.0, 0.0, 0.0, 0.0, 0.0], "1": [0.0, 0.0, 0.0, 0.0, 0.0, 0.0, 0.4260481970384717, 0.5914944648742676, 0.4407030491856858, 0.5878476255469852, 0.4247261663898826, 0.6175363895793756, 0.4517404599115252, 0.6104689283503426, 0.4208893060684204, 0.6554249475399654, 0.46230205371975897, 0.6439982953998777, 0.4176051553338766, 0.6821253169741897, 0.46375002786517144, 0.6761969142489963, 0.4326628986746073, 0.678955097993215, 0.45020668245851986, 0.6784344487720065, 0.42578477673232556, 0.7234941518969006, 0.45089179240167143, 0.7170889610217677, 0.4271654014475644, 0.7576104283332825, 0.4524676567874849, 0.7360645128620995]}