{"0": [0.5226341534405947, 0.6074295990996891, 0.5230492164380849, 0.6027856806914011, 0.5211313066072761, 0.6025888416502211, 0.0, 0.0, 0.5153260852908715, 0.6013146897157033, 0.49346014074981215, 0.6157007723218865, 0.5142771706916391, 0.6283990302847491, 0.4825834009796381, 0.6538019806146622, 0.5169658572413027, 0.6706954879893197, 0.48832827862352135, 0.6909530672762129, 0.5230489026755094, 0.7081494922439258, 0.49181954767555, 0.6983201205730438, 0.509532202174887, 0.7024753517574734, 0.4938297484070063, 0.7494512193318871, 0.5134133959189058, 0.7576867000924217, 0.48724116422235964, 0.8026625788874097, 0.511770847439766, 0.8161412111586994], "1": [0.8275038375053555, 0.6107418921258715, 0.8299794292077423, 0.6051018820868598, 0.8258509937673807, 0.6062671462694804, 0.8359351724386215, 0.607202939192454, 0.8236972026526928, 0.6082160777515835, 0.8417349919676781, 0.6349879996644126, 0.8212588178459554, 0.6368582147690985, 0.8483427594415843, 0.6629084120194118, 0.8173814041540026, 0.6640500075287289, 0.8426458723843098, 0.6550745331578784, 0.0, 0.0, 0.8383367078378796, 0.6876109961006376, 0.8255663894116878, 0.6890406002600987, 0.0, 0.0, 0.0, 0.0, 0.0, 0.0, 0.0, 0.0], "2": [0.6394643039442599, 0.7932313755982452, 0.6403835009085015, 0.78717174132665, 0.6387475755065679, 0.7873073177205192, 0.0, 0.0, 0.6303498281165958, 0.7839013571540515, 0.6391942407004535, 0.772918715990252, 0.6151624510064722, 0.7916989611254797, 0.6526556061580777, 0.7589882295992639, 0.6044613080099225, 0.8253986130158106, 0.665419080015272, 0.7369807115859456, 0.6164402712136507, 0.8841378695434994, 0.6329174637794495, 0.8294263044993083, 0.6170508459210395, 0.8268361354867617, 0.6545484717004001, 0.8438655707571242, 0.6266636438667774, 0.8917859474817912, 0.6410054876934737, 0.9084327307012348, 0.6242985587567091, 0.9334304710229238], "3": [0.0, 0.0, 0.0, 0.0, 0.0, 0.0, 0.0, 0.0, 0.0, 0.0, 0.0, 0.0, 0.0, 0.0, 0.0, 0.0, 0.0, 0.0, 0.0, 0.0, 0.6120167747139931, 0.8352920025587082, 0.0, 0.0, 0.0, 0.0, 0.0, 0.0, 0.0, 0.0, 0.0, 0.0, 0.0, 0.0], "4": [0.0, 0.0, 0.0, 0.0, 0.0, 0.0, 0.0, 0.0, 0.0, 0.0, 0.0, 0.0, 0.0, 0.0, 0.0, 0.0, 0.0, 0.0, 0.0, 0.0, 0.0, 0.0, 0.0, 0.0, 0.0, 0.0, 0.0, 0.0, 0.6505521794781088, 0.8463301267888811, 0.0, 0.0, 0.0, 0.0], "5": [0.0, 0.0, 0.0, 0.0, 0.0, 0.0, 0.0, 0.0, 0.0, 0.0, 0.0, 0.0, 0.0, 0.0, 0.0, 0.0, 0.0, 0.0, 0.0, 0.0, 0.0, 0.0, 0.0, 0.0, 0.0, 0.0, 0.0, 0.0, 0.6162812333554031, 0.8418584065304862, 0.0, 0.0, 0.6151089751161634, 0.8871524850527446]}