{"0": [0.0, 0.0, 0.0, 0.0, 0.0, 0.0, 0.48618096206337214, 0.5516439298788707, 0.499800362624228, 0.5523391890856955, 0.47494145184755326, 0.5788802368773354, 0.5038497376721353, 0.58089469605022, 0.4641734458506107, 0.6165851137497359, 0.5132232222706079, 0.6241098870833715, 0.470304286852479, 0.6434327754709456, 0.5254629176110028, 0.6616968705422348, 0.47925000889226793, 0.6543805787960689, 0.4978156984783709, 0.655087521009975, 0.47916846014559267, 0.7099020302295684, 0.49712994587607684, 0.7095118628607856, 0.4804463962092996, 0.7774722973505656, 0.49477792270481596, 0.7769469645288255], "1": [0.0, 0.0, 0.0, 0.0, 0.0, 0.0, 0.0, 0.0, 0.6351069652009755, 0.5782799664470885, 0.6139038197696209, 0.5839536608921156, 0.6391128122806549, 0.597377069791158, 0.0, 0.0, 0.647616078518331, 0.6284826044407156, 0.0, 0.0, 0.6692205138504506, 0.6724850993189547, 0.6050430631265045, 0.6569847779141532, 0.6320245716720819, 0.6502512082871463, 0.0, 0.0, 0.6481077533215285, 0.6315848883655336, 0.0, 0.0, 0.6635632984340191, 0.6738447202576532]}