{"0": [0.33234270475804806, 0.7134725411732992, 0.33527280278503896, 0.7052782324867116, 0.0, 0.0, 0.34031722429208455, 0.7054244320736163, 0.0, 0.0, 0.34158882983028893, 0.7340345160828696, 0.35831120759248736, 0.7241390559408399, 0.3329588622786105, 0.7807557384173075, 0.37318590432405474, 0.7603972555862533, 0.0, 0.0, 0.0, 0.0, 0.3544531769119203, 0.8042385388579634, 0.3725880688522011, 0.8012833164797889, 0.33278828747570516, 0.8449383199214934, 0.3743255067616701, 0.8356692443291348, 0.32571200784295795, 0.9161004663341575, 0.3764504447579384, 0.8622858695685863], "1": [0.0, 0.0, 0.0, 0.0, 0.0, 0.0, 0.4479153536260128, 0.6174137965672546, 0.46154703572392464, 0.6128858370913399, 0.4489400051534176, 0.6449431353145175, 0.4766362015157938, 0.6377302599449952, 0.4453592619858682, 0.6835942988801333, 0.4878909528255463, 0.6734329433076911, 0.45110831037163734, 0.7055136836444339, 0.4955111508257687, 0.7070503421955638, 0.45638660043478013, 0.7152688372466299, 0.47886330815963446, 0.7129953112867143, 0.4512215068563819, 0.7696266278624535, 0.4806537782773376, 0.7615838319477107, 0.4502642637118697, 0.8282470972587664, 0.4834661528468132, 0.8152867513398327], "2": [0.0, 0.0, 0.0, 0.0, 0.0, 0.0, 0.0, 0.0, 0.0, 0.0, 0.0, 0.0, 0.0, 0.0, 0.0, 0.0, 0.0, 0.0, 0.3295217470265925, 0.7381250372363461, 0.0, 0.0, 0.0, 0.0, 0.0, 0.0, 0.0, 0.0, 0.0, 0.0, 0.0, 0.0, 0.0, 0.0]}