{"0": [0.2809021160006523, 0.6511305346257156, 0.0, 0.0, 0.0, 0.0, 0.28919999934732915, 0.6443991780281066, 0.0, 0.0, 0.0, 0.0, 0.0, 0.0, 0.0, 0.0, 0.0, 0.0, 0.0, 0.0, 0.0, 0.0, 0.0, 0.0, 0.0, 0.0, 0.0, 0.0, 0.0, 0.0, 0.0, 0.0, 0.0, 0.0], "1": [0.0, 0.0, 0.2812959674745798, 0.617276303925448, 0.27547024507075546, 0.6161570359435347, 0.0, 0.0, 0.272705845721066, 0.6251167287429173, 0.2907321895239875, 0.6389555216818634, 0.2596564045874402, 0.640287801457776, 0.2921316780149937, 0.6866366101635827, 0.24898794051259757, 0.6721598426449216, 0.28427563810255374, 0.6938049116068417, 0.26280501261353495, 0.6677068491776783, 0.27843968288507315, 0.7055567016988384, 0.2615710970014334, 0.7059958805640538, 0.2835473815910518, 0.7594442082775964, 0.2645565368235111, 0.7599867620401912, 0.2754260974004865, 0.8144346021943623, 0.26733342502266166, 0.814885339140892], "2": [0.0, 0.0, 0.2819882519543171, 0.655925096405877, 0.0, 0.0, 0.0, 0.0, 0.0, 0.0, 0.0, 0.0, 0.0, 0.0, 0.0, 0.0, 0.0, 0.0, 0.0, 0.0, 0.0, 0.0, 0.0, 0.0, 0.0, 0.0, 0.0, 0.0, 0.0, 0.0, 0.0, 0.0, 0.0, 0.0], "3": [0.0, 0.0, 0.0, 0.0, 0.0, 0.0, 0.5952842116355896, 0.6633993453449674, 0.6047484869137406, 0.6655572811762492, 0.5834751736372709, 0.6836890244235595, 0.6111407758668065, 0.6856802336043781, 0.5658619831316173, 0.6936969461540381, 0.6155372307519429, 0.7193313125107024, 0.5596738945459947, 0.6869955052932103, 0.6093491191742941, 0.7495566346993049, 0.5875664105638861, 0.7606468055397272, 0.6027712136739865, 0.7591360009378856, 0.6025673549622297, 0.8193519448240598, 0.6058171395212412, 0.8196207887596554, 0.6190160308033228, 0.8762867589791615, 0.6209749083034695, 0.8786077042420705], "4": [0.0, 0.0, 0.0, 0.0, 0.0, 0.0, 0.0, 0.0, 0.0, 0.0, 0.7147186530753971, 0.4526705841223399, 0.0, 0.0, 0.0, 0.0, 0.0, 0.0, 0.0, 0.0, 0.0, 0.0, 0.0, 0.0, 0.0, 0.0, 0.0, 0.0, 0.0, 0.0, 0.0, 0.0, 0.0, 0.0], "5": [0.0, 0.0, 0.0, 0.0, 0.0, 0.0, 0.0, 0.0, 0.0, 0.0, 0.0, 0.0, 0.0, 0.0, 0.0, 0.0, 0.0, 0.0, 0.5794458235614002, 0.7665318184428744, 0.0, 0.0, 0.0, 0.0, 0.0, 0.0, 0.0, 0.0, 0.0, 0.0, 0.0, 0.0, 0.0, 0.0], "6": [0.0, 0.0, 0.0, 0.0, 0.0, 0.0, 0.0, 0.0, 0.0, 0.0, 0.0, 0.0, 0.0, 0.0, 0.0, 0.0, 0.0, 0.0, 0.0, 0.0, 0.0, 0.0, 0.0, 0.0, 0.0, 0.0, 0.2918385966680944, 0.7048780620098114, 0.0, 0.0, 0.0, 0.0, 0.0, 0.0]}