{"0": [0.0, 0.0, 0.0, 0.0, 0.0, 0.0, 0.4753503309562802, 0.5621798613005214, 0.4881570288911462, 0.5650173203812704, 0.4647526293992996, 0.5860302592317264, 0.49348252452909946, 0.5903243995375104, 0.4547039559110999, 0.6274372205966049, 0.5019947699271142, 0.6344992286629147, 0.44441858436912296, 0.6645074907276366, 0.5104543169029057, 0.6705789249804285, 0.4703818201087415, 0.6604446208311452, 0.48854428306221964, 0.6619370121922757, 0.476749946270138, 0.7123435311847263, 0.48882646057754764, 0.711762300464842, 0.4773081626743078, 0.7806562006473541, 0.4890393143519759, 0.7746464146508111], "1": [0.0, 0.0, 0.0, 0.0, 0.0, 0.0, 0.6499691128730773, 0.5938461497839954, 0.6595372300711461, 0.5963031444284651, 0.6373117865994573, 0.6038162603974342, 0.6637526709586383, 0.6189566754632525, 0.6246913008391857, 0.6164789457908935, 0.6746929038316011, 0.6463960025045606, 0.6266165984794497, 0.6175514742732048, 0.6913941237609833, 0.670104778971937, 0.6276575065683574, 0.6672567486763, 0.6510204680263997, 0.6675212959448495, 0.0, 0.0, 0.6718558422478964, 0.6492341454658244, 0.0, 0.0, 0.0, 0.0], "2": [0.0, 0.0, 0.0, 0.0, 0.0, 0.0, 0.0, 0.0, 0.0, 0.0, 0.0, 0.0, 0.0, 0.0, 0.0, 0.0, 0.0, 0.0, 0.0, 0.0, 0.0, 0.0, 0.0, 0.0, 0.0, 0.0, 0.6196084953844547, 0.6252405395110449, 0.0, 0.0, 0.6151760038454086, 0.6816079161233373, 0.0, 0.0]}