{"0": [0.0, 0.0, 0.0, 0.0, 0.8590076360851526, 0.1574008822441101, 0.0, 0.0, 0.8543355654925108, 0.15909845034281414, 0.0, 0.0, 0.8487754411995411, 0.18368775972889528, 0.0, 0.0, 0.0, 0.0, 0.0, 0.0, 0.0, 0.0, 0.0, 0.0, 0.0, 0.0, 0.0, 0.0, 0.0, 0.0, 0.0, 0.0, 0.0, 0.0], "1": [0.0, 0.0, 0.0, 0.0, 0.0, 0.0, 0.49251376539468766, 0.6224683582782744, 0.5062354184687138, 0.6199298368559943, 0.48481473377905787, 0.6456907401482265, 0.5148489186540246, 0.6445767515235477, 0.4743847344070672, 0.682811373182469, 0.5251398323103785, 0.6879594557815127, 0.46972657218575475, 0.6890074921978845, 0.5262819394469261, 0.7140115802486737, 0.4894679012708365, 0.7164288521019949, 0.511705395579338, 0.7150944557454851, 0.4793142704293132, 0.7241741263204151, 0.5294089848175644, 0.7392311136341757, 0.47694290624931457, 0.7810571725169818, 0.5466267393436283, 0.7910482992728551], "2": [0.0, 0.0, 0.0, 0.0, 0.0, 0.0, 0.6516714408062398, 0.6609901334262557, 0.6660901505500079, 0.6612817189242277, 0.6403143813367933, 0.6897156599495146, 0.6732856249436736, 0.690166688627667, 0.6376277212053537, 0.7186059825950198, 0.678496108087711, 0.7160672997021013, 0.0, 0.0, 0.0, 0.0, 0.6398213291540742, 0.77147439983156, 0.665783460647799, 0.7785959472258885, 0.6363961935043335, 0.8056053971302592, 0.6814061284065247, 0.8013552384244071, 0.6360304761677981, 0.8545251475440131, 0.6842473088297993, 0.8771481977568732], "3": [0.0, 0.0, 0.0, 0.0, 0.0, 0.0, 0.0, 0.0, 0.0, 0.0, 0.671575439791195, 0.6942882378896077, 0.0, 0.0, 0.0, 0.0, 0.0, 0.0, 0.0, 0.0, 0.0, 0.0, 0.0, 0.0, 0.637573242560029, 0.7707076011432542, 0.0, 0.0, 0.0, 0.0, 0.0, 0.0, 0.0, 0.0], "4": [0.0, 0.0, 0.0, 0.0, 0.0, 0.0, 0.0, 0.0, 0.0, 0.0, 0.8343499332142528, 0.5699310754736265, 0.8152000809554011, 0.5716049009727107, 0.0, 0.0, 0.0, 0.0, 0.0, 0.0, 0.0, 0.0, 0.0, 0.0, 0.0, 0.0, 0.0, 0.0, 0.0, 0.0, 0.0, 0.0, 0.0, 0.0]}