{"0": [0.4662649444770068, 0.5814097159438663, 0.0, 0.0, 0.4644889642484486, 0.57703880932596, 0.45033590160310266, 0.5756728099452124, 0.46155993156135083, 0.5790319899717966, 0.4414443649351596, 0.5990187204546399, 0.46629893546923995, 0.6044899370935228, 0.42903729593381285, 0.6331474969784419, 0.47472461573779584, 0.6452102714114719, 0.42705316711217167, 0.6686538368463516, 0.48781373873352996, 0.6653840637869305, 0.44621813064441085, 0.675994782646497, 0.4636432060971856, 0.6759795695543289, 0.4533656883286312, 0.7272587672289875, 0.4770071840845048, 0.7234055062135061, 0.45128968376666306, 0.791333324379391, 0.4781352033889562, 0.78892443312539], "1": [0.36303306221961973, 0.4525540590286255, 0.365574481326621, 0.44877509673436483, 0.3617710905149579, 0.44858122799131606, 0.0, 0.0, 0.3582370992749929, 0.45010451674461366, 0.37431637030094866, 0.4715099538366, 0.3517732226289808, 0.47067132592201233, 0.3800007777288556, 0.49172235230604805, 0.3455071594566107, 0.4915132307344013, 0.37263443768024446, 0.47810350987646316, 0.0, 0.0, 0.0, 0.0, 0.0, 0.0, 0.0, 0.0, 0.0, 0.0, 0.0, 0.0, 0.0, 0.0], "2": [0.61619832678698, 0.6404924730459849, 0.0, 0.0, 0.6162485883571207, 0.634050750070148, 0.0, 0.0, 0.0, 0.0, 0.0, 0.0, 0.6016186963766813, 0.6556742959552341, 0.0, 0.0, 0.588496670871973, 0.661500124923057, 0.0, 0.0, 0.0, 0.0, 0.0, 0.0, 0.0, 0.0, 0.0, 0.0, 0.0, 0.0, 0.0, 0.0, 0.0, 0.0], "3": [0.0, 0.0, 0.6155935608461732, 0.6336400618155797, 0.0, 0.0, 0.0, 0.0, 0.0, 0.0, 0.0, 0.0, 0.0, 0.0, 0.0, 0.0, 0.0, 0.0, 0.0, 0.0, 0.0, 0.0, 0.0, 0.0, 0.0, 0.0, 0.0, 0.0, 0.0, 0.0, 0.0, 0.0, 0.0, 0.0], "4": [0.0, 0.0, 0.0, 0.0, 0.0, 0.0, 0.6128614660352468, 0.6362876974874073, 0.6185662906616927, 0.6372418388724327, 0.6030340235272889, 0.6562955584790972, 0.62714779144153, 0.6624155906339486, 0.5822314206510782, 0.6798928118414349, 0.6364942003041506, 0.6861913045247395, 0.5660301543772219, 0.6891386263900334, 0.0, 0.0, 0.6096793681150302, 0.7247601522339715, 0.6245432954281569, 0.7235992352167765, 0.5926753051578999, 0.7738896310329437, 0.6445773774757981, 0.7608121995917625, 0.5749966587871314, 0.8243669870826933, 0.6630572399124504, 0.8205780012740029], "5": [0.0, 0.0, 0.0, 0.0, 0.0, 0.0, 0.0, 0.0, 0.0, 0.0, 0.8331904290243983, 0.5772719780604044, 0.0, 0.0, 0.0, 0.0, 0.0, 0.0, 0.0, 0.0, 0.0, 0.0, 0.0, 0.0, 0.0, 0.0, 0.0, 0.0, 0.0, 0.0, 0.0, 0.0, 0.0, 0.0], "6": [0.0, 0.0, 0.0, 0.0, 0.0, 0.0, 0.0, 0.0, 0.0, 0.0, 0.0, 0.0, 0.0, 0.0, 0.0, 0.0, 0.0, 0.0, 0.0, 0.0, 0.5680655352771282, 0.6881829659144084, 0.0, 0.0, 0.0, 0.0, 0.0, 0.0, 0.0, 0.0, 0.0, 0.0, 0.0, 0.0], "7": [0.0, 0.0, 0.0, 0.0, 0.0, 0.0, 0.0, 0.0, 0.0, 0.0, 0.0, 0.0, 0.0, 0.0, 0.0, 0.0, 0.0, 0.0, 0.0, 0.0, 0.3570744315162301, 0.4729922658039464, 0.0, 0.0, 0.0, 0.0, 0.0, 0.0, 0.0, 0.0, 0.0, 0.0, 0.0, 0.0], "8": [0.0, 0.0, 0.0, 0.0, 0.0, 0.0, 0.0, 0.0, 0.0, 0.0, 0.0, 0.0, 0.0, 0.0, 0.0, 0.0, 0.0, 0.0, 0.0, 0.0, 0.0, 0.0, 0.0, 0.0, 0.0, 0.0, 0.6429091626778245, 0.7581354912784365, 0.5946041110903024, 0.7741489032904307, 0.6635137094184757, 0.8190438452694151, 0.5749574966728688, 0.8231558620929718]}