{"0": [0.5289149888791144, 0.6595857621894943, 0.5301416559144856, 0.6542004310422473, 0.5262370498850941, 0.6544282260868285, 0.0, 0.0, 0.5190457899123431, 0.6555585967169868, 0.5266461648046971, 0.6814938631322649, 0.5094553761475253, 0.6839256634314855, 0.5234761279076338, 0.7244933850235409, 0.5018678506836295, 0.7287703255812327, 0.5278559445170685, 0.7631683866182963, 0.5097524527460336, 0.766045175658332, 0.5228205032646657, 0.7633430037233565, 0.5148160634562373, 0.765734060605367, 0.5214010913390666, 0.8194680909315745, 0.520148492231965, 0.8170097414818075, 0.5163752146530897, 0.878764134645462, 0.5167328684590757, 0.8814212588800324], "1": [0.3136016756296158, 0.473190223508411, 0.31582294770050795, 0.47113971842659846, 0.31170496009290216, 0.4690302309062746, 0.3209589081816375, 0.47053401751650703, 0.0, 0.0, 0.32869839440099896, 0.49433251452735727, 0.3054499199613929, 0.4943229768425227, 0.33439727815421066, 0.5262035469214121, 0.3020246989093721, 0.5345043798287709, 0.33029448874294753, 0.5289389936460389, 0.3163249148987234, 0.5315656254688899, 0.32882410399615764, 0.5803760571612252, 0.3127080749011151, 0.5702519713857587, 0.3318355454131961, 0.6295412298705843, 0.3138483682647347, 0.6243727525075277, 0.33708193711936474, 0.6812914861573114, 0.3099229269661009, 0.6722937943776035], "2": [0.0, 0.0, 0.0, 0.0, 0.3230620798654854, 0.5200692176818847, 0.0, 0.0, 0.31647813878953457, 0.5113347033659618, 0.33168195765465497, 0.5385718438360426, 0.31311568450182675, 0.5386575844552782, 0.0, 0.0, 0.0, 0.0, 0.0, 0.0, 0.0, 0.0, 0.0, 0.0, 0.0, 0.0, 0.0, 0.0, 0.0, 0.0, 0.0, 0.0, 0.0, 0.0], "3": [0.0, 0.0, 0.0, 0.0, 0.0, 0.0, 0.0, 0.0, 0.0, 0.0, 0.8326778817921877, 0.5752059744464026, 0.815338772116229, 0.5755588399039374, 0.8387099947780371, 0.6026596758100722, 0.0, 0.0, 0.0, 0.0, 0.0, 0.0, 0.0, 0.0, 0.0, 0.0, 0.0, 0.0, 0.0, 0.0, 0.0, 0.0, 0.0, 0.0]}