{"0": [0.0, 0.0, 0.0, 0.0, 0.0, 0.0, 0.42003595903515817, 0.548958323813147, 0.4349734289571643, 0.5485594363676177, 0.4116583069786429, 0.5738336299856504, 0.4418676167726517, 0.5745404177241855, 0.40065780114382504, 0.6096347126695845, 0.4487653262913228, 0.6165328496549692, 0.4000261392444372, 0.6446441014607748, 0.454089407902211, 0.64772004948722, 0.41625084741972385, 0.6451582239733803, 0.43677759505808356, 0.6442504800028271, 0.4146439549513161, 0.6835188534524705, 0.4454298381693661, 0.6728156414296892, 0.0, 0.0, 0.0, 0.0], "1": [0.0, 0.0, 0.0, 0.0, 0.0, 0.0, 0.0, 0.0, 0.0, 0.0, 0.0, 0.0, 0.0, 0.0, 0.0, 0.0, 0.0, 0.0, 0.0, 0.0, 0.0, 0.0, 0.0, 0.0, 0.0, 0.0, 0.0, 0.0, 0.0, 0.0, 0.40933431653829755, 0.6888195885552301, 0.0, 0.0]}