{"0": [0.0, 0.0, 0.0, 0.0, 0.0, 0.0, 0.5609467715024948, 0.6074305767814319, 0.5753978077322246, 0.6099450763728884, 0.5531724979286081, 0.6292781424191263, 0.5785909345373511, 0.6372096538543701, 0.5503003438934684, 0.67627162999577, 0.5829035758972168, 0.6787094162570105, 0.5582382173277438, 0.6985785643259684, 0.0, 0.0, 0.5578422059305013, 0.6989591376649009, 0.5704135684296489, 0.702236079176267, 0.0, 0.0, 0.0, 0.0, 0.0, 0.0, 0.0, 0.0], "1": [0.0, 0.0, 0.0, 0.0, 0.0, 0.0, 0.5232134414836763, 0.6198514454894596, 0.5370670909062027, 0.6212126016616821, 0.5130069781094788, 0.6475656736228201, 0.5438123479485512, 0.6479755401611328, 0.5061659026890993, 0.6915659934282303, 0.5488057523965836, 0.6949114031261868, 0.5043996402062476, 0.719638580414984, 0.0, 0.0, 0.5187151484191419, 0.7312712576654222, 0.5384463591501116, 0.730752455525928, 0.5187733773142099, 0.795465414888329, 0.5370081618428231, 0.7861995644039578, 0.5188122820109128, 0.8574078195624882, 0.537324583902955, 0.8461797502305772], "2": [0.0, 0.0, 0.0, 0.0, 0.0, 0.0, 0.0, 0.0, 0.0, 0.0, 0.0, 0.0, 0.0, 0.0, 0.0, 0.0, 0.0, 0.0, 0.0, 0.0, 0.5674312291666865, 0.6990338967906103, 0.0, 0.0, 0.0, 0.0, 0.0, 0.0, 0.0, 0.0, 0.0, 0.0, 0.0, 0.0]}