{"0": [0.0, 0.0, 0.0, 0.0, 0.0, 0.0, 0.5300410114228726, 0.530386812488238, 0.5419349004514515, 0.5266256383723683, 0.5286086886655539, 0.554621480902036, 0.5521893179975451, 0.5527598990334405, 0.5240149686113, 0.5958876906169785, 0.560779660847038, 0.5648270100355148, 0.0, 0.0, 0.0, 0.0, 0.5342441706336103, 0.6325258354345957, 0.5532905255444347, 0.6349690775076547, 0.5325458163395524, 0.6821734170118968, 0.5492806453257799, 0.6815784053670034, 0.5316463198512793, 0.729337412946754, 0.5508968163281678, 0.7340838942262862], "1": [0.0, 0.0, 0.0, 0.0, 0.0, 0.0, 0.0, 0.0, 0.0, 0.0, 0.0, 0.0, 0.0, 0.0, 0.0, 0.0, 0.0, 0.0, 0.0, 0.0, 0.5684332899749279, 0.5427255690097809, 0.0, 0.0, 0.0, 0.0, 0.0, 0.0, 0.0, 0.0, 0.0, 0.0, 0.0, 0.0]}