{"0": [0.0, 0.0, 0.4778621347155422, 0.6093590928448571, 0.0, 0.0, 0.4819874165579677, 0.6068558772404988, 0.0, 0.0, 0.4978318932466209, 0.6404323427213564, 0.5023160060867667, 0.6361794195241399, 0.49128658925183116, 0.673543131020334, 0.48017017301172016, 0.6698229336076312, 0.47930793911218644, 0.6303530194693141, 0.0, 0.0, 0.5032104095269461, 0.7027835397256746, 0.5073129801079631, 0.6983444700638454, 0.4701789874583483, 0.7268524539139536, 0.0, 0.0, 0.0, 0.0, 0.0, 0.0], "1": [0.0, 0.0, 0.0, 0.0, 0.0, 0.0, 0.5826260339468717, 0.6242307908005184, 0.5963996189646423, 0.6249925275643666, 0.5727405528537929, 0.6485949660340945, 0.6041721475310624, 0.652524537841479, 0.5637527836486698, 0.6896990699900521, 0.6121214233338833, 0.6992051031854417, 0.5753723511472345, 0.7056976888639231, 0.6174117919057608, 0.7389043001522724, 0.5783899857895449, 0.7301791653037071, 0.5977671167813241, 0.7324337604973051, 0.5796702434308827, 0.7935910623106691, 0.5955497493967414, 0.7982199552986357, 0.577846043743193, 0.8513352930545807, 0.5969823457300664, 0.8619846696654956], "2": [0.0, 0.0, 0.0, 0.0, 0.0, 0.0, 0.0, 0.0, 0.0, 0.0, 0.0, 0.0, 0.0, 0.0, 0.0, 0.0, 0.0, 0.0, 0.0, 0.0, 0.4797991769388318, 0.6301095275415315, 0.0, 0.0, 0.0, 0.0, 0.0, 0.0, 0.0, 0.0, 0.0, 0.0, 0.0, 0.0], "3": [0.0, 0.0, 0.0, 0.0, 0.0, 0.0, 0.0, 0.0, 0.0, 0.0, 0.0, 0.0, 0.0, 0.0, 0.0, 0.0, 0.0, 0.0, 0.0, 0.0, 0.0, 0.0, 0.0, 0.0, 0.0, 0.0, 0.0, 0.0, 0.514674014877528, 0.7357002082798216, 0.0, 0.0, 0.5212492704391479, 0.761329859867692]}