{"0": [0.8265394546091557, 0.610144070121977, 0.8291030384600162, 0.6029759632216559, 0.8248858565464616, 0.6044864124721951, 0.8362153738737106, 0.6051926992419693, 0.0, 0.0, 0.8419439419172704, 0.6348278903298907, 0.8205259938724339, 0.6352829923232396, 0.8475207086652518, 0.6623505892852942, 0.8170943687669933, 0.6648755894766913, 0.0, 0.0, 0.0, 0.0, 0.8385012378916145, 0.6884025696251127, 0.8250461455434561, 0.6898127446571986, 0.0, 0.0, 0.0, 0.0, 0.0, 0.0, 0.0, 0.0], "1": [0.8638810938224196, 0.11516532103220621, 0.8662304691970348, 0.11098054779900444, 0.8628958564251661, 0.11016519202126397, 0.0, 0.0, 0.8591215328779072, 0.11163970000214046, 0.8718699916091281, 0.13024079932106866, 0.854340816475451, 0.12907056957483293, 0.0, 0.0, 0.8501364378258586, 0.1530272947417365, 0.0, 0.0, 0.0, 0.0, 0.0, 0.0, 0.854931834153831, 0.1719730990628401, 0.0, 0.0, 0.0, 0.0, 0.0, 0.0, 0.0, 0.0], "2": [0.0, 0.0, 0.0, 0.0, 0.0, 0.0, 0.40566369201987984, 0.6891642285717858, 0.41804762799292805, 0.6881942662927839, 0.39926731716841457, 0.7131725235117806, 0.42803481542505323, 0.714836871292856, 0.38720743022859094, 0.7486026917894681, 0.43193254955112936, 0.7596269201901223, 0.3940037505701184, 0.7510950971808699, 0.43772579710930587, 0.8068227637145254, 0.4043369362130761, 0.7928985885447926, 0.4236504066735506, 0.7945246163652175, 0.39840705730021, 0.857777237561014, 0.42720986939966676, 0.8526556144158045, 0.39215888027101753, 0.9314278652270634, 0.0, 0.0], "3": [0.0, 0.0, 0.0, 0.0, 0.0, 0.0, 0.49301305897533887, 0.6243241353167427, 0.5059537820518017, 0.6281221415433619, 0.48071623779833317, 0.6486303133269151, 0.5094812252442352, 0.656833826833301, 0.4694337256252766, 0.6823386867013242, 0.5121855832636356, 0.6965459229217635, 0.4674622092396021, 0.7319669352637397, 0.5091415126109495, 0.7287580367591646, 0.4801635516807437, 0.7256821776429813, 0.49955210350453844, 0.7267241009407573, 0.48005424737930297, 0.7734412650267283, 0.5006377493962646, 0.7684431711832682, 0.4789275238290429, 0.8193220973014832, 0.501903868932277, 0.815441226048602], "4": [0.0, 0.0, 0.0, 0.0, 0.0, 0.0, 0.846861092618201, 0.16340518395106, 0.0, 0.0, 0.8545960023999216, 0.18735065625773537, 0.0, 0.0, 0.0, 0.0, 0.0, 0.0, 0.0, 0.0, 0.0, 0.0, 0.0, 0.0, 0.0, 0.0, 0.0, 0.0, 0.0, 0.0, 0.0, 0.0, 0.0, 0.0], "5": [0.0, 0.0, 0.0, 0.0, 0.0, 0.0, 0.0, 0.0, 0.0, 0.0, 0.811442832276225, 0.1529935038752026, 0.0, 0.0, 0.0, 0.0, 0.0, 0.0, 0.0, 0.0, 0.0, 0.0, 0.0, 0.0, 0.0, 0.0, 0.0, 0.0, 0.0, 0.0, 0.0, 0.0, 0.0, 0.0], "6": [0.0, 0.0, 0.0, 0.0, 0.0, 0.0, 0.0, 0.0, 0.0, 0.0, 0.0, 0.0, 0.0, 0.0, 0.0, 0.0, 0.0, 0.0, 0.8444005992263556, 0.6530333158042696, 0.0, 0.0, 0.0, 0.0, 0.0, 0.0, 0.0, 0.0, 0.0, 0.0, 0.0, 0.0, 0.0, 0.0], "7": [0.0, 0.0, 0.0, 0.0, 0.0, 0.0, 0.0, 0.0, 0.0, 0.0, 0.0, 0.0, 0.0, 0.0, 0.0, 0.0, 0.0, 0.0, 0.0, 0.0, 0.0, 0.0, 0.0, 0.0, 0.0, 0.0, 0.0, 0.0, 0.0, 0.0, 0.0, 0.0, 0.4421060186810791, 0.9025347646739746]}