{"0": [0.36242063865065577, 0.4466222925318612, 0.36455414928495883, 0.4435075475109948, 0.36106997430324556, 0.44339727030860054, 0.36808111798018217, 0.44574492209487493, 0.3588260717689991, 0.4439426309532589, 0.36869159303605553, 0.46701581643687357, 0.3530849686649162, 0.46439325213432314, 0.376863619685173, 0.48918709688716466, 0.34692155605880537, 0.4854571632213063, 0.0, 0.0, 0.0, 0.0, 0.3636695442721248, 0.5078493676251835, 0.35030201710760595, 0.5067384930120574, 0.0, 0.0, 0.0, 0.0, 0.0, 0.0, 0.0, 0.0], "1": [0.4546111846342683, 0.6447183301051459, 0.45593517143279316, 0.6372444917758306, 0.0, 0.0, 0.45674481578171255, 0.6386287750676274, 0.46793560348451135, 0.6341064910093942, 0.46140211895108224, 0.6633751201960776, 0.47551799677312384, 0.6580716944403118, 0.4639896245673299, 0.709922711385621, 0.4796014383435249, 0.6940319677193959, 0.4503363163092981, 0.7265234870471232, 0.44370800293982027, 0.7197197930680381, 0.47628960348665716, 0.7351926114824083, 0.48845250997692347, 0.7305731789933311, 0.4583912554197013, 0.7737828859024578, 0.4638506669551134, 0.7716634266492394, 0.46942219976335764, 0.8346156924962997, 0.47020221799612044, 0.8331323703130086], "2": [0.0, 0.0, 0.0, 0.0, 0.0, 0.0, 0.5928835738450289, 0.6445832096868092, 0.6070318292826415, 0.6426526460382673, 0.5871159743517638, 0.6735308474136723, 0.6196683268994093, 0.6683637897173563, 0.5808984899893402, 0.7153767270346483, 0.6355267893522979, 0.7009888927141825, 0.5729806846007705, 0.7458357883824243, 0.6511016808450222, 0.7273497561199798, 0.5962903012521565, 0.7419512771897846, 0.6178032888099552, 0.7414221242070198, 0.5850427631288767, 0.7869507551193238, 0.6265671888366342, 0.7916788965463638, 0.5829304417595267, 0.8465175363752577, 0.6419824659142725, 0.8392212250369605], "3": [0.0, 0.0, 0.0, 0.0, 0.0, 0.0, 0.0, 0.0, 0.0, 0.0, 0.0, 0.0, 0.7042484086006879, 0.4488699845141835, 0.0, 0.0, 0.0, 0.0, 0.0, 0.0, 0.0, 0.0, 0.0, 0.0, 0.0, 0.0, 0.0, 0.0, 0.0, 0.0, 0.0, 0.0, 0.0, 0.0]}