{"0": [0.4439792543649673, 0.5549360103077359, 0.44709541252814233, 0.5488947444491916, 0.440937922289595, 0.5485041320323945, 0.45132322423160076, 0.5519817517863379, 0.434869624953717, 0.5515553805563185, 0.45574416164308784, 0.58598452889257, 0.4265080584213138, 0.5851392219463984, 0.4586302283219993, 0.6256880682375696, 0.4207644294947386, 0.6176688152054945, 0.45324649886460977, 0.6554141064484914, 0.4130133079364896, 0.6664310654004415, 0.44702498950064185, 0.6580985337495804, 0.43022123388946054, 0.6590233688553174, 0.44981778599321853, 0.7063292421400547, 0.43230999186635016, 0.7124720033672121, 0.4491973426192999, 0.7627593252393935, 0.4364565830677748, 0.7603013915320237], "1": [0.0, 0.0, 0.0, 0.0, 0.0, 0.0, 0.661303685605526, 0.49138536353906, 0.6727580795995891, 0.49420714279015854, 0.6518064117059111, 0.5065626192424032, 0.6754243006929754, 0.5135603126552369, 0.6393164796754718, 0.534700807929039, 0.6832157323136926, 0.552381984061665, 0.6450406584888697, 0.5605351622319884, 0.6948313187807799, 0.5801347110006544, 0.6533283570315689, 0.5796888848145803, 0.6692215036600829, 0.5812846521536509, 0.6613307215273381, 0.6303819754057461, 0.6746694585308433, 0.6268577456474305, 0.6676455058157443, 0.6820855471822951, 0.6796151678077876, 0.677736508846283], "2": [0.0, 0.0, 0.0, 0.0, 0.0, 0.0, 0.0, 0.0, 0.0, 0.0, 0.0, 0.0, 0.0, 0.0, 0.0, 0.0, 0.0, 0.0, 0.0, 0.0, 0.42529715672135354, 0.5941513603967097, 0.0, 0.0, 0.0, 0.0, 0.0, 0.0, 0.0, 0.0, 0.0, 0.0, 0.0, 0.0]}