{"0": [0.35938418065488803, 0.708595053686036, 0.3622807053849101, 0.7033728513452742, 0.0, 0.0, 0.3687504956498743, 0.7110331753889719, 0.0, 0.0, 0.381041811965406, 0.7366012144419882, 0.357634705491364, 0.7417698707845476, 0.39867711383849386, 0.7682359304693012, 0.3541373966261745, 0.7822473112079832, 0.3998418267816305, 0.8089490036169688, 0.3515207313001156, 0.8224505189392302, 0.38104444220662115, 0.8190188268820443, 0.36342102400958537, 0.8212702029281194, 0.3769746444188059, 0.879043110542827, 0.3452613141387701, 0.8667696992556254, 0.3970156812225469, 0.93153501715925, 0.32752475519664587, 0.9268772723774116], "1": [0.0, 0.0, 0.0, 0.0, 0.3606339637190103, 0.7067041307687759, 0.0, 0.0, 0.0, 0.0, 0.0, 0.0, 0.0, 0.0, 0.0, 0.0, 0.0, 0.0, 0.0, 0.0, 0.0, 0.0, 0.0, 0.0, 0.0, 0.0, 0.0, 0.0, 0.0, 0.0, 0.0, 0.0, 0.0, 0.0], "2": [0.0, 0.0, 0.0, 0.0, 0.0, 0.0, 0.44513995889574287, 0.5807120588090685, 0.45686330534517766, 0.5791979617542691, 0.44319516606628906, 0.6052934317953057, 0.46722165774554014, 0.6021045161618127, 0.4404328314471059, 0.6456009927723143, 0.47632008641958234, 0.6349254528681437, 0.4410553184337914, 0.6774476713604397, 0.4768146204762161, 0.663863419658608, 0.4533385239774361, 0.6702578903900253, 0.46965464930981404, 0.668248744474517, 0.4458767678588629, 0.7136124071147707, 0.4740899972617626, 0.7201369100146824, 0.0, 0.0, 0.47605458181351423, 0.7840213318251901], "3": [0.0, 0.0, 0.0, 0.0, 0.0, 0.0, 0.0, 0.0, 0.0, 0.0, 0.0, 0.0, 0.0, 0.0, 0.0, 0.0, 0.0, 0.0, 0.0, 0.0, 0.8392159897834063, 0.5496983878935376, 0.0, 0.0, 0.0, 0.0, 0.0, 0.0, 0.0, 0.0, 0.0, 0.0, 0.0, 0.0]}