{"0": [0.8292932713404297, 0.6134245832761128, 0.832214024104178, 0.6045969631936815, 0.8263299409300089, 0.6086936076482137, 0.8396357427351177, 0.6100440707471636, 0.8210651556029915, 0.611356129248937, 0.8441509090363979, 0.6466408282518387, 0.8212172836065292, 0.6462188849846522, 0.84303447753191, 0.6870534890227847, 0.0, 0.0, 0.8270741951651871, 0.684320952826076, 0.0, 0.0, 0.8417574045248329, 0.7289671346545219, 0.8281120457948419, 0.7288036813338596, 0.0, 0.0, 0.0, 0.0, 0.0, 0.0, 0.0, 0.0], "1": [0.6198195960372688, 0.668899655342102, 0.0, 0.0, 0.618838008120656, 0.6653444170951843, 0.0, 0.0, 0.6162854582536965, 0.6608309562628468, 0.5908094218815677, 0.6646749453412162, 0.6091442033648491, 0.6868055661519369, 0.5566612754017115, 0.6838867838184038, 0.625799999013543, 0.7318011181222068, 0.0, 0.0, 0.6463912253733725, 0.7474369547433324, 0.5669214623048903, 0.751686504152086, 0.5859498480334878, 0.749532390675611, 0.0, 0.0, 0.6204776137135923, 0.7523114141490724, 0.0, 0.0, 0.6274242165032774, 0.818338429596689], "2": [0.13535245675593616, 0.09646626114845276, 0.0, 0.0, 0.0, 0.0, 0.0, 0.0, 0.0, 0.0, 0.14750699549913407, 0.11941532178057565, 0.12468628212809563, 0.12394388251834446, 0.0, 0.0, 0.0, 0.0, 0.0, 0.0, 0.0, 0.0, 0.0, 0.0, 0.0, 0.0, 0.0, 0.0, 0.0, 0.0, 0.0, 0.0, 0.0, 0.0], "3": [0.0, 0.0, 0.0, 0.0, 0.0, 0.0, 0.5172010703012347, 0.6000169787142012, 0.5300982236862183, 0.6018040577570597, 0.5071352776139976, 0.624991340107388, 0.5370419979095459, 0.632642713189125, 0.4924443278461695, 0.6570749849081039, 0.540532382967649, 0.6727287789185842, 0.0, 0.0, 0.5360466441139579, 0.695832942177852, 0.5095877456245944, 0.6995208286576801, 0.5289928101934492, 0.703885981771681, 0.5088003819808364, 0.7539613303211, 0.5269490235485137, 0.7578471859296163, 0.5095855434192345, 0.81924995796548, 0.5221446000738069, 0.8207229706976149], "4": [0.0, 0.0, 0.0, 0.0, 0.0, 0.0, 0.0, 0.0, 0.0, 0.0, 0.0, 0.0, 0.0, 0.0, 0.0, 0.0, 0.0, 0.0, 0.49982107281684873, 0.6732458153532611, 0.0, 0.0, 0.0, 0.0, 0.0, 0.0, 0.0, 0.0, 0.0, 0.0, 0.0, 0.0, 0.0, 0.0], "5": [0.0, 0.0, 0.0, 0.0, 0.0, 0.0, 0.0, 0.0, 0.0, 0.0, 0.0, 0.0, 0.0, 0.0, 0.0, 0.0, 0.0, 0.0, 0.5613410316407681, 0.6881717440154819, 0.0, 0.0, 0.0, 0.0, 0.0, 0.0, 0.0, 0.0, 0.0, 0.0, 0.0, 0.0, 0.0, 0.0], "6": [0.0, 0.0, 0.0, 0.0, 0.0, 0.0, 0.0, 0.0, 0.0, 0.0, 0.0, 0.0, 0.0, 0.0, 0.0, 0.0, 0.0, 0.0, 0.0, 0.0, 0.0, 0.0, 0.0, 0.0, 0.0, 0.0, 0.6161028449423611, 0.7449720839659373, 0.0, 0.0, 0.0, 0.0, 0.0, 0.0]}