{"0": [0.42576412912458184, 0.5349621285994848, 0.4270286037586629, 0.5301604708035786, 0.42217503192368894, 0.5302146035763952, 0.4299149580299854, 0.5290194590886433, 0.4168103724718094, 0.5314136842886606, 0.43301555486395954, 0.5500976940720446, 0.41002281811088326, 0.5573029077715345, 0.43910812279209493, 0.5832878304697159, 0.41032791463658214, 0.5852606940600608, 0.4482029261998832, 0.602213677432802, 0.0, 0.0, 0.43152690287679435, 0.6171958878222439, 0.4160406510345638, 0.618617150021924, 0.4324209913611412, 0.666823238796658, 0.4184915708377958, 0.668816848927074, 0.43141936473548415, 0.7184624306029743, 0.41708909599110483, 0.7178121773733033], "1": [0.4090788833796978, 0.4483303083313836, 0.412385244295001, 0.44476383229096733, 0.4072884812951088, 0.4439076476626926, 0.41618783716112373, 0.44789202792776955, 0.4039065599441528, 0.44800631536377794, 0.42070314940065145, 0.4708641514182091, 0.39759650044143197, 0.47128844062487285, 0.42677550883963705, 0.49537923617495433, 0.39475521650165313, 0.4919376639856233, 0.0, 0.0, 0.0, 0.0, 0.4156527930725133, 0.5177055632902515, 0.0, 0.0, 0.0, 0.0, 0.0, 0.0, 0.0, 0.0, 0.0, 0.0], "2": [0.0, 0.0, 0.0, 0.0, 0.0, 0.0, 0.6165897309780121, 0.5211263418197631, 0.6280190426274201, 0.522941980097029, 0.6087015026248992, 0.5474419800771607, 0.6305742029100656, 0.5515626344415877, 0.6030607006454376, 0.579861620399687, 0.6349491110537201, 0.5914555884069868, 0.0, 0.0, 0.6414873103611172, 0.6253678818543752, 0.6098680544178933, 0.6211142414146, 0.625987852178514, 0.6225125034650166, 0.6137002166360617, 0.6779431723886066, 0.6353781174868345, 0.6744661399059826, 0.5963278545532376, 0.7363328771458731, 0.6442542117089032, 0.7241210126214557], "3": [0.0, 0.0, 0.0, 0.0, 0.0, 0.0, 0.0, 0.0, 0.0, 0.0, 0.0, 0.0, 0.0, 0.0, 0.0, 0.0, 0.0, 0.0, 0.43653647899627684, 0.5437066402700211, 0.0, 0.0, 0.0, 0.0, 0.0, 0.0, 0.0, 0.0, 0.0, 0.0, 0.0, 0.0, 0.0, 0.0], "4": [0.0, 0.0, 0.0, 0.0, 0.0, 0.0, 0.0, 0.0, 0.0, 0.0, 0.0, 0.0, 0.0, 0.0, 0.0, 0.0, 0.0, 0.0, 0.0, 0.0, 0.4200629016384482, 0.5713299690849252, 0.0, 0.0, 0.0, 0.0, 0.0, 0.0, 0.0, 0.0, 0.0, 0.0, 0.0, 0.0], "5": [0.0, 0.0, 0.0, 0.0, 0.0, 0.0, 0.0, 0.0, 0.0, 0.0, 0.0, 0.0, 0.0, 0.0, 0.0, 0.0, 0.0, 0.0, 0.0, 0.0, 0.4092979503853712, 0.6317961557043924, 0.0, 0.0, 0.0, 0.0, 0.0, 0.0, 0.0, 0.0, 0.0, 0.0, 0.0, 0.0]}