{"0": [0.36208583023399116, 0.44908560315767926, 0.36378726847469806, 0.4454933706257078, 0.36042999997735026, 0.44423455198605855, 0.0, 0.0, 0.358620758773759, 0.448120868868298, 0.36858749426901344, 0.46454701489872413, 0.35237418934702874, 0.4659422232045068, 0.37502302862703807, 0.48842848307556574, 0.0, 0.0, 0.3653118027374148, 0.4693531569507387, 0.0, 0.0, 0.0, 0.0, 0.0, 0.0, 0.0, 0.0, 0.0, 0.0, 0.0, 0.0, 0.0, 0.0], "1": [0.3095588826574385, 0.6245783136950599, 0.3089575721882284, 0.6201390326023101, 0.0, 0.0, 0.31238771229982376, 0.6196518388059404, 0.3221482302993536, 0.6113329099284278, 0.3197154773399234, 0.6445525937610203, 0.3293318122625351, 0.637092988855309, 0.32463635597378016, 0.687776909603013, 0.33184399362653494, 0.6756861961550182, 0.32227229409041147, 0.7135216671469594, 0.0, 0.0, 0.3334172424860299, 0.7185333299967978, 0.345100842602551, 0.7139888794885741, 0.3145229714922607, 0.7717133268713952, 0.3485608272254467, 0.7701056801610523, 0.31183423809707167, 0.8431940539015664, 0.364302918035537, 0.8177335490783055], "2": [0.0, 0.0, 0.0, 0.0, 0.0, 0.0, 0.42882019649259745, 0.6191313165757392, 0.44361601769924164, 0.6173833005958134, 0.42151972234714774, 0.6457825462023418, 0.4517129736021161, 0.6446776108609306, 0.40876596784219144, 0.6731107693579462, 0.4620670758187771, 0.6938422370288108, 0.3982104858383536, 0.6896252251333661, 0.4679663870483637, 0.7189179374112024, 0.42603022828698156, 0.7217097494337293, 0.4493979154154658, 0.7209276381466124, 0.4173312472179532, 0.7534615026579963, 0.46599391624331477, 0.7531177361806234, 0.4100904021412134, 0.8067743899093733, 0.4785716184414923, 0.8100872576236723], "3": [0.0, 0.0, 0.0, 0.0, 0.0, 0.0, 0.0, 0.0, 0.0, 0.0, 0.0, 0.0, 0.0, 0.0, 0.0, 0.0, 0.0, 0.0, 0.0, 0.0, 0.35654045045375826, 0.4681755383809408, 0.0, 0.0, 0.0, 0.0, 0.0, 0.0, 0.0, 0.0, 0.0, 0.0, 0.0, 0.0]}