{"0": [0.5114431578665972, 0.7084566579924689, 0.0, 0.0, 0.0, 0.0, 0.0, 0.0, 0.0, 0.0, 0.0, 0.0, 0.0, 0.0, 0.0, 0.0, 0.0, 0.0, 0.0, 0.0, 0.0, 0.0, 0.0, 0.0, 0.0, 0.0, 0.0, 0.0, 0.0, 0.0, 0.0, 0.0, 0.0, 0.0], "1": [0.3656876451103016, 0.4528379658857981, 0.3672859348356724, 0.4496036688486735, 0.3634793354198336, 0.4493908339076572, 0.0, 0.0, 0.3601532161235809, 0.4515692502260208, 0.370426095277071, 0.4668966597980923, 0.35487141571938985, 0.46515018112129636, 0.37411507964134216, 0.48542512042654884, 0.3466799237416126, 0.4827266490293874, 0.0, 0.0, 0.0, 0.0, 0.0, 0.0, 0.0, 0.0, 0.0, 0.0, 0.0, 0.0, 0.0, 0.0, 0.0, 0.0], "2": [0.7715209944872187, 0.0875447796450721, 0.7749609662219882, 0.0719356271955702, 0.0, 0.0, 0.790404111216776, 0.07201686571869585, 0.0, 0.0, 0.0, 0.0, 0.0, 0.0, 0.0, 0.0, 0.0, 0.0, 0.0, 0.0, 0.0, 0.0, 0.0, 0.0, 0.0, 0.0, 0.0, 0.0, 0.0, 0.0, 0.0, 0.0, 0.0, 0.0], "3": [0.0, 0.0, 0.0, 0.0, 0.0, 0.0, 0.45958856518846003, 0.5806742269131873, 0.47271066457033156, 0.5846303592125575, 0.45022377632558347, 0.603120681643486, 0.4781161670536676, 0.609946072101593, 0.4386496752500534, 0.6272326209478908, 0.4834250106476247, 0.6501854034140706, 0.0, 0.0, 0.48191404193639753, 0.6740906553135977, 0.44984077773988246, 0.6685148649745517, 0.470557214319706, 0.6724883594239751, 0.44509563874453306, 0.6923354395561747, 0.4688957937061787, 0.7130732986662123, 0.44161893920972944, 0.7226265182097753, 0.4671992940828204, 0.7336994747320811], "4": [0.0, 0.0, 0.0, 0.0, 0.0, 0.0, 0.0, 0.0, 0.0, 0.0, 0.4950583290308714, 0.7147847804758284, 0.4898903701454401, 0.7077857969535721, 0.4741636272519827, 0.7506038528763586, 0.0, 0.0, 0.0, 0.0, 0.48860186114907267, 0.756314303477605, 0.49181664632633326, 0.7656662282016542, 0.4904475978459232, 0.7710806273751789, 0.49216722147539266, 0.8081293625964059, 0.4924151076003909, 0.8087547911538018, 0.48207535073161123, 0.858974943558375, 0.4817306062206626, 0.8592814410726229], "5": [0.0, 0.0, 0.0, 0.0, 0.0, 0.0, 0.0, 0.0, 0.0, 0.0, 0.0, 0.0, 0.0, 0.0, 0.0, 0.0, 0.47690170211717486, 0.7329795526133643, 0.0, 0.0, 0.0, 0.0, 0.0, 0.0, 0.0, 0.0, 0.0, 0.0, 0.0, 0.0, 0.0, 0.0, 0.0, 0.0], "6": [0.0, 0.0, 0.0, 0.0, 0.0, 0.0, 0.0, 0.0, 0.0, 0.0, 0.0, 0.0, 0.0, 0.0, 0.0, 0.0, 0.0, 0.0, 0.375275619700551, 0.48823769953515794, 0.0, 0.0, 0.0, 0.0, 0.0, 0.0, 0.0, 0.0, 0.0, 0.0, 0.0, 0.0, 0.0, 0.0]}