{"0": [0.40788114368915557, 0.6125149591101541, 0.4082882145419717, 0.6090739952193366, 0.0, 0.0, 0.41299945283681155, 0.6064639065000746, 0.41641043182462456, 0.6039855380853018, 0.41943152230232955, 0.6269604470166895, 0.42143183094449344, 0.6252305641770363, 0.425974003598094, 0.6680161009232203, 0.41667387802153827, 0.6684234062830607, 0.4096356378635392, 0.6842069132460489, 0.4068370725959539, 0.68293685718543, 0.4414172707125544, 0.6870647880766126, 0.4366483947262168, 0.6874591271082561, 0.42325624646618965, 0.7384741990516583, 0.42383159287273886, 0.7385441440468034, 0.4404500350472517, 0.7880292760001288, 0.43967539072036743, 0.787448396285375], "1": [0.0, 0.0, 0.0, 0.0, 0.0, 0.0, 0.4959884092211723, 0.6134591082731883, 0.5095491848653182, 0.61113973458608, 0.49155763667076824, 0.6450138164891136, 0.5195679984986782, 0.6355398310555352, 0.4871538471430541, 0.6845661442312929, 0.5298455482348798, 0.6716571527222792, 0.4995382081717253, 0.7000229239463807, 0.5220430198241957, 0.6931568634178903, 0.502287185471505, 0.7168229953178928, 0.5223194470629096, 0.7137435923020045, 0.5039714773185552, 0.77342658225033, 0.519550527818501, 0.7698681736985841, 0.5098298132419586, 0.8279892805549833, 0.5217191598261707, 0.8254569421211878], "2": [0.0, 0.0, 0.0, 0.0, 0.0, 0.0, 0.0, 0.0, 0.0, 0.0, 0.0, 0.0, 0.0, 0.0, 0.0, 0.0, 0.0, 0.0, 0.0, 0.0, 0.0, 0.0, 0.0, 0.0, 0.0, 0.0, 0.0, 0.0, 0.0, 0.0, 0.4646067973226309, 0.7457004467646281, 0.0, 0.0], "3": [0.0, 0.0, 0.0, 0.0, 0.0, 0.0, 0.0, 0.0, 0.0, 0.0, 0.0, 0.0, 0.0, 0.0, 0.0, 0.0, 0.0, 0.0, 0.0, 0.0, 0.0, 0.0, 0.0, 0.0, 0.0, 0.0, 0.0, 0.0, 0.0, 0.0, 0.0, 0.0, 0.46656984454020856, 0.7503807597276235]}