{"0": [0.8272558365017175, 0.6121212035417557, 0.82972063831985, 0.6059444997045729, 0.8255496203899384, 0.6073532877696886, 0.8354176361113786, 0.6084384259250429, 0.8227279709652067, 0.6098863846725888, 0.8418109939433635, 0.6349444061517715, 0.8207192009314894, 0.6357723855310016, 0.847407233575359, 0.6640201899740431, 0.816492909565568, 0.6628803119063378, 0.8402312904596329, 0.6613588997680279, 0.823805944621563, 0.6599758293893602, 0.8377128904685378, 0.6866196122434404, 0.8247296588495374, 0.6883301516373952, 0.0, 0.0, 0.0, 0.0, 0.0, 0.0, 0.0, 0.0], "1": [0.0, 0.0, 0.0, 0.0, 0.0, 0.0, 0.5675767660140991, 0.6842131627930536, 0.5836691856849938, 0.6845615877873368, 0.5609001040458679, 0.7114529533518685, 0.591278252704069, 0.7132698198159536, 0.5551505375653505, 0.7393852909819947, 0.6052023587748409, 0.7519084188673232, 0.0, 0.0, 0.6190410260111093, 0.7815800978077783, 0.5632922200486064, 0.8036586564448145, 0.5835253642871976, 0.7993048366573122, 0.5576902862638236, 0.838396534572045, 0.5957130013033748, 0.8474856625000636, 0.55563840046525, 0.8827389908333619, 0.5936604453250766, 0.914137600031164], "2": [0.0, 0.0, 0.0, 0.0, 0.0, 0.0, 0.5703238980844617, 0.5580454885959625, 0.5815509634092451, 0.5606120480431451, 0.5633906606584788, 0.5795340028074053, 0.5838580682873726, 0.5857659712433815, 0.5547950513660906, 0.6117290298144022, 0.588034900277853, 0.626268985370795, 0.561571903526783, 0.6209186679787106, 0.6000933213159442, 0.669740552537971, 0.5651369514409452, 0.6478954601618979, 0.5795397467911243, 0.6524600404832099, 0.5648099560290575, 0.6842515484326416, 0.5860116254538298, 0.6937945832808813, 0.0, 0.0, 0.0, 0.0]}