{"0": [0.36485705836676063, 0.45092280904452003, 0.36712895557284353, 0.44740047852198284, 0.3629418723285198, 0.44703192644649076, 0.3710538104176521, 0.44989130602528654, 0.35760137345641857, 0.44866899268494714, 0.3737408310174942, 0.47205274428965316, 0.3516267891041934, 0.47084000665280556, 0.37807149069849405, 0.4936057307653957, 0.34389808736741545, 0.4925685642494096, 0.37129315081983805, 0.4744547971420818, 0.0, 0.0, 0.3702751377597452, 0.5168874608766701, 0.0, 0.0, 0.0, 0.0, 0.0, 0.0, 0.0, 0.0, 0.0, 0.0], "1": [0.4047789229080081, 0.5930241886112424, 0.4060307860374451, 0.5889568590455585, 0.4029501540819183, 0.5892600960201687, 0.0, 0.0, 0.39641025862656537, 0.5848470184538099, 0.40105859357863666, 0.6085720078812705, 0.3833262599219038, 0.6073829592550484, 0.40592941269278526, 0.6270428269273705, 0.36690234038978814, 0.6539652049541473, 0.41519812210462986, 0.6425236930449804, 0.3681727010756731, 0.682650949764583, 0.3838050238322467, 0.6816008086005847, 0.3726910877041519, 0.6815121303002039, 0.3816102126613259, 0.7179268123375044, 0.3738022377714515, 0.7193030014634132, 0.3850845480803401, 0.7679972479740779, 0.38410204055253416, 0.7679942869477802], "2": [0.0, 0.0, 0.0, 0.0, 0.0, 0.0, 0.5855840213596821, 0.6142239578896098, 0.599711454100907, 0.6139208477404383, 0.5799457510933279, 0.6444631086455451, 0.610399373807013, 0.642021456691954, 0.5756353303790093, 0.6901372651259104, 0.6183510560542345, 0.6828712038281891, 0.5794083625078201, 0.6933255093793075, 0.6106741361320018, 0.6963201703296767, 0.5877724958583712, 0.7250146779749128, 0.6073989879339934, 0.7242707328663932, 0.5931106457486749, 0.7838493444025516, 0.6130131717771292, 0.7827995749811332, 0.5939866155385971, 0.844616581996282, 0.6193744849413634, 0.8442291878991657], "3": [0.0, 0.0, 0.0, 0.0, 0.0, 0.0, 0.3957802108488977, 0.6113745444350772, 0.0, 0.0, 0.0, 0.0, 0.0, 0.0, 0.0, 0.0, 0.0, 0.0, 0.0, 0.0, 0.0, 0.0, 0.0, 0.0, 0.0, 0.0, 0.0, 0.0, 0.0, 0.0, 0.0, 0.0, 0.0, 0.0], "4": [0.0, 0.0, 0.0, 0.0, 0.0, 0.0, 0.0, 0.0, 0.0, 0.0, 0.0, 0.0, 0.40186280831694604, 0.47519243094656205, 0.0, 0.0, 0.0, 0.0, 0.0, 0.0, 0.0, 0.0, 0.0, 0.0, 0.0, 0.0, 0.0, 0.0, 0.0, 0.0, 0.0, 0.0, 0.0, 0.0], "5": [0.0, 0.0, 0.0, 0.0, 0.0, 0.0, 0.0, 0.0, 0.0, 0.0, 0.0, 0.0, 0.0, 0.0, 0.0, 0.0, 0.3751081932336092, 0.6073673582739301, 0.0, 0.0, 0.3821861073374748, 0.6177588750090864, 0.0, 0.0, 0.0, 0.0, 0.0, 0.0, 0.0, 0.0, 0.0, 0.0, 0.0, 0.0], "6": [0.0, 0.0, 0.0, 0.0, 0.0, 0.0, 0.0, 0.0, 0.0, 0.0, 0.0, 0.0, 0.0, 0.0, 0.0, 0.0, 0.0, 0.0, 0.38839830085635185, 0.6845356658101082, 0.0, 0.0, 0.0, 0.0, 0.0, 0.0, 0.0, 0.0, 0.0, 0.0, 0.0, 0.0, 0.0, 0.0], "7": [0.0, 0.0, 0.0, 0.0, 0.0, 0.0, 0.0, 0.0, 0.0, 0.0, 0.0, 0.0, 0.0, 0.0, 0.0, 0.0, 0.0, 0.0, 0.0, 0.0, 0.35843995176255705, 0.4741542471779717, 0.0, 0.0, 0.0, 0.0, 0.0, 0.0, 0.0, 0.0, 0.0, 0.0, 0.0, 0.0]}