{"0": [0.34568178262561555, 0.6000617418024276, 0.3463958401232958, 0.5933509712417919, 0.34534073090180756, 0.5965324984656439, 0.35086712595075376, 0.5905414882633422, 0.0, 0.0, 0.3622643917798996, 0.6100497802098592, 0.35350021603517234, 0.6115490972995759, 0.36924550663679845, 0.6422113362285826, 0.348682052269578, 0.6418750610616472, 0.3645872895605862, 0.6786006596353319, 0.3393768928013742, 0.6670287198490567, 0.36268801949918267, 0.6750983026292589, 0.35220320634543895, 0.6727926392108202, 0.36045600064098837, 0.7148123307360543, 0.3365168675780296, 0.6848542728357845, 0.0, 0.0, 0.0, 0.0], "1": [0.36727881990373135, 0.4473178858558337, 0.36993571780622003, 0.44339840875731573, 0.0, 0.0, 0.0, 0.0, 0.0, 0.0, 0.37840904372278605, 0.4688334637218051, 0.35772584993392226, 0.4654473688867357, 0.0, 0.0, 0.0, 0.0, 0.0, 0.0, 0.0, 0.0, 0.0, 0.0, 0.0, 0.0, 0.0, 0.0, 0.0, 0.0, 0.0, 0.0, 0.0, 0.0], "2": [0.0, 0.0, 0.0, 0.0, 0.0, 0.0, 0.630446656793356, 0.5369706251555019, 0.6392537623643875, 0.5364203757709927, 0.6270039386115969, 0.5552726844946544, 0.6377411032095551, 0.5577842295169831, 0.6287350108381361, 0.5933621598614587, 0.6366837028414012, 0.5945975039361252, 0.0, 0.0, 0.6446806402876973, 0.6285247339970536, 0.6268954255618155, 0.6259130928251478, 0.634608522267081, 0.6266528835727109, 0.6339024209417403, 0.6818081602454186, 0.639249779470265, 0.6818652712636524, 0.6313185665756464, 0.739978915784094, 0.6327712368220091, 0.7412013727757666], "3": [0.0, 0.0, 0.0, 0.0, 0.0, 0.0, 0.0, 0.0, 0.0, 0.0, 0.0, 0.0, 0.0, 0.0, 0.0, 0.0, 0.0, 0.0, 0.0, 0.0, 0.0, 0.0, 0.8452016593888402, 0.5450571695963542, 0.0, 0.0, 0.0, 0.0, 0.0, 0.0, 0.0, 0.0, 0.0, 0.0]}