{"0": [0.5033868204802274, 0.6238391511970096, 0.5060013700276614, 0.6186164561245175, 0.5005677677690983, 0.6182344239619043, 0.5120954297482967, 0.6192525762650701, 0.4966702789068222, 0.6183600982030233, 0.5194305121898651, 0.6460270629988776, 0.48928182646632196, 0.6487820451458296, 0.5271752458997071, 0.6729172423481942, 0.4805950874462724, 0.6908932616313298, 0.516024227021262, 0.6791531470086839, 0.47970178090035914, 0.7094649579789903, 0.5157932249829172, 0.7083241222633255, 0.4960735480301082, 0.7078451601995362, 0.5152939978288487, 0.7605542255358564, 0.48795578964054587, 0.722777232196596, 0.507925542909652, 0.8188163318567806, 0.49076923383399845, 0.769964488181803], "1": [0.35484487731009723, 0.445250274737676, 0.35697553120553493, 0.44130783958567515, 0.35281028323806823, 0.4415644887420867, 0.36069082506000993, 0.4425904168023003, 0.349055439978838, 0.4424503376086553, 0.3658715898403898, 0.4631387457251549, 0.34183072727173563, 0.46460748844676547, 0.37205099433194844, 0.48783554567231074, 0.3398188936524093, 0.49063545399241976, 0.36731774155050523, 0.47358592773477237, 0.0, 0.0, 0.36190658789128066, 0.5083986024061838, 0.34881942458450793, 0.5076236612266964, 0.0, 0.0, 0.0, 0.0, 0.0, 0.0, 0.0, 0.0], "2": [0.0, 0.0, 0.31913890633732084, 0.46385606394873724, 0.0, 0.0, 0.0, 0.0, 0.0, 0.0, 0.0, 0.0, 0.0, 0.0, 0.0, 0.0, 0.0, 0.0, 0.0, 0.0, 0.0, 0.0, 0.0, 0.0, 0.0, 0.0, 0.0, 0.0, 0.0, 0.0, 0.0, 0.0, 0.0, 0.0], "3": [0.0, 0.0, 0.0, 0.0, 0.0, 0.0, 0.6379056176170707, 0.6641681796974606, 0.6505103258416056, 0.6612668087912931, 0.6349484915379435, 0.6871569302346971, 0.6607908918522298, 0.6836007360782889, 0.6281259464308278, 0.7313343587848875, 0.6709362869150937, 0.7316988084051345, 0.6197686206549406, 0.7447876612345378, 0.6741065014153719, 0.7611403637669153, 0.6379209764301776, 0.768577183617486, 0.6565499011427165, 0.7698180887434217, 0.6296039009466767, 0.8153065438899729, 0.6456488667055965, 0.8219045764870114, 0.6416242974810303, 0.8798718359735277, 0.6456674525514245, 0.8762470533450443], "4": [0.0, 0.0, 0.0, 0.0, 0.0, 0.0, 0.0, 0.0, 0.0, 0.0, 0.0, 0.0, 0.0, 0.0, 0.0, 0.0, 0.6832006599754095, 0.6838658755852116, 0.0, 0.0, 0.0, 0.0, 0.0, 0.0, 0.0, 0.0, 0.0, 0.0, 0.0, 0.0, 0.0, 0.0, 0.0, 0.0], "5": [0.0, 0.0, 0.0, 0.0, 0.0, 0.0, 0.0, 0.0, 0.0, 0.0, 0.0, 0.0, 0.0, 0.0, 0.0, 0.0, 0.0, 0.0, 0.0, 0.0, 0.0, 0.0, 0.0, 0.0, 0.0, 0.0, 0.0, 0.0, 0.0, 0.0, 0.0, 0.0, 0.5076861830428243, 0.8229386697212855]}