{"0": [0.22949357951680818, 0.6973118629720476, 0.2308658980764449, 0.6899622780305368, 0.22514279633760453, 0.6905755078351056, 0.0, 0.0, 0.21226023981968561, 0.6924433089102859, 0.24159320108592514, 0.7270313775097882, 0.1944667875766754, 0.7431820624404484, 0.25051421299576754, 0.7681178696729519, 0.17067871404190854, 0.768837947094882, 0.2590293010075887, 0.8153788332585935, 0.13185234479606153, 0.8024762939523769, 0.2420253514001767, 0.8391694640671765, 0.21250291541218758, 0.8485128151873748, 0.2493463362256686, 0.9225079466899236, 0.20705281775444745, 0.9196887448981956, 0.25835698172450067, 0.9844043744934929, 0.20147170356164376, 0.9792859527799819], "1": [0.6723351135849952, 0.48252097324088766, 0.0, 0.0, 0.672193092914919, 0.4783460503375089, 0.6565205116135379, 0.47211688756942743, 0.6697509774317344, 0.4785178303718567, 0.6454349927604199, 0.4899062443662573, 0.6640790802116195, 0.515382873736046, 0.6301646849761406, 0.5121983669422291, 0.6740646221985419, 0.5538703022179781, 0.6344460568080346, 0.5362179274360339, 0.6824538603425025, 0.5782473811396847, 0.6307884765168031, 0.5650668494127414, 0.6440795614073674, 0.5705959878585957, 0.6387330045302709, 0.6173005691281072, 0.6517511030969521, 0.6200029576266254, 0.6355238373158499, 0.6707683075081419, 0.6499799437820912, 0.6800655519520795], "2": [0.0, 0.0, 0.0, 0.0, 0.0, 0.0, 0.0, 0.0, 0.0, 0.0, 0.0, 0.0, 0.0, 0.0, 0.0, 0.0, 0.0, 0.0, 0.0, 0.0, 0.1774422570131719, 0.764555608784711, 0.0, 0.0, 0.0, 0.0, 0.0, 0.0, 0.0, 0.0, 0.0, 0.0, 0.0, 0.0], "3": [0.0, 0.0, 0.0, 0.0, 0.0, 0.0, 0.0, 0.0, 0.0, 0.0, 0.0, 0.0, 0.0, 0.0, 0.0, 0.0, 0.0, 0.0, 0.0, 0.0, 0.6378380360702673, 0.53786066726402, 0.0, 0.0, 0.0, 0.0, 0.0, 0.0, 0.0, 0.0, 0.0, 0.0, 0.0, 0.0]}