{"0": [0.26407829976330205, 0.7148002728354186, 0.2634877289334933, 0.7082249149128241, 0.0, 0.0, 0.2746427162239949, 0.7006244737792898, 0.0, 0.0, 0.29831374421094853, 0.7022052102618748, 0.2899092656870683, 0.7000990596358423, 0.29770064665935936, 0.7445282169376258, 0.2925815331439177, 0.744216173597508, 0.274865166048743, 0.7754247619319081, 0.27625238994757334, 0.759116162456296, 0.33582243671019874, 0.773884139665299, 0.3188354607593889, 0.7785033113426633, 0.33052945832411446, 0.8527014149559868, 0.3010126265386741, 0.8397978756162855, 0.34838231100390354, 0.8909605517431541, 0.29343507907663785, 0.9227665033605364], "1": [0.4379687728981177, 0.5258819955366629, 0.4387964949011803, 0.5206659435122102, 0.0, 0.0, 0.44348568314065534, 0.5200977630085415, 0.45424200333654885, 0.5177177877337844, 0.44291149321943524, 0.5488679625369884, 0.4684103592298925, 0.542852724260754, 0.4377537810554107, 0.5856117685635884, 0.4769847600410382, 0.5836893141269683, 0.42552346686522163, 0.5986562152703603, 0.47296132126745455, 0.6124047217545686, 0.45157241163154443, 0.6299388746420542, 0.47063806441922984, 0.6263767808399818, 0.4403140772754947, 0.6758833498866469, 0.47786197196692226, 0.6752212795946333, 0.434014580398798, 0.729596428366171, 0.4878491242726644, 0.7293049394532486], "2": [0.0, 0.0, 0.0, 0.0, 0.0, 0.0, 0.0, 0.0, 0.0, 0.0, 0.0, 0.0, 0.0, 0.0, 0.29102149109045666, 0.7888180944033794, 0.0, 0.0, 0.0, 0.0, 0.0, 0.0, 0.0, 0.0, 0.0, 0.0, 0.0, 0.0, 0.0, 0.0, 0.0, 0.0, 0.0, 0.0], "3": [0.0, 0.0, 0.0, 0.0, 0.0, 0.0, 0.0, 0.0, 0.0, 0.0, 0.0, 0.0, 0.0, 0.0, 0.0, 0.0, 0.2922242244084676, 0.7872296694252227, 0.0, 0.0, 0.0, 0.0, 0.0, 0.0, 0.0, 0.0, 0.0, 0.0, 0.0, 0.0, 0.0, 0.0, 0.0, 0.0], "4": [0.0, 0.0, 0.0, 0.0, 0.0, 0.0, 0.0, 0.0, 0.0, 0.0, 0.0, 0.0, 0.0, 0.0, 0.0, 0.0, 0.0, 0.0, 0.0, 0.0, 0.2765884801434974, 0.7947815919363941, 0.0, 0.0, 0.0, 0.0, 0.0, 0.0, 0.0, 0.0, 0.0, 0.0, 0.0, 0.0], "5": [0.0, 0.0, 0.0, 0.0, 0.0, 0.0, 0.0, 0.0, 0.0, 0.0, 0.0, 0.0, 0.0, 0.0, 0.0, 0.0, 0.0, 0.0, 0.0, 0.0, 0.0, 0.0, 0.0, 0.0, 0.3429571493839224, 0.7670301797213378, 0.0, 0.0, 0.0, 0.0, 0.0, 0.0, 0.0, 0.0]}