{"0": [0.0, 0.0, 0.0, 0.0, 0.0, 0.0, 0.31476513038699827, 0.6019453213170722, 0.32796375975012787, 0.5953389645726592, 0.3221682207038005, 0.6276420555732868, 0.33989304980883994, 0.611854527173219, 0.329580095037818, 0.6675383177068497, 0.0, 0.0, 0.3259656676401695, 0.6978781503659708, 0.0, 0.0, 0.3476046558159093, 0.6860134368693387, 0.36415373673662543, 0.6805161873499552, 0.0, 0.0, 0.3604730576276779, 0.7365957056758581, 0.0, 0.0, 0.3944191460187236, 0.7598638967231468], "1": [0.0, 0.0, 0.0, 0.0, 0.0, 0.0, 0.4165620821217696, 0.5461456298828125, 0.43171787634491915, 0.5454430484109455, 0.41089605934297047, 0.5828696863518821, 0.4421563054124515, 0.5775111224916245, 0.39322971353928243, 0.6207967583779935, 0.4565697226052483, 0.6132722044432606, 0.37498385633031533, 0.6392281268481855, 0.46154038980603224, 0.6465963551291714, 0.4221699408565958, 0.6553447700209087, 0.4415203313032786, 0.64967832631535, 0.42187995128333566, 0.7038689626587761, 0.44840922706450026, 0.6933847356725622, 0.4311172760712604, 0.7456427686744266, 0.4652160471926133, 0.7409251994556852], "2": [0.0, 0.0, 0.0, 0.0, 0.0, 0.0, 0.0, 0.0, 0.0, 0.0, 0.0, 0.0, 0.0, 0.0, 0.0, 0.0, 0.0, 0.0, 0.0, 0.0, 0.3762884403268496, 0.6384010999291031, 0.0, 0.0, 0.0, 0.0, 0.0, 0.0, 0.0, 0.0, 0.0, 0.0, 0.0, 0.0], "3": [0.0, 0.0, 0.0, 0.0, 0.0, 0.0, 0.0, 0.0, 0.0, 0.0, 0.0, 0.0, 0.0, 0.0, 0.0, 0.0, 0.0, 0.0, 0.0, 0.0, 0.0, 0.0, 0.0, 0.0, 0.0, 0.0, 0.3176042923082908, 0.6991704591998348, 0.0, 0.0, 0.3152210059265296, 0.7673087536736771, 0.0, 0.0], "4": [0.0, 0.0, 0.0, 0.0, 0.0, 0.0, 0.0, 0.0, 0.0, 0.0, 0.0, 0.0, 0.0, 0.0, 0.0, 0.0, 0.0, 0.0, 0.0, 0.0, 0.0, 0.0, 0.0, 0.0, 0.0, 0.0, 0.0, 0.0, 0.3208341245849927, 0.6976669832512185, 0.0, 0.0, 0.0, 0.0], "5": [0.0, 0.0, 0.0, 0.0, 0.0, 0.0, 0.0, 0.0, 0.0, 0.0, 0.0, 0.0, 0.0, 0.0, 0.0, 0.0, 0.0, 0.0, 0.0, 0.0, 0.0, 0.0, 0.0, 0.0, 0.0, 0.0, 0.0, 0.0, 0.0, 0.0, 0.39555826981862385, 0.7611183749304877, 0.0, 0.0]}