{"0": [0.0, 0.0, 0.0, 0.0, 0.0, 0.0, 0.4577026476462682, 0.5582220566493493, 0.4735202804207802, 0.5561207921416671, 0.45379774620135627, 0.5969536341450832, 0.4837510825445255, 0.5911046451992459, 0.44816766190342605, 0.6391367435455322, 0.4916448858877024, 0.6221837191670029, 0.4280466670791308, 0.6582737860856233, 0.47892608021696403, 0.6321981187219974, 0.46527176642169554, 0.6694867436532621, 0.48311865503589313, 0.6690360904843718, 0.4393706531884769, 0.6960845117215757, 0.4959891222417355, 0.7036628959355531, 0.43537390273219595, 0.7692903750472598, 0.5119390031943719, 0.7549306213855743], "1": [0.0, 0.0, 0.0, 0.0, 0.0, 0.0, 0.6467131305485964, 0.570148934258355, 0.6618907583256564, 0.5735365389121904, 0.6344838223109642, 0.5974006599850125, 0.666529827689131, 0.607483669563576, 0.6183272525978585, 0.632492531173759, 0.6768269575666637, 0.6499419358041552, 0.6077179849147797, 0.6668938195263898, 0.6818128488957882, 0.6796744624773661, 0.6297756547729174, 0.6769792764827057, 0.6503671703239282, 0.6833130088117387, 0.6260540972153346, 0.7143327764338917, 0.6796845351656277, 0.7129656585278334, 0.6152269003912807, 0.7622174810480189, 0.6762274133041501, 0.7757985363403956]}