{"0": [0.590349360058705, 0.6425897921676988, 0.0, 0.0, 0.5905952765295903, 0.6379949273886503, 0.0, 0.0, 0.5861620193968217, 0.6346466586545662, 0.582629036779205, 0.652561570096899, 0.5714182930688063, 0.6500354969943012, 0.576941890673091, 0.6924592805681405, 0.5617601697643598, 0.6901468707455529, 0.0, 0.0, 0.5805604984983802, 0.7284942864267915, 0.5730776768022527, 0.7212486297995956, 0.0, 0.0, 0.5755080004533132, 0.7766322361098396, 0.0, 0.0, 0.5690313523324827, 0.849552951808329, 0.0, 0.0], "1": [0.48064171951264145, 0.5161560368758661, 0.0, 0.0, 0.48039737343788147, 0.5107889124640712, 0.4635078294823567, 0.5145860610184846, 0.47543811177213985, 0.5131059910412188, 0.45451349938909213, 0.5437950176221353, 0.47864980436861515, 0.5551838737946969, 0.4532079904029767, 0.5813649882734926, 0.47854495868086816, 0.5920974413553873, 0.0, 0.0, 0.48583020847290753, 0.622615271585959, 0.4529003137722612, 0.6240217758549584, 0.46968223092456657, 0.6266472644827984, 0.4539715968072414, 0.6828535470697616, 0.4826969390114149, 0.6772920128923875, 0.44708947620044154, 0.7420746823151906, 0.49085587734977404, 0.7346781995561388], "2": [0.0, 0.0, 0.0, 0.0, 0.0, 0.0, 0.0, 0.0, 0.0, 0.0, 0.0, 0.0, 0.0, 0.0, 0.0, 0.0, 0.0, 0.0, 0.0, 0.0, 0.0, 0.0, 0.0, 0.0, 0.5685025475453586, 0.7267811375635641, 0.0, 0.0, 0.5749861545860767, 0.7760098101916136, 0.0, 0.0, 0.5688224923641731, 0.851749712449533], "3": [0.0, 0.0, 0.0, 0.0, 0.0, 0.0, 0.0, 0.0, 0.0, 0.0, 0.0, 0.0, 0.0, 0.0, 0.0, 0.0, 0.0, 0.0, 0.0, 0.0, 0.0, 0.0, 0.0, 0.0, 0.0, 0.0, 0.0, 0.0, 0.0, 0.0, 0.0, 0.0, 0.5399975246128936, 0.7432910480984936]}