{"0": [0.0, 0.0, 0.0, 0.0, 0.0, 0.0, 0.5954150345176459, 0.544084432086459, 0.6114189337939024, 0.5464199185371399, 0.5869511691232522, 0.5802911095045231, 0.6144742976951724, 0.5835559964179994, 0.5800674110651015, 0.6280235970461812, 0.0, 0.0, 0.5736750575403372, 0.6573562374821416, 0.0, 0.0, 0.5881579705824455, 0.6704099354437656, 0.6079993262887002, 0.6721908879500849, 0.5733522957501312, 0.7157934610490446, 0.6043264195322992, 0.7331076811861108, 0.5706446276356777, 0.7825892289479573, 0.6010341412077346, 0.792470058688411], "1": [0.0, 0.0, 0.0, 0.0, 0.0, 0.0, 0.3318117134273052, 0.4469262466386513, 0.3423480580250422, 0.4420174067770993, 0.33449160202095907, 0.4720201748388785, 0.3536348397533099, 0.4632194586098194, 0.3399345909555753, 0.5021526283688016, 0.3613660198325912, 0.492373414448014, 0.33381651118397715, 0.5362815125672905, 0.0, 0.0, 0.3500715217242638, 0.5374536656395152, 0.3625667517383893, 0.5356108412698463, 0.3523988730274141, 0.5926024851975618, 0.3622330196201801, 0.5886749291999472, 0.3570307793095708, 0.6373069886808043, 0.37000992397467297, 0.6201856890210399]}