{"0": [0.289347682101652, 0.5761333862940471, 0.288430014749368, 0.5706896645051461, 0.0, 0.0, 0.29416530566910903, 0.5659301358792517, 0.0, 0.0, 0.31011226400732994, 0.5883106854226854, 0.31910269797469176, 0.5806205142427374, 0.3117929585278034, 0.6536369495921664, 0.3347142839804292, 0.6058736756995872, 0.3082930609583855, 0.694487988948822, 0.0, 0.0, 0.318074752142032, 0.685767582445233, 0.3277842139825225, 0.6788625995318095, 0.31216881759464743, 0.748861621485816, 0.3226641540415585, 0.7415100075580454, 0.3139956903954347, 0.8066643419089142, 0.3493617124855518, 0.7831666298486568], "1": [0.0, 0.0, 0.0, 0.0, 0.0, 0.0, 0.556688627290229, 0.39256292162118134, 0.5660994031776985, 0.3908753858672248, 0.5549263733128706, 0.4132050651091116, 0.5727179508966704, 0.4083664381945575, 0.5544086138407389, 0.4414226842147332, 0.5775205144969126, 0.4361840605735779, 0.5529267351453503, 0.4597236809907136, 0.0, 0.0, 0.5643857454725851, 0.4656554153671972, 0.5770770823301671, 0.4647442607967942, 0.5580867361277341, 0.503459428857874, 0.573993357270956, 0.5083735857848768, 0.5494313185413678, 0.5366132521794902, 0.572852375280733, 0.5549840297963884], "2": [0.0, 0.0, 0.0, 0.0, 0.0, 0.0, 0.0, 0.0, 0.0, 0.0, 0.0, 0.0, 0.0, 0.0, 0.0, 0.0, 0.30983936904619136, 0.6450966817361338, 0.0, 0.0, 0.0, 0.0, 0.0, 0.0, 0.0, 0.0, 0.0, 0.0, 0.0, 0.0, 0.0, 0.0, 0.0, 0.0], "3": [0.0, 0.0, 0.0, 0.0, 0.0, 0.0, 0.0, 0.0, 0.0, 0.0, 0.0, 0.0, 0.0, 0.0, 0.0, 0.0, 0.0, 0.0, 0.0, 0.0, 0.0, 0.0, 0.0, 0.0, 0.0, 0.0, 0.0, 0.0, 0.0, 0.0, 0.0, 0.0, 0.3142039768397808, 0.8049453220985554]}