{"0": [0.34288715589791535, 0.456246490224644, 0.34505905956029886, 0.4515333142545488, 0.3399757004963855, 0.45256134801440767, 0.3498334641257922, 0.45391110281149544, 0.33682575101653733, 0.4574768956060763, 0.3593075253069401, 0.48390946884950004, 0.33248961828649043, 0.4864292570838222, 0.3709463493277629, 0.5113772688088594, 0.33014534004032614, 0.5222650862160932, 0.37878702295323213, 0.5361913230684069, 0.3337880232681831, 0.5531260824865765, 0.3569812080512444, 0.5607467725321099, 0.3438424829316015, 0.5630838954890216, 0.3525956782822808, 0.6171837122352035, 0.35116990252087515, 0.6173064122597377, 0.35658831127608814, 0.668700752876423, 0.35684399120509624, 0.664754362238778], "1": [0.0, 0.0, 0.0, 0.0, 0.0, 0.0, 0.7082504525780677, 0.590025594720134, 0.0, 0.0, 0.700197846069932, 0.5975911020128816, 0.7141210089748105, 0.6100023692404782, 0.6980043513700366, 0.5884528389959424, 0.0, 0.0, 0.7014772403985262, 0.5867467875833864, 0.0, 0.0, 0.6901990223675967, 0.6734803979043608, 0.6952318099637826, 0.6781971628191296, 0.7032978183279435, 0.7449928158411273, 0.7096644698331753, 0.7472203577006304, 0.6916130381325881, 0.8049310840942242, 0.703613352329766, 0.8175460220734645], "2": [0.0, 0.0, 0.0, 0.0, 0.0, 0.0, 0.0, 0.0, 0.0, 0.0, 0.0, 0.0, 0.0, 0.0, 0.0, 0.0, 0.0, 0.0, 0.0, 0.0, 0.7234847244496146, 0.7103920163931668, 0.0, 0.0, 0.0, 0.0, 0.0, 0.0, 0.0, 0.0, 0.0, 0.0, 0.0, 0.0], "3": [0.0, 0.0, 0.0, 0.0, 0.0, 0.0, 0.0, 0.0, 0.0, 0.0, 0.0, 0.0, 0.0, 0.0, 0.0, 0.0, 0.0, 0.0, 0.0, 0.0, 0.7043111773828665, 0.5867921776241727, 0.0, 0.0, 0.0, 0.0, 0.0, 0.0, 0.0, 0.0, 0.0, 0.0, 0.0, 0.0]}