{"0": [0.41656304970383645, 0.5177149538640623, 0.0, 0.0, 0.416116560002168, 0.5132097112911719, 0.0, 0.0, 0.41131851760049665, 0.5109139309989081, 0.39740891909847653, 0.5150918594664997, 0.40103349884351097, 0.5207163259938911, 0.4255081692089637, 0.5552211297882927, 0.425466975569725, 0.5566950539747875, 0.4444685167322556, 0.56337565669307, 0.44619381055235857, 0.5651794547284091, 0.37917033309737835, 0.5895504384129135, 0.3890812073213359, 0.5920211357099039, 0.3839508144805829, 0.6517697634520354, 0.40623431240286056, 0.6299700427938391, 0.35147799700498583, 0.6754964444372389, 0.39655253278712427, 0.6871845271852282], "1": [0.0, 0.0, 0.0, 0.0, 0.0, 0.0, 0.6313801476887116, 0.5482864706604569, 0.6468310459206502, 0.5509420370062192, 0.6180740540847183, 0.5798661010132895, 0.6498337943106889, 0.5934545353606895, 0.602656037484606, 0.6104392465617922, 0.6678169703731934, 0.6314191281795501, 0.6009433545172215, 0.619717671804958, 0.6840096045285463, 0.6539600046696487, 0.6200192448993523, 0.6680784300521568, 0.6380975323418776, 0.672453389344392, 0.6189620775325845, 0.7243401739332411, 0.6447500430668394, 0.7315263059404161, 0.6126461903254191, 0.7850988736859075, 0.627201173749442, 0.7913994647838452], "2": [0.0, 0.0, 0.0, 0.0, 0.0, 0.0, 0.0, 0.0, 0.0, 0.0, 0.0, 0.0, 0.0, 0.0, 0.0, 0.0, 0.0, 0.0, 0.0, 0.0, 0.42093157842755313, 0.5585430941647953, 0.0, 0.0, 0.0, 0.0, 0.0, 0.0, 0.0, 0.0, 0.0, 0.0, 0.0, 0.0], "3": [0.0, 0.0, 0.0, 0.0, 0.0, 0.0, 0.0, 0.0, 0.0, 0.0, 0.0, 0.0, 0.0, 0.0, 0.0, 0.0, 0.0, 0.0, 0.0, 0.0, 0.0, 0.0, 0.0, 0.0, 0.0, 0.0, 0.0, 0.0, 0.3838730556269487, 0.6547263332539135, 0.0, 0.0, 0.351802718359977, 0.6760794187033617], "4": [0.0, 0.0, 0.0, 0.0, 0.0, 0.0, 0.0, 0.0, 0.0, 0.0, 0.0, 0.0, 0.0, 0.0, 0.0, 0.0, 0.0, 0.0, 0.0, 0.0, 0.0, 0.0, 0.0, 0.0, 0.0, 0.0, 0.0, 0.0, 0.0, 0.0, 0.3957632650931676, 0.6861415376265844, 0.0, 0.0]}