{"0": [0.3810344323981553, 0.49995087593517923, 0.3832131676375866, 0.4937068712932092, 0.37802642143021026, 0.49479017412221, 0.38929283997664843, 0.48909395116346854, 0.37647570955256615, 0.4917547469889676, 0.40000560010472935, 0.5172943166008702, 0.3734308052497605, 0.5154728709547608, 0.4092801726112763, 0.5498146960028896, 0.3707773817082246, 0.5504237513851238, 0.4128829260667165, 0.586578145733586, 0.36592164250711606, 0.579524901619664, 0.3955818861722946, 0.5906088735218401, 0.37937224147220455, 0.591184530434785, 0.39131247413655124, 0.6466153875545219, 0.38571146385123334, 0.6464742239978578, 0.38793213156362377, 0.703986316036295, 0.3903336366936128, 0.6906966534061327], "1": [0.6840426205346982, 0.4304866706883466, 0.686633886769414, 0.4275624938585141, 0.6824663208176692, 0.42572016503523896, 0.6886512922743956, 0.4272479834379973, 0.677474354673177, 0.4226523973323681, 0.6892991324265798, 0.44693021531458255, 0.6678033315266172, 0.44246617092026597, 0.6904305338238677, 0.4713113612598843, 0.6556661277388532, 0.4656150608151047, 0.6919379127522308, 0.47383313620532, 0.6517475024486582, 0.49441522459189097, 0.6803447430332502, 0.5111763687045486, 0.6671352360397578, 0.5102280848556094, 0.6776467796415091, 0.555717322561476, 0.6709151287873586, 0.5551913298942425, 0.6680755918224652, 0.5953700093207535, 0.6648726576318343, 0.5976879905771327]}