{"0": [0.0, 0.0, 0.0, 0.0, 0.0, 0.0, 0.49564205246667065, 0.5376998797059059, 0.5088261973112822, 0.541135287726367, 0.48590766191482543, 0.5642215982631402, 0.5138202123964827, 0.5812457543832285, 0.47652094538013134, 0.5958103328391358, 0.5147048336298515, 0.6148374478022257, 0.4663561819742123, 0.6235975899078228, 0.5083289342621963, 0.6229378581047058, 0.4814537847725054, 0.6342557997063354, 0.5010594454904398, 0.642638529892321, 0.4634786499043306, 0.6707205005541995, 0.516146506369114, 0.6739240736873061, 0.4554607793688774, 0.7304892385999362, 0.5083539952834447, 0.7365092855360773], "1": [0.0, 0.0, 0.0, 0.0, 0.0, 0.0, 0.3990727039674918, 0.5049549610526474, 0.4116964939981698, 0.504303839692363, 0.3916597063342731, 0.5325267727728243, 0.419768619351089, 0.532148438029819, 0.3875606678426266, 0.5669842523005274, 0.4308845341205597, 0.5711610427609196, 0.3954659981032213, 0.5727951175636715, 0.42755775271604457, 0.5900556681332765, 0.3980887339450419, 0.6040473031225028, 0.4160937159011761, 0.6046999492027142, 0.38728009176750977, 0.6514543226471654, 0.42669857818012435, 0.6369192975538748, 0.3889451635380586, 0.6959244198269314, 0.4421838248769442, 0.6801243071202878], "2": [0.0, 0.0, 0.0, 0.0, 0.0, 0.0, 0.0, 0.0, 0.0, 0.0, 0.0, 0.0, 0.0, 0.0, 0.0, 0.0, 0.0, 0.0, 0.0, 0.0, 0.0, 0.0, 0.0, 0.0, 0.0, 0.0, 0.0, 0.0, 0.0, 0.0, 0.0, 0.0, 0.4255817634363969, 0.6560277698216614]}