{"0": [0.06357080178956191, 0.7514830401926129, 0.06701113445063432, 0.7423267384370168, 0.05953415601203838, 0.7459199978245629, 0.07982680263618629, 0.7326638767012844, 0.0, 0.0, 0.10447612417240938, 0.7729267108219641, 0.06974704240759214, 0.7688060219641085, 0.12374299031992751, 0.8313580711682638, 0.0, 0.0, 0.11894179532925288, 0.8887616537235401, 0.0, 0.0, 0.11377827903876701, 0.8775387662428397, 0.09823972734933098, 0.878264494240284, 0.13141610144327084, 0.9638650883127142, 0.12305987627866367, 0.9742299559905573, 0.0, 0.0, 0.0, 0.0], "1": [0.0, 0.0, 0.0, 0.0, 0.0, 0.0, 0.7607401156177124, 0.6045547601249482, 0.7774127872350315, 0.608538854122162, 0.7475132511928677, 0.6290291909818296, 0.7795036437610785, 0.6545537767586884, 0.7298423755913973, 0.6494930608405007, 0.7840282000601293, 0.7071296850288356, 0.0, 0.0, 0.7811556217415879, 0.7452964896405184, 0.7431985321765144, 0.7295858946318428, 0.7636441137020786, 0.7427616860027666, 0.7394801478212079, 0.8032197967723564, 0.7606980520921449, 0.8110696414278613, 0.7267433691148957, 0.863705496876328, 0.7571756052474181, 0.8713832917036833], "2": [0.0, 0.0, 0.0, 0.0, 0.0, 0.0, 0.0, 0.0, 0.0, 0.0, 0.0, 0.0, 0.0, 0.0, 0.0, 0.0, 0.042651427040497465, 0.7302863097301235, 0.0, 0.0, 0.04018057628224293, 0.6772558556662666, 0.0, 0.0, 0.0, 0.0, 0.0, 0.0, 0.0, 0.0, 0.0, 0.0, 0.0, 0.0], "3": [0.0, 0.0, 0.0, 0.0, 0.0, 0.0, 0.0, 0.0, 0.0, 0.0, 0.0, 0.0, 0.0, 0.0, 0.0, 0.0, 0.0, 0.0, 0.04065067420403163, 0.674342585934533, 0.0, 0.0, 0.0, 0.0, 0.0, 0.0, 0.0, 0.0, 0.0, 0.0, 0.0, 0.0, 0.0, 0.0], "4": [0.0, 0.0, 0.0, 0.0, 0.0, 0.0, 0.0, 0.0, 0.0, 0.0, 0.0, 0.0, 0.0, 0.0, 0.0, 0.0, 0.0, 0.0, 0.0, 0.0, 0.0, 0.0, 0.0, 0.0, 0.0, 0.0, 0.14976063892245292, 0.9821640328676612, 0.0, 0.0, 0.0, 0.0, 0.0, 0.0], "5": [0.0, 0.0, 0.0, 0.0, 0.0, 0.0, 0.0, 0.0, 0.0, 0.0, 0.0, 0.0, 0.0, 0.0, 0.0, 0.0, 0.0, 0.0, 0.0, 0.0, 0.0, 0.0, 0.0, 0.0, 0.0, 0.0, 0.0, 0.0, 0.1486393796900908, 0.9823162465735719, 0.0, 0.0, 0.0, 0.0]}