{"0": [0.2802055723965168, 0.5696697892966094, 0.2824638908108075, 0.5646700878938039, 0.0, 0.0, 0.28963789051243416, 0.5715555495686002, 0.0, 0.0, 0.30109389318774143, 0.6066102672506262, 0.2869724663595358, 0.6020457044795708, 0.3118457619100809, 0.6533635558905426, 0.0, 0.0, 0.3159867184857527, 0.6961755057175955, 0.31611518015464146, 0.6980431552286501, 0.30044019060830274, 0.6978507218537507, 0.2987609015777707, 0.6975731964464541, 0.29992939879496894, 0.7587981900131261, 0.3005366064608097, 0.7567901960125675, 0.30439584714670975, 0.818031124053178, 0.3041596278548241, 0.8174521577579004], "1": [0.40452782238523166, 0.5123906157634877, 0.4065453755358855, 0.507304331542993, 0.0, 0.0, 0.41292791006465757, 0.5144184579727826, 0.0, 0.0, 0.4284835066646338, 0.547555031158306, 0.4033306368937095, 0.5538066890504625, 0.0, 0.0, 0.4012189262236158, 0.598585871413902, 0.0, 0.0, 0.3907537783185641, 0.6015904208024343, 0.4309580092628797, 0.6348994558608092, 0.4124792548517386, 0.6394141250186496, 0.0, 0.0, 0.41381321580459673, 0.6950163280522381, 0.0, 0.0, 0.0, 0.0], "2": [0.0, 0.0, 0.0, 0.0, 0.0, 0.0, 0.0, 0.0, 0.0, 0.0, 0.4063533603756999, 0.5527695215962551, 0.4307792214987179, 0.5478830677491647, 0.40199226088201007, 0.598002235646601, 0.43620030333598453, 0.5934421594496126, 0.38938446693743267, 0.6020502898428175, 0.0, 0.0, 0.414126167849948, 0.6401294065294443, 0.43246698193252087, 0.6342123991913265, 0.4126598594089349, 0.6971410601227371, 0.43729787915945045, 0.6842564395180455, 0.4157164610922336, 0.756522708468967, 0.44442315337558586, 0.7329717194592511], "3": [0.0, 0.0, 0.0, 0.0, 0.0, 0.0, 0.0, 0.0, 0.0, 0.0, 0.0, 0.0, 0.0, 0.0, 0.0, 0.0, 0.3129858714838823, 0.6555137923849678, 0.0, 0.0, 0.0, 0.0, 0.0, 0.0, 0.0, 0.0, 0.0, 0.0, 0.0, 0.0, 0.0, 0.0, 0.0, 0.0], "4": [0.0, 0.0, 0.0, 0.0, 0.0, 0.0, 0.0, 0.0, 0.0, 0.0, 0.0, 0.0, 0.0, 0.0, 0.0, 0.0, 0.0, 0.0, 0.0, 0.0, 0.0, 0.0, 0.0, 0.0, 0.0, 0.0, 0.43645184574027857, 0.6823253697819179, 0.0, 0.0, 0.0, 0.0, 0.0, 0.0], "5": [0.0, 0.0, 0.0, 0.0, 0.0, 0.0, 0.0, 0.0, 0.0, 0.0, 0.0, 0.0, 0.0, 0.0, 0.0, 0.0, 0.0, 0.0, 0.0, 0.0, 0.0, 0.0, 0.0, 0.0, 0.0, 0.0, 0.0, 0.0, 0.0, 0.0, 0.3159156709909439, 0.7682998789681328, 0.0, 0.0], "6": [0.0, 0.0, 0.0, 0.0, 0.0, 0.0, 0.0, 0.0, 0.0, 0.0, 0.0, 0.0, 0.0, 0.0, 0.0, 0.0, 0.0, 0.0, 0.0, 0.0, 0.0, 0.0, 0.0, 0.0, 0.0, 0.0, 0.0, 0.0, 0.0, 0.0, 0.0, 0.0, 0.3170633395512899, 0.7694083717134264]}