{"0": [0.0, 0.0, 0.0, 0.0, 0.0, 0.0, 0.35064654635886344, 0.5503217109927425, 0.36577225774526595, 0.5487109722914519, 0.34847418336818614, 0.5931694993266352, 0.37298932184154787, 0.582974754108323, 0.3378459348032872, 0.632963346965887, 0.0, 0.0, 0.320705419848938, 0.6283701284378546, 0.0, 0.0, 0.3579758061716954, 0.6700193028207179, 0.37417137970527015, 0.6708005950406746, 0.35846622797350086, 0.7459533716793414, 0.36038684203522275, 0.7414160582754348, 0.37479084903995197, 0.8131485307658161, 0.3752208273857832, 0.8129815088378058], "1": [0.0, 0.0, 0.0, 0.0, 0.0, 0.0, 0.5665150004128615, 0.4846589442204546, 0.5769910032162443, 0.4802521129449209, 0.5737434825549523, 0.5097143274766428, 0.5811197604052722, 0.5050348281860352, 0.5766767350646357, 0.5467318930007794, 0.5791282112399738, 0.5453438530365626, 0.5641012826313575, 0.5680412512134623, 0.5669201629857222, 0.5637349097817033, 0.586567281683286, 0.5778722652682551, 0.5949593209971984, 0.5749595984264656, 0.5683773748887082, 0.6114945979857888, 0.5903595622628928, 0.6310698469479878, 0.5702985947330793, 0.6622205648157332, 0.5976749352334688, 0.6801100417419718], "2": [0.0, 0.0, 0.0, 0.0, 0.0, 0.0, 0.0, 0.0, 0.0, 0.0, 0.0, 0.0, 0.0, 0.0, 0.0, 0.0, 0.0, 0.0, 0.0, 0.0, 0.31852291245013475, 0.6298224811200742, 0.0, 0.0, 0.0, 0.0, 0.0, 0.0, 0.0, 0.0, 0.0, 0.0, 0.0, 0.0], "3": [0.0, 0.0, 0.0, 0.0, 0.0, 0.0, 0.0, 0.0, 0.0, 0.0, 0.0, 0.0, 0.0, 0.0, 0.0, 0.0, 0.0, 0.0, 0.0, 0.0, 0.0, 0.0, 0.0, 0.0, 0.0, 0.0, 0.5884055620680253, 0.6322180150835602, 0.0, 0.0, 0.5974050730156402, 0.6799618833594852, 0.0, 0.0], "4": [0.0, 0.0, 0.0, 0.0, 0.0, 0.0, 0.0, 0.0, 0.0, 0.0, 0.0, 0.0, 0.0, 0.0, 0.0, 0.0, 0.0, 0.0, 0.0, 0.0, 0.0, 0.0, 0.0, 0.0, 0.0, 0.0, 0.0, 0.0, 0.0, 0.0, 0.3536811118324598, 0.7668549738272473, 0.0, 0.0], "5": [0.0, 0.0, 0.0, 0.0, 0.0, 0.0, 0.0, 0.0, 0.0, 0.0, 0.0, 0.0, 0.0, 0.0, 0.0, 0.0, 0.0, 0.0, 0.0, 0.0, 0.0, 0.0, 0.0, 0.0, 0.0, 0.0, 0.0, 0.0, 0.0, 0.0, 0.0, 0.0, 0.35396387775739035, 0.770933433594527]}