{"0": [0.0, 0.0, 0.0, 0.0, 0.0, 0.0, 0.47642918887237706, 0.5034027867847019, 0.48917656304935614, 0.5039659407403734, 0.4692851626624664, 0.5341780015715847, 0.4983031015843153, 0.5357069691022238, 0.4542013600468635, 0.5697491409601989, 0.5106200113892555, 0.5752364701694912, 0.4554265923798084, 0.6024215526050991, 0.5005922656506301, 0.592793576364164, 0.47661090418696406, 0.6146001098332583, 0.4965682836870353, 0.6134609158392306, 0.47059329810241857, 0.6644935699524703, 0.49995924631754557, 0.6660955786705017, 0.47560809366405016, 0.7247568221003922, 0.512415754298369, 0.7219745953325872], "1": [0.0, 0.0, 0.0, 0.0, 0.0, 0.0, 0.6902161023889979, 0.5602716896269057, 0.7067633741224807, 0.5602089850990859, 0.6837481945753098, 0.597369604199021, 0.7128351103514433, 0.5869114443107888, 0.6666446750362715, 0.6260581492687817, 0.717851917942365, 0.6329550820920202, 0.6533280439674855, 0.645377481866766, 0.0, 0.0, 0.6931950174892942, 0.6788326958815257, 0.715425785134236, 0.6743759367201063, 0.6695770331968863, 0.7213375318933416, 0.7262735662360986, 0.7264769110414717, 0.6758605706195037, 0.8001490007947992, 0.7389005574752067, 0.7735995468241291]}