{"0": [0.6920745783795913, 0.457789006056609, 0.6941175344400108, 0.45287564198176067, 0.6892265764685969, 0.45326081757192255, 0.6971477322280407, 0.45299093546690766, 0.6842452151079973, 0.45560625109269665, 0.7021571944234892, 0.4750814353978192, 0.6808812715423603, 0.48630097088990387, 0.7166138318677743, 0.4870847980181376, 0.6749155148863792, 0.5204373117950227, 0.7340135225405295, 0.4958866273915326, 0.6741201686362426, 0.5554956908579225, 0.6953562922775746, 0.5519546156887103, 0.6823048830032349, 0.5521762114156176, 0.6959310638407866, 0.6014602420506654, 0.678103356063366, 0.6039160682095421, 0.0, 0.0, 0.6814756537787616, 0.6526240165586825], "1": [0.4638406442478299, 0.5279097742504545, 0.46534624453634016, 0.5235599650277032, 0.4612116754675905, 0.5242036598700064, 0.4678683523088693, 0.5192432575755649, 0.4565292114702364, 0.5213057568227804, 0.4713942310462395, 0.5353777543262199, 0.44858729888995497, 0.541828265675792, 0.47006817248960336, 0.557341041609093, 0.44129956091443695, 0.5698921309577094, 0.47033282344539956, 0.5712246278921763, 0.44763173116371036, 0.5954613061414824, 0.4603356324679529, 0.59613761925311, 0.4494419988244772, 0.5964753828804802, 0.45660681910812856, 0.6411625271594082, 0.45260036550462246, 0.6417988822416023, 0.44510572242240104, 0.6727928205772683, 0.44465544453511635, 0.6733549700842963]}