{"0": [0.5989690671364466, 0.49132825169298383, 0.0, 0.0, 0.5980425745248794, 0.48789553730576124, 0.0, 0.0, 0.5930820380647978, 0.48735589186350503, 0.5813507300335914, 0.5025697441012771, 0.5855243655154482, 0.5098230267012561, 0.5846033446490765, 0.5606749139450214, 0.5872577230135599, 0.5633356471856434, 0.6034253622094791, 0.5744096059766081, 0.6054337978363037, 0.5755899788052947, 0.5633546064297358, 0.5741283046978491, 0.5680501269797484, 0.5765102722026684, 0.5647050273837522, 0.6236860016981761, 0.5789361126720906, 0.6388883124898981, 0.5532978323598703, 0.6753416379292806, 0.5897294494478653, 0.6886073074958943], "1": [0.03013773833711942, 0.08400544943632902, 0.03251652270555496, 0.07759592356505217, 0.02645829350998004, 0.07733395099639892, 0.0, 0.0, 0.0, 0.0, 0.0, 0.0, 0.0, 0.0, 0.0, 0.0, 0.0, 0.0, 0.0, 0.0, 0.0, 0.0, 0.0, 0.0, 0.0, 0.0, 0.0, 0.0, 0.0, 0.0, 0.0, 0.0, 0.0, 0.0], "2": [0.0, 0.0, 0.0, 0.0, 0.0, 0.0, 0.41410064746936165, 0.5447236582636833, 0.42925696348150577, 0.5442671349479092, 0.40625496758293594, 0.5794135051744955, 0.43846997767686846, 0.5816485566811429, 0.3942856378853321, 0.6217587060398526, 0.4460790673891703, 0.6279097097891349, 0.40401348906258744, 0.641724278750243, 0.44521219891806446, 0.6630678163634406, 0.41133183253308137, 0.6576053482514842, 0.4307756380798916, 0.65852495542279, 0.4182065833359957, 0.728110342334818, 0.4328104930619398, 0.7262714836332533, 0.4220098628352086, 0.7985004778261537, 0.42085889826218287, 0.7979415984065444]}