{"0": [0.3458515080312887, 0.5808600892623266, 0.3469709016382695, 0.5761109892968779, 0.0, 0.0, 0.35577399367466567, 0.5789793016733947, 0.0, 0.0, 0.35702386125922203, 0.6201309941433094, 0.37008554935455323, 0.6062581927688033, 0.36301600423951946, 0.6613224378338567, 0.0, 0.0, 0.36073858169838785, 0.7175085292922125, 0.0, 0.0, 0.36740239622692267, 0.7114955049973947, 0.3772440127562732, 0.7054736075577913, 0.3664328843355179, 0.7766939136717055, 0.38550524261469643, 0.759894685557595, 0.36311310219268, 0.8411845918054934, 0.40686493640144666, 0.8149034846712043], "1": [0.0, 0.0, 0.0, 0.0, 0.0, 0.0, 0.6565665351847808, 0.46594516634941097, 0.6693261453260978, 0.46807151988700585, 0.6473894160861771, 0.49231328931119706, 0.6740184661000967, 0.49753584861755373, 0.639746664961179, 0.5293623560280711, 0.6846627068395416, 0.5326117899682787, 0.6417847660680612, 0.5517549973464123, 0.6800248192002377, 0.5537871749312789, 0.6461342309912047, 0.5608562507011272, 0.661630096162359, 0.5659450272719065, 0.6370123532911142, 0.6079424902244851, 0.6540531077732642, 0.6136934452586703, 0.6429780319953958, 0.6542753842141893, 0.6496060530344645, 0.656930755906635], "2": [0.0, 0.0, 0.0, 0.0, 0.0, 0.0, 0.0, 0.0, 0.0, 0.0, 0.0, 0.0, 0.0, 0.0, 0.0, 0.0, 0.0, 0.0, 0.0, 0.0, 0.0, 0.0, 0.0, 0.0, 0.0, 0.0, 0.0, 0.0, 0.3665831888715426, 0.7755487561225891, 0.0, 0.0, 0.3620080579072236, 0.8406229418047049]}