{"0": [0.2219629389544328, 0.6545965666020358, 0.22595211155712605, 0.6471704766706184, 0.22012790714701017, 0.6476774232806983, 0.23712735238174598, 0.6476585417434021, 0.0, 0.0, 0.24430054891854527, 0.6909690018053408, 0.22366140969097612, 0.6827547609806061, 0.24984501861035824, 0.7528857738883407, 0.22083737539748352, 0.7281159545536394, 0.24298090431839228, 0.795470925392928, 0.20633906815201045, 0.7761739609418092, 0.2495395960907141, 0.7962594550758324, 0.23858807161450385, 0.7973667559800325, 0.2491282969713211, 0.8626101696380862, 0.24737657917042574, 0.8636286472832714, 0.26220382675528525, 0.9159619091837494, 0.24582249025503794, 0.9566158643475285], "1": [0.6488132148981094, 0.636948800528491, 0.0, 0.0, 0.6488899039725464, 0.6324256557005423, 0.0, 0.0, 0.6443874584510922, 0.6266729788647758, 0.6256392018248638, 0.6404125392161034, 0.6306123116364082, 0.6503139065371619, 0.6335704152782758, 0.689774767337022, 0.6143946299639841, 0.7139007375196175, 0.6411928643782935, 0.7093870694990512, 0.6238212199881673, 0.7477008945412106, 0.6236222888032595, 0.7368946596014279, 0.6124179415404797, 0.7380140573890119, 0.6340460442006588, 0.7969193895657857, 0.6060380337138971, 0.8053252893465536, 0.6461554395655791, 0.866379225254059, 0.5897238812564561, 0.8548580610641727], "2": [0.0, 0.0, 0.0, 0.0, 0.0, 0.0, 0.0, 0.0, 0.0, 0.0, 0.0, 0.0, 0.0, 0.0, 0.0, 0.0, 0.6334301238258679, 0.686862474128052, 0.0, 0.0, 0.0, 0.0, 0.0, 0.0, 0.0, 0.0, 0.0, 0.0, 0.0, 0.0, 0.0, 0.0, 0.0, 0.0], "3": [0.0, 0.0, 0.0, 0.0, 0.0, 0.0, 0.0, 0.0, 0.0, 0.0, 0.0, 0.0, 0.0, 0.0, 0.0, 0.0, 0.0, 0.0, 0.0, 0.0, 0.0, 0.0, 0.0, 0.0, 0.0, 0.0, 0.6068577241773406, 0.8049537030635057, 0.633599629253149, 0.7998709771368239, 0.5897578433621675, 0.8549811066300781, 0.6466539526979128, 0.8683913928491097], "4": [0.0, 0.0, 0.0, 0.0, 0.0, 0.0, 0.0, 0.0, 0.0, 0.0, 0.0, 0.0, 0.0, 0.0, 0.0, 0.0, 0.0, 0.0, 0.0, 0.0, 0.0, 0.0, 0.0, 0.0, 0.0, 0.0, 0.0, 0.0, 0.0, 0.0, 0.24618584054211778, 0.9569575234695717, 0.0, 0.0], "5": [0.0, 0.0, 0.0, 0.0, 0.0, 0.0, 0.0, 0.0, 0.0, 0.0, 0.0, 0.0, 0.0, 0.0, 0.0, 0.0, 0.0, 0.0, 0.0, 0.0, 0.0, 0.0, 0.0, 0.0, 0.0, 0.0, 0.0, 0.0, 0.0, 0.0, 0.0, 0.0, 0.26255067189534503, 0.9145386271178723]}