{"0": [0.7123031626145045, 0.5089928143554263, 0.7121627892057101, 0.5044717300821233, 0.0, 0.0, 0.7169677662352721, 0.5042573129689252, 0.0, 0.0, 0.732515896856785, 0.5307716133417907, 0.7240256535510222, 0.5286068384294157, 0.7358550791939099, 0.5741774395108223, 0.719870039075613, 0.5667299194330419, 0.7228830444122044, 0.6011268472229992, 0.7065407218411565, 0.5801324517638595, 0.7257853777458271, 0.6111480794467584, 0.7195654544979333, 0.6093098783934557, 0.7198001224547624, 0.6596226455988707, 0.7203268627325694, 0.6596760072090008, 0.7167959225968777, 0.7143259629585641, 0.7170730051330799, 0.7099261599698963], "1": [0.0, 0.0, 0.0, 0.0, 0.3812808116277059, 0.5675878902828252, 0.3608686461423834, 0.572232214278645, 0.3761635818208257, 0.5732496523746737, 0.34819259696329635, 0.6071274724271564, 0.38168166205286974, 0.6192218060294787, 0.33499694702525934, 0.653495834491871, 0.3862214002137383, 0.6620581718506636, 0.33354766058425106, 0.6941515243715711, 0.3870220365623633, 0.698099661094171, 0.3486873866990209, 0.7049476283567924, 0.37143511697649956, 0.7116180614188865, 0.3478257919040819, 0.763084191304666, 0.37021814510226253, 0.7791979820639998, 0.3498006587227185, 0.8249820235702726, 0.37137595812479657, 0.8452849472010577]}