{"0": [0.0, 0.0, 0.0, 0.0, 0.0, 0.0, 0.42978070974349974, 0.5749957877728674, 0.44229427054524423, 0.5682307772062443, 0.4284929849207401, 0.6020420536950782, 0.45819245701034866, 0.5898257931073506, 0.4220603136966625, 0.6436304167464927, 0.4800070022543272, 0.6049858750016601, 0.4053483532120784, 0.6466428930008853, 0.4762379162013531, 0.6375639365779029, 0.4508917054782311, 0.672145148228716, 0.4718484001855055, 0.6597966134548188, 0.41713326548536617, 0.7084339071203161, 0.4748643716176351, 0.6894859570044058, 0.4203434841086467, 0.7658136752468567, 0.4995752440144618, 0.7229649070788313], "1": [0.0, 0.0, 0.0, 0.0, 0.0, 0.0, 0.35149636430044967, 0.5191030232994644, 0.365267572303613, 0.5142156736718284, 0.35033394768834114, 0.5553678850332896, 0.37364392876625063, 0.5386886922297655, 0.34420445452754694, 0.5909787303871579, 0.3916812267154456, 0.5205953346358405, 0.0, 0.0, 0.393721664136198, 0.48758790537163066, 0.36083477437496186, 0.6266289085149765, 0.3753144282847643, 0.6263753191464477, 0.35286290210982163, 0.6830223121024944, 0.36016406984999777, 0.6873005533659899, 0.3415351399530967, 0.7214533006703412, 0.3831640190134446, 0.7369985754601658], "2": [0.0, 0.0, 0.0, 0.0, 0.0, 0.0, 0.0, 0.0, 0.0, 0.0, 0.0, 0.0, 0.0, 0.0, 0.0, 0.0, 0.0, 0.0, 0.3423662872364124, 0.5955121958697284, 0.0, 0.0, 0.0, 0.0, 0.0, 0.0, 0.0, 0.0, 0.0, 0.0, 0.0, 0.0, 0.0, 0.0], "3": [0.0, 0.0, 0.0, 0.0, 0.0, 0.0, 0.0, 0.0, 0.0, 0.0, 0.0, 0.0, 0.0, 0.0, 0.0, 0.0, 0.0, 0.0, 0.0, 0.0, 0.0, 0.0, 0.0, 0.0, 0.0, 0.0, 0.0, 0.0, 0.0, 0.0, 0.3830791706840197, 0.7371876840100244, 0.0, 0.0], "4": [0.0, 0.0, 0.0, 0.0, 0.0, 0.0, 0.0, 0.0, 0.0, 0.0, 0.0, 0.0, 0.0, 0.0, 0.0, 0.0, 0.0, 0.0, 0.0, 0.0, 0.0, 0.0, 0.0, 0.0, 0.0, 0.0, 0.0, 0.0, 0.0, 0.0, 0.0, 0.0, 0.34145611512164276, 0.7212402025858561]}