{"0": [0.4699639089405537, 0.4996342682176166, 0.0, 0.0, 0.4693600850800674, 0.4950515146608706, 0.4550552119811376, 0.4970062383898982, 0.46697635874152177, 0.49727297756406996, 0.4440524567229052, 0.5244251553659086, 0.4719640605151654, 0.5339635173479715, 0.43041406193127235, 0.5467499554157257, 0.47899068693319957, 0.57392179739696, 0.42865061375002067, 0.5522962072381267, 0.48701355742911495, 0.6057346291012234, 0.44840498886381586, 0.6060350056047793, 0.4633715912699699, 0.6031150170498424, 0.45755474095543225, 0.648688804992923, 0.48076396410663924, 0.6483341681046618, 0.46072588323925934, 0.6939527266555362, 0.4892867861626049, 0.7060728442889673], "1": [0.0, 0.0, 0.0, 0.0, 0.0, 0.0, 0.6103429564197237, 0.5319098437273944, 0.6201652271052202, 0.5366593574760137, 0.6031259251137574, 0.545108550676593, 0.6096951723719637, 0.561649086298766, 0.0, 0.0, 0.5954561993479728, 0.603216045708568, 0.6112613035365939, 0.61154749730119, 0.6120039783418179, 0.6145863104749609, 0.588793980392317, 0.6277382883760664, 0.5851362246399124, 0.6299470296612493, 0.6206064549585183, 0.6667275472923562, 0.0, 0.0, 0.0, 0.0, 0.0, 0.0], "2": [0.0, 0.0, 0.0, 0.0, 0.0, 0.0, 0.0, 0.0, 0.0, 0.0, 0.0, 0.0, 0.0, 0.0, 0.0, 0.0, 0.0, 0.0, 0.0, 0.0, 0.0, 0.0, 0.0, 0.0, 0.0, 0.0, 0.5770124194522699, 0.6743599481052823, 0.6213239560524622, 0.6675876787415257, 0.5502908753852049, 0.6985778370389232, 0.6277855151022474, 0.7305887600889912], "3": [0.0, 0.0, 0.0, 0.0, 0.0, 0.0, 0.0, 0.0, 0.0, 0.0, 0.0, 0.0, 0.0, 0.0, 0.0, 0.0, 0.0, 0.0, 0.0, 0.0, 0.0, 0.0, 0.0, 0.0, 0.0, 0.0, 0.0, 0.0, 0.0, 0.0, 0.0, 0.0, 0.5501402251422405, 0.6977771054815363]}