{"0": [0.532654490446051, 0.530527561571863, 0.0, 0.0, 0.5320264816284179, 0.5259895501313386, 0.0, 0.0, 0.5274625203261772, 0.5273971643712786, 0.5118382725864649, 0.5426798426442676, 0.5170667608578999, 0.5516110670787316, 0.5161604845275481, 0.5929871793146486, 0.5173106220861277, 0.6033926360861018, 0.0, 0.0, 0.5277570052072406, 0.636413179062031, 0.4931488941113154, 0.6179136526805384, 0.503649628162384, 0.6193960698114501, 0.5114702293028434, 0.6610901669219688, 0.5249968611945709, 0.6694230982550868, 0.5049174147347608, 0.6983392111681126, 0.5160526542613904, 0.7142141100433138], "1": [0.0, 0.0, 0.0, 0.0, 0.0, 0.0, 0.4251360754172007, 0.4555439030130704, 0.4372666812191407, 0.45843379718286026, 0.41705202373365563, 0.479775450847767, 0.44315244294703, 0.48234364787737516, 0.40728385485708707, 0.5094639658927917, 0.44765696857745446, 0.5160005237217302, 0.40410388708114625, 0.5358901251245429, 0.4503182001411915, 0.5388644018658886, 0.4214241717010736, 0.5476618248003502, 0.4393997457344085, 0.5498141924540202, 0.41839756531020006, 0.5847499812090838, 0.4377268999814987, 0.5858020612487087, 0.42277602568889655, 0.6297906248657792, 0.4437113964658541, 0.6291717626430369]}