{"0": [0.3785393923521042, 0.47582912224310414, 0.37996031244595846, 0.47243240100366096, 0.37776625870416564, 0.4714090880420473, 0.0, 0.0, 0.370398290703694, 0.4710726942729067, 0.3789736037453016, 0.4957170621112541, 0.35861703269183637, 0.4948715682382938, 0.39147846897443134, 0.5207257233284138, 0.3504500550528368, 0.5202234095997281, 0.4076116753121217, 0.5340763657181351, 0.3647044678451493, 0.5223878495671131, 0.3685063371279587, 0.5635681657879441, 0.3556545766070485, 0.5611014666380706, 0.38099223108341296, 0.6028736727105246, 0.3524728126513461, 0.61866630733841, 0.38945540189743044, 0.6535742159242983, 0.3414734718700249, 0.6700260986056593], "1": [0.0, 0.0, 0.0, 0.0, 0.0, 0.0, 0.5474447925885518, 0.5326024761906376, 0.5632936142385006, 0.5337892382233231, 0.5395186065579765, 0.5658277930484877, 0.573408755629013, 0.5686492164929707, 0.5309925958514213, 0.6071687036090427, 0.5796271376311779, 0.6071047588630959, 0.5252135613312324, 0.6426451292302874, 0.5864704802632332, 0.6146296324553313, 0.5467326126992702, 0.6575175702571869, 0.5677862979471684, 0.6557519468168418, 0.5421196194986503, 0.714282185446333, 0.5825209996352593, 0.7063880896126782, 0.5368143481512865, 0.7758303443590799, 0.5858294033755859, 0.771409911579556]}