{"0": [0.4340579556922118, 0.5392052392164867, 0.43826463706791396, 0.5342957889592206, 0.4322507399444779, 0.5330710227842684, 0.4445575661957264, 0.5386161543704845, 0.42894210691253337, 0.5366147760991696, 0.4526100645462672, 0.5759765110633992, 0.4222654698416591, 0.5708487384849125, 0.46065796141823134, 0.6159119727434936, 0.4187926009258566, 0.6163392910250911, 0.454661201685667, 0.6502676862257497, 0.4177840903401375, 0.6518719110223982, 0.44806095748208463, 0.656252354880174, 0.42763736918568607, 0.6593782901763916, 0.4552905301253001, 0.7090358007837225, 0.42605525696029267, 0.7197886581774111, 0.465570642799139, 0.749813312512857, 0.42172591065367065, 0.7949646552403767], "1": [0.0, 0.0, 0.0, 0.0, 0.0, 0.0, 0.46640443789462255, 0.34060745857380054, 0.4755288142710924, 0.34132957723405627, 0.4611874615152677, 0.3628865855711478, 0.47847942436734836, 0.36436750955051844, 0.4552788071955244, 0.3850207249323527, 0.47750424519181256, 0.38768354179682557, 0.4516124385409057, 0.41301910524015073, 0.4729642816780446, 0.3954954269307631, 0.4620932633678118, 0.4126164514709402, 0.4723919593418638, 0.4137588308917152, 0.46216771354277936, 0.44492067540133445, 0.4727284606390943, 0.44607072251814384, 0.4618101013203462, 0.47836519490789486, 0.4712079075475533, 0.4816926563227618]}