{"0": [0.3309256578485171, 0.5400056260603445, 0.33177638755490385, 0.536541035881749, 0.0, 0.0, 0.33750814696153003, 0.5405649152066971, 0.0, 0.0, 0.34019640137751905, 0.5707643937181544, 0.346483089774847, 0.5667831784321202, 0.34003523650268713, 0.6175276818098844, 0.3364237572997809, 0.6110749492249279, 0.3151243700335423, 0.6241502048792662, 0.3144585576451694, 0.6183688698405468, 0.35050212418039645, 0.6468913602608222, 0.35917857947448883, 0.6443432492238503, 0.32412298048535987, 0.7042022976610396, 0.34237445754309503, 0.6944398716644005, 0.3219356478502353, 0.777091697189543, 0.361995139097174, 0.7285917420078207], "1": [0.0, 0.0, 0.0, 0.0, 0.0, 0.0, 0.38648303660253686, 0.5494956601549078, 0.4015097744142016, 0.5488588481037705, 0.38093590205535294, 0.584842989400581, 0.410802972347786, 0.5840970540488208, 0.37929146935542424, 0.6200452199688663, 0.4168140886972348, 0.6294101359667601, 0.0, 0.0, 0.41911576986312865, 0.662092338833544, 0.39115649859110513, 0.6692909837872894, 0.4109227480987708, 0.6633011331160862, 0.39162427534659705, 0.7458278576533, 0.42320023259768885, 0.7118547145967131, 0.3940219621794919, 0.8164508358195975, 0.43621327380339303, 0.7547922792258086], "2": [0.0, 0.0, 0.0, 0.0, 0.0, 0.0, 0.0, 0.0, 0.0, 0.0, 0.0, 0.0, 0.0, 0.0, 0.0, 0.0, 0.0, 0.0, 0.0, 0.0, 0.0, 0.0, 0.0, 0.0, 0.0, 0.0, 0.0, 0.0, 0.0, 0.0, 0.3617276534438133, 0.7271851535196657, 0.0, 0.0]}