{"0": [0.0, 0.0, 0.0, 0.0, 0.0, 0.0, 0.43496394821753104, 0.5522875746919048, 0.4498387299478054, 0.5522635511778019, 0.4254419560233752, 0.5854008654753368, 0.4583405544360479, 0.5900688891057614, 0.40779558494687085, 0.6175217099763729, 0.4764307901263237, 0.6236113883830883, 0.3977883758100991, 0.6536024398273893, 0.4761964816600084, 0.6467543051198676, 0.4326268799602985, 0.6771763719894268, 0.45396088920533656, 0.6728771869783048, 0.4235996193562945, 0.7486819289348744, 0.46259624560674034, 0.724649839931064, 0.41938753332942724, 0.8223488202801457, 0.47136731420954064, 0.7820174343608044], "1": [0.0, 0.0, 0.0, 0.0, 0.0, 0.0, 0.5214238358040651, 0.5215027819629069, 0.5354483893781434, 0.5282832655641768, 0.5139989662915468, 0.5408937255541484, 0.5383870586752891, 0.5604678070103681, 0.4977014201538017, 0.5354847270029562, 0.552712571931382, 0.5951090093012209, 0.4927588157355786, 0.5207481244096049, 0.5688720275647938, 0.5818102682630221, 0.5101674760691821, 0.6285783546942252, 0.5294909176727136, 0.6340692766838604, 0.5029370196784536, 0.6754302859306336, 0.547049890893201, 0.6410756628270502, 0.48297687197724976, 0.7195439830974296, 0.5418628590802351, 0.6915690228894905], "2": [0.0, 0.0, 0.0, 0.0, 0.0, 0.0, 0.0, 0.0, 0.0, 0.0, 0.0, 0.0, 0.0, 0.0, 0.0, 0.0, 0.0, 0.0, 0.0, 0.0, 0.0, 0.0, 0.0, 0.0, 0.0, 0.0, 0.0, 0.0, 0.0, 0.0, 0.0, 0.0, 0.48333705713351566, 0.7222260161682412]}