{"0": [0.6941401508947214, 0.46165899535020194, 0.6966395026693741, 0.455658718984988, 0.6915848000595967, 0.4566177997324201, 0.7008132727195819, 0.4510821170277065, 0.6877820737659931, 0.45175434152285254, 0.7077886315683524, 0.47291891442404854, 0.681093906564638, 0.4716196534810243, 0.7140592840810617, 0.4990195548092877, 0.6755700573325157, 0.5011006321068163, 0.7123691665629546, 0.5277448696118814, 0.6743668500334025, 0.5356809198856354, 0.7006729830056428, 0.538929780545058, 0.6861528394122919, 0.5390674306286706, 0.6975179145423075, 0.5862440018742174, 0.688557168841362, 0.584421161589799, 0.6948580617705982, 0.6317397170596653, 0.6903273490568002, 0.6253643541976258], "1": [0.3768278174567968, 0.42646278849354496, 0.37783169168978936, 0.42311811447143555, 0.0, 0.0, 0.38303005596001943, 0.4233897295263078, 0.0, 0.0, 0.3893575882073491, 0.4464043744184353, 0.3848486895983418, 0.44467618531650965, 0.3985321120048563, 0.4814094821612041, 0.3810876658807198, 0.47087070020260635, 0.3962679204841455, 0.5156309059372655, 0.0, 0.0, 0.38963350645887357, 0.5160499207399509, 0.38137500039301814, 0.515183382122605, 0.39958519438902534, 0.5561238858434889, 0.3775027472215395, 0.5680294260934547, 0.40968152452260254, 0.5971087349785699, 0.36917216268678504, 0.6047641751942812], "2": [0.0, 0.0, 0.0, 0.0, 0.0, 0.0, 0.0, 0.0, 0.0, 0.0, 0.0, 0.0, 0.0, 0.0, 0.0, 0.0, 0.0, 0.0, 0.0, 0.0, 0.3730022738222033, 0.4770282328128815, 0.0, 0.0, 0.0, 0.0, 0.0, 0.0, 0.0, 0.0, 0.0, 0.0, 0.0, 0.0], "3": [0.0, 0.0, 0.0, 0.0, 0.0, 0.0, 0.0, 0.0, 0.0, 0.0, 0.0, 0.0, 0.0, 0.0, 0.0, 0.0, 0.0, 0.0, 0.0, 0.0, 0.0, 0.0, 0.0, 0.0, 0.0, 0.0, 0.37745003321518505, 0.566946263997643, 0.3992462580402692, 0.557879783378707, 0.36960768277446426, 0.6054482937962921, 0.410090678712974, 0.5966946026241338]}