{"0": [0.2982173988595605, 0.5883081970943345, 0.29948206854363285, 0.5826275414890714, 0.29685960138837497, 0.5825447886078446, 0.30820008913675945, 0.5811708386849475, 0.0, 0.0, 0.31475937195743126, 0.6176695543306844, 0.3043549984693527, 0.6103344434389362, 0.32197941802442076, 0.6704109690600524, 0.29295628536492585, 0.6331416142621527, 0.3143676118149112, 0.7174005545951702, 0.0, 0.0, 0.0, 0.0, 0.3147279372283568, 0.715196876724561, 0.32154787282148994, 0.7637827568584017, 0.3001427744825681, 0.7685186622319398, 0.0, 0.0, 0.32741348976269363, 0.8227253874142965], "1": [0.0, 0.0, 0.0, 0.0, 0.0, 0.0, 0.6800734579563141, 0.48484123172583404, 0.6937022934202105, 0.48280748658710054, 0.6770061234865958, 0.5117477688524458, 0.7020861967093273, 0.5107007527792895, 0.6740987939139207, 0.551372893927274, 0.710308759411176, 0.5488049169381459, 0.6644503099222977, 0.5730771007361235, 0.7072051708276074, 0.5737740141650041, 0.6783183907469115, 0.5891231743273911, 0.6942280157779656, 0.5903845618168513, 0.6655115894973278, 0.6347557059040776, 0.6810974021752675, 0.639843519528707, 0.6753298724691071, 0.6868703603744507, 0.6778893604874611, 0.685597734870734], "2": [0.0, 0.0, 0.0, 0.0, 0.0, 0.0, 0.0, 0.0, 0.0, 0.0, 0.0, 0.0, 0.0, 0.0, 0.0, 0.0, 0.0, 0.0, 0.28962165405585744, 0.60863445047979, 0.0, 0.0, 0.0, 0.0, 0.0, 0.0, 0.0, 0.0, 0.0, 0.0, 0.0, 0.0, 0.0, 0.0], "3": [0.0, 0.0, 0.0, 0.0, 0.0, 0.0, 0.0, 0.0, 0.0, 0.0, 0.0, 0.0, 0.0, 0.0, 0.0, 0.0, 0.0, 0.0, 0.0, 0.0, 0.2890244786938031, 0.6082583297182013, 0.0, 0.0, 0.0, 0.0, 0.0, 0.0, 0.0, 0.0, 0.0, 0.0, 0.0, 0.0], "4": [0.0, 0.0, 0.0, 0.0, 0.0, 0.0, 0.0, 0.0, 0.0, 0.0, 0.0, 0.0, 0.0, 0.0, 0.0, 0.0, 0.0, 0.0, 0.0, 0.0, 0.0, 0.0, 0.31281693937877814, 0.716627864042918, 0.0, 0.0, 0.30036761437853177, 0.7701486084196303, 0.3222883758445581, 0.7700595030078181, 0.3271391119070662, 0.8240472420498177, 0.0, 0.0]}