{"0": [0.32791796500484144, 0.6862856224731162, 0.3269563926383853, 0.6808107890464642, 0.0, 0.0, 0.33332482601205515, 0.6721632502697134, 0.0, 0.0, 0.3594733184203506, 0.6866085442128005, 0.3426636339475711, 0.6951063043541379, 0.3706105384975672, 0.7300510279282376, 0.33170081122467915, 0.7333648990701745, 0.3851580030595263, 0.7798033069681238, 0.31715684905648234, 0.7686593128575219, 0.3806923015565179, 0.7511083970320912, 0.36153542014459766, 0.7389067051587281, 0.35155947494010126, 0.798890346509439, 0.336388105712831, 0.7689658054599056, 0.0, 0.0, 0.32884232078989345, 0.8412128746509551], "1": [0.47287196715672813, 0.5426235594131329, 0.4733608934717874, 0.5379142723149724, 0.0, 0.0, 0.4783960469067097, 0.540864290131463, 0.4911753398676713, 0.5389911000375395, 0.47276514444189766, 0.5712858021259309, 0.5053247182940444, 0.5707363042566511, 0.4659734830260277, 0.6188274468812678, 0.5114963953693707, 0.6114503939946493, 0.4611554709573587, 0.6513692582095111, 0.5011083538333575, 0.6240738756126828, 0.4812508883088716, 0.6614331033494737, 0.5007578962792952, 0.6616077296159886, 0.4786961626261472, 0.7161247469760753, 0.5058432283811272, 0.7216876314746009, 0.48166412264108655, 0.7772650833483097, 0.5094862806921204, 0.7873913217473913], "2": [0.0, 0.0, 0.0, 0.0, 0.0, 0.0, 0.0, 0.0, 0.0, 0.0, 0.0, 0.0, 0.0, 0.0, 0.0, 0.0, 0.0, 0.0, 0.0, 0.0, 0.0, 0.0, 0.0, 0.0, 0.0, 0.0, 0.0, 0.0, 0.0, 0.0, 0.38468225648005805, 0.7881002714236577, 0.0, 0.0], "3": [0.0, 0.0, 0.0, 0.0, 0.0, 0.0, 0.0, 0.0, 0.0, 0.0, 0.0, 0.0, 0.0, 0.0, 0.0, 0.0, 0.0, 0.0, 0.0, 0.0, 0.0, 0.0, 0.0, 0.0, 0.0, 0.0, 0.0, 0.0, 0.0, 0.0, 0.32897962381442386, 0.8430348321243569, 0.0, 0.0]}