{"0": [0.33504387981568773, 0.44779238866435156, 0.3351982094813139, 0.44438340663909914, 0.0, 0.0, 0.3371177097161611, 0.4426346105557901, 0.0, 0.0, 0.34375146385646077, 0.4534092139314722, 0.34712159348030885, 0.4498581377444444, 0.0, 0.0, 0.0, 0.0, 0.0, 0.0, 0.0, 0.0, 0.0, 0.0, 0.0, 0.0, 0.0, 0.0, 0.0, 0.0, 0.0, 0.0, 0.0, 0.0], "1": [0.0, 0.0, 0.0, 0.0, 0.0, 0.0, 0.35468116042514647, 0.46608523770614907, 0.3663647978256146, 0.46032317170390374, 0.3528330938269695, 0.4942097403385021, 0.37816979798177874, 0.4757405347294278, 0.3460481168081363, 0.5294400079382791, 0.39316161752988893, 0.500605979837753, 0.3366396278142929, 0.5484001490804884, 0.39520164752999937, 0.5272209127744039, 0.37386560974021754, 0.552151491134255, 0.39055698495358226, 0.5458099342054791, 0.36473317528143523, 0.6052168000627447, 0.3887804706891378, 0.5894002609782749, 0.37259144267688193, 0.6710237057120712, 0.4036017208049695, 0.6406593775721612], "2": [0.0, 0.0, 0.0, 0.0, 0.0, 0.0, 0.0, 0.0, 0.0, 0.0, 0.0, 0.0, 0.0, 0.0, 0.347014804246525, 0.4694006621837616, 0.0, 0.0, 0.0, 0.0, 0.0, 0.0, 0.0, 0.0, 0.0, 0.0, 0.0, 0.0, 0.0, 0.0, 0.0, 0.0, 0.0, 0.0], "3": [0.0, 0.0, 0.0, 0.0, 0.0, 0.0, 0.0, 0.0, 0.0, 0.0, 0.0, 0.0, 0.0, 0.0, 0.0, 0.0, 0.35271668260296185, 0.4631521733132778, 0.0, 0.0, 0.0, 0.0, 0.0, 0.0, 0.0, 0.0, 0.0, 0.0, 0.0, 0.0, 0.0, 0.0, 0.0, 0.0]}