{"0": [0.5618262348075708, 0.5225577195209485, 0.0, 0.0, 0.561341902675728, 0.5174515066323457, 0.5461958122750123, 0.517394420835707, 0.55703456706057, 0.5197749329937829, 0.5377249288062255, 0.5371540367879248, 0.5498892432699601, 0.5549894251205302, 0.5241190363963445, 0.5509714504634893, 0.5511096926406026, 0.598354286396945, 0.0, 0.0, 0.555798242551585, 0.6253831208304123, 0.5205836541950702, 0.6097591357098685, 0.5274182531982661, 0.6122297787004047, 0.5417095735669136, 0.6620278518508982, 0.5433408725696306, 0.6642810430791642, 0.5278668440257509, 0.7008973770671421, 0.5286384202539921, 0.7022316102628354], "1": [0.0, 0.0, 0.0, 0.0, 0.0, 0.0, 0.48492318351442615, 0.5939521745399192, 0.5008009009063243, 0.5969988419501868, 0.4743029686311881, 0.6171708625775797, 0.5015817659596602, 0.6412025278365171, 0.45528753170122704, 0.6439311431513892, 0.4958100127677122, 0.6750448513914038, 0.4503452081233263, 0.6901533621328848, 0.0, 0.0, 0.45989883445824187, 0.7159691379026131, 0.47627583450327315, 0.7224437776539061, 0.46538621267924707, 0.7879834794335895, 0.4766563090806206, 0.7926400065422058, 0.45009729402434784, 0.8628395188856094, 0.4585035912692547, 0.8802204061437536]}