{"0": [0.37388763825098675, 0.48117444073712384, 0.0, 0.0, 0.37239794296522927, 0.47715595916465475, 0.0, 0.0, 0.3656517914185921, 0.47245479270263957, 0.361568117638429, 0.4937871111763848, 0.353416520729661, 0.49547027305320457, 0.3611111564561725, 0.5321480567808504, 0.3502086136490107, 0.5426602978397299, 0.37231350553532444, 0.5413443099569392, 0.35908217156926786, 0.5769496189223396, 0.3512895854189992, 0.564390727325722, 0.3446260419984659, 0.5647867306515023, 0.361774198214213, 0.6090853788234569, 0.3468029805769523, 0.6186743901421626, 0.36354618302236, 0.6607578641838497, 0.3390588610122601, 0.6724991065484506], "1": [0.0, 0.0, 0.0, 0.0, 0.0, 0.0, 0.5259759676953157, 0.5389874030042576, 0.5418213201065858, 0.5389586665012219, 0.5202834690610568, 0.5753823683217719, 0.5532312285155058, 0.5750367257330153, 0.5118011717995008, 0.6197439370331941, 0.5592078097164631, 0.6198005113336775, 0.5060426292475313, 0.6507903388252965, 0.5661081882814566, 0.6524396869871352, 0.5314949923660606, 0.6701207511126994, 0.552819582944115, 0.6643391020871975, 0.5333644789954026, 0.7259799339153149, 0.561078869116803, 0.7347598987597006, 0.5328934925297896, 0.7860645389115369, 0.56789539133509, 0.7897414291898409], "2": [0.0, 0.0, 0.0, 0.0, 0.0, 0.0, 0.0, 0.0, 0.0, 0.0, 0.0, 0.0, 0.0, 0.0, 0.0, 0.0, 0.0, 0.0, 0.0, 0.0, 0.0, 0.0, 0.0, 0.0, 0.0, 0.0, 0.3459160034855207, 0.6183133957424649, 0.0, 0.0, 0.33803828408320746, 0.6729658038527877, 0.0, 0.0], "3": [0.0, 0.0, 0.0, 0.0, 0.0, 0.0, 0.0, 0.0, 0.0, 0.0, 0.0, 0.0, 0.0, 0.0, 0.0, 0.0, 0.0, 0.0, 0.0, 0.0, 0.0, 0.0, 0.0, 0.0, 0.0, 0.0, 0.0, 0.0, 0.0, 0.0, 0.0, 0.0, 0.3636340490852793, 0.6611596652755031]}