{"0": [0.6691700829813878, 0.5003409816159142, 0.6717480211208265, 0.4968095320242423, 0.6664976781855027, 0.49541726995397495, 0.6757123162349065, 0.4889577344611839, 0.661689747373263, 0.4882838461134169, 0.6792992897331714, 0.505575069674739, 0.6531356848776341, 0.5065556285006029, 0.6858830642576019, 0.5345461236106026, 0.642248497903347, 0.530644413056197, 0.6867492345472178, 0.5630333416991763, 0.6405669944981734, 0.5629924681451586, 0.6707805794974168, 0.5745904214404247, 0.6540716990828513, 0.5730215117887214, 0.6682740984174113, 0.6257745398829381, 0.6536000374704599, 0.6206145001782312, 0.6628609105944634, 0.6794272364289672, 0.6463424329956374, 0.6557642784797482], "1": [0.6432530073759456, 0.45344257045675207, 0.0, 0.0, 0.6431270956372221, 0.4494073430697123, 0.0, 0.0, 0.6433567281501988, 0.43798182452166523, 0.6301707984258731, 0.44084982040027776, 0.6299850619087617, 0.44185241802974984, 0.6137207218756279, 0.4646969848208957, 0.6128804163386424, 0.4649969975153605, 0.0, 0.0, 0.6034770046671232, 0.4957613633738624, 0.6099596212928494, 0.5072882318524299, 0.6089432296653589, 0.5072603281725336, 0.6052405988875856, 0.5508322334966469, 0.6141508463770151, 0.5508597453435262, 0.5995730097095172, 0.6003299099427681, 0.6101058254639308, 0.6009564090658117], "2": [0.0, 0.0, 0.0, 0.0, 0.0, 0.0, 0.0, 0.0, 0.0, 0.0, 0.0, 0.0, 0.0, 0.0, 0.0, 0.0, 0.0, 0.0, 0.6276052157705029, 0.49026633699735006, 0.0, 0.0, 0.0, 0.0, 0.0, 0.0, 0.0, 0.0, 0.0, 0.0, 0.0, 0.0, 0.0, 0.0], "3": [0.0, 0.0, 0.0, 0.0, 0.0, 0.0, 0.0, 0.0, 0.0, 0.0, 0.0, 0.0, 0.0, 0.0, 0.0, 0.0, 0.0, 0.0, 0.0, 0.0, 0.6271536876757939, 0.4913401497734918, 0.0, 0.0, 0.0, 0.0, 0.0, 0.0, 0.0, 0.0, 0.0, 0.0, 0.0, 0.0]}