{"0": [0.2816627226459483, 0.4714580606531214, 0.28400147159894307, 0.46613158539489463, 0.27940449987848603, 0.46639020487114236, 0.0, 0.0, 0.27117118338743845, 0.46489553451538085, 0.2835206584384044, 0.4888054971341734, 0.2611310901741187, 0.497799813968164, 0.2849216419272125, 0.5230321185456381, 0.2560010870608191, 0.535516877969106, 0.2921476982533931, 0.5433748882125925, 0.27349266236027076, 0.5486409761287548, 0.28491392179081837, 0.563987735024205, 0.26853646396969755, 0.566733663080743, 0.2893126570930083, 0.6153020377512332, 0.2670170281082392, 0.615420412796515, 0.2934120743535458, 0.6688038062166285, 0.25954967942088847, 0.6650255437250491], "1": [0.0, 0.0, 0.0, 0.0, 0.6251552899678549, 0.6471746859727082, 0.0, 0.0, 0.0, 0.0, 0.0, 0.0, 0.0, 0.0, 0.0, 0.0, 0.0, 0.0, 0.0, 0.0, 0.0, 0.0, 0.0, 0.0, 0.0, 0.0, 0.0, 0.0, 0.0, 0.0, 0.0, 0.0, 0.0, 0.0], "2": [0.0, 0.0, 0.0, 0.0, 0.0, 0.0, 0.6108027356676757, 0.6579073003044835, 0.6223385158926249, 0.6501692261960771, 0.6152387250835697, 0.6988855586007788, 0.6247722577303648, 0.7056577510303921, 0.6272107635391877, 0.7585967386210406, 0.6286107543855906, 0.7610154434486672, 0.0, 0.0, 0.6705913605789343, 0.7858617023185447, 0.6112881351262331, 0.8213140796732019, 0.6264997409035762, 0.8193946277101833, 0.6078205114851395, 0.8784175921369481, 0.6463979087769985, 0.8837746877361227, 0.6003635661055644, 0.9467121002850709, 0.6280038762837649, 0.9466959489716424], "3": [0.0, 0.0, 0.0, 0.0, 0.0, 0.0, 0.0, 0.0, 0.0, 0.0, 0.0, 0.0, 0.0, 0.0, 0.0, 0.0, 0.0, 0.0, 0.0, 0.0, 0.0, 0.0, 0.0, 0.0, 0.0, 0.0, 0.6452193384369215, 0.8822695734324278, 0.0, 0.0, 0.0, 0.0, 0.0, 0.0]}