{"0": [0.0, 0.0, 0.0, 0.0, 0.0, 0.0, 0.5620315533131361, 0.5665434403000055, 0.5767292465393742, 0.5700018920280315, 0.5491588151703278, 0.5941199174633732, 0.5825478458156188, 0.6120727711253696, 0.5381382325043281, 0.6354493024172606, 0.587653553734223, 0.6649976419077979, 0.5405510909234484, 0.6551835556825002, 0.5860617148379484, 0.7038189225726659, 0.5453915103028218, 0.6765209531342542, 0.5661477413028478, 0.683456340652925, 0.5263328596949577, 0.7267755320778599, 0.5910463985055685, 0.7276436847669107, 0.5149741794293126, 0.7863835974975869, 0.6056881800293924, 0.781889454440938], "1": [0.0, 0.0, 0.0, 0.0, 0.0, 0.0, 0.516427705436945, 0.5503406886701231, 0.5305059934655826, 0.5518002933167198, 0.5081777622302374, 0.5813482095659883, 0.5398942059526841, 0.5864151566116899, 0.49343683732052646, 0.6076439486609565, 0.5355634500427793, 0.633794031733716, 0.49162984179953734, 0.6091838222962839, 0.0, 0.0, 0.510269802234446, 0.6594544805862285, 0.5274603238329292, 0.6679567197958627, 0.4993506943186124, 0.6965032862292396, 0.5241223787268002, 0.7207414662396466, 0.0, 0.0, 0.0, 0.0], "2": [0.0, 0.0, 0.0, 0.0, 0.0, 0.0, 0.0, 0.0, 0.0, 0.0, 0.0, 0.0, 0.0, 0.0, 0.0, 0.0, 0.0, 0.0, 0.0, 0.0, 0.0, 0.0, 0.0, 0.0, 0.0, 0.0, 0.0, 0.0, 0.0, 0.0, 0.48152540704856317, 0.7235873385711953, 0.0, 0.0]}