{"0": [0.0, 0.0, 0.0, 0.0, 0.0, 0.0, 0.5039073458562294, 0.48623869121074675, 0.5167553498099248, 0.48654267489910125, 0.4957683158417543, 0.5150016152058486, 0.5231603872186193, 0.5188941951151247, 0.48460689187049866, 0.5560365672464724, 0.5285256231824557, 0.5614974673147555, 0.48096801340579987, 0.5886226485724803, 0.5310757243695359, 0.5925887712725886, 0.4990899283438921, 0.5937280147163956, 0.5155191314717134, 0.5942269625487151, 0.5030930334081253, 0.6533382232542391, 0.5088737862805526, 0.6494373290627091, 0.5106019445352106, 0.7046609696234989, 0.5129389382898808, 0.7153703867837234], "1": [0.0, 0.0, 0.0, 0.0, 0.0, 0.0, 0.6839748592426379, 0.5607632507880529, 0.6962189806004365, 0.5615549427491647, 0.6772752056053529, 0.5809410678015815, 0.7038522380093734, 0.5816120292025584, 0.6707449336846669, 0.6190045106742117, 0.7117959468315045, 0.6189212885719758, 0.6666676758478085, 0.6518334432884498, 0.7133155493686597, 0.6581610286677325, 0.6822044781098763, 0.6405801650688604, 0.6998884158829848, 0.6401226803108498, 0.6881399023036162, 0.6823061174816556, 0.6933918518324693, 0.6822734254377859, 0.6826705497481479, 0.7196719203284534, 0.6909202352166176, 0.7142754423949453], "2": [0.0, 0.0, 0.0, 0.0, 0.0, 0.0, 0.0, 0.0, 0.0, 0.0, 0.0, 0.0, 0.0, 0.0, 0.0, 0.0, 0.0, 0.0, 0.0, 0.0, 0.0, 0.0, 0.0, 0.0, 0.0, 0.0, 0.0, 0.0, 0.0, 0.0, 0.0, 0.0, 0.5028521968051791, 0.6779230391675676]}