{"0": [0.6525105066287021, 0.46963342157778915, 0.6554881800586979, 0.4641714386366032, 0.6498061428467433, 0.4647834591291569, 0.6606397823430598, 0.4643989003366894, 0.646921962313354, 0.46500513134179294, 0.6670168711493413, 0.4953833440939585, 0.6433717588583628, 0.4928195397748991, 0.6716059017926455, 0.5292519424524572, 0.641482895736893, 0.5280266005683828, 0.6593501674632231, 0.5417216265643084, 0.6360382640734314, 0.552617223450431, 0.6593168761581183, 0.565117471968686, 0.6439218706917018, 0.5619353530583558, 0.656871747970581, 0.6190788169701894, 0.6315340546580652, 0.6100018986949215, 0.6515453454107046, 0.6733348925908407, 0.6379474523166816, 0.6589734307041875], "1": [0.0, 0.0, 0.0, 0.0, 0.0, 0.0, 0.4082399196922779, 0.5704160944179252, 0.4237392270937562, 0.5710725393560198, 0.39773950822030507, 0.6033727057554104, 0.43284489649037516, 0.6037356339188086, 0.3897483992545555, 0.6422446715610999, 0.4386767027899623, 0.6342114881232933, 0.39718918887277443, 0.6417568303920604, 0.43284814891715845, 0.6162885334756639, 0.40541053445388875, 0.6864324736374395, 0.42441196205715337, 0.6869295400601846, 0.40106410856048275, 0.7623990577680093, 0.4303181854387125, 0.7549535144258428, 0.40098492031296096, 0.8399782141601598, 0.43052630486587684, 0.8170793184527645]}