{"0": [0.3113702040786545, 0.47254103466316505, 0.3135231960564851, 0.46664814949035643, 0.3090045352776845, 0.46678991626810146, 0.31663900166749953, 0.4592207606191988, 0.30494234586755437, 0.46218717716358326, 0.32397867875794567, 0.4758990067022818, 0.2976555266107122, 0.4853266244961156, 0.0, 0.0, 0.28996188727517924, 0.515029355759422, 0.0, 0.0, 0.2890895524683098, 0.5471101919809978, 0.0, 0.0, 0.0, 0.0, 0.0, 0.0, 0.0, 0.0, 0.0, 0.0, 0.0, 0.0], "1": [0.0, 0.0, 0.0, 0.0, 0.0, 0.0, 0.5695714335888624, 0.5387439758689315, 0.5851606212556362, 0.5407244933976068, 0.5609778508543968, 0.5723255161885862, 0.5930418837815523, 0.5762254918063129, 0.5523906666785479, 0.6179884933211185, 0.6011544098456701, 0.6226624588171641, 0.556497132886822, 0.6238965935177273, 0.5918196535358826, 0.6408810678869485, 0.563872690560917, 0.6569076897921385, 0.5826338227838278, 0.6625407104138975, 0.5523058590323975, 0.7124864975611369, 0.579415108760198, 0.72650747873165, 0.5424050308763981, 0.775289738619769, 0.5816982996960481, 0.7895855979786979], "2": [0.0, 0.0, 0.0, 0.0, 0.0, 0.0, 0.0, 0.0, 0.0, 0.0, 0.3012049725900094, 0.48361060233027847, 0.3250251890470584, 0.47440343057667766, 0.29006057223305104, 0.5182836020434344, 0.3280136783917745, 0.5147222910835235, 0.2885554915914933, 0.5475724582318906, 0.0, 0.0, 0.3097078778470556, 0.5494337808202814, 0.32171009853482246, 0.5455302114839907, 0.30925126125415164, 0.6019487475907361, 0.3262493052209417, 0.5953526713229992, 0.31252268701791763, 0.6539208500473588, 0.3187710131673763, 0.6222115876498046], "3": [0.0, 0.0, 0.0, 0.0, 0.0, 0.0, 0.0, 0.0, 0.0, 0.0, 0.0, 0.0, 0.0, 0.0, 0.0, 0.0, 0.0, 0.0, 0.0, 0.0, 0.0, 0.0, 0.0, 0.0, 0.0, 0.0, 0.3267422787224253, 0.5972112716899978, 0.3089074586828549, 0.6014396519572647, 0.31925265649333595, 0.6247269357796068, 0.3121202966819207, 0.653884384256822]}