{"0": [0.3655276093011101, 0.49428277479277716, 0.0, 0.0, 0.36486195071289934, 0.4888859506006594, 0.0, 0.0, 0.3580635742594798, 0.4849855815232904, 0.3473432080820203, 0.49861155781481004, 0.34744375435014574, 0.5032547228866152, 0.3420928833385308, 0.5440030721050721, 0.3425848635534445, 0.5453149963308264, 0.35220037719700487, 0.5777136961619059, 0.3526523143673936, 0.5786566776257974, 0.33438085665305456, 0.5645295452188562, 0.3314311965213468, 0.5647417423901735, 0.3387547589838505, 0.6166577537854513, 0.0, 0.0, 0.3404076635837555, 0.668387559166661, 0.3401873609051108, 0.6693237366499725], "1": [0.6937929973316689, 0.564950156322232, 0.0, 0.0, 0.6916967918475471, 0.5612070450076351, 0.0, 0.0, 0.6842489384114742, 0.567005807823605, 0.6699018217623235, 0.5904143270519044, 0.685804319443802, 0.608160094861631, 0.6686204864022632, 0.6410096344572527, 0.6913658055166404, 0.6559782184384487, 0.7134303757299979, 0.6529252081005662, 0.7138708518197139, 0.6534401657404723, 0.6663581286867459, 0.6909227692418628, 0.6737448977306485, 0.6931965365454001, 0.6630504741022984, 0.7532077865468131, 0.683490397532781, 0.744718632709097, 0.6507327751566966, 0.8191082708261631, 0.6863965564717849, 0.8065782485184845], "2": [0.0, 0.0, 0.0, 0.0, 0.0, 0.0, 0.0, 0.0, 0.0, 0.0, 0.0, 0.0, 0.0, 0.0, 0.0, 0.0, 0.0, 0.0, 0.0, 0.0, 0.33307329130669433, 0.5748010385367605, 0.0, 0.0, 0.0, 0.0, 0.0, 0.0, 0.0, 0.0, 0.0, 0.0, 0.0, 0.0], "3": [0.0, 0.0, 0.0, 0.0, 0.0, 0.0, 0.0, 0.0, 0.0, 0.0, 0.0, 0.0, 0.0, 0.0, 0.0, 0.0, 0.0, 0.0, 0.0, 0.0, 0.0, 0.0, 0.0, 0.0, 0.0, 0.0, 0.0, 0.0, 0.33881677140792205, 0.6174311125719989, 0.0, 0.0, 0.0, 0.0]}