{"0": [0.37656574938446286, 0.48468714389536116, 0.37802416576693454, 0.4801534308327569, 0.3758215406288704, 0.4794968873262405, 0.0, 0.0, 0.36901206569746137, 0.4739580015341441, 0.36597393949826557, 0.49352684749497316, 0.355329232600828, 0.49190067963467704, 0.3642723166383802, 0.526104720875069, 0.35609013799888395, 0.530463680073067, 0.3749796732018391, 0.5439087581303385, 0.0, 0.0, 0.3532015819102526, 0.5634874535931481, 0.3471476083000501, 0.5646489342053731, 0.3656169276063641, 0.6080600625938839, 0.3459697333474955, 0.6173320260312822, 0.3709546372294426, 0.6641512793523294, 0.34098516615728536, 0.6723935387752675], "1": [0.0, 0.0, 0.0, 0.0, 0.0, 0.0, 0.5401297292982539, 0.5319165404196139, 0.5549573407818874, 0.5325164348990828, 0.5312884405915005, 0.5637374376809156, 0.5645880178499889, 0.5651522066858081, 0.5230881215228389, 0.6056932347792168, 0.5711016414066156, 0.6017310387558408, 0.5194778834780057, 0.6381866057713826, 0.5776325892657042, 0.6266716817462886, 0.539287084620446, 0.6564155964939683, 0.5597918543343743, 0.6552767862600309, 0.5379404904941718, 0.7150439203337386, 0.5648891428795954, 0.7129516926076678, 0.5380166093508403, 0.7777667001441673, 0.5701480713983377, 0.7799079832103517], "2": [0.0, 0.0, 0.0, 0.0, 0.0, 0.0, 0.0, 0.0, 0.0, 0.0, 0.0, 0.0, 0.0, 0.0, 0.0, 0.0, 0.0, 0.0, 0.0, 0.0, 0.0, 0.0, 0.0, 0.0, 0.0, 0.0, 0.34530408183733624, 0.6170079794194964, 0.3657151219745477, 0.6083761756066923, 0.3409126366178194, 0.6725635546225088, 0.37092405185103416, 0.6652879871703961]}