{"0": [0.269325925099353, 0.4877715112986387, 0.27005862109363077, 0.48145362778946205, 0.267401368295153, 0.4838980821547685, 0.2776100215812524, 0.47755398101828717, 0.0, 0.0, 0.28787761616210145, 0.5016235676076677, 0.2781696127106746, 0.5047586003939311, 0.29372791393155545, 0.5472645713223352, 0.28136930760617057, 0.5413297052736635, 0.2770508649856007, 0.5589331035536749, 0.27163251812259354, 0.555491390493181, 0.2900519406422973, 0.5797353294160631, 0.28205223847180605, 0.578243961599138, 0.2965107205013434, 0.6266491642704717, 0.27844130868713063, 0.6285013154700949, 0.30523681665460267, 0.6685435282963293, 0.27641267888247967, 0.6830391278973331], "1": [0.0, 0.0, 0.0, 0.0, 0.0, 0.0, 0.31466320203617215, 0.5226725722352664, 0.3284744666268428, 0.5241439421971639, 0.30697567549844584, 0.5534852198980472, 0.3352276523752759, 0.5577260511892813, 0.30268934052437546, 0.5959766461341468, 0.3410600185394287, 0.6020253745494065, 0.0, 0.0, 0.3449631693462531, 0.6378567333574648, 0.313091769317786, 0.6424965902611063, 0.33101948198551934, 0.64320071472062, 0.31255381405353544, 0.6991788148880005, 0.33334506203730907, 0.7030912869506412, 0.30041594972384494, 0.7533545020333327, 0.32595589545865855, 0.7623640499733112], "2": [0.0, 0.0, 0.0, 0.0, 0.0, 0.0, 0.0, 0.0, 0.0, 0.0, 0.0, 0.0, 0.0, 0.0, 0.0, 0.0, 0.0, 0.0, 0.0, 0.0, 0.0, 0.0, 0.0, 0.0, 0.0, 0.0, 0.0, 0.0, 0.3003448245426019, 0.6302048047383626, 0.0, 0.0, 0.0, 0.0]}