{"0": [0.34182660008470217, 0.6354884231532062, 0.34352082858482996, 0.6298368635001006, 0.0, 0.0, 0.350125719110171, 0.6283236335825038, 0.0, 0.0, 0.3697022274757425, 0.6486590146466538, 0.35374144402643043, 0.6560435418177533, 0.38769941640396915, 0.6782229030021915, 0.35513861005504926, 0.7076404062962091, 0.3798187414805094, 0.7086982579142959, 0.341597755998373, 0.7184185343760031, 0.3892173146518568, 0.7177550726466708, 0.3779517280558745, 0.722315315074391, 0.3756193531056245, 0.7736122716080259, 0.35252879510323204, 0.7667795551319916, 0.3753410480916501, 0.8127897401650747, 0.37576799069841704, 0.8114223744306299], "1": [0.5120860824982325, 0.52134052719231, 0.5129179450372855, 0.517835161641792, 0.0, 0.0, 0.5178274814660351, 0.5209535082181295, 0.5279266835500798, 0.5204523411062029, 0.5117947729925314, 0.5564117462546738, 0.5392661362886428, 0.5497165602666361, 0.5105211421847343, 0.596886574946068, 0.5490856491029262, 0.5896551623940468, 0.49827467588086916, 0.6155466357866923, 0.5571097037444512, 0.6185072842407626, 0.521268271158139, 0.6343393871077785, 0.5377425108104944, 0.6337555717814852, 0.5151474121958017, 0.6839971188041899, 0.5415847197175025, 0.6929531433792026, 0.5235418908918897, 0.7483453503361455, 0.550734139730533, 0.7354290806584888], "2": [0.0, 0.0, 0.0, 0.0, 0.0, 0.0, 0.0, 0.0, 0.0, 0.0, 0.0, 0.0, 0.0, 0.0, 0.0, 0.0, 0.0, 0.0, 0.3412563818196456, 0.7198473707393364, 0.0, 0.0, 0.0, 0.0, 0.0, 0.0, 0.0, 0.0, 0.0, 0.0, 0.0, 0.0, 0.0, 0.0], "3": [0.0, 0.0, 0.0, 0.0, 0.0, 0.0, 0.0, 0.0, 0.0, 0.0, 0.0, 0.0, 0.0, 0.0, 0.0, 0.0, 0.0, 0.0, 0.0, 0.0, 0.0, 0.0, 0.0, 0.0, 0.0, 0.0, 0.0, 0.0, 0.37195864543318746, 0.7754029035568237, 0.0, 0.0, 0.0, 0.0]}