{"0": [0.3249477922916412, 0.4869464881994106, 0.0, 0.0, 0.3247496195137501, 0.4830594535227175, 0.31063182417613766, 0.4828419053996051, 0.3206688418984413, 0.4862772661226767, 0.29806761827009426, 0.5094500872823927, 0.3189231056720018, 0.5187672729845401, 0.29350623063122233, 0.546490098811962, 0.3268381818352888, 0.5581439135251222, 0.30265674845625956, 0.5520893164806896, 0.33611316929260887, 0.5827809359188432, 0.30176990097388623, 0.5875447050288871, 0.3175683945417404, 0.5884730603959826, 0.3092443222800891, 0.6441837939951154, 0.32948335583011307, 0.6341386139944748, 0.3122478686273098, 0.6978432114477511, 0.324092718710502, 0.6916958145521305], "1": [0.0, 0.0, 0.0, 0.0, 0.0, 0.0, 0.5631340282658736, 0.5382713303521828, 0.5786856611569723, 0.5410014068638836, 0.5544548713912566, 0.573132308324178, 0.5865214047332604, 0.5783033178912269, 0.5425959849109252, 0.6202597875286031, 0.5945225728675723, 0.6245523038837645, 0.5361463891963164, 0.6561981001385936, 0.5935494057678928, 0.6562116884522968, 0.556591777689755, 0.663196923694125, 0.5787568899492422, 0.664852457134812, 0.5474220746817688, 0.7173125119120987, 0.5754041723906994, 0.7281685472638517, 0.5398026107034336, 0.7729101735132712, 0.5721269174789388, 0.7948080563986742]}