{"0": [0.6640556950122118, 0.4957620479442455, 0.6668462619185447, 0.4915469432318652, 0.6638745596011479, 0.4905265172322591, 0.6750143247346083, 0.4946402761671278, 0.0, 0.0, 0.6800315480679273, 0.5277638799614377, 0.662955350925525, 0.5149268385919707, 0.6875539609541496, 0.5692207780149248, 0.6613996515050531, 0.5589145679992659, 0.6727218627153585, 0.5831454820103116, 0.653752242649595, 0.5803327924675412, 0.6743370726704596, 0.5998025785993647, 0.6583040036261082, 0.5968641636548219, 0.6757656671106815, 0.6564763928453128, 0.6531116453930735, 0.6594093468454149, 0.6772426527303954, 0.7169184925379576, 0.6415533604721229, 0.7085904178795991], "1": [0.7682935292211671, 0.40518337973841917, 0.7711015922327836, 0.37221305679391936, 0.0, 0.0, 0.0, 0.0, 0.0, 0.0, 0.0, 0.0, 0.0, 0.0, 0.0, 0.0, 0.0, 0.0, 0.0, 0.0, 0.0, 0.0, 0.0, 0.0, 0.0, 0.0, 0.0, 0.0, 0.0, 0.0, 0.0, 0.0, 0.0, 0.0], "2": [0.7708331434677045, 0.46900585845664694, 0.7751920157422622, 0.4314608112529472, 0.0, 0.0, 0.0, 0.0, 0.0, 0.0, 0.0, 0.0, 0.0, 0.0, 0.0, 0.0, 0.0, 0.0, 0.0, 0.0, 0.0, 0.0, 0.0, 0.0, 0.0, 0.0, 0.0, 0.0, 0.0, 0.0, 0.0, 0.0, 0.0, 0.0], "3": [0.0, 0.0, 0.0, 0.0, 0.0, 0.0, 0.3103513034293428, 0.5341158738842718, 0.323680952253441, 0.5363056328009677, 0.3052029042194287, 0.558701796664132, 0.3306987540175517, 0.5696972383393181, 0.30214001554995773, 0.6025005551400008, 0.33326611245671905, 0.6030688503274211, 0.2965031199157238, 0.6373920440673828, 0.0, 0.0, 0.3098989223750929, 0.6414082551444018, 0.32817683356503646, 0.6404255277580685, 0.3108747161614398, 0.6947643849584791, 0.3293599824110667, 0.6988503346840541, 0.31689303591847423, 0.7364173724695489, 0.33287525748213137, 0.7609877411965971], "4": [0.0, 0.0, 0.0, 0.0, 0.0, 0.0, 0.0, 0.0, 0.0, 0.0, 0.7942684516931574, 0.2908858471446567, 0.0, 0.0, 0.0, 0.0, 0.0, 0.0, 0.0, 0.0, 0.0, 0.0, 0.0, 0.0, 0.0, 0.0, 0.0, 0.0, 0.0, 0.0, 0.0, 0.0, 0.0, 0.0], "5": [0.0, 0.0, 0.0, 0.0, 0.0, 0.0, 0.0, 0.0, 0.0, 0.0, 0.0, 0.0, 0.0, 0.0, 0.0, 0.0, 0.0, 0.0, 0.0, 0.0, 0.0, 0.0, 0.0, 0.0, 0.0, 0.0, 0.0, 0.0, 0.6753228155275186, 0.6577736408622177, 0.0, 0.0, 0.0, 0.0], "6": [0.0, 0.0, 0.0, 0.0, 0.0, 0.0, 0.0, 0.0, 0.0, 0.0, 0.0, 0.0, 0.0, 0.0, 0.0, 0.0, 0.0, 0.0, 0.0, 0.0, 0.0, 0.0, 0.0, 0.0, 0.0, 0.0, 0.0, 0.0, 0.0, 0.0, 0.6413668185472489, 0.7089395939200012, 0.0, 0.0]}