{"0": [0.1891917649966975, 0.6325474778811137, 0.19309184482942024, 0.6240547566502183, 0.18467301682879528, 0.6253653903250341, 0.20025603423515956, 0.6238492630146167, 0.1797668978571892, 0.6265553619574618, 0.21379092913120984, 0.6611047155327268, 0.17498767549792926, 0.6686566174030304, 0.22640747272719938, 0.6987569025269261, 0.16668416348596413, 0.706956435960752, 0.21795240814487135, 0.7330230531869111, 0.17322123345608512, 0.738162942285891, 0.21296513415873053, 0.7611334184805553, 0.1891991668691238, 0.7631387357358579, 0.21595067431529363, 0.8390327006578445, 0.1950024018685023, 0.8465775252492339, 0.2236385688185692, 0.8742922531233893, 0.20350294237335523, 0.9090071061143169], "1": [0.6106769585826745, 0.646096670627594, 0.6147278222410629, 0.640771005457888, 0.6078154679387808, 0.640624342141328, 0.6199205763638019, 0.6379119484512894, 0.6034256159017484, 0.6384725906230785, 0.6238772813851635, 0.6584332987114234, 0.5977059298039724, 0.6572933392392264, 0.6262503950546185, 0.6841920584440231, 0.5877546101808548, 0.6615817332709278, 0.6235604177539548, 0.699417120107898, 0.0, 0.0, 0.6159139660497507, 0.7064871103123382, 0.5975294662018616, 0.7052760832839542, 0.6162913310031096, 0.7453659831925675, 0.5917983300983906, 0.7474546909332276, 0.6168858264883359, 0.7988862600591448, 0.5910333923995494, 0.798848056351697], "2": [0.0, 0.0, 0.0, 0.0, 0.0, 0.0, 0.0, 0.0, 0.0, 0.0, 0.0, 0.0, 0.6261685886109869, 0.6499907009027622, 0.0, 0.0, 0.0, 0.0, 0.0, 0.0, 0.0, 0.0, 0.0, 0.0, 0.0, 0.0, 0.0, 0.0, 0.0, 0.0, 0.0, 0.0, 0.0, 0.0], "3": [0.0, 0.0, 0.0, 0.0, 0.0, 0.0, 0.0, 0.0, 0.0, 0.0, 0.0, 0.0, 0.0, 0.0, 0.0, 0.0, 0.0, 0.0, 0.0, 0.0, 0.5944406949604552, 0.6996956334345871, 0.0, 0.0, 0.0, 0.0, 0.0, 0.0, 0.0, 0.0, 0.0, 0.0, 0.0, 0.0], "4": [0.0, 0.0, 0.0, 0.0, 0.0, 0.0, 0.0, 0.0, 0.0, 0.0, 0.0, 0.0, 0.0, 0.0, 0.0, 0.0, 0.0, 0.0, 0.0, 0.0, 0.5979223723508766, 0.6411875245747742, 0.0, 0.0, 0.0, 0.0, 0.0, 0.0, 0.0, 0.0, 0.0, 0.0, 0.0, 0.0]}