{"0": [0.46589179498453936, 0.5670396163507744, 0.4681392685820659, 0.5603807361037643, 0.4640947224882741, 0.5616322689586215, 0.4777513414621353, 0.5581776001939067, 0.0, 0.0, 0.4923306278884411, 0.5954101145267486, 0.4731311098517229, 0.5900404773376605, 0.5018535151922454, 0.6395322857079682, 0.47916061555345857, 0.6354104019977428, 0.48048461650808655, 0.6523078684453611, 0.0, 0.0, 0.4933207502899071, 0.6738952351941002, 0.47629252808789413, 0.6714651112203245, 0.4987564926346143, 0.7319803847206964, 0.46121453257898487, 0.7150480405048087, 0.5099927123325566, 0.7938267420839381, 0.47202571506301566, 0.7837839084642905], "1": [0.0, 0.0, 0.19392622434534132, 0.7005922352826154, 0.0, 0.0, 0.19961778844396275, 0.7030088899312195, 0.2189312697077791, 0.6894876696445323, 0.21316047633687657, 0.7449383213012307, 0.23718437279264132, 0.7059255565758105, 0.21682517329851786, 0.8052408274677064, 0.26089648421232897, 0.7475594427850512, 0.22226642395059268, 0.8557364538863853, 0.0, 0.0, 0.24456888859470682, 0.8254513747162288, 0.26492384768401583, 0.806006540413256, 0.24318140242248773, 0.8918856429832953, 0.25114511282493673, 0.8862888786527847, 0.24343971671196013, 0.9552253251029579, 0.25590244935204587, 0.9662991014343721], "2": [0.0, 0.0, 0.0, 0.0, 0.0, 0.0, 0.0, 0.0, 0.0, 0.0, 0.0, 0.0, 0.0, 0.0, 0.0, 0.0, 0.0, 0.0, 0.0, 0.0, 0.0, 0.0, 0.0, 0.0, 0.0, 0.0, 0.4617833498865366, 0.7158413442196669, 0.5006790426870187, 0.7339258556012753, 0.0, 0.0, 0.5098854410772522, 0.793949755915889], "3": [0.0, 0.0, 0.0, 0.0, 0.0, 0.0, 0.0, 0.0, 0.0, 0.0, 0.0, 0.0, 0.0, 0.0, 0.0, 0.0, 0.0, 0.0, 0.0, 0.0, 0.0, 0.0, 0.0, 0.0, 0.0, 0.0, 0.0, 0.0, 0.0, 0.0, 0.0, 0.0, 0.23999643158167602, 0.9384479170596158]}