{"0": [0.0, 0.0, 0.0, 0.0, 0.0, 0.0, 0.5447459635635217, 0.6227715125790347, 0.561002729833126, 0.6184740079463357, 0.5397704111412167, 0.6635630007143374, 0.5748987370481093, 0.6523503252753506, 0.5281212874377768, 0.7010452383094363, 0.5869743820279837, 0.6998091589383505, 0.0, 0.0, 0.597199781301121, 0.7395610509095368, 0.5576885595917702, 0.7595222549306022, 0.5796699561178684, 0.7533440958570551, 0.5554817685236534, 0.8204078782487798, 0.5728840734576807, 0.8123802246870818, 0.5656169126431148, 0.8812587636488456, 0.5844121012836695, 0.8553411097024326], "1": [0.0, 0.0, 0.0, 0.0, 0.0, 0.0, 0.41990059105058514, 0.4661242922147115, 0.43033235389739277, 0.45749783206869055, 0.4250979422281186, 0.48900250682124385, 0.4425795242190361, 0.476615967242806, 0.40552666994432607, 0.5149186444641264, 0.45232568294741216, 0.4954094348130403, 0.38916874829058845, 0.5231532815429899, 0.0, 0.0, 0.4451615322381258, 0.5484755017139294, 0.4548041513810555, 0.5451639164929036, 0.4369491486499707, 0.6022694714643337, 0.43975521200336515, 0.598140189382765, 0.453713350618879, 0.6380587725727647, 0.4534824920197328, 0.63622294443625], "2": [0.0, 0.0, 0.0, 0.0, 0.0, 0.0, 0.0, 0.0, 0.0, 0.0, 0.0, 0.0, 0.0, 0.0, 0.0, 0.0, 0.0, 0.0, 0.0, 0.0, 0.0, 0.0, 0.0, 0.0, 0.0, 0.0, 0.0, 0.0, 0.0, 0.0, 0.0, 0.0, 0.5687794926130058, 0.8870395161487439]}