{"0": [0.3997684674958387, 0.4614882055256102, 0.4005647857983907, 0.45638061187885426, 0.3968447379767895, 0.4578698498231393, 0.0, 0.0, 0.39031148453553516, 0.46129130114007877, 0.40272248623271784, 0.48340802854961806, 0.38689484099547067, 0.48948309664373046, 0.4087193739910921, 0.5147079546763389, 0.37748947519188125, 0.5245215040666085, 0.41862640376978866, 0.5352624894292266, 0.37517754423121613, 0.5634791489000673, 0.3986072548975547, 0.5600019415219625, 0.3891745881177485, 0.5608858958438592, 0.40019809678196905, 0.6084604854936952, 0.4021029362396803, 0.6093710806634691, 0.39416072877744834, 0.6579416237495563, 0.3932935466368993, 0.6613907804091771], "1": [0.0, 0.0, 0.0, 0.0, 0.0, 0.0, 0.40596166799465816, 0.7201702925893996, 0.42598259498675656, 0.7098327603605058, 0.4017591815131406, 0.7512635271858286, 0.4449782118201256, 0.7406460594247889, 0.38518681914235153, 0.7948822564548917, 0.46226640542348224, 0.7896037603418032, 0.36779762686540685, 0.8322695923072321, 0.4597280106817683, 0.8431525091330211, 0.41924237941081327, 0.8684664646784465, 0.44464143086224794, 0.8623388213139994, 0.42137463850279655, 0.937503374505926, 0.44165164803465207, 0.9256743731322112, 0.0, 0.0, 0.4381768599152565, 0.9706444323062897]}