{"0": [0.5332779395083587, 0.5065281473928026, 0.5361183301235238, 0.4998429717013129, 0.5313545902259648, 0.501725098490715, 0.5427930476764838, 0.4948660945450818, 0.0, 0.0, 0.5565370743783812, 0.5174592713514965, 0.53265871082743, 0.5185662256346809, 0.5672890789806843, 0.5446025671506369, 0.5353849614174881, 0.5520049945623786, 0.0, 0.0, 0.53334356918931, 0.5760559616265474, 0.5536332137882709, 0.5947992916460391, 0.5410800990959008, 0.5946126017305586, 0.5516978020469347, 0.6400394749862176, 0.5408322275926669, 0.6402505598134465, 0.5487812655667464, 0.6883621820697078, 0.5467072914044062, 0.6869857469090709], "1": [0.0, 0.0, 0.0, 0.0, 0.0, 0.0, 0.5668894340594609, 0.5456765700269628, 0.5809464358724654, 0.5502594253531209, 0.5615547706683477, 0.5701788787488584, 0.5761368035028378, 0.5809518802497122, 0.5682931280694902, 0.6260623850894195, 0.570895479246974, 0.6304361906316547, 0.0, 0.0, 0.5781261807928483, 0.6692484535552838, 0.5610212662567695, 0.6619926873180602, 0.5704035842170317, 0.6643819211809724, 0.5588497247546911, 0.7233053420428877, 0.5924243864913782, 0.7215998182694118, 0.5617600236088037, 0.7932891112786752, 0.5614899585644404, 0.7971744630623747], "2": [0.0, 0.0, 0.0, 0.0, 0.0, 0.0, 0.0, 0.0, 0.0, 0.0, 0.0, 0.0, 0.0, 0.0, 0.0, 0.0, 0.0, 0.0, 0.0, 0.0, 0.0, 0.0, 0.0, 0.0, 0.0, 0.0, 0.5925403231134018, 0.720742921034495, 0.0, 0.0, 0.0, 0.0, 0.0, 0.0], "3": [0.0, 0.0, 0.0, 0.0, 0.0, 0.0, 0.0, 0.0, 0.0, 0.0, 0.0, 0.0, 0.0, 0.0, 0.0, 0.0, 0.0, 0.0, 0.0, 0.0, 0.0, 0.0, 0.0, 0.0, 0.0, 0.0, 0.0, 0.0, 0.0, 0.0, 0.0, 0.0, 0.5904257134844859, 0.7167904410097333]}