{"0": [0.5891797732872267, 0.5228203938515098, 0.0, 0.0, 0.5886179754510522, 0.5199088449831362, 0.571975017276903, 0.5185100211037531, 0.5850143283916016, 0.5220532483524747, 0.5624588555345933, 0.5466764129974224, 0.5833846583962441, 0.5599962070032402, 0.5594861541564266, 0.6003263740627854, 0.5760183200240135, 0.60645629035102, 0.5664905679722627, 0.6509795829101845, 0.5685899483039976, 0.6518508915547971, 0.5688348836565703, 0.6402068817647794, 0.5790871419012547, 0.6477622213187041, 0.5631393770376841, 0.6899363098321137, 0.5843157544732094, 0.7002646394349911, 0.5792142090698084, 0.7655807059120249, 0.5790798250585795, 0.7643845129896093], "1": [0.0, 0.0, 0.0, 0.0, 0.0, 0.0, 0.52393722863247, 0.5184203041924371, 0.5370325812449058, 0.5203671607706282, 0.5138154705986381, 0.5462445196178224, 0.5405910578866799, 0.552558361545757, 0.5001286978522936, 0.5750817388296128, 0.5531188801551858, 0.5902101505685735, 0.4917873160292705, 0.597584382141078, 0.5550426398714383, 0.5928199494326556, 0.5128710273653269, 0.6258910751970553, 0.53044373691082, 0.6276597849748752, 0.5112152467792233, 0.6713417028939282, 0.5457600592325131, 0.6722527830689041, 0.491429999222358, 0.7045976387129889, 0.541789669667681, 0.7252710713280572], "2": [0.0, 0.0, 0.0, 0.0, 0.0, 0.0, 0.0, 0.0, 0.0, 0.0, 0.0, 0.0, 0.0, 0.0, 0.0, 0.0, 0.0, 0.0, 0.0, 0.0, 0.0, 0.0, 0.0, 0.0, 0.0, 0.0, 0.5835012552638849, 0.7000354634494417, 0.0, 0.0, 0.0, 0.0, 0.0, 0.0]}