{"0": [0.3732821042339007, 0.6710264534861952, 0.3767665907119711, 0.663812645773093, 0.0, 0.0, 0.3872539112965266, 0.6725052913029989, 0.0, 0.0, 0.3872330812116464, 0.7266655736499362, 0.39833356424545246, 0.7148208907641539, 0.39294864361484844, 0.7978858558116135, 0.0, 0.0, 0.39445252319176993, 0.8537996063629786, 0.394536107343932, 0.8533192230595483, 0.3928585885092616, 0.8469560067962717, 0.0, 0.0, 0.0, 0.0, 0.0, 0.0, 0.0, 0.0, 0.0, 0.0], "1": [0.0, 0.0, 0.0, 0.0, 0.0, 0.0, 0.4762743367503087, 0.3756693760553996, 0.48646534060438473, 0.38009916753680617, 0.4667778093367814, 0.39104228152169124, 0.48292776147524513, 0.4058842932736432, 0.4546251316865285, 0.408094675011105, 0.4856868433766067, 0.4342103799184163, 0.45227728340153894, 0.43458165106949986, 0.4902028205494086, 0.45033408624154553, 0.46519175432622434, 0.4507887586399361, 0.4746260568499565, 0.45342628668855733, 0.47145668044686323, 0.49170174780819154, 0.47305024542535345, 0.49329001588953864, 0.46272779405117037, 0.5347919945363645, 0.46339046756426494, 0.5368351739451841], "2": [0.0, 0.0, 0.0, 0.0, 0.0, 0.0, 0.0, 0.0, 0.0, 0.0, 0.0, 0.0, 0.0, 0.0, 0.0, 0.0, 0.0, 0.0, 0.0, 0.0, 0.0, 0.0, 0.0, 0.0, 0.0, 0.0, 0.0, 0.0, 0.0, 0.0, 0.42549849500258763, 0.9548484956776654, 0.0, 0.0], "3": [0.0, 0.0, 0.0, 0.0, 0.0, 0.0, 0.0, 0.0, 0.0, 0.0, 0.0, 0.0, 0.0, 0.0, 0.0, 0.0, 0.0, 0.0, 0.0, 0.0, 0.0, 0.0, 0.0, 0.0, 0.0, 0.0, 0.0, 0.0, 0.0, 0.0, 0.40110427780697744, 0.97202231420411, 0.0, 0.0], "4": [0.0, 0.0, 0.0, 0.0, 0.0, 0.0, 0.0, 0.0, 0.0, 0.0, 0.0, 0.0, 0.0, 0.0, 0.0, 0.0, 0.0, 0.0, 0.0, 0.0, 0.0, 0.0, 0.0, 0.0, 0.0, 0.0, 0.0, 0.0, 0.0, 0.0, 0.0, 0.0, 0.42599399089813234, 0.9547476331392925]}