{"0": [0.5703386813402176, 0.4384610116481781, 0.0, 0.0, 0.5694104024519523, 0.433472578820807, 0.556868442768852, 0.42732426325480144, 0.5675052867581447, 0.43235352933406823, 0.5462432416776816, 0.4419336949233655, 0.5627756324907144, 0.4536520081537741, 0.5322575260574619, 0.4609945295033632, 0.5614399374152224, 0.48799093233214486, 0.0, 0.0, 0.5626967025299867, 0.5154163114450596, 0.533999569962422, 0.5010074983040492, 0.5468145132064819, 0.5023521213619797, 0.5412842749307553, 0.5343453444816448, 0.5563134551048279, 0.5336347242196401, 0.5324157788107793, 0.5560358115920314, 0.5471189176042874, 0.577974753247367], "1": [0.0, 0.0, 0.0, 0.0, 0.0, 0.0, 0.49864289748171964, 0.45968508587943185, 0.5114122263466319, 0.4584255399527374, 0.492121330400308, 0.4893954422738817, 0.5183418354950845, 0.4882314812254023, 0.48415318491558235, 0.5254883797080429, 0.5215094598631065, 0.5206540627612009, 0.4825127427776655, 0.5530660587328452, 0.0, 0.0, 0.4977609875922402, 0.5567057799409936, 0.5137112483382225, 0.5569750035250628, 0.5011646843825778, 0.6088113413916694, 0.5064963194386413, 0.6059492934633184, 0.5101027738302947, 0.6516797756707228, 0.5108068680701157, 0.6503144047878406]}