{"0": [0.6202274907380343, 0.4812089452037105, 0.6206472031772137, 0.4763631262161114, 0.6193630039691925, 0.47789836034730626, 0.6279305723806221, 0.4731884841565733, 0.0, 0.0, 0.6433193625261387, 0.48985610913347316, 0.6271440717081229, 0.49565883698286833, 0.6549921563516061, 0.5163686075696239, 0.623814661676685, 0.5217468502896804, 0.6552044540643692, 0.5690498524241977, 0.6170558918267488, 0.5447434328496457, 0.6510521758347749, 0.5591274021676294, 0.6400460615443687, 0.5596580974205777, 0.6458481709162395, 0.6144895489569063, 0.6317251590391, 0.6070959952142505, 0.657324556261301, 0.6609613807113083, 0.6270117060824608, 0.6579446843376866], "1": [0.0, 0.0, 0.0, 0.0, 0.0, 0.0, 0.3524959435686469, 0.5872435762926385, 0.3682448485245307, 0.581942433449957, 0.35539016388356687, 0.6315099811112439, 0.3801890065272649, 0.6056279222170512, 0.35369423826535545, 0.686610386106703, 0.39606712286671, 0.6310767074426015, 0.0, 0.0, 0.3867021843791008, 0.6412391995390256, 0.36761107159157597, 0.7132430650569775, 0.3819029541065296, 0.7090858654843437, 0.36536073007931313, 0.7661488701347953, 0.37680324064567683, 0.7684166258132016, 0.361113969484965, 0.817832158671485, 0.38938669934868814, 0.8331209931936528], "2": [0.0, 0.0, 0.0, 0.0, 0.0, 0.0, 0.0, 0.0, 0.0, 0.0, 0.0, 0.0, 0.0, 0.0, 0.0, 0.0, 0.0, 0.0, 0.3524279341722528, 0.688433927959866, 0.0, 0.0, 0.0, 0.0, 0.0, 0.0, 0.0, 0.0, 0.0, 0.0, 0.0, 0.0, 0.0, 0.0], "3": [0.0, 0.0, 0.0, 0.0, 0.0, 0.0, 0.0, 0.0, 0.0, 0.0, 0.0, 0.0, 0.0, 0.0, 0.0, 0.0, 0.0, 0.0, 0.0, 0.0, 0.0, 0.0, 0.0, 0.0, 0.0, 0.0, 0.0, 0.0, 0.0, 0.0, 0.38932945355772974, 0.8334324634668452, 0.0, 0.0]}