{"0": [0.4700037270784378, 0.5376938563254144, 0.0, 0.0, 0.4695515238990386, 0.5325225013273733, 0.45335993977884453, 0.5343615108066135, 0.46449333131313325, 0.5354843660637184, 0.44088183355828126, 0.5576352500253253, 0.4664654020220042, 0.5762428870907537, 0.4233071872033179, 0.5852494827023259, 0.4697932442029317, 0.6201367224808092, 0.4253652819742759, 0.5894365109227322, 0.0, 0.0, 0.43794767558574677, 0.6476787917591906, 0.4566530220520993, 0.6499101778975239, 0.4334656679381927, 0.7146615744326954, 0.4709211952984333, 0.7044373845612562, 0.4236514021952947, 0.7780572019241474, 0.481859086578091, 0.7559124820762211], "1": [0.0, 0.0, 0.0, 0.0, 0.0, 0.0, 0.0, 0.0, 0.5694272310783466, 0.652335250377655, 0.5432747195164362, 0.6730954728744648, 0.5668435053279003, 0.6814917765281818, 0.0, 0.0, 0.0, 0.0, 0.0, 0.0, 0.0, 0.0, 0.5295323881010214, 0.7564429369237686, 0.5404567765071988, 0.7573283391970175, 0.0, 0.0, 0.0, 0.0, 0.0, 0.0, 0.5392812005244195, 0.7969944510746885], "2": [0.0, 0.0, 0.0, 0.0, 0.0, 0.0, 0.0, 0.0, 0.0, 0.0, 0.0, 0.0, 0.0, 0.0, 0.0, 0.0, 0.0, 0.0, 0.0, 0.0, 0.0, 0.0, 0.0, 0.0, 0.0, 0.0, 0.0, 0.0, 0.0, 0.0, 0.5372982380290826, 0.7961799480434921, 0.0, 0.0]}