{"0": [0.5909074753522872, 0.41250404406476904, 0.5932296035500865, 0.4087345268991258, 0.5903366248433789, 0.40820646859981397, 0.5991060800850392, 0.41027863936291803, 0.0, 0.0, 0.6064493792131543, 0.4307008915477329, 0.5891708004598816, 0.43049411574999485, 0.619693560898304, 0.4475174601431246, 0.0, 0.0, 0.6223391897355517, 0.46986413382821607, 0.0, 0.0, 0.0, 0.0, 0.6002035558223724, 0.4862380542137005, 0.6130123293648163, 0.5211391431313974, 0.590842458854119, 0.5212556507852343, 0.6234474400679271, 0.5465264179088452, 0.6020901984215016, 0.5653877103770221], "1": [0.46020931117236613, 0.5673109906691092, 0.46027424231482045, 0.5629697934344963, 0.0, 0.0, 0.46303665911157926, 0.5631297294740324, 0.4718536989142497, 0.5552735399316858, 0.4739993402113517, 0.5844065546989442, 0.47659242395311596, 0.57818326331951, 0.47772936653345827, 0.6313768369180185, 0.471068845440944, 0.6239091491257703, 0.4595270919452016, 0.6405896327698326, 0.45502147215108074, 0.6263214347263177, 0.4928284029786785, 0.6566187487708197, 0.5023863806389273, 0.6542002298213818, 0.45747935697436337, 0.671303359998597, 0.0, 0.0, 0.462510346993804, 0.7279236056186535, 0.0, 0.0], "2": [0.0, 0.0, 0.0, 0.0, 0.0, 0.0, 0.0, 0.0, 0.0, 0.0, 0.0, 0.0, 0.0, 0.0, 0.0, 0.0, 0.6191238390902678, 0.4479905113991764, 0.0, 0.0, 0.6227784724595646, 0.4707826150236306, 0.0, 0.0, 0.0, 0.0, 0.0, 0.0, 0.0, 0.0, 0.0, 0.0, 0.0, 0.0], "3": [0.0, 0.0, 0.0, 0.0, 0.0, 0.0, 0.0, 0.0, 0.0, 0.0, 0.0, 0.0, 0.0, 0.0, 0.0, 0.0, 0.586821847781539, 0.460290276783484, 0.0, 0.0, 0.0, 0.0, 0.0, 0.0, 0.0, 0.0, 0.0, 0.0, 0.0, 0.0, 0.0, 0.0, 0.0, 0.0], "4": [0.0, 0.0, 0.0, 0.0, 0.0, 0.0, 0.0, 0.0, 0.0, 0.0, 0.0, 0.0, 0.0, 0.0, 0.0, 0.0, 0.0, 0.0, 0.0, 0.0, 0.0, 0.0, 0.6033847937981288, 0.48627286233283856, 0.0, 0.0, 0.5909458508094152, 0.5230861116338659, 0.6125687129795552, 0.521306894995548, 0.6019480486555646, 0.5661330792638991, 0.6235285780703028, 0.5474976345344826], "5": [0.0, 0.0, 0.0, 0.0, 0.0, 0.0, 0.0, 0.0, 0.0, 0.0, 0.0, 0.0, 0.0, 0.0, 0.0, 0.0, 0.0, 0.0, 0.0, 0.0, 0.0, 0.0, 0.0, 0.0, 0.0, 0.0, 0.0, 0.0, 0.4996715497225523, 0.6959241059091357, 0.0, 0.0, 0.5255834841479857, 0.7439521736568875], "6": [0.0, 0.0, 0.0, 0.0, 0.0, 0.0, 0.0, 0.0, 0.0, 0.0, 0.0, 0.0, 0.0, 0.0, 0.0, 0.0, 0.0, 0.0, 0.0, 0.0, 0.0, 0.0, 0.0, 0.0, 0.0, 0.0, 0.0, 0.0, 0.4581392145405213, 0.6686567280027601, 0.0, 0.0, 0.0, 0.0]}