{"0": [0.0, 0.0, 0.0, 0.0, 0.0, 0.0, 0.4657543366154035, 0.493896167145835, 0.4796212820957104, 0.4953379655325854, 0.4571404435982307, 0.5211926722968067, 0.4870924799392621, 0.5262124979937518, 0.44738620618979136, 0.5587513654872224, 0.495396377146244, 0.563578768129702, 0.4403809798881412, 0.5876258603952549, 0.4958849083632231, 0.5914754066202376, 0.46342374235391615, 0.6039179179265544, 0.4821269075696667, 0.6052933589175895, 0.45378133182724323, 0.6577936863457715, 0.4843952119971315, 0.6563488588288978, 0.45142194411406916, 0.7169501467987344, 0.48384203948080534, 0.713407004210684], "1": [0.0, 0.0, 0.0, 0.0, 0.0, 0.0, 0.6320491922398408, 0.5662388151994457, 0.6475026054307819, 0.5633167352941302, 0.626536351442337, 0.6079582240846422, 0.6582988621046145, 0.5963118248394932, 0.6189656747039407, 0.6547926260917275, 0.6773477879663309, 0.6011821640862359, 0.6137442672625184, 0.672616857290268, 0.6854183718248047, 0.5831100631643225, 0.6423762316505114, 0.6925007634830695, 0.6644330409200241, 0.6871899607004943, 0.6313345209384958, 0.7481284020123659, 0.6765949702200792, 0.7482317955405623, 0.6255217229326565, 0.8147194646022937, 0.6873444067935149, 0.8154789602314985]}