{"0": [0.6760045650104681, 0.5097455788541723, 0.0, 0.0, 0.6757893891384205, 0.5043809952559295, 0.0, 0.0, 0.6707372713834048, 0.5015500764052073, 0.657297692199548, 0.5037363056783323, 0.660160543428113, 0.514870984762631, 0.0, 0.0, 0.6721580421552062, 0.5660348388331907, 0.6887023456394672, 0.575403482053015, 0.6904881822566191, 0.5762693599418357, 0.6328556125362714, 0.5820371180772781, 0.6457410773883263, 0.5860134458100354, 0.624186254789432, 0.6258390701617356, 0.6621312818179528, 0.6289383702807956, 0.6008824831495683, 0.6727844202959979, 0.6597885899245739, 0.6891872423666495], "1": [0.0, 0.0, 0.0, 0.0, 0.0, 0.0, 0.36605563635627436, 0.5523627303816654, 0.38173701940104365, 0.5535956261334596, 0.3549331499884526, 0.5871907119397763, 0.38787301629781723, 0.5923715319898394, 0.3484632160514593, 0.6334694169185778, 0.3898933205753565, 0.629911591830077, 0.3590770088136196, 0.642200254842087, 0.37901233869294326, 0.6361573925724736, 0.3570564055815339, 0.6756588370711715, 0.3775992513634264, 0.6759416327432349, 0.3510529398918152, 0.7427311483356688, 0.38141729040071365, 0.7404727688542119, 0.3518685890206446, 0.816532591316435, 0.3855362236965448, 0.7973407051077596], "2": [0.0, 0.0, 0.0, 0.0, 0.0, 0.0, 0.0, 0.0, 0.0, 0.0, 0.0, 0.0, 0.0, 0.0, 0.0, 0.0, 0.0, 0.0, 0.0, 0.0, 0.0, 0.0, 0.0, 0.0, 0.0, 0.0, 0.660907277961572, 0.6270167271296183, 0.0, 0.0, 0.0, 0.0, 0.0, 0.0]}