{"0": [0.4657557766884565, 0.5673616148255489, 0.47007706637183827, 0.5614223418412384, 0.4644344040192664, 0.560048946848622, 0.47843181552986297, 0.5614374995231628, 0.0, 0.0, 0.4862551499158144, 0.5898227463165919, 0.4619164079427719, 0.5792174319426219, 0.4883743127187093, 0.641200911005338, 0.4673424005508423, 0.630407534926026, 0.4735394320140282, 0.6829436997572581, 0.4671769765516122, 0.6779835738655594, 0.4882265831033389, 0.6577386251202336, 0.4687276406718108, 0.6583219239005336, 0.48551346993384265, 0.7192203444463235, 0.4609449710076054, 0.722894974163285, 0.4801261451095343, 0.764232779873742, 0.4522070352764179, 0.7789376126395331], "1": [0.343501690775156, 0.5078020930290222, 0.3434560926010211, 0.5036474342699404, 0.0, 0.0, 0.3463149269421895, 0.503673732943005, 0.3546410712103049, 0.49616311214588305, 0.3554662564148506, 0.524234190693608, 0.3613216302668054, 0.5164696545512588, 0.35248011195411283, 0.5661812100697446, 0.3529886180534959, 0.5637466922954276, 0.33613617016623415, 0.582262155579196, 0.33682888659338156, 0.5804964326046131, 0.37776799270262323, 0.5775800493028429, 0.38633276664962374, 0.574194651455791, 0.35917637906968586, 0.6100835250483618, 0.3884824313223362, 0.632596649395095, 0.35194902668396627, 0.6471401146164647, 0.41094550788402556, 0.6740792104491481], "2": [0.0, 0.0, 0.0, 0.0, 0.0, 0.0, 0.0, 0.0, 0.0, 0.0, 0.0, 0.0, 0.0, 0.0, 0.0, 0.0, 0.0, 0.0, 0.0, 0.0, 0.0, 0.0, 0.0, 0.0, 0.0, 0.0, 0.38831794386108714, 0.6342466253373358, 0.3603219499501089, 0.6099956137162668, 0.410829584300518, 0.6737145326755665, 0.0, 0.0], "3": [0.0, 0.0, 0.0, 0.0, 0.0, 0.0, 0.0, 0.0, 0.0, 0.0, 0.0, 0.0, 0.0, 0.0, 0.0, 0.0, 0.0, 0.0, 0.0, 0.0, 0.0, 0.0, 0.0, 0.0, 0.0, 0.0, 0.0, 0.0, 0.0, 0.0, 0.0, 0.0, 0.3522279351949692, 0.6446673141585457]}