{"0": [0.3392825155208508, 0.46550088988410104, 0.0, 0.0, 0.3371762163937092, 0.46164703336026935, 0.0, 0.0, 0.33012750570972754, 0.4664088178564001, 0.33358913064002993, 0.4920940073551955, 0.31822179115066923, 0.4985323075894956, 0.33279470217724644, 0.5331851720809937, 0.31422920900707446, 0.5395409718707755, 0.3420903302729129, 0.5517076951900014, 0.31944617864986263, 0.5768014113108317, 0.3334280418852965, 0.5674583161318744, 0.3233437070312599, 0.5722817484979277, 0.3367025879522165, 0.6152740763293372, 0.3231597861430297, 0.619392286296244, 0.3393893615032236, 0.6640119551508515, 0.3228312162449584, 0.6693502649112985], "1": [0.0, 0.0, 0.0, 0.0, 0.0, 0.0, 0.5914186112582682, 0.5405415883770696, 0.6056732973704736, 0.543027130541978, 0.5812978843964326, 0.5746537814537684, 0.6134933752318223, 0.5765640998328173, 0.5731991588138043, 0.62580939133962, 0.6180365039035678, 0.616423695175736, 0.0, 0.0, 0.6088088726003965, 0.6313870167290723, 0.5843519058078528, 0.6622967222222576, 0.6059079216172297, 0.6636443187793096, 0.5650342528397838, 0.7184484495057, 0.6111872281258305, 0.7236780422705191, 0.5425378820548455, 0.7778876973523035, 0.6193026440838972, 0.7833076064233426]}