{"0": [0.4288537415365378, 0.5653450469175975, 0.0, 0.0, 0.42946068483094374, 0.5592056667363202, 0.41312995851039885, 0.563877421617508, 0.42478911665578684, 0.5640479359361861, 0.4031918168067932, 0.5964835208185293, 0.4331265347699324, 0.6062360613434404, 0.38620685245841746, 0.6306337767177158, 0.43879072442650796, 0.6477947290848802, 0.39033211655914785, 0.6526938016767855, 0.0, 0.0, 0.4078542629877726, 0.6862639348815989, 0.4257586459318797, 0.6866955331078282, 0.42143961874147257, 0.7361017045047548, 0.4358890277643998, 0.7391748918427362, 0.4231280091684312, 0.7921625366917363, 0.4249661808212598, 0.7941356985657303], "1": [0.5928942777216435, 0.6033056361807717, 0.0, 0.0, 0.5935408372276773, 0.5992031856819435, 0.0, 0.0, 0.5920013984044393, 0.5990924373820976, 0.5733708987633387, 0.6111509637217278, 0.5780106522142887, 0.6243460694948834, 0.0, 0.0, 0.5655695116768281, 0.6798665784023427, 0.5803226167336106, 0.6978372854215127, 0.578486122066776, 0.6992224152441378, 0.5674990667651097, 0.6849799322309318, 0.5604878331378984, 0.6976920510255354, 0.0, 0.0, 0.5807182775810361, 0.7792963559980747, 0.0, 0.0, 0.5891201371947924, 0.8603947476104453], "2": [0.0, 0.0, 0.0, 0.0, 0.0, 0.0, 0.5795970576504866, 0.594799072874917, 0.0, 0.0, 0.0, 0.0, 0.0, 0.0, 0.0, 0.0, 0.0, 0.0, 0.0, 0.0, 0.0, 0.0, 0.0, 0.0, 0.0, 0.0, 0.0, 0.0, 0.0, 0.0, 0.0, 0.0, 0.0, 0.0], "3": [0.0, 0.0, 0.0, 0.0, 0.0, 0.0, 0.0, 0.0, 0.0, 0.0, 0.0, 0.0, 0.0, 0.0, 0.0, 0.0, 0.0, 0.0, 0.0, 0.0, 0.0, 0.0, 0.0, 0.0, 0.0, 0.0, 0.584705131004254, 0.731295096984616, 0.0, 0.0, 0.0, 0.0, 0.0, 0.0], "4": [0.0, 0.0, 0.0, 0.0, 0.0, 0.0, 0.0, 0.0, 0.0, 0.0, 0.0, 0.0, 0.0, 0.0, 0.0, 0.0, 0.0, 0.0, 0.0, 0.0, 0.0, 0.0, 0.0, 0.0, 0.0, 0.0, 0.5806580246736606, 0.7789076405542869, 0.0, 0.0, 0.5884275242686272, 0.8592197769218021, 0.0, 0.0], "5": [0.0, 0.0, 0.0, 0.0, 0.0, 0.0, 0.0, 0.0, 0.0, 0.0, 0.0, 0.0, 0.0, 0.0, 0.0, 0.0, 0.0, 0.0, 0.0, 0.0, 0.0, 0.0, 0.0, 0.0, 0.0, 0.0, 0.0, 0.0, 0.5856734342717876, 0.7301756816881674, 0.0, 0.0, 0.0, 0.0]}