{"0": [0.3669848399857679, 0.47593513086990075, 0.3677418698867162, 0.4727158897452885, 0.36571405405799545, 0.47167121756959846, 0.0, 0.0, 0.3587932733198007, 0.4699757855523516, 0.3562460514127451, 0.4928793119335616, 0.347472313263764, 0.4941804630888833, 0.35267371833324435, 0.5375339300544175, 0.34601723924279215, 0.5405787569505197, 0.3550874390949806, 0.568839059273402, 0.350511218359073, 0.5716841209817815, 0.34686337324480215, 0.5659313816163275, 0.34291923698037863, 0.5670485947970991, 0.3587612165759007, 0.6121273504363166, 0.343029178182284, 0.6192137259024161, 0.36302342812220256, 0.6631806015002507, 0.33259566699465115, 0.6746744721024125], "1": [0.0, 0.0, 0.0, 0.0, 0.0, 0.0, 0.5466571641465028, 0.534215572586766, 0.562452674160401, 0.536049046891707, 0.5370230336983999, 0.5664767223789736, 0.5706000555306673, 0.5660241652418065, 0.5293716681500276, 0.6042476824036351, 0.578558478380243, 0.6064817428588867, 0.5319123568634193, 0.6237718838232534, 0.5799032001445691, 0.6432450700689245, 0.5458444699645042, 0.6575485642309542, 0.5661472022533417, 0.6565683310782467, 0.5426999087134997, 0.715401650192561, 0.5745353208233913, 0.7156221536574541, 0.5424500377227862, 0.7735897229225547, 0.5786180696139733, 0.7836236702071296], "2": [0.0, 0.0, 0.0, 0.0, 0.0, 0.0, 0.0, 0.0, 0.0, 0.0, 0.0, 0.0, 0.0, 0.0, 0.0, 0.0, 0.0, 0.0, 0.0, 0.0, 0.0, 0.0, 0.0, 0.0, 0.0, 0.0, 0.34242173135280607, 0.6211765006736473, 0.0, 0.0, 0.3322624014069636, 0.6747521437980509, 0.0, 0.0], "3": [0.0, 0.0, 0.0, 0.0, 0.0, 0.0, 0.0, 0.0, 0.0, 0.0, 0.0, 0.0, 0.0, 0.0, 0.0, 0.0, 0.0, 0.0, 0.0, 0.0, 0.0, 0.0, 0.0, 0.0, 0.0, 0.0, 0.0, 0.0, 0.0, 0.0, 0.0, 0.0, 0.362431139498949, 0.6635691907670763]}