{"0": [0.0, 0.0, 0.0, 0.0, 0.0, 0.0, 0.602079036164893, 0.5837653257228711, 0.6178683652232091, 0.5834364211117781, 0.5929766718919078, 0.617330202460289, 0.6265748390307028, 0.6187018913251382, 0.5867139598975579, 0.6454850375652313, 0.635803287786742, 0.6293497950942428, 0.0, 0.0, 0.0, 0.0, 0.5947988495230675, 0.70192551612854, 0.6109467580914498, 0.7053199443552229, 0.5933020492084324, 0.7325808679616008, 0.6438607813014339, 0.7247279659465508, 0.5743670120835306, 0.7775925680443093, 0.6392670385229091, 0.7912501648620321], "1": [0.0, 0.0, 0.0, 0.0, 0.0, 0.0, 0.4792727082967758, 0.5403960669482196, 0.4938227730725581, 0.5367896213023751, 0.4716125350445509, 0.5764995433666088, 0.5061470151413232, 0.5677764431194022, 0.46349607507387797, 0.6193529557850626, 0.5150390674980978, 0.6057254548426027, 0.4677738877634207, 0.6129782005592629, 0.5149063119354348, 0.6388062196749228, 0.48663877360522745, 0.6570770900558542, 0.5078508352239927, 0.6558164849325463, 0.478907141337792, 0.6934053699175518, 0.5207652812202771, 0.6836251986247522, 0.47836546413600445, 0.745029121361397, 0.5270612644788344, 0.7424893661781594]}