{"0": [0.0, 0.0, 0.0, 0.0, 0.0, 0.0, 0.46641084750493367, 0.5127665444656655, 0.47981731792291005, 0.516548988002318, 0.4559610296351214, 0.5336293553864514, 0.48288507635394734, 0.5477457836822227, 0.43971209292455266, 0.5661120000260847, 0.48801695816218854, 0.5857636235378406, 0.4425912402570248, 0.5942026107399552, 0.49035586025565864, 0.609517209176664, 0.4480515638211121, 0.6120121007716214, 0.4660075691839059, 0.6152634825971391, 0.4362668361514807, 0.6559045661654738, 0.4825529493391514, 0.6504694625183388, 0.41919953950232974, 0.705283467307074, 0.4830127589404583, 0.7084657082955043], "1": [0.0, 0.0, 0.0, 0.0, 0.0, 0.0, 0.6449034695823987, 0.5551552534103394, 0.6599555181339383, 0.5584528056007845, 0.6373782238612572, 0.5773307998975118, 0.6481134880178918, 0.589567721883456, 0.6491922343770663, 0.6383521662818061, 0.6465073263893525, 0.6415242952881036, 0.6654496668527524, 0.6774621359176106, 0.6675296618292729, 0.6803511610737554, 0.6311141619148354, 0.6540786312686072, 0.6358236731030047, 0.6557535975481625, 0.639170263397197, 0.7094400617811415, 0.6593924924731255, 0.7243980548999928, 0.6219886967912316, 0.7606537306750262, 0.6601035502739251, 0.8033249260926688], "2": [0.0, 0.0, 0.0, 0.0, 0.0, 0.0, 0.0, 0.0, 0.0, 0.0, 0.0, 0.0, 0.0, 0.0, 0.0, 0.0, 0.0, 0.0, 0.0, 0.0, 0.0, 0.0, 0.0, 0.0, 0.0, 0.0, 0.6588961324344079, 0.7237932664376718, 0.0, 0.0, 0.0, 0.0, 0.0, 0.0], "3": [0.0, 0.0, 0.0, 0.0, 0.0, 0.0, 0.0, 0.0, 0.0, 0.0, 0.0, 0.0, 0.0, 0.0, 0.0, 0.0, 0.0, 0.0, 0.0, 0.0, 0.0, 0.0, 0.0, 0.0, 0.0, 0.0, 0.0, 0.0, 0.6396455062475677, 0.7091281736338582, 0.0, 0.0, 0.0, 0.0]}