{"0": [0.3969139657293757, 0.6178941329320272, 0.3945735575010379, 0.6120520271636821, 0.0, 0.0, 0.4009144401798646, 0.6088063655076204, 0.0, 0.0, 0.4176117267459631, 0.6201829636538471, 0.4175767730921507, 0.6139908227655623, 0.4476039822837775, 0.6439418837139087, 0.0, 0.0, 0.4645543824551472, 0.6842441245361611, 0.0, 0.0, 0.4450776691238086, 0.6552165612854339, 0.4365864499161641, 0.6621861048318721, 0.4423407678802808, 0.7145684790004183, 0.42941255060335, 0.7189562762225116, 0.4598057334621747, 0.7341864524064241, 0.41169399494926134, 0.7719921610973499], "1": [0.0, 0.0, 0.0, 0.0, 0.0, 0.0, 0.4847084812199076, 0.47449806685800905, 0.4975385315716266, 0.47388748548648973, 0.48101373948156834, 0.5002799467632064, 0.5063572503859177, 0.5013094481494692, 0.4773752562701702, 0.5377349603507253, 0.5164956800639628, 0.5306747091037256, 0.47057261429727076, 0.5614140956490128, 0.5095755553493897, 0.5508235762516658, 0.4891024688879649, 0.5733029554839487, 0.5054545728489757, 0.5724258350001441, 0.47534106286863487, 0.6147518701023524, 0.5080345176160336, 0.6194620761606429, 0.47049539362390835, 0.653774231672287, 0.5195756969352563, 0.6730041018238774], "2": [0.0, 0.0, 0.0, 0.0, 0.0, 0.0, 0.0, 0.0, 0.0, 0.0, 0.0, 0.0, 0.0, 0.0, 0.0, 0.0, 0.0, 0.0, 0.0, 0.0, 0.0, 0.0, 0.0, 0.0, 0.0, 0.0, 0.42771878857165574, 0.7253673270896629, 0.0, 0.0, 0.4117652729153633, 0.7732151159533748, 0.0, 0.0], "3": [0.0, 0.0, 0.0, 0.0, 0.0, 0.0, 0.0, 0.0, 0.0, 0.0, 0.0, 0.0, 0.0, 0.0, 0.0, 0.0, 0.0, 0.0, 0.0, 0.0, 0.0, 0.0, 0.0, 0.0, 0.0, 0.0, 0.0, 0.0, 0.0, 0.0, 0.4668785898635785, 0.6854074328034012, 0.0, 0.0], "4": [0.0, 0.0, 0.0, 0.0, 0.0, 0.0, 0.0, 0.0, 0.0, 0.0, 0.0, 0.0, 0.0, 0.0, 0.0, 0.0, 0.0, 0.0, 0.0, 0.0, 0.0, 0.0, 0.0, 0.0, 0.0, 0.0, 0.0, 0.0, 0.0, 0.0, 0.0, 0.0, 0.45895617740849654, 0.7345872015864761]}