{"0": [0.6294708997011186, 0.4792706493978147, 0.6306720573455095, 0.47358690588562574, 0.6278367802500725, 0.4752519675978908, 0.6373438979188603, 0.46887856158945296, 0.0, 0.0, 0.649985949943463, 0.49240798441072303, 0.6352101898441712, 0.49417758109392945, 0.649802840128541, 0.5334914690918393, 0.6314310900246104, 0.5228276040267061, 0.6335299120595058, 0.5505560654181021, 0.6193776569018762, 0.5461438369971735, 0.6484376994272073, 0.5666848612000683, 0.6381676846494277, 0.5642165998617809, 0.6511937338237961, 0.618068583999519, 0.6282656461000442, 0.6116377956889294, 0.6520117173592249, 0.6685518269185666, 0.6209590944151083, 0.6583052577795806], "1": [0.0, 0.0, 0.0, 0.0, 0.0, 0.0, 0.4015688850233952, 0.5679418398274316, 0.41840429274986185, 0.5668868240658884, 0.3930170283342401, 0.6051928198999829, 0.42807123418897386, 0.6031115449137157, 0.3890937321819365, 0.6580174307028452, 0.43708777191738285, 0.6486027255930282, 0.39130474751194316, 0.7001866120155211, 0.4500831837455432, 0.6869228608078427, 0.4033683123687903, 0.7020201484362284, 0.42419896175463995, 0.6998729891109245, 0.40720991864800454, 0.7686100162841656, 0.4318594871709744, 0.7572955261777948, 0.4088127580781777, 0.8433265076743232, 0.4382902746399243, 0.8188134910607779], "2": [0.0, 0.0, 0.0, 0.0, 0.0, 0.0, 0.0, 0.0, 0.0, 0.0, 0.0, 0.0, 0.0, 0.0, 0.0, 0.0, 0.0, 0.0, 0.0, 0.0, 0.0, 0.0, 0.0, 0.0, 0.0, 0.0, 0.6286637985457977, 0.6110781694658929, 0.6515138094623883, 0.6189974493450588, 0.6206584215164185, 0.6589330757105792, 0.6517352850797276, 0.6683795443287602]}