{"0": [0.6634686832626661, 0.4808815320332845, 0.0, 0.0, 0.6631774863849084, 0.47587449351946515, 0.0, 0.0, 0.6569571147983273, 0.4754382400600998, 0.6434979133152713, 0.49484113189909196, 0.6497800643245378, 0.5020617376874994, 0.6479426981861859, 0.5404624978701273, 0.6466966185718774, 0.547975515215485, 0.6602573139748226, 0.541851078580927, 0.6627471057077249, 0.5688571649569052, 0.6355255936117222, 0.5753733006892381, 0.6430056485037008, 0.5773669730733941, 0.6314726513655236, 0.6207911977061519, 0.6491264378031095, 0.6314768928068656, 0.6197244185954333, 0.6730409366113168, 0.6476597063398609, 0.6913861275823028], "1": [0.0, 0.0, 0.0, 0.0, 0.0, 0.0, 0.3703088637441397, 0.5520249927209482, 0.3861798372119665, 0.5543712022127929, 0.3550541512668133, 0.5868410057491726, 0.3885658164819082, 0.595825126822348, 0.3455524651954571, 0.6333180126941038, 0.3926426180948814, 0.6465825248647619, 0.35729629459480444, 0.6413344366131005, 0.39500059795876347, 0.6811508759304329, 0.3566602442413568, 0.6815330302273785, 0.37792169687648614, 0.6836802254120508, 0.3576678621272246, 0.7492529683642917, 0.3808067979601522, 0.7491737162625347, 0.359893248975277, 0.8175755239195294, 0.38447976217915614, 0.8049145938069732]}