{"0": [0.6482380973175168, 0.49396809604432856, 0.650978251794974, 0.488914344045851, 0.6458473915855089, 0.48922916407938355, 0.6571649669359128, 0.48710560533735486, 0.6444423382480939, 0.4877095569063116, 0.6622041632731756, 0.5093347721629672, 0.6397356435656548, 0.5098593281375037, 0.6590445330987375, 0.5391851345698039, 0.6332509584724904, 0.545789560786, 0.6487316317856312, 0.5229983958381194, 0.6296423385540643, 0.5713837171042407, 0.6562999667832627, 0.588030827873283, 0.6400599013393123, 0.5861857456189615, 0.6532304653277, 0.651120513677597, 0.6392694585646193, 0.6458498235102053, 0.6659480351954699, 0.7022927167239013, 0.6360153689980507, 0.7018006690122464], "1": [0.0, 0.0, 0.0, 0.0, 0.0, 0.0, 0.34463961683213706, 0.5578712300018028, 0.3588486589491367, 0.5573362588882447, 0.33311489261686794, 0.5965995788022324, 0.3668104746689399, 0.5985607537958357, 0.31687674485147, 0.6329705041591768, 0.3729623039136641, 0.6379943236156747, 0.0, 0.0, 0.37590924836695194, 0.6842090074662809, 0.33910725930084784, 0.6774375874411177, 0.3620739369342724, 0.6777852450238748, 0.3397708976175636, 0.7482361206301937, 0.366679693137606, 0.7271716813246409, 0.33721255622804164, 0.8204271548324161, 0.37817437686026095, 0.7757206073513736], "2": [0.0, 0.0, 0.0, 0.0, 0.0, 0.0, 0.0, 0.0, 0.0, 0.0, 0.0, 0.0, 0.0, 0.0, 0.0, 0.0, 0.0, 0.0, 0.31744229222337406, 0.6346235279683714, 0.0, 0.0, 0.0, 0.0, 0.0, 0.0, 0.0, 0.0, 0.0, 0.0, 0.0, 0.0, 0.0, 0.0], "3": [0.0, 0.0, 0.0, 0.0, 0.0, 0.0, 0.0, 0.0, 0.0, 0.0, 0.0, 0.0, 0.0, 0.0, 0.0, 0.0, 0.0, 0.0, 0.0, 0.0, 0.6389683212464055, 0.5234719828323081, 0.0, 0.0, 0.0, 0.0, 0.0, 0.0, 0.0, 0.0, 0.0, 0.0, 0.0, 0.0]}