{"0": [0.0, 0.0, 0.0, 0.0, 0.0, 0.0, 0.4933629961684346, 0.5774523379626098, 0.5090786104400953, 0.5773474194385387, 0.48277300621072455, 0.6099633307368667, 0.5192519943229854, 0.6131420327557457, 0.47394475241502126, 0.6483217671375583, 0.525901443635424, 0.6546254744132359, 0.0, 0.0, 0.5254625062147776, 0.6972221299454018, 0.4925679799169302, 0.7060271692496759, 0.5139012902354201, 0.7021799283998984, 0.49479587835570177, 0.7511024118021682, 0.5051842355479798, 0.7498838093545702, 0.4997644189745188, 0.8041851990200856, 0.5011840686822931, 0.8081669134122355], "1": [0.0, 0.0, 0.0, 0.0, 0.0, 0.0, 0.40921264166633287, 0.46254819432894395, 0.4171122469007969, 0.4577182189181999, 0.4190932528115809, 0.48098883231480916, 0.42463656725982823, 0.4774094801258158, 0.40965433306992055, 0.5142237105855235, 0.4117409425477187, 0.5089217576715681, 0.3935101711191237, 0.5135255780484941, 0.39366745717513063, 0.5083477088698635, 0.43848293212552863, 0.5387896138208884, 0.4447865093747775, 0.5363753551134357, 0.42181024278203655, 0.5888838355390665, 0.43049079452951744, 0.5813370361234301, 0.43789297801752886, 0.6325886824064785, 0.4466040458333259, 0.6124725920061781], "2": [0.0, 0.0, 0.0, 0.0, 0.0, 0.0, 0.0, 0.0, 0.0, 0.0, 0.0, 0.0, 0.0, 0.0, 0.0, 0.0, 0.0, 0.0, 0.0, 0.0, 0.0, 0.0, 0.0, 0.0, 0.0, 0.0, 0.0, 0.0, 0.0, 0.0, 0.4495811035235723, 0.6041508586318405, 0.0, 0.0]}