{"0": [0.451068385442098, 0.5611794198000872, 0.45198916842540104, 0.5578756120469835, 0.0, 0.0, 0.45621145553110787, 0.5582767472222999, 0.0, 0.0, 0.46535393794377644, 0.5804045093280298, 0.4712890423834324, 0.5706294483608669, 0.4694932997226715, 0.6197048334059891, 0.4695167768746614, 0.616407843210079, 0.4577189896434789, 0.6449659703760607, 0.4574476862947146, 0.6289525396294064, 0.4937299595427855, 0.6385468030417406, 0.5061210493401935, 0.6371523846078802, 0.4595455454662442, 0.6781862474977969, 0.5004991474250953, 0.681756149397956, 0.45492006205022334, 0.748980673595711, 0.5215387945373853, 0.72016289918511], "1": [0.0, 0.0, 0.0, 0.0, 0.0, 0.0, 0.5673159305006266, 0.5171929953274903, 0.5811692509567365, 0.5205002483394411, 0.5555446409309904, 0.543606283377718, 0.585256701350833, 0.5580222271106862, 0.537859937051932, 0.5730432830474995, 0.5973508865262072, 0.597862798417056, 0.5380609599252542, 0.6065060286610214, 0.6071500323712826, 0.635899363844483, 0.5496086537837982, 0.627601933479309, 0.5679270944868525, 0.631441804435518, 0.5537924565374851, 0.6898269266993912, 0.5726447740880152, 0.6833561569452286, 0.5549434612194697, 0.7425473259554969, 0.559670474442343, 0.7446698418507973], "2": [0.0, 0.0, 0.0, 0.0, 0.0, 0.0, 0.0, 0.0, 0.0, 0.0, 0.0, 0.0, 0.0, 0.0, 0.0, 0.0, 0.0, 0.0, 0.0, 0.0, 0.0, 0.0, 0.0, 0.0, 0.0, 0.0, 0.0, 0.0, 0.0, 0.0, 0.0, 0.0, 0.5765493956704935, 0.6813220704043353]}