{"0": [0.0, 0.0, 0.0, 0.0, 0.0, 0.0, 0.561774288614591, 0.4638715095542095, 0.5733926851923267, 0.4690426036163613, 0.5507280725985765, 0.4814121705514413, 0.573962840437889, 0.4957506283565804, 0.5368220385164022, 0.49995221980605964, 0.5762817255531748, 0.5269906304500721, 0.5307618826317291, 0.5291275685584104, 0.576639658305794, 0.5479430940416125, 0.5477387668254475, 0.5515692327861432, 0.5630129706114531, 0.5527438810026204, 0.5583702132105828, 0.5938195884227754, 0.5649351065357526, 0.5977939102384779, 0.5576130639761686, 0.6380697173100931, 0.562697684019804, 0.6442407630108021], "1": [0.0, 0.0, 0.0, 0.0, 0.0, 0.0, 0.6224646933997671, 0.4308447305802946, 0.6342302648971478, 0.43462696748751184, 0.6152935456484556, 0.45296752254168193, 0.6352170771919191, 0.4583746771017711, 0.6121067176262538, 0.47828811992097786, 0.6346407308553655, 0.4904764939237524, 0.0, 0.0, 0.628467324996988, 0.520241755467874, 0.610714990987132, 0.5104941268761952, 0.6214324383685986, 0.5132968418024204, 0.6110766040161252, 0.5571486040397927, 0.6289353826393683, 0.5458647199251033, 0.5969473170116544, 0.5937240927307694, 0.6337009201447169, 0.5796630450972804], "2": [0.0, 0.0, 0.0, 0.0, 0.0, 0.0, 0.0, 0.0, 0.0, 0.0, 0.0, 0.0, 0.0, 0.0, 0.0, 0.0, 0.0, 0.0, 0.0, 0.0, 0.0, 0.0, 0.0, 0.0, 0.0, 0.0, 0.6281668325265248, 0.5413438077326174, 0.0, 0.0, 0.0, 0.0, 0.0, 0.0], "3": [0.0, 0.0, 0.0, 0.0, 0.0, 0.0, 0.0, 0.0, 0.0, 0.0, 0.0, 0.0, 0.0, 0.0, 0.0, 0.0, 0.0, 0.0, 0.0, 0.0, 0.0, 0.0, 0.0, 0.0, 0.0, 0.0, 0.0, 0.0, 0.0, 0.0, 0.0, 0.0, 0.595762625709176, 0.5936251631489506]}