{"0": [0.0, 0.0, 0.0, 0.0, 0.0, 0.0, 0.7190144587308168, 0.603398388982923, 0.7335791929314533, 0.5993887656264835, 0.7222522949799896, 0.6474734847192412, 0.742989355015258, 0.6319032431752594, 0.7170371641715366, 0.7005792368341375, 0.0, 0.0, 0.7115471564233303, 0.741598817374971, 0.6972228582327564, 0.6455488317542606, 0.7244259215891362, 0.7370007319617327, 0.7385032085080943, 0.7344390610853831, 0.7045837469398976, 0.7890144692940845, 0.7374064058065415, 0.7954751079281172, 0.6890678544839223, 0.8393453433557793, 0.7486582152545452, 0.8690442443997771], "1": [0.0, 0.0, 0.0, 0.0, 0.0, 0.0, 0.23825359468658763, 0.5877666848677175, 0.25568618793040515, 0.5897312828236156, 0.22579025030136107, 0.6262214065701873, 0.2611508727694551, 0.6309482492782451, 0.21282082746426265, 0.6739867022743932, 0.27127574334541954, 0.6729325186323236, 0.21920577551548678, 0.6961949926835518, 0.27709692014517107, 0.6860512645156295, 0.23487610655526317, 0.717820805531961, 0.2563121237792075, 0.720095334008888, 0.25139703396707774, 0.7984450106267577, 0.25453838929533956, 0.7989363332589468, 0.24753841701895002, 0.871995319812386, 0.24764353663971025, 0.8720578998327255], "2": [0.0, 0.0, 0.0, 0.0, 0.0, 0.0, 0.0, 0.0, 0.0, 0.0, 0.0, 0.0, 0.0, 0.0, 0.7132164259751638, 0.6520377786071212, 0.0, 0.0, 0.0, 0.0, 0.0, 0.0, 0.0, 0.0, 0.0, 0.0, 0.0, 0.0, 0.0, 0.0, 0.0, 0.0, 0.0, 0.0], "3": [0.0, 0.0, 0.0, 0.0, 0.0, 0.0, 0.0, 0.0, 0.0, 0.0, 0.0, 0.0, 0.0, 0.0, 0.0, 0.0, 0.0, 0.0, 0.6953791598478953, 0.6453464013558847, 0.0, 0.0, 0.0, 0.0, 0.0, 0.0, 0.0, 0.0, 0.0, 0.0, 0.0, 0.0, 0.0, 0.0]}