{"0": [0.0, 0.0, 0.2769633211195469, 0.6445650511317783, 0.0, 0.0, 0.28030598275363444, 0.6446213201240257, 0.2961449190974236, 0.6362025499343873, 0.30250769990185894, 0.6616932296090656, 0.3047903053462505, 0.6567954274239364, 0.32668972114721934, 0.6910884744591184, 0.3272190208081156, 0.6910705921826539, 0.32929457326730094, 0.7418250019903536, 0.32844021295507747, 0.7401017849092131, 0.3431337499370178, 0.7167335627255615, 0.3295765089492003, 0.7270105063915253, 0.0, 0.0, 0.3062326691695489, 0.7762201291543466, 0.0, 0.0, 0.30629976944377024, 0.8410151407950456], "1": [0.0, 0.0, 0.0, 0.0, 0.0, 0.0, 0.41334558427333834, 0.5472456272001621, 0.4274977559223771, 0.5434811057867828, 0.40774142630398275, 0.5806520261146404, 0.43913691559185586, 0.5727209084563785, 0.39763391747449833, 0.623527369234297, 0.45249811724449196, 0.606471170540209, 0.39010677331437665, 0.6570727910156603, 0.45313216894865044, 0.6359876325836888, 0.4245328545570374, 0.6635986619525486, 0.44500594921410086, 0.6569665823821669, 0.4037289197246234, 0.7063429205505937, 0.4501217447221279, 0.6986248853030029, 0.3933547647980352, 0.7726760728491677, 0.45787181581060094, 0.7582030077775319], "2": [0.0, 0.0, 0.0, 0.0, 0.0, 0.0, 0.0, 0.0, 0.0, 0.0, 0.0, 0.0, 0.0, 0.0, 0.0, 0.0, 0.0, 0.0, 0.0, 0.0, 0.0, 0.0, 0.0, 0.0, 0.3472279716283083, 0.716013275914722, 0.30548644848167894, 0.7760464184814029, 0.34472147319465873, 0.7756452063719431, 0.30645247232168915, 0.842769698743467, 0.0, 0.0], "3": [0.0, 0.0, 0.0, 0.0, 0.0, 0.0, 0.0, 0.0, 0.0, 0.0, 0.0, 0.0, 0.0, 0.0, 0.0, 0.0, 0.0, 0.0, 0.0, 0.0, 0.0, 0.0, 0.0, 0.0, 0.0, 0.0, 0.34471620817979176, 0.7750961465968026, 0.0, 0.0, 0.0, 0.0, 0.0, 0.0], "4": [0.0, 0.0, 0.0, 0.0, 0.0, 0.0, 0.0, 0.0, 0.0, 0.0, 0.0, 0.0, 0.0, 0.0, 0.0, 0.0, 0.0, 0.0, 0.0, 0.0, 0.0, 0.0, 0.0, 0.0, 0.0, 0.0, 0.0, 0.0, 0.0, 0.0, 0.0, 0.0, 0.3750438696394365, 0.783074211191248]}