{"0": [0.6455955425898234, 0.481181267897288, 0.6482194538538655, 0.47809508429081354, 0.6457409580548604, 0.47749675768944955, 0.6574910668035349, 0.48041381328194227, 0.0, 0.0, 0.669587135501206, 0.509102949058568, 0.6428190315763156, 0.5005976918118972, 0.6739440113306046, 0.5462771212613141, 0.6336860284209251, 0.5299743593015054, 0.6672599005202452, 0.5680605930310708, 0.6372401015212138, 0.5653018173244264, 0.6611964012185733, 0.5800354839475067, 0.6436957595249017, 0.5776699644547921, 0.6601222533111771, 0.6314512685493187, 0.64039121940732, 0.6223410685857137, 0.6624005758776198, 0.6825415066120651, 0.6432391972901921, 0.6725824590082522], "1": [0.0, 0.0, 0.0, 0.0, 0.0, 0.0, 0.3658198080956936, 0.469117248499835, 0.37758490626389773, 0.4744593185407144, 0.35366591339310005, 0.4887075896616335, 0.3745644715925057, 0.504645307858785, 0.3420769453048706, 0.5114677716184546, 0.37770291784157356, 0.5418977437195954, 0.33108860775828364, 0.5545292935989521, 0.3812707722148237, 0.5712608138720195, 0.3400836835304896, 0.5543550570805867, 0.3530848691239953, 0.555195035316326, 0.33866709197560946, 0.6065845745581168, 0.3708433844149112, 0.5778513859819484, 0.3268151441588998, 0.6631028670127745, 0.3805848425254226, 0.6214654984297575], "2": [0.0, 0.0, 0.0, 0.0, 0.0, 0.0, 0.0, 0.0, 0.0, 0.0, 0.0, 0.0, 0.0, 0.0, 0.0, 0.0, 0.0, 0.0, 0.0, 0.0, 0.0, 0.0, 0.0, 0.0, 0.0, 0.0, 0.3689954494436582, 0.5764061309673169, 0.0, 0.0, 0.0, 0.0, 0.0, 0.0]}