{"0": [0.5214955938359102, 0.5282067639960182, 0.5226623847459754, 0.5221707377582788, 0.5201594406117995, 0.5207728815299494, 0.0, 0.0, 0.5109972569470604, 0.5177036899107473, 0.49592934002478917, 0.5288480226088453, 0.5081798306355874, 0.5511037790113025, 0.480938101777186, 0.5461698491264273, 0.5019220763506989, 0.5872256293340966, 0.48677499083181225, 0.5535734139106891, 0.5024685357076426, 0.6243967203078447, 0.4772426313875863, 0.605551388197475, 0.48885277739415567, 0.61080528381798, 0.4874752442042033, 0.6568640998116247, 0.5026722806816301, 0.6706641972616867, 0.4802295339604219, 0.7027810154137788, 0.499207420522968, 0.7420485260309996], "1": [0.5807225421071053, 0.7778353070771252, 0.0, 0.0, 0.581876538383464, 0.7742281984675814, 0.0, 0.0, 0.0, 0.0, 0.575724675009648, 0.7693830750606678, 0.563531331345439, 0.7702511001516271, 0.5840535028527181, 0.7820425852029412, 0.0, 0.0, 0.5908264152705669, 0.7861480637832923, 0.0, 0.0, 0.5686616333201527, 0.8163800875345866, 0.5428286882907591, 0.8163241490664499, 0.5884588631490867, 0.8568660480004769, 0.5351727330436309, 0.888082026552271, 0.5728254196777319, 0.9298766152450332, 0.5080541916191578, 0.9259385139853866], "2": [0.0, 0.0, 0.0, 0.0, 0.0, 0.0, 0.0, 0.0, 0.5782725690553586, 0.7688689898561548, 0.0, 0.0, 0.0, 0.0, 0.0, 0.0, 0.0, 0.0, 0.0, 0.0, 0.0, 0.0, 0.0, 0.0, 0.0, 0.0, 0.0, 0.0, 0.0, 0.0, 0.0, 0.0, 0.0, 0.0], "3": [0.0, 0.0, 0.0, 0.0, 0.0, 0.0, 0.0, 0.0, 0.0, 0.0, 0.0, 0.0, 0.0, 0.0, 0.49985917123655477, 0.5868730730480618, 0.0, 0.0, 0.0, 0.0, 0.0, 0.0, 0.0, 0.0, 0.0, 0.0, 0.0, 0.0, 0.0, 0.0, 0.0, 0.0, 0.0, 0.0], "4": [0.0, 0.0, 0.0, 0.0, 0.0, 0.0, 0.0, 0.0, 0.0, 0.0, 0.0, 0.0, 0.0, 0.0, 0.0, 0.0, 0.0, 0.0, 0.0, 0.0, 0.5905083815256754, 0.786607837456244, 0.0, 0.0, 0.0, 0.0, 0.0, 0.0, 0.0, 0.0, 0.0, 0.0, 0.0, 0.0], "5": [0.0, 0.0, 0.0, 0.0, 0.0, 0.0, 0.0, 0.0, 0.0, 0.0, 0.0, 0.0, 0.0, 0.0, 0.0, 0.0, 0.0, 0.0, 0.0, 0.0, 0.0, 0.0, 0.0, 0.0, 0.0, 0.0, 0.0, 0.0, 0.0, 0.0, 0.4972871438910564, 0.7425176903053566, 0.0, 0.0]}