{"0": [0.0, 0.0, 0.0, 0.0, 0.0, 0.0, 0.2840058594942093, 0.6273777970561276, 0.2985266409193476, 0.6209453269287392, 0.2824981150527795, 0.6729804266382147, 0.3085692624251048, 0.6432482388284473, 0.28302759205301603, 0.7304031885332531, 0.0, 0.0, 0.26796909732123214, 0.7590936860552541, 0.0, 0.0, 0.31145444195717575, 0.7566020071506502, 0.32164018337600936, 0.7479761521993471, 0.29174288709958396, 0.8310814148849911, 0.2999682662387689, 0.8245272354947196, 0.30135951526463034, 0.9080988733856766, 0.30099638750155766, 0.9057456778155433], "1": [0.0, 0.0, 0.0, 0.0, 0.0, 0.0, 0.41473641271392503, 0.4677023101735998, 0.4260035898536444, 0.46457907943813886, 0.4196398661782344, 0.49559889722753453, 0.43103416132119793, 0.4914828563178027, 0.4205723232279221, 0.532919058534834, 0.43062908307959635, 0.5262565502413997, 0.4081905317803224, 0.557959344320827, 0.0, 0.0, 0.4357810911722481, 0.5609591025997092, 0.44476591777056457, 0.55812838739819, 0.41577013904849697, 0.6105230073134105, 0.4347770365575949, 0.606327541227694, 0.4281795968612035, 0.6560313213202689, 0.4567214789489905, 0.63782771869942], "2": [0.0, 0.0, 0.0, 0.0, 0.0, 0.0, 0.0, 0.0, 0.0, 0.0, 0.0, 0.0, 0.0, 0.0, 0.0, 0.0, 0.28530900487676264, 0.7289604890677664, 0.0, 0.0, 0.2685976453125477, 0.7573057364534449, 0.0, 0.0, 0.0, 0.0, 0.0, 0.0, 0.0, 0.0, 0.0, 0.0, 0.0, 0.0], "3": [0.0, 0.0, 0.0, 0.0, 0.0, 0.0, 0.0, 0.0, 0.0, 0.0, 0.0, 0.0, 0.0, 0.0, 0.0, 0.0, 0.0, 0.0, 0.0, 0.0, 0.0, 0.0, 0.0, 0.0, 0.0, 0.0, 0.0, 0.0, 0.0, 0.0, 0.4569058515131474, 0.6368521761011194, 0.0, 0.0], "4": [0.0, 0.0, 0.0, 0.0, 0.0, 0.0, 0.0, 0.0, 0.0, 0.0, 0.0, 0.0, 0.0, 0.0, 0.0, 0.0, 0.0, 0.0, 0.0, 0.0, 0.0, 0.0, 0.0, 0.0, 0.0, 0.0, 0.0, 0.0, 0.0, 0.0, 0.0, 0.0, 0.4289372466504574, 0.6534335577929461]}