{"0": [0.0, 0.0, 0.0, 0.0, 0.0, 0.0, 0.4916629048685232, 0.5827692842042005, 0.506118855299428, 0.5835919324998502, 0.4838754249115785, 0.6161464077455027, 0.5158233945568402, 0.6186382420774963, 0.47536477198203403, 0.6550204449781665, 0.5247425816953183, 0.6580997323548352, 0.4685618652651708, 0.6836430157776232, 0.5195322675009568, 0.6757409875039702, 0.49462464184810717, 0.7025581971362784, 0.5154653135066231, 0.7030144976245032, 0.472366731800139, 0.712698800917025, 0.5307172578449051, 0.7322935016066939, 0.4690484506698946, 0.7840986651402932, 0.5530867404614885, 0.786089602223149], "1": [0.0, 0.0, 0.0, 0.0, 0.0, 0.0, 0.6062233383456866, 0.5683059378906533, 0.6225145692626636, 0.5722382419639164, 0.5931026198590795, 0.6002763666488505, 0.6252953891952833, 0.6212678929169972, 0.5705010892202457, 0.6326179554065069, 0.6261486275742452, 0.6686902032958135, 0.5753149120757978, 0.6498841800071575, 0.6281763610740504, 0.70755030165116, 0.5942573643910388, 0.7012145671579573, 0.6139133558298151, 0.7022546037479683, 0.6047496348619461, 0.7713874397454439, 0.6154190033053358, 0.7709516942501068, 0.6078152105212211, 0.8405075977245967, 0.6120837099850178, 0.840585696393693]}