{"0": [0.7245518058538437, 0.49013633441042015, 0.7262884421894947, 0.4854935717803461, 0.0, 0.0, 0.7322282411158085, 0.4851836018259982, 0.0, 0.0, 0.7420971141507228, 0.5162663307454852, 0.7310803706757725, 0.5127595298820071, 0.7345839626466234, 0.5619068313527991, 0.7257256812105576, 0.5481561117702061, 0.7112156299253305, 0.5808288605124862, 0.7139841104547181, 0.5521173914549528, 0.7353057755234962, 0.5964222985699221, 0.7310251739341765, 0.5928062445587582, 0.0, 0.0, 0.7326287449647982, 0.6475798334788393, 0.7290015440434219, 0.7085102687279384, 0.7285579817990462, 0.7037728821789777], "1": [0.2201331688712041, 0.569258118558813, 0.22114194681247076, 0.563188973621086, 0.0, 0.0, 0.22882512832681337, 0.566984483682447, 0.0, 0.0, 0.24072253927588463, 0.599399960041046, 0.2431644183273117, 0.593363509354768, 0.23985529514029622, 0.6663003051722491, 0.22067467533051968, 0.5969263187713093, 0.22594351122776668, 0.7066817662782139, 0.2040688656270504, 0.5928286662808171, 0.24044416081160308, 0.7012180385766206, 0.2402690374602874, 0.6989490970417306, 0.2347402819742759, 0.7592100374366122, 0.22566429649790132, 0.7521563089832112, 0.24511237032711505, 0.8210291131779, 0.2380485761910677, 0.805313488068404], "2": [0.0, 0.0, 0.0, 0.0, 0.0, 0.0, 0.0, 0.0, 0.0, 0.0, 0.0, 0.0, 0.0, 0.0, 0.0, 0.0, 0.0, 0.0, 0.20372912635405857, 0.5933484024471707, 0.0, 0.0, 0.0, 0.0, 0.0, 0.0, 0.0, 0.0, 0.0, 0.0, 0.0, 0.0, 0.0, 0.0], "3": [0.0, 0.0, 0.0, 0.0, 0.0, 0.0, 0.0, 0.0, 0.0, 0.0, 0.0, 0.0, 0.0, 0.0, 0.0, 0.0, 0.0, 0.0, 0.0, 0.0, 0.0, 0.0, 0.0, 0.0, 0.0, 0.0, 0.7319552036002278, 0.6477179316734826, 0.0, 0.0, 0.0, 0.0, 0.0, 0.0], "4": [0.0, 0.0, 0.0, 0.0, 0.0, 0.0, 0.0, 0.0, 0.0, 0.0, 0.0, 0.0, 0.0, 0.0, 0.0, 0.0, 0.0, 0.0, 0.0, 0.0, 0.0, 0.0, 0.0, 0.0, 0.0, 0.0, 0.0, 0.0, 0.24329581186175347, 0.7579823038092366, 0.0, 0.0, 0.0, 0.0]}