{"0": [0.6758630907783906, 0.47497542213510585, 0.677737205227216, 0.4704156451824087, 0.6747612537195287, 0.46840554895224396, 0.0, 0.0, 0.6682219111671052, 0.4643097511044255, 0.6651084298888841, 0.4867860428712986, 0.6624165659149488, 0.48906629968572546, 0.0, 0.0, 0.6532009457548459, 0.5248792650523009, 0.0, 0.0, 0.6537074968218805, 0.564616095136713, 0.6670272562652826, 0.5676753969104201, 0.6612172982345025, 0.5683275808890661, 0.6659342298905053, 0.6187611189981301, 0.6598806322862705, 0.6173676486368532, 0.659155297279358, 0.6673921783765157, 0.6596424021447699, 0.6706009592860938], "1": [0.0, 0.0, 0.0, 0.0, 0.0, 0.0, 0.3504091310004393, 0.5634676006105211, 0.3668940196434657, 0.5626069267590841, 0.34245060322185356, 0.6010001423182311, 0.37541796391208965, 0.6028485994096155, 0.33136874698878577, 0.6539356319992631, 0.3802912335221966, 0.6522429517021885, 0.3222447795793414, 0.695772737926907, 0.3845361904551586, 0.6913188320619089, 0.35250555624564484, 0.6979816101215504, 0.3737966148803631, 0.6934606249133746, 0.3583708819001913, 0.7615432759126027, 0.37284255216363815, 0.7552010032865736, 0.3640997933844725, 0.8217297900606084, 0.3745443490644296, 0.815588242036325]}