{"0": [0.0, 0.0, 0.0, 0.0, 0.0, 0.0, 0.5011342495679856, 0.4993733838200569, 0.5140520085891088, 0.5016840625692297, 0.4933459302100042, 0.5274403552214305, 0.5205814659595489, 0.532758954498503, 0.48479538125296434, 0.5685799230028081, 0.5257454252491395, 0.5717040165706917, 0.4849039207212627, 0.5602120955785116, 0.517931261472404, 0.5812961224328589, 0.4954898439347744, 0.6085837211873796, 0.5146341645120022, 0.6078526748551263, 0.4789612372716268, 0.6617314411534203, 0.5165762143830458, 0.656983106997278, 0.466047299404939, 0.7191993596377196, 0.5204738373557726, 0.7139510788851313], "1": [0.0, 0.0, 0.0, 0.0, 0.0, 0.0, 0.26278994604945183, 0.5947900144038377, 0.2792730963478486, 0.5914740511664639, 0.264361535354207, 0.6371973744145146, 0.2876336840291818, 0.6254353965322177, 0.25633095649536697, 0.6943035900592804, 0.286013770972689, 0.6697075213547106, 0.2420642332484325, 0.7268069746317688, 0.0, 0.0, 0.27693781317211685, 0.7212438061281486, 0.29400198529474436, 0.714766356104088, 0.26220395676791663, 0.7977961594307864, 0.29224499091506, 0.7671898881042445, 0.2697441753000021, 0.8774094838511061, 0.30045369987686477, 0.8200972175156629], "2": [0.0, 0.0, 0.0, 0.0, 0.0, 0.0, 0.0, 0.0, 0.0, 0.0, 0.0, 0.0, 0.0, 0.0, 0.0, 0.0, 0.0, 0.0, 0.24947196245193481, 0.6728031860457526, 0.0, 0.0, 0.0, 0.0, 0.0, 0.0, 0.0, 0.0, 0.0, 0.0, 0.0, 0.0, 0.0, 0.0], "3": [0.0, 0.0, 0.0, 0.0, 0.0, 0.0, 0.0, 0.0, 0.0, 0.0, 0.0, 0.0, 0.0, 0.0, 0.0, 0.0, 0.0, 0.0, 0.0, 0.0, 0.0, 0.0, 0.0, 0.0, 0.0, 0.0, 0.0, 0.0, 0.0, 0.0, 0.0, 0.0, 0.26948861256241796, 0.8781102193726433]}