{"0": [0.5948361011842886, 0.5628875432191072, 0.5974021256280442, 0.5571367579477804, 0.5915680213520924, 0.5563240616409867, 0.6017040306081375, 0.5514071347536864, 0.5858206861341994, 0.5496746782903318, 0.6063213762594387, 0.5730376021729575, 0.5766337264639636, 0.57602192207619, 0.6123912911862135, 0.6075544856212757, 0.5658320457985003, 0.6121909620585265, 0.6117351616422334, 0.6376215468954157, 0.566208991035819, 0.6507992910014259, 0.5971371861795585, 0.6499052906477892, 0.5791598779459795, 0.6529865381894289, 0.598598784705003, 0.7070726368162367, 0.5828794005016485, 0.7089969545602799, 0.5864130397637685, 0.7616248631918872, 0.5865729073683421, 0.764865000821926], "1": [0.0, 0.0, 0.0, 0.0, 0.0, 0.0, 0.5086903599401316, 0.6350572754939398, 0.5263557883600394, 0.6353696710533566, 0.49219454402724894, 0.6684700798105311, 0.529490716010332, 0.6620554303681409, 0.485170755116269, 0.7287474493737573, 0.0, 0.0, 0.483594066525499, 0.7866152754536382, 0.0, 0.0, 0.4942765258873502, 0.7602756176833754, 0.5165637305627266, 0.759156087482417, 0.48417282178997995, 0.8092513115317733, 0.5192394768508772, 0.8276808021245179, 0.48049106616526843, 0.8608448103622154, 0.5231805381665796, 0.8989691651323508], "2": [0.0, 0.0, 0.0, 0.0, 0.0, 0.0, 0.0, 0.0, 0.0, 0.0, 0.0, 0.0, 0.0, 0.0, 0.0, 0.0, 0.0, 0.0, 0.0, 0.0, 0.0, 0.0, 0.0, 0.0, 0.0, 0.0, 0.0, 0.0, 0.0, 0.0, 0.5248550285895666, 0.9117751218654491, 0.0, 0.0], "3": [0.0, 0.0, 0.0, 0.0, 0.0, 0.0, 0.0, 0.0, 0.0, 0.0, 0.0, 0.0, 0.0, 0.0, 0.0, 0.0, 0.0, 0.0, 0.0, 0.0, 0.0, 0.0, 0.0, 0.0, 0.0, 0.0, 0.0, 0.0, 0.0, 0.0, 0.5974353576699892, 0.7097333206070794, 0.0, 0.0]}