{"0": [0.32628435747077067, 0.5960772046336421, 0.32663850551471113, 0.5924096257598311, 0.0, 0.0, 0.3288483383754889, 0.5918666115513554, 0.33851325685779254, 0.5873883804789296, 0.32949625278512634, 0.608225722445382, 0.3523573378411432, 0.6048047709244267, 0.3266061907634139, 0.6530255227177231, 0.360418126154885, 0.6402486483256022, 0.32744570905342696, 0.691442886877943, 0.0, 0.0, 0.34409635482976836, 0.6801295342268767, 0.3610317064449191, 0.6768431032145465, 0.32060869100193184, 0.6845131450781116, 0.3638573528577884, 0.7243922937799383, 0.3240419232596954, 0.744619051794763, 0.39257388090093925, 0.7578772917941764], "1": [0.0, 0.0, 0.0, 0.0, 0.0, 0.0, 0.39824205624560516, 0.5345897272781089, 0.4126247917612394, 0.5322662029001448, 0.39513763114809985, 0.5679507433264344, 0.42522433847188945, 0.5664597648299403, 0.38438981274763745, 0.6094825178384781, 0.43693131270507973, 0.6067419343524509, 0.3719874697426955, 0.6345960430524967, 0.44424121525759497, 0.6400942108145466, 0.4068520979955792, 0.6504488854496567, 0.4255993424604336, 0.6472843182859598, 0.41240235306322576, 0.7044208553102281, 0.43010370781024293, 0.7013041254546907, 0.42074741385877135, 0.7585280828453876, 0.44283766305694977, 0.7609970730763894], "2": [0.0, 0.0, 0.0, 0.0, 0.0, 0.0, 0.0, 0.0, 0.0, 0.0, 0.0, 0.0, 0.0, 0.0, 0.0, 0.0, 0.0, 0.0, 0.0, 0.0, 0.3674069605767727, 0.6404044283760919, 0.0, 0.0, 0.0, 0.0, 0.0, 0.0, 0.0, 0.0, 0.0, 0.0, 0.0, 0.0], "3": [0.0, 0.0, 0.0, 0.0, 0.0, 0.0, 0.0, 0.0, 0.0, 0.0, 0.0, 0.0, 0.0, 0.0, 0.0, 0.0, 0.0, 0.0, 0.0, 0.0, 0.0, 0.0, 0.0, 0.0, 0.0, 0.0, 0.0, 0.0, 0.322815747349523, 0.6834159811337789, 0.0, 0.0, 0.0, 0.0], "4": [0.0, 0.0, 0.0, 0.0, 0.0, 0.0, 0.0, 0.0, 0.0, 0.0, 0.0, 0.0, 0.0, 0.0, 0.0, 0.0, 0.0, 0.0, 0.0, 0.0, 0.0, 0.0, 0.0, 0.0, 0.0, 0.0, 0.0, 0.0, 0.0, 0.0, 0.3936601022413621, 0.7577425296659823, 0.0, 0.0], "5": [0.0, 0.0, 0.0, 0.0, 0.0, 0.0, 0.0, 0.0, 0.0, 0.0, 0.0, 0.0, 0.0, 0.0, 0.0, 0.0, 0.0, 0.0, 0.0, 0.0, 0.0, 0.0, 0.0, 0.0, 0.0, 0.0, 0.0, 0.0, 0.0, 0.0, 0.0, 0.0, 0.42266347114928066, 0.7565620934521711]}