{"0": [0.5040933425227802, 0.4026935168990382, 0.5050275216499964, 0.39886590242385866, 0.0, 0.0, 0.5090001235405605, 0.400868229954331, 0.5169519702593486, 0.40074464148945277, 0.5042735194166501, 0.4207432066952741, 0.5262895298500856, 0.42537050870833576, 0.5014607651159168, 0.4558517117743139, 0.5335882554451624, 0.4525382532013787, 0.4970167795817057, 0.47770067793489607, 0.5399852777520816, 0.4797265401592961, 0.5070991176490982, 0.4861555210970066, 0.5199001551916201, 0.48629140379252256, 0.5042354675630728, 0.5300897287273848, 0.5170911009112994, 0.5323053150265307, 0.5058526890041928, 0.581551700271666, 0.516341403623422, 0.5804664469427533], "1": [0.47046043624480566, 0.5781146625677744, 0.4708755027502775, 0.5723181307315827, 0.0, 0.0, 0.4755613323301077, 0.5727108590028904, 0.0, 0.0, 0.4785753055165212, 0.5935926391018762, 0.4855489643601079, 0.5884197820115973, 0.47033935450017456, 0.6170014115395369, 0.4725858081132174, 0.6122453103462855, 0.458145289371411, 0.6388582264935528, 0.45983136631548405, 0.6371650196887829, 0.4880669489502907, 0.6426128685474396, 0.5006085534890493, 0.6367510934670766, 0.46470594736747445, 0.6898533403873444, 0.5106201123446226, 0.669823015122502, 0.4860645285497109, 0.7433841046359804, 0.5344997176279624, 0.6948502586947547], "2": [0.0, 0.0, 0.0, 0.0, 0.0, 0.0, 0.0, 0.0, 0.0, 0.0, 0.0, 0.0, 0.0, 0.0, 0.0, 0.0, 0.0, 0.0, 0.0, 0.0, 0.5204839240759611, 0.4579386238698606, 0.0, 0.0, 0.0, 0.0, 0.0, 0.0, 0.0, 0.0, 0.0, 0.0, 0.0, 0.0], "3": [0.0, 0.0, 0.0, 0.0, 0.0, 0.0, 0.0, 0.0, 0.0, 0.0, 0.0, 0.0, 0.0, 0.0, 0.0, 0.0, 0.0, 0.0, 0.0, 0.0, 0.0, 0.0, 0.0, 0.0, 0.0, 0.0, 0.0, 0.0, 0.46564512525995577, 0.687540246159942, 0.0, 0.0, 0.0, 0.0]}