{"0": [0.5658692846695583, 0.5649043530225754, 0.5660718303173781, 0.5594431790074816, 0.5635501012206078, 0.5590067420568731, 0.0, 0.0, 0.5546895946065585, 0.5572799695862665, 0.5581403538584709, 0.5984781991552424, 0.5363214252516627, 0.5708242237567902, 0.5544184590379397, 0.6369357122315301, 0.5157876379787921, 0.5911609918982894, 0.0, 0.0, 0.0, 0.0, 0.542004186908404, 0.6626473854537364, 0.5275026530337831, 0.6564144514777043, 0.540811954687039, 0.7122981161982925, 0.5206178727249305, 0.7299405351005218, 0.5385233954836924, 0.7530807378115477, 0.516211651513974, 0.7964146073079773], "1": [0.6859110540089507, 0.6855119416559184, 0.6900275913377603, 0.6843423874841796, 0.6846933612599969, 0.679041525611171, 0.0, 0.0, 0.6779101751123864, 0.6725459405669459, 0.6861146040881674, 0.694279878338178, 0.6602920987876132, 0.6933483263408696, 0.693504196141536, 0.6975640846623314, 0.6362770836800337, 0.7238249352684727, 0.7053798354541262, 0.7129024430557533, 0.6459654118865729, 0.755654533262606, 0.6440388094323377, 0.7431287080049515, 0.6273078464747718, 0.7369923392345232, 0.0, 0.0, 0.6531532006891827, 0.7957054543366096, 0.0, 0.0, 0.6636515667041143, 0.8879445747092918], "2": [0.0, 0.0, 0.0, 0.0, 0.0, 0.0, 0.0, 0.0, 0.0, 0.0, 0.535305591354457, 0.5688969841709843, 0.558382211253047, 0.5967643935923224, 0.5154865568503737, 0.5913154312857876, 0.0, 0.0, 0.0, 0.0, 0.0, 0.0, 0.0, 0.0, 0.0, 0.0, 0.0, 0.0, 0.0, 0.0, 0.0, 0.0, 0.0, 0.0], "3": [0.0, 0.0, 0.0, 0.0, 0.0, 0.0, 0.0, 0.0, 0.0, 0.0, 0.0, 0.0, 0.0, 0.0, 0.0, 0.0, 0.0, 0.0, 0.649233823021253, 0.7550946394602458, 0.0, 0.0, 0.0, 0.0, 0.0, 0.0, 0.0, 0.0, 0.0, 0.0, 0.0, 0.0, 0.0, 0.0], "4": [0.0, 0.0, 0.0, 0.0, 0.0, 0.0, 0.0, 0.0, 0.0, 0.0, 0.0, 0.0, 0.0, 0.0, 0.0, 0.0, 0.0, 0.0, 0.0, 0.0, 0.0, 0.0, 0.0, 0.0, 0.0, 0.0, 0.5193246602391203, 0.7308252539899615, 0.5404699869453907, 0.7112235879456555, 0.515747511635224, 0.7961972421656053, 0.5385702103997271, 0.7536664698962812], "5": [0.0, 0.0, 0.0, 0.0, 0.0, 0.0, 0.0, 0.0, 0.0, 0.0, 0.0, 0.0, 0.0, 0.0, 0.0, 0.0, 0.0, 0.0, 0.0, 0.0, 0.0, 0.0, 0.0, 0.0, 0.0, 0.0, 0.6564873432585349, 0.8059349269778641, 0.0, 0.0, 0.6635123806695143, 0.887184637343442, 0.0, 0.0], "6": [0.0, 0.0, 0.0, 0.0, 0.0, 0.0, 0.0, 0.0, 0.0, 0.0, 0.0, 0.0, 0.0, 0.0, 0.0, 0.0, 0.0, 0.0, 0.0, 0.0, 0.0, 0.0, 0.0, 0.0, 0.0, 0.0, 0.0, 0.0, 0.0, 0.0, 0.6366087013234695, 0.7960328755555329, 0.0, 0.0], "7": [0.0, 0.0, 0.0, 0.0, 0.0, 0.0, 0.0, 0.0, 0.0, 0.0, 0.0, 0.0, 0.0, 0.0, 0.0, 0.0, 0.0, 0.0, 0.0, 0.0, 0.0, 0.0, 0.0, 0.0, 0.0, 0.0, 0.0, 0.0, 0.0, 0.0, 0.0, 0.0, 0.6367408470561107, 0.796513925658332]}