{"0": [0.0, 0.0, 0.0, 0.0, 0.0, 0.0, 0.4327019780874252, 0.5414492898517185, 0.44677301831543453, 0.5399511416753133, 0.42716547622500606, 0.5756650318702062, 0.4580651432275772, 0.5735866088006232, 0.414994700687627, 0.6112399470061064, 0.4685490727579842, 0.6135180493195851, 0.40936736365159354, 0.6323732767943983, 0.47064363211393356, 0.6419138449209708, 0.4368391176064809, 0.6523311809257225, 0.45762564515074095, 0.6536491060698474, 0.4221307707950473, 0.6922100587575523, 0.47634273978571096, 0.6808709588315752, 0.4023954765560726, 0.7551809085739982, 0.4913801163434982, 0.7531558434168498], "1": [0.0, 0.0, 0.0, 0.0, 0.0, 0.0, 0.2763700056200226, 0.58171903460666, 0.29207521863281727, 0.5770533645594561, 0.27687743135417503, 0.6209995558968295, 0.30689075253903864, 0.6044340164573103, 0.26655007923642793, 0.6769078894897743, 0.3280491621543964, 0.6242487006717258, 0.25878257950146993, 0.717775105326264, 0.34721227586269376, 0.6500426237229948, 0.29233658785621325, 0.7049928554782162, 0.3118428658694029, 0.7044006915004165, 0.2829691883176565, 0.7558506510875843, 0.0, 0.0, 0.27169581602017084, 0.8038756723343222, 0.311707030236721, 0.8064677128085384], "2": [0.0, 0.0, 0.0, 0.0, 0.0, 0.0, 0.0, 0.0, 0.0, 0.0, 0.0, 0.0, 0.0, 0.0, 0.0, 0.0, 0.0, 0.0, 0.0, 0.0, 0.0, 0.0, 0.0, 0.0, 0.0, 0.0, 0.0, 0.0, 0.28451325142135225, 0.7540223556536216, 0.0, 0.0, 0.0, 0.0], "3": [0.0, 0.0, 0.0, 0.0, 0.0, 0.0, 0.0, 0.0, 0.0, 0.0, 0.0, 0.0, 0.0, 0.0, 0.0, 0.0, 0.0, 0.0, 0.0, 0.0, 0.0, 0.0, 0.0, 0.0, 0.0, 0.0, 0.0, 0.0, 0.0, 0.0, 0.31145141602804266, 0.8058844195471869, 0.0, 0.0], "4": [0.0, 0.0, 0.0, 0.0, 0.0, 0.0, 0.0, 0.0, 0.0, 0.0, 0.0, 0.0, 0.0, 0.0, 0.0, 0.0, 0.0, 0.0, 0.0, 0.0, 0.0, 0.0, 0.0, 0.0, 0.0, 0.0, 0.0, 0.0, 0.0, 0.0, 0.0, 0.0, 0.2708040736615658, 0.8024156823202416]}