{"0": [0.37484047065178555, 0.5818940427568223, 0.3755290369192759, 0.5772282313417505, 0.0, 0.0, 0.38127859036127726, 0.5759186925711456, 0.0, 0.0, 0.39863391742110255, 0.6019905737152805, 0.3847876096144318, 0.6037864354059652, 0.39259045422077177, 0.6557113238920768, 0.38945355005562304, 0.6512688566137244, 0.3720510128264626, 0.6797915277657686, 0.3787120377487422, 0.6547742354278162, 0.40191673828909796, 0.6777124553780863, 0.3951214472452799, 0.6724617156717513, 0.0, 0.0, 0.36804478578269484, 0.6943949423454426, 0.3726783507193128, 0.7532086418734656, 0.37256874367594717, 0.7515656346524203], "1": [0.0, 0.0, 0.0, 0.0, 0.0, 0.0, 0.43353487799565, 0.5541319381307672, 0.44951333676775296, 0.5543388159186752, 0.42675359832743803, 0.5856739079510724, 0.4589893194536368, 0.5897286565767395, 0.4178935232882699, 0.6283209798512636, 0.4758321189632018, 0.6211962624832437, 0.41202825432022405, 0.6737619755444704, 0.48929848400875925, 0.6466425762132362, 0.43005495170752206, 0.6784202216951936, 0.45410217667619385, 0.6766956831570023, 0.4152045914282401, 0.7366011696005309, 0.46756597720086573, 0.7319019781218634, 0.4125575705120961, 0.7883726109509115, 0.4780281321456035, 0.8027635793994974], "2": [0.0, 0.0, 0.0, 0.0, 0.0, 0.0, 0.0, 0.0, 0.0, 0.0, 0.0, 0.0, 0.0, 0.0, 0.0, 0.0, 0.0, 0.0, 0.0, 0.0, 0.0, 0.0, 0.0, 0.0, 0.0, 0.0, 0.36846844538425405, 0.6959072779726098, 0.0, 0.0, 0.0, 0.0, 0.0, 0.0]}