{"0": [0.4083606644223134, 0.5091050581799613, 0.41158506323893856, 0.503045270178053, 0.40495030730962756, 0.5040487501356337, 0.4163951223095258, 0.504538878025832, 0.40205830671087217, 0.508059230281247, 0.4258266920844714, 0.5374827245871227, 0.3978982176204833, 0.5387487280148047, 0.43416668648521106, 0.5789517025152843, 0.3957408224542936, 0.5788701521025763, 0.43737446901698906, 0.6195802079306707, 0.393457446868221, 0.6166801421730607, 0.4224294213888546, 0.6233480336489501, 0.40419877395033843, 0.6238325231605106, 0.41946772976468005, 0.6771206021860794, 0.4086242406318585, 0.6813288432580453, 0.42717799070912105, 0.7316267812693561, 0.41790808563431103, 0.7349926467295046], "1": [0.46312708022693794, 0.36142826389383387, 0.4639774916693568, 0.3583681754491947, 0.4620020327468713, 0.3573488156000773, 0.0, 0.0, 0.45791108074287573, 0.35632163308284903, 0.4597235405196746, 0.3722460083387516, 0.4505630398790042, 0.37340790530045825, 0.45948878216246763, 0.3959043673343129, 0.44588073045015336, 0.40188850826687283, 0.4688226845503474, 0.4009251735828541, 0.45515826990207037, 0.4181234569461258, 0.45794007666409015, 0.4233608389342272, 0.44887578785419463, 0.4231268690692054, 0.4638959753016631, 0.4615118456107599, 0.4493183858692646, 0.46216069106702456, 0.46302877080937227, 0.5010995429975015, 0.43457634542137386, 0.48627151780658295], "2": [0.0, 0.0, 0.0, 0.0, 0.0, 0.0, 0.0, 0.0, 0.0, 0.0, 0.0, 0.0, 0.0, 0.0, 0.0, 0.0, 0.0, 0.0, 0.0, 0.0, 0.0, 0.0, 0.0, 0.0, 0.0, 0.0, 0.0, 0.0, 0.0, 0.0, 0.43504294520244, 0.48454098789780226, 0.0, 0.0]}