{"0": [0.677426491274188, 0.43040147534123174, 0.6790971428155899, 0.42725909550984703, 0.6764330585797628, 0.42577663431013074, 0.0, 0.0, 0.6713918368021647, 0.4213114985713252, 0.6713973415394624, 0.4408323645039841, 0.6624084165940682, 0.4353942835772479, 0.6680132918680708, 0.4689076334238053, 0.649361749117573, 0.46283732436045455, 0.671746934701999, 0.48820552207805484, 0.6524511188579102, 0.48974167307217914, 0.6626266874372959, 0.5017254536902462, 0.6521655678826694, 0.49965478609557495, 0.66257691954573, 0.5419578470565655, 0.6534463676313559, 0.5418842275937399, 0.6615632683038711, 0.589188163286006, 0.6355759174718211, 0.564490188492669], "1": [0.0, 0.0, 0.0, 0.0, 0.0, 0.0, 0.3374322012066841, 0.4607549051443736, 0.3487470470368862, 0.4572083799927323, 0.3434452031739056, 0.4873922427495321, 0.3560319411723564, 0.4814597441090478, 0.34202570194999377, 0.5245787022290407, 0.356543142410616, 0.5162467788766931, 0.3315111966182788, 0.5627729254740256, 0.0, 0.0, 0.3475049533570806, 0.5512172796108105, 0.3576095355053743, 0.5479697717560662, 0.3450908966362476, 0.6092477701328419, 0.3513356473296881, 0.6046206372755546, 0.34609150389830273, 0.6658691896332634, 0.3665530476719141, 0.6324957206845283], "2": [0.0, 0.0, 0.0, 0.0, 0.0, 0.0, 0.0, 0.0, 0.0, 0.0, 0.0, 0.0, 0.0, 0.0, 0.0, 0.0, 0.0, 0.0, 0.0, 0.0, 0.0, 0.0, 0.0, 0.0, 0.0, 0.0, 0.0, 0.0, 0.0, 0.0, 0.6364129260803263, 0.5636914275310657, 0.0, 0.0], "3": [0.0, 0.0, 0.0, 0.0, 0.0, 0.0, 0.0, 0.0, 0.0, 0.0, 0.0, 0.0, 0.0, 0.0, 0.0, 0.0, 0.0, 0.0, 0.0, 0.0, 0.0, 0.0, 0.0, 0.0, 0.0, 0.0, 0.0, 0.0, 0.0, 0.0, 0.3661343760788441, 0.6323087405275416, 0.0, 0.0], "4": [0.0, 0.0, 0.0, 0.0, 0.0, 0.0, 0.0, 0.0, 0.0, 0.0, 0.0, 0.0, 0.0, 0.0, 0.0, 0.0, 0.0, 0.0, 0.0, 0.0, 0.0, 0.0, 0.0, 0.0, 0.0, 0.0, 0.0, 0.0, 0.0, 0.0, 0.0, 0.0, 0.3463334860901038, 0.66556463042895], "5": [0.0, 0.0, 0.0, 0.0, 0.0, 0.0, 0.0, 0.0, 0.0, 0.0, 0.0, 0.0, 0.0, 0.0, 0.0, 0.0, 0.0, 0.0, 0.0, 0.0, 0.0, 0.0, 0.0, 0.0, 0.0, 0.0, 0.0, 0.0, 0.0, 0.0, 0.0, 0.0, 0.6612967836360136, 0.5896565903668051]}