{"0": [0.6474918203117946, 0.4854052079772508, 0.0, 0.0, 0.6472243913138906, 0.4805783934063382, 0.6367979597300291, 0.4828413309874358, 0.6457487066586812, 0.4820049577289157, 0.636710733671983, 0.505751856499248, 0.6429765253638228, 0.5092408771868105, 0.0, 0.0, 0.6568321429813901, 0.5419513817186709, 0.6600594798723857, 0.51728206343121, 0.6618486739695072, 0.517842298525351, 0.6295311582585176, 0.5745194047965385, 0.6442464117271205, 0.5816494776970811, 0.6234548640747865, 0.6147647628077755, 0.6555918214842678, 0.6293719949545684, 0.6051010321825743, 0.6649245527055528, 0.656966735670964, 0.6932235798901982], "1": [0.0, 0.0, 0.0, 0.0, 0.0, 0.0, 0.37005444467067716, 0.540064850780699, 0.3850120984017849, 0.5403546807942566, 0.3599385588429868, 0.5705887348563582, 0.39379411228001115, 0.5747237180118208, 0.3536101907491684, 0.6187215751657883, 0.4019123429277291, 0.6146601657072702, 0.35835850834846494, 0.6438491468076353, 0.3964464135468006, 0.6389653242296642, 0.36358156949281695, 0.6601807958549923, 0.3840006751318772, 0.6619170961556612, 0.36626698474089303, 0.7199695613649155, 0.38785760762790833, 0.7269084530848045, 0.3677784993623694, 0.7843805853967314, 0.3938001322055546, 0.7896374463483139], "2": [0.0, 0.0, 0.0, 0.0, 0.0, 0.0, 0.0, 0.0, 0.0, 0.0, 0.0, 0.0, 0.0, 0.0, 0.6286842209597427, 0.48087627159224616, 0.0, 0.0, 0.0, 0.0, 0.0, 0.0, 0.0, 0.0, 0.0, 0.0, 0.0, 0.0, 0.0, 0.0, 0.0, 0.0, 0.0, 0.0]}