{"0": [0.5521246484325578, 0.4769652504611898, 0.0, 0.0, 0.5514554077138504, 0.4736292494667901, 0.5372155661384265, 0.47017858265726653, 0.5485503247007728, 0.47371761357342757, 0.5287605377535026, 0.49493092077749745, 0.5489390887320041, 0.5019116545165027, 0.5254081635425488, 0.5295435420547923, 0.548509948203961, 0.540401714819449, 0.0, 0.0, 0.5576405381162961, 0.5697611462186885, 0.5243836472431819, 0.5678240738533161, 0.5419854960093896, 0.5739655564711602, 0.5216069001704454, 0.6293412424899915, 0.5469530165195465, 0.6111389965457082, 0.5125689809521039, 0.6866878391415985, 0.5404959519083301, 0.6545736179307654], "1": [0.7349560058675706, 0.7864416815616466, 0.0, 0.0, 0.7370721494158109, 0.7813952327671425, 0.0, 0.0, 0.7328372724354267, 0.7759053228078066, 0.7068061895047625, 0.762316745740396, 0.7218828401838739, 0.8001578701866998, 0.0, 0.0, 0.727869956754148, 0.838639724475366, 0.0, 0.0, 0.0, 0.0, 0.6768908337069054, 0.7982768451725996, 0.6837513518830141, 0.7965946254354936, 0.7182998079496126, 0.8440704877729769, 0.71744627704223, 0.8486264518013706, 0.0, 0.0, 0.7338317447652419, 0.9118497784490939], "2": [0.0, 0.0, 0.0, 0.0, 0.0, 0.0, 0.0, 0.0, 0.0, 0.0, 0.0, 0.0, 0.0, 0.0, 0.0, 0.0, 0.0, 0.0, 0.0, 0.0, 0.0, 0.0, 0.0, 0.0, 0.0, 0.0, 0.0, 0.0, 0.7386332647874951, 0.8564099567907828, 0.0, 0.0, 0.7533224232494831, 0.8999975810474199], "3": [0.0, 0.0, 0.0, 0.0, 0.0, 0.0, 0.0, 0.0, 0.0, 0.0, 0.0, 0.0, 0.0, 0.0, 0.0, 0.0, 0.0, 0.0, 0.0, 0.0, 0.0, 0.0, 0.0, 0.0, 0.0, 0.0, 0.0, 0.0, 0.0, 0.0, 0.733570917074879, 0.9100357391216137, 0.0, 0.0]}