{"0": [0.2865421603123347, 0.5207510688790569, 0.28968407231538246, 0.5141525598587813, 0.28417453107734514, 0.514949615051349, 0.29725006918112434, 0.5154078393622681, 0.0, 0.0, 0.29841974669446547, 0.5470930558663828, 0.30039217298229537, 0.5443409543829384, 0.3005986293156942, 0.5943764298050492, 0.0, 0.0, 0.3013079399863879, 0.6347477043116534, 0.0, 0.0, 0.307698388894399, 0.62869389962267, 0.31432581022381784, 0.6254412251490133, 0.3080899047354857, 0.6893013804047197, 0.0, 0.0, 0.3049161143600941, 0.7548462315841957, 0.32745667258277533, 0.7232447094387479], "1": [0.5176989113291105, 0.503313723316899, 0.5204227319608132, 0.49856885693691394, 0.5147791861246029, 0.49803684971950674, 0.5238289184868336, 0.49780218910287927, 0.5096968301882346, 0.4976501694432011, 0.5214261885732412, 0.5234931146657026, 0.5041030295193195, 0.5289954928888215, 0.5219993106399973, 0.5541006704171498, 0.49358038284505407, 0.5634697830235518, 0.5325867053121328, 0.562349921685678, 0.5093900049726169, 0.5880676389844329, 0.519213666394353, 0.5994291841983795, 0.5068035687009493, 0.6035317674831108, 0.5250700519730648, 0.6521312863738449, 0.5065772744826973, 0.6602085762553744, 0.5302961414679885, 0.6967671387725406, 0.48304640327890713, 0.7039549648761749], "2": [0.0, 0.0, 0.0, 0.0, 0.0, 0.0, 0.0, 0.0, 0.0, 0.0, 0.0, 0.0, 0.0, 0.0, 0.0, 0.0, 0.0, 0.0, 0.0, 0.0, 0.0, 0.0, 0.0, 0.0, 0.0, 0.0, 0.0, 0.0, 0.3087955923130115, 0.6891148002059372, 0.0, 0.0, 0.30439364289244014, 0.753768073408692], "3": [0.0, 0.0, 0.0, 0.0, 0.0, 0.0, 0.0, 0.0, 0.0, 0.0, 0.0, 0.0, 0.0, 0.0, 0.0, 0.0, 0.0, 0.0, 0.0, 0.0, 0.0, 0.0, 0.0, 0.0, 0.0, 0.0, 0.0, 0.0, 0.0, 0.0, 0.3276734466354052, 0.7235528142363937, 0.0, 0.0], "4": [0.0, 0.0, 0.0, 0.0, 0.0, 0.0, 0.0, 0.0, 0.0, 0.0, 0.0, 0.0, 0.0, 0.0, 0.0, 0.0, 0.0, 0.0, 0.0, 0.0, 0.0, 0.0, 0.0, 0.0, 0.0, 0.0, 0.0, 0.0, 0.0, 0.0, 0.483547035480539, 0.7042648586961958, 0.0, 0.0]}