{"0": [0.3390802313884099, 0.5840939861756783, 0.3414044519265493, 0.5800130985401295, 0.33964924290776255, 0.5801655105970523, 0.34967227627833686, 0.5824107405212189, 0.0, 0.0, 0.36629650865991914, 0.6071629528646115, 0.34140745947758355, 0.6056538237465753, 0.37261744526525337, 0.6560900347100365, 0.3394359549507499, 0.6414688035845757, 0.351663041797777, 0.6810332730964378, 0.33492004135623576, 0.6620258415186848, 0.36898765872853495, 0.6686579982439677, 0.353506189212203, 0.6652337370095428, 0.36211760640144347, 0.707015025091392, 0.3368474369247754, 0.7058065046866735, 0.3565722525430222, 0.7236410709442915, 0.3381276123225688, 0.7180869822148924], "1": [0.42473584885398546, 0.5172253931010211, 0.4259533770382405, 0.510946946894681, 0.0, 0.0, 0.432463550940156, 0.5150741603915339, 0.4414560556411743, 0.5151190431029709, 0.42752522494023043, 0.5541552192635006, 0.45489863405625025, 0.5421928107738495, 0.425619193787376, 0.5968227829646181, 0.46357884127646687, 0.5786190750422301, 0.42633922056605417, 0.6425374297080216, 0.4635058868676424, 0.6138200210200415, 0.438760852565368, 0.6280193390669647, 0.45746567932267984, 0.6254329266923445, 0.43246805320183435, 0.6814364850521087, 0.46124657976130645, 0.6785098184038092, 0.4342581645896038, 0.7464151013780524, 0.47319325963035225, 0.735403432779842]}