{"0": [0.2512989727159341, 0.5771296558556733, 0.2544365789741278, 0.5704138009636489, 0.2489074881499012, 0.5712086500944915, 0.263278296093146, 0.5644274126600337, 0.0, 0.0, 0.27691798213248453, 0.5965771073820414, 0.24545993767678737, 0.5948826892508401, 0.2883914701640605, 0.6384054958820343, 0.2427735282729069, 0.6335681061225908, 0.2754903633147478, 0.6786713191204601, 0.24092830792069436, 0.6689556865780442, 0.274129993468523, 0.6848929094219649, 0.252710759267211, 0.6833351689356345, 0.27442048080265524, 0.7439966361003894, 0.24902909124890962, 0.7483987821473016, 0.27576384792725245, 0.8045972951584393, 0.26216015592217445, 0.7927725847120639], "1": [0.7929406918585301, 0.6704050512673955, 0.7928763161102931, 0.6648614040127508, 0.789099139161408, 0.6658241364690993, 0.0, 0.0, 0.7776853437845905, 0.6754446407159169, 0.790919553861022, 0.7173450182985377, 0.772555150743574, 0.7088763877197548, 0.7977050290753444, 0.7653082095914416, 0.7720830664038659, 0.7337792822608241, 0.8092412644376358, 0.8114080775943068, 0.8101744785284003, 0.7057384542844913, 0.7805392457793155, 0.8251347557814033, 0.7678720264385144, 0.8237625636436321, 0.7840231111894052, 0.9106662222632655, 0.7643929151197274, 0.8863210457342643, 0.7532664926101763, 0.9518303703051061, 0.7548366726686557, 0.9519107086239038], "2": [0.0, 0.0, 0.0, 0.0, 0.0, 0.0, 0.0, 0.0, 0.0, 0.0, 0.0, 0.0, 0.0, 0.0, 0.0, 0.0, 0.0, 0.0, 0.8119621394822994, 0.704188616629, 0.0, 0.0, 0.0, 0.0, 0.0, 0.0, 0.0, 0.0, 0.0, 0.0, 0.0, 0.0, 0.0, 0.0], "3": [0.0, 0.0, 0.0, 0.0, 0.0, 0.0, 0.0, 0.0, 0.0, 0.0, 0.0, 0.0, 0.0, 0.0, 0.0, 0.0, 0.0, 0.0, 0.0, 0.0, 0.0, 0.0, 0.0, 0.0, 0.0, 0.0, 0.7627909532437722, 0.889556493582549, 0.0, 0.0, 0.0, 0.0, 0.0, 0.0], "4": [0.0, 0.0, 0.0, 0.0, 0.0, 0.0, 0.0, 0.0, 0.0, 0.0, 0.0, 0.0, 0.0, 0.0, 0.0, 0.0, 0.0, 0.0, 0.0, 0.0, 0.0, 0.0, 0.0, 0.0, 0.0, 0.0, 0.0, 0.0, 0.7848363970095913, 0.9126521220913639, 0.0, 0.0, 0.0, 0.0]}