{"0": [0.2922651503235102, 0.655050510223265, 0.29251860914131006, 0.6511632967878271, 0.0, 0.0, 0.2955360283454259, 0.6487955327939104, 0.30774457405010863, 0.6400829149617089, 0.31556879077106714, 0.6696745972942423, 0.31590832049647966, 0.6650462940887168, 0.33216915701826416, 0.7121088248712046, 0.32806867671509576, 0.7072830103751686, 0.0, 0.0, 0.0, 0.0, 0.3509340370694796, 0.7278333556872827, 0.3487252319852511, 0.7188515747034991, 0.30692243073135617, 0.7623251908355289, 0.3075614728033543, 0.7607565694385104, 0.304262579853336, 0.8325627991998638, 0.304154280324777, 0.8306602844485531], "1": [0.0, 0.0, 0.0, 0.0, 0.0, 0.0, 0.41395285899440454, 0.5533068310331415, 0.428485843911767, 0.5482631815804375, 0.41494750926891955, 0.5875467984764664, 0.4411907071868578, 0.573940277416949, 0.40808027585347495, 0.6352025813526577, 0.4486607159177462, 0.6019857232217436, 0.4016951375330488, 0.668631507953008, 0.0, 0.0, 0.4314723169586311, 0.6646522772532922, 0.44936372712254524, 0.6573665436771182, 0.4014481141542394, 0.6858218234998209, 0.4573184162378311, 0.7128150542577107, 0.4015309122080604, 0.7536294164480988, 0.47194483534743387, 0.7565457355093073], "2": [0.0, 0.0, 0.0, 0.0, 0.0, 0.0, 0.0, 0.0, 0.0, 0.0, 0.0, 0.0, 0.0, 0.0, 0.0, 0.0, 0.0, 0.0, 0.0, 0.0, 0.7869040506581465, 0.0249633996574967, 0.0, 0.0, 0.0, 0.0, 0.0, 0.0, 0.0, 0.0, 0.0, 0.0, 0.0, 0.0], "3": [0.0, 0.0, 0.0, 0.0, 0.0, 0.0, 0.0, 0.0, 0.0, 0.0, 0.0, 0.0, 0.0, 0.0, 0.0, 0.0, 0.0, 0.0, 0.0, 0.0, 0.0, 0.0, 0.0, 0.0, 0.0, 0.0, 0.0, 0.0, 0.0, 0.0, 0.35721060981353125, 0.7663832131359313, 0.0, 0.0], "4": [0.0, 0.0, 0.0, 0.0, 0.0, 0.0, 0.0, 0.0, 0.0, 0.0, 0.0, 0.0, 0.0, 0.0, 0.0, 0.0, 0.0, 0.0, 0.0, 0.0, 0.0, 0.0, 0.0, 0.0, 0.0, 0.0, 0.0, 0.0, 0.0, 0.0, 0.0, 0.0, 0.35784708509842555, 0.7697142698146678]}