{"0": [0.5156989435354868, 0.5141617546478907, 0.0, 0.0, 0.5148337095975876, 0.50887765928551, 0.49885680228471757, 0.5060524356585961, 0.5083285187681515, 0.509235625024195, 0.4874472972005605, 0.5292675000373964, 0.512441174313426, 0.5373339978633104, 0.4743131847431262, 0.5647351525447988, 0.5142818975883225, 0.5797180296094329, 0.4836823628594478, 0.5772280631241976, 0.5239022806286812, 0.6045765339224427, 0.4815467528688411, 0.6131611552503373, 0.499245706324776, 0.6180439181901789, 0.48032460001607735, 0.6600363960972538, 0.5080221861600875, 0.6732439445124733, 0.46951477111627654, 0.7048832237720489, 0.4981302869816621, 0.7388679530885484], "1": [0.6749775412182013, 0.7496723170633669, 0.0, 0.0, 0.6758391949037712, 0.7429806669553121, 0.0, 0.0, 0.6696788522104422, 0.7334548009766474, 0.6425859746833642, 0.7286087994222288, 0.6501208696514368, 0.7411643293168809, 0.0, 0.0, 0.0, 0.0, 0.0, 0.0, 0.0, 0.0, 0.5992347724735737, 0.805489946073956, 0.6116966680934032, 0.8102502962505375, 0.0, 0.0, 0.6264370223507285, 0.8729409014737165, 0.0, 0.0, 0.6326917690535386, 0.9700337988358957], "2": [0.0, 0.0, 0.0, 0.0, 0.0, 0.0, 0.0, 0.0, 0.0, 0.0, 0.0, 0.0, 0.0, 0.0, 0.0, 0.0, 0.0, 0.0, 0.6328704413026571, 0.7413089791933696, 0.0, 0.0, 0.0, 0.0, 0.0, 0.0, 0.0, 0.0, 0.0, 0.0, 0.0, 0.0, 0.0, 0.0], "3": [0.0, 0.0, 0.0, 0.0, 0.0, 0.0, 0.0, 0.0, 0.0, 0.0, 0.0, 0.0, 0.0, 0.0, 0.0, 0.0, 0.0, 0.0, 0.0, 0.0, 0.0, 0.0, 0.0, 0.0, 0.0, 0.0, 0.6260862547904253, 0.8736541606761791, 0.0, 0.0, 0.6331030199925105, 0.9702334960301717, 0.0, 0.0]}