{"0": [0.4216729782521725, 0.6272772992098774, 0.0, 0.0, 0.4241215518365304, 0.6230591140411518, 0.0, 0.0, 0.42045385924478373, 0.6129806085869118, 0.41114270960291227, 0.6098888666541488, 0.4067787865176797, 0.6103846675819821, 0.0, 0.0, 0.3897325542910645, 0.634055003689395, 0.0, 0.0, 0.0, 0.0, 0.3916339720288912, 0.6341719794052617, 0.37479742243886, 0.6180930533066943, 0.40261399025718364, 0.6676581985420651, 0.3824679957081874, 0.6820795986387466, 0.40006707881887754, 0.7230364293411926, 0.3864582280938824, 0.7424658236680206], "1": [0.35483121424913405, 0.41101863295943647, 0.0, 0.0, 0.3545122203727563, 0.4078388192035533, 0.3425328203787406, 0.4091569467827126, 0.3517628952860832, 0.41074672716635247, 0.3379004495839278, 0.4320356598606816, 0.35575887269030015, 0.4361669533782535, 0.3308445361132423, 0.4554071179004731, 0.3582381563882033, 0.464878253142039, 0.0, 0.0, 0.0, 0.0, 0.33995062749211985, 0.4980488880916878, 0.3528147046143811, 0.4983611077070235, 0.3393408803114047, 0.5463218989195647, 0.3576454830666383, 0.5432536407753273, 0.33618415233989557, 0.5963791946156157, 0.36118577513843775, 0.5881799226005872], "2": [0.0, 0.0, 0.0, 0.0, 0.0, 0.0, 0.0, 0.0, 0.0, 0.0, 0.0, 0.0, 0.0, 0.0, 0.0, 0.0, 0.0, 0.0, 0.0, 0.0, 0.3861072308694322, 0.643263887476038, 0.0, 0.0, 0.0, 0.0, 0.0, 0.0, 0.0, 0.0, 0.0, 0.0, 0.0, 0.0], "3": [0.0, 0.0, 0.0, 0.0, 0.0, 0.0, 0.0, 0.0, 0.0, 0.0, 0.0, 0.0, 0.0, 0.0, 0.0, 0.0, 0.0, 0.0, 0.0, 0.0, 0.0, 0.0, 0.3718187304834525, 0.6078697403271993, 0.0, 0.0, 0.3826469567914803, 0.6832946724361844, 0.402903163433075, 0.6685171595326176, 0.0, 0.0, 0.0, 0.0], "4": [0.0, 0.0, 0.0, 0.0, 0.0, 0.0, 0.0, 0.0, 0.0, 0.0, 0.0, 0.0, 0.0, 0.0, 0.0, 0.0, 0.0, 0.0, 0.0, 0.0, 0.0, 0.0, 0.0, 0.0, 0.0, 0.0, 0.0, 0.0, 0.0, 0.0, 0.3611310601234436, 0.5892145019990427, 0.0, 0.0]}