{"0": [0.4303502546623349, 0.48887185873808686, 0.43311146050691607, 0.4834915546355424, 0.42983106089135015, 0.48332563903596665, 0.44179341830313207, 0.4850996210826216, 0.0, 0.0, 0.4419525264451901, 0.5137874471920508, 0.44458059072494505, 0.5114933362713566, 0.4406615315626065, 0.5621607875382458, 0.0, 0.0, 0.4286943385998408, 0.5986326385427404, 0.0, 0.0, 0.4465705886483192, 0.5952717419023867, 0.45503153664370377, 0.5897546055140319, 0.43865849847594895, 0.6540943123676158, 0.45536445882171395, 0.6482281285165636, 0.4418330788612366, 0.7086195961192802, 0.4632315804560979, 0.7071180895798737], "1": [0.2895393289974891, 0.6227885862191518, 0.2895600460547333, 0.6151301781336467, 0.2866823263466358, 0.6187439126548944, 0.2990820191800594, 0.6068246042286909, 0.0, 0.0, 0.3202985931187869, 0.6219684190220303, 0.29640584078927834, 0.6407211564912426, 0.34300361921389905, 0.6520041348757567, 0.2928883541375399, 0.6753533473721257, 0.35031950995326044, 0.6927010502045353, 0.28672521002590656, 0.7071856921469724, 0.33392383779088664, 0.6976703001393212, 0.31240929663181305, 0.7022598286469778, 0.3327626102914413, 0.7580877070073727, 0.30227815491768223, 0.7611421240700615, 0.3282326723138491, 0.7806681982345052, 0.3012043680995703, 0.815758466941339]}