{"0": [0.0, 0.0, 0.0, 0.0, 0.0, 0.0, 0.5239643351485331, 0.5194073266453214, 0.5376536851127942, 0.5197848313384585, 0.5162425231188535, 0.5522468393599546, 0.5446367502833406, 0.5530688727343523, 0.5077699313561121, 0.5916728593685009, 0.551327969133854, 0.5951067825158438, 0.49709292942037187, 0.6236922886636523, 0.5458210334181786, 0.6151653868180734, 0.5180190827076634, 0.6260682545326375, 0.5379907877494892, 0.6273111388639168, 0.5031879945347707, 0.6567706108093262, 0.5407955744614203, 0.6731473395118006, 0.4950497180223465, 0.7105104561205263, 0.5488732726623614, 0.7143321452317415], "1": [0.0, 0.0, 0.0, 0.0, 0.0, 0.0, 0.5376997115711372, 0.4846975075425925, 0.5489349124332269, 0.4807697457295877, 0.5429707982887825, 0.5074577152660048, 0.5561737012195711, 0.5044158644146389, 0.0, 0.0, 0.5630413661400477, 0.5363917899904428, 0.0, 0.0, 0.0, 0.0, 0.5588499380896489, 0.5723580647397924, 0.5714639775454998, 0.5666517262640237, 0.0, 0.0, 0.5745130238433679, 0.5958121843911983, 0.0, 0.0, 0.5876599051058292, 0.6236894386786], "2": [0.0, 0.0, 0.0, 0.0, 0.0, 0.0, 0.0, 0.0, 0.0, 0.0, 0.0, 0.0, 0.0, 0.0, 0.0, 0.0, 0.0, 0.0, 0.0, 0.0, 0.0, 0.0, 0.0, 0.0, 0.0, 0.0, 0.5519328634565075, 0.5977436692626388, 0.0, 0.0, 0.0, 0.0, 0.0, 0.0], "3": [0.0, 0.0, 0.0, 0.0, 0.0, 0.0, 0.0, 0.0, 0.0, 0.0, 0.0, 0.0, 0.0, 0.0, 0.0, 0.0, 0.0, 0.0, 0.0, 0.0, 0.0, 0.0, 0.0, 0.0, 0.0, 0.0, 0.0, 0.0, 0.0, 0.0, 0.5109888789554436, 0.6721525484765017, 0.0, 0.0]}