{"0": [0.6630714838703473, 0.4226860507770821, 0.665171364756922, 0.42016397758766455, 0.6621881951888402, 0.41843603363743537, 0.0, 0.0, 0.6576999538888535, 0.41577556398179794, 0.6592374349633854, 0.42968478158668233, 0.6498406206568083, 0.4277486174194901, 0.6514276616275311, 0.45406478853137405, 0.6390106926982602, 0.4545730950655761, 0.6529398463666439, 0.4769113368458218, 0.6474868247906367, 0.4790966006340804, 0.643626521108672, 0.4675220838299504, 0.6352937539573759, 0.46491950949033106, 0.6521908699845275, 0.5034134789749428, 0.6376987223823866, 0.5020686279844355, 0.6523404879650722, 0.549415773374063, 0.6358985262612502, 0.540263036886851], "1": [0.0, 0.0, 0.0, 0.0, 0.0, 0.0, 0.2407502508411805, 0.5586524131121459, 0.25748923818270364, 0.5592740417509857, 0.24584584906697274, 0.6000359550670342, 0.2588229643801848, 0.5938783151132089, 0.24547866731882095, 0.6549722351961665, 0.2575225384285053, 0.6448102403570104, 0.2237530717626214, 0.6748753580782149, 0.0, 0.0, 0.2512674714749058, 0.6809919123296384, 0.2607432868642111, 0.6783262156226016, 0.23077987506985667, 0.7464383968600521, 0.2524152187940975, 0.7435527636497109, 0.23667275570333002, 0.8161891566382514, 0.26305387193957963, 0.804841215301443]}