{"0": [0.0, 0.0, 0.0, 0.0, 0.0, 0.0, 0.5329974162081877, 0.4294821054847152, 0.5447023972248037, 0.43084424314675507, 0.5253648207833369, 0.454383299085829, 0.549315155421694, 0.45552537366402923, 0.5112362709517281, 0.47037706626751635, 0.5668548899392287, 0.4739687297079298, 0.5105904027198752, 0.46781130455158376, 0.5757866233587265, 0.4524629014509695, 0.5294909911851089, 0.5221244057640433, 0.5468925630052884, 0.5245972169770133, 0.5202904279033344, 0.5675117770278896, 0.5457749693344037, 0.5767794642183515, 0.512030728161335, 0.6166177908579509, 0.5436680158910652, 0.6260851947935643], "1": [0.0, 0.0, 0.0, 0.0, 0.0, 0.0, 0.47359309419989587, 0.47394433065697, 0.4868984212478002, 0.47479881710476346, 0.46619037091732024, 0.5021649135483636, 0.49033754598349333, 0.5107006181169438, 0.46458262072137585, 0.5481089075406392, 0.4937695321277715, 0.5526139167723833, 0.4642416361098488, 0.5801510911296915, 0.49519931996862093, 0.582297345995903, 0.4706117977698644, 0.5818012168286023, 0.48391006092230476, 0.5817192005338491, 0.4770814435722665, 0.6312523395926865, 0.0, 0.0, 0.47096142967542015, 0.6831308881441752, 0.0, 0.0], "2": [0.0, 0.0, 0.0, 0.0, 0.0, 0.0, 0.0, 0.0, 0.0, 0.0, 0.0, 0.0, 0.0, 0.0, 0.0, 0.0, 0.0, 0.0, 0.0, 0.0, 0.0, 0.0, 0.0, 0.0, 0.0, 0.0, 0.0, 0.0, 0.47767966308941445, 0.6312581137374594, 0.0, 0.0, 0.47079358746608096, 0.6850456051942376]}