{"0": [0.5265596010411779, 0.5324042068587408, 0.5271205842494965, 0.5273703612663128, 0.5242455327262481, 0.5254061835783499, 0.0, 0.0, 0.5142734799534082, 0.5232702776237771, 0.5173342354595661, 0.5627235971115253, 0.4982250953714053, 0.5395029745720051, 0.5114925277729829, 0.6033044909989391, 0.4773373922798783, 0.5538347023504752, 0.0, 0.0, 0.4870995357632637, 0.5722563767874682, 0.5073746966818968, 0.6338574907294026, 0.49436335907689766, 0.6231218557799265, 0.0, 0.0, 0.0, 0.0, 0.0, 0.0, 0.5060074353124947, 0.7356502762547246], "1": [0.5811743341774369, 0.757287362990556, 0.5820683182527622, 0.7533960843527758, 0.5805381457010905, 0.7519269096492616, 0.0, 0.0, 0.5768276241918405, 0.7437938779592514, 0.5979730564984493, 0.7443897389737821, 0.5568210825324058, 0.752036921362634, 0.6084109788139661, 0.7483232008086311, 0.5359041995368898, 0.761723785047178, 0.6185473682358861, 0.7730187427114559, 0.0, 0.0, 0.5676260319848855, 0.8006869241043374, 0.5428711291402578, 0.8005124736715247, 0.5879192717373372, 0.8460858570204842, 0.5374633153279622, 0.8659253186649748, 0.5796659448494513, 0.9189386283909833, 0.5158802871902783, 0.9408551414807638], "2": [0.0, 0.0, 0.0, 0.0, 0.0, 0.0, 0.0, 0.0, 0.0, 0.0, 0.580692358314991, 0.7574685802062352, 0.0, 0.0, 0.5888220332562923, 0.7596202541280676, 0.0, 0.0, 0.0, 0.0, 0.0, 0.0, 0.0, 0.0, 0.0, 0.0, 0.0, 0.0, 0.0, 0.0, 0.0, 0.0, 0.0, 0.0], "3": [0.0, 0.0, 0.0, 0.0, 0.0, 0.0, 0.0, 0.0, 0.0, 0.0, 0.0, 0.0, 0.5171118872861068, 0.5626772593568873, 0.0, 0.0, 0.0, 0.0, 0.0, 0.0, 0.511697026838859, 0.6406069894079809, 0.48676873644193014, 0.6199717570234228, 0.0, 0.0, 0.48657201776901876, 0.6667735042395415, 0.5114777038494746, 0.6762811243534088, 0.47740197995056716, 0.7148871328336773, 0.0, 0.0], "4": [0.0, 0.0, 0.0, 0.0, 0.0, 0.0, 0.0, 0.0, 0.0, 0.0, 0.0, 0.0, 0.0, 0.0, 0.0, 0.0, 0.0, 0.0, 0.0, 0.0, 0.5335245000819365, 0.7743761345192238, 0.0, 0.0, 0.0, 0.0, 0.0, 0.0, 0.0, 0.0, 0.0, 0.0, 0.0, 0.0], "5": [0.0, 0.0, 0.0, 0.0, 0.0, 0.0, 0.0, 0.0, 0.0, 0.0, 0.0, 0.0, 0.0, 0.0, 0.0, 0.0, 0.0, 0.0, 0.0, 0.0, 0.0, 0.0, 0.0, 0.0, 0.0, 0.0, 0.5129435470948617, 0.6744770677001388, 0.487625910465916, 0.664677498737971, 0.0, 0.0, 0.0, 0.0]}