{"0": [0.3082734249532223, 0.5009061658823931, 0.30680643003433944, 0.495926519897249, 0.0, 0.0, 0.3102932190367331, 0.48971668040310895, 0.0, 0.0, 0.32684991740000746, 0.4951002871548688, 0.3269030960276723, 0.49281852597163783, 0.32744861841201783, 0.5259454753663804, 0.3562382645245331, 0.5063072157126886, 0.32217456741879386, 0.5538343347884991, 0.0, 0.0, 0.34143492008248966, 0.5582223034567303, 0.3519894180741782, 0.5542380410212058, 0.3296343021094799, 0.6106215635383571, 0.3515033690879743, 0.6092294966733014, 0.32886048754056296, 0.6672799874235082, 0.35305760117868584, 0.6574626681981264], "1": [0.0, 0.0, 0.0, 0.0, 0.0, 0.0, 0.5440011295645187, 0.5372768436868985, 0.5594790797059734, 0.5382641478821083, 0.5371891622742017, 0.5715435065605022, 0.5705708267788093, 0.5750788476732042, 0.5284434415400028, 0.6112665644536416, 0.5755086665352185, 0.6194826718833711, 0.5265594639504949, 0.6491080537990287, 0.5757869604974986, 0.6539049948807116, 0.543650189608646, 0.657493265028353, 0.5662685210506121, 0.6615856051445007, 0.5428404063607256, 0.7194506963094075, 0.5741449248045682, 0.7198493714685793, 0.5421366670479377, 0.7792112906773885, 0.5765506722033024, 0.7882973729460327], "2": [0.0, 0.0, 0.0, 0.0, 0.0, 0.0, 0.0, 0.0, 0.0, 0.0, 0.0, 0.0, 0.0, 0.0, 0.35535473258545003, 0.5032429377237956, 0.0, 0.0, 0.0, 0.0, 0.0, 0.0, 0.0, 0.0, 0.0, 0.0, 0.0, 0.0, 0.0, 0.0, 0.0, 0.0, 0.0, 0.0], "3": [0.0, 0.0, 0.0, 0.0, 0.0, 0.0, 0.0, 0.0, 0.0, 0.0, 0.0, 0.0, 0.0, 0.0, 0.0, 0.0, 0.32656468596930305, 0.5280994648182834, 0.0, 0.0, 0.3223859389623006, 0.5526766123043166, 0.0, 0.0, 0.0, 0.0, 0.0, 0.0, 0.0, 0.0, 0.0, 0.0, 0.0, 0.0], "4": [0.0, 0.0, 0.0, 0.0, 0.0, 0.0, 0.0, 0.0, 0.0, 0.0, 0.0, 0.0, 0.0, 0.0, 0.0, 0.0, 0.0, 0.0, 0.0, 0.0, 0.0, 0.0, 0.0, 0.0, 0.33386692305405935, 0.5627885443192941, 0.3511279630164305, 0.6100594604456866, 0.33002422923843067, 0.6114890535672506, 0.353204840545853, 0.6574410557746887, 0.3287035043040911, 0.666849688688914]}