{"0": [0.34502944176395733, 0.5319013494032401, 0.34507810895641644, 0.527986616337741, 0.0, 0.0, 0.34583162988225613, 0.5269578876318755, 0.3548101702084144, 0.518361242612203, 0.351390640065074, 0.5458007600572374, 0.3622223349908988, 0.5314187054280881, 0.356132852503409, 0.5683170124336525, 0.0, 0.0, 0.35877364377180737, 0.6037340172566473, 0.0, 0.0, 0.3754991362492243, 0.5867825265283938, 0.38144578418383995, 0.5770175227412471, 0.0, 0.0, 0.0, 0.0, 0.0, 0.0, 0.0, 0.0], "1": [0.0, 0.0, 0.0, 0.0, 0.0, 0.0, 0.3873633619397879, 0.46545419008643546, 0.39975294371445974, 0.4625280015170574, 0.38600873183459045, 0.4986973655444604, 0.41118569231281676, 0.4953569092132427, 0.3817815200115244, 0.5399721284707387, 0.41908937925472856, 0.5330641558876744, 0.0, 0.0, 0.4210515004893144, 0.5622720453474257, 0.39442734426508347, 0.5731034402494077, 0.41151432084540523, 0.5704888255507857, 0.38655626748998956, 0.6297564579380883, 0.40413179869453114, 0.6265725359872535, 0.3834711323181788, 0.6872062775823805, 0.40441998516519867, 0.679825676812066], "2": [0.0, 0.0, 0.0, 0.0, 0.0, 0.0, 0.0, 0.0, 0.0, 0.0, 0.0, 0.0, 0.0, 0.0, 0.0, 0.0, 0.38174775081376233, 0.5474531919867904, 0.0, 0.0, 0.0, 0.0, 0.0, 0.0, 0.0, 0.0, 0.0, 0.0, 0.0, 0.0, 0.0, 0.0, 0.0, 0.0]}