{"0": [0.7352687238560368, 0.49540230565600923, 0.7365740080674489, 0.4903643533035561, 0.7344986437509458, 0.48692671314433766, 0.0, 0.0, 0.7258546820531289, 0.48439147847670094, 0.7166726822101571, 0.5069857917893434, 0.7177241444587708, 0.5086575926453979, 0.7356175365236898, 0.5501357099524251, 0.7361690002804001, 0.5508179267247518, 0.7528734892606735, 0.5380942459459658, 0.753817252566417, 0.5370640700648505, 0.7026899688566725, 0.5800345892155612, 0.7108537605653207, 0.5836619238058726, 0.7080542831371228, 0.6387291877358047, 0.7098853117475907, 0.6378962951677817, 0.702495925873518, 0.6880344797063757, 0.7004419547816118, 0.6924991638848075], "1": [0.323086812098821, 0.6775315987567107, 0.0, 0.0, 0.32295892710487045, 0.6723871469497681, 0.30198457777344934, 0.6668831198303788, 0.31868444955131653, 0.672581782605913, 0.2864719174802303, 0.697101585511808, 0.31084634636839226, 0.7129015096911678, 0.2827518453200658, 0.7673668101981834, 0.311856692408522, 0.7829773524293193, 0.0, 0.0, 0.3248922243714333, 0.82882583560767, 0.28942903441687423, 0.8278047919273377, 0.3110050865759452, 0.8275353878736496, 0.2903116850182414, 0.8981812363421475, 0.33552788567065867, 0.8841031427099119, 0.285989749742051, 0.9736482009291649, 0.3529573339348037, 0.9389228536023034], "2": [0.0, 0.0, 0.0, 0.0, 0.0, 0.0, 0.0, 0.0, 0.0, 0.0, 0.0, 0.0, 0.0, 0.0, 0.7034040883183479, 0.5362795607911215, 0.0, 0.0, 0.0, 0.0, 0.0, 0.0, 0.0, 0.0, 0.0, 0.0, 0.0, 0.0, 0.0, 0.0, 0.0, 0.0, 0.0, 0.0]}