{"0": [0.39173866709073385, 0.548892135752572, 0.0, 0.0, 0.0, 0.0, 0.39516546403368313, 0.5401026332819904, 0.0, 0.0, 0.4046433026591937, 0.5550712324954845, 0.4060712468034277, 0.5524324746595488, 0.39522210984741407, 0.6061755839586637, 0.3966433217128118, 0.6039735757090428, 0.3777193853010734, 0.6162619089638746, 0.3789744168519974, 0.6137329399585724, 0.0, 0.0, 0.0, 0.0, 0.0, 0.0, 0.0, 0.0, 0.0, 0.0, 0.0, 0.0], "1": [0.0, 0.0, 0.40849797079960504, 0.56955026101183, 0.0, 0.0, 0.4124357894062996, 0.5718846795735535, 0.4276027967532476, 0.568431164600231, 0.4116540746142467, 0.6115400064598631, 0.4415968663990497, 0.5974028238543758, 0.0, 0.0, 0.45857945693035923, 0.6282015849042822, 0.0, 0.0, 0.47100492989023535, 0.6592411771968559, 0.4299256750692923, 0.6945736686388652, 0.4499073930084706, 0.6927666871222081, 0.43464808397776256, 0.7714334795602202, 0.4442366122578581, 0.7523745957899977, 0.4456750704713067, 0.8411616619694978, 0.4500900876312815, 0.8269174818056112]}