{"0": [0.41647926097114885, 0.5240951414461489, 0.41835555083428816, 0.5191319991041112, 0.0, 0.0, 0.42598863852520785, 0.5225616233216391, 0.0, 0.0, 0.4224515782358746, 0.5578115018429579, 0.44511624177296955, 0.5452130508091715, 0.4224492472906908, 0.6063046790935375, 0.45093278450270496, 0.5937493708398607, 0.41519340046991904, 0.6362455602045414, 0.0, 0.0, 0.4360530311241746, 0.6412980135944154, 0.45476335907975834, 0.6326362079492321, 0.4297368804613749, 0.6911052606723926, 0.4573643445968628, 0.6874645016811511, 0.4268270874551187, 0.7484451550024527, 0.464901358820498, 0.7466916510352383], "1": [0.21792118946711223, 0.6684383304030806, 0.21900948247251412, 0.6624496952803047, 0.0, 0.0, 0.22869267041484515, 0.6617615548548875, 0.2404175117611885, 0.6567904928216228, 0.22989814455310503, 0.7010362855814122, 0.25932636906703316, 0.6794947993976098, 0.0, 0.0, 0.27294158458438084, 0.7295890635776299, 0.2600605645837883, 0.7803942456289574, 0.0, 0.0, 0.0, 0.0, 0.0, 0.0, 0.0, 0.0, 0.0, 0.0, 0.0, 0.0, 0.0, 0.0], "2": [0.0, 0.0, 0.0, 0.0, 0.0, 0.0, 0.0, 0.0, 0.0, 0.0, 0.0, 0.0, 0.2303274100025495, 0.7021923475795322, 0.0, 0.0, 0.2514742122342189, 0.7556991683112251, 0.0, 0.0, 0.0, 0.0, 0.27300570214477676, 0.7603377707578519, 0.2597395658493042, 0.7670776491087895, 0.2672339159995317, 0.852920271732189, 0.23785300018886726, 0.8501637893694419, 0.27841570004820826, 0.9169674442874061, 0.2596726211408774, 0.8839038998992355], "3": [0.0, 0.0, 0.0, 0.0, 0.0, 0.0, 0.0, 0.0, 0.0, 0.0, 0.0, 0.0, 0.0, 0.0, 0.27209124602377416, 0.7320373738253558, 0.0, 0.0, 0.0, 0.0, 0.0, 0.0, 0.0, 0.0, 0.0, 0.0, 0.0, 0.0, 0.0, 0.0, 0.0, 0.0, 0.0, 0.0], "4": [0.0, 0.0, 0.0, 0.0, 0.0, 0.0, 0.0, 0.0, 0.0, 0.0, 0.0, 0.0, 0.0, 0.0, 0.0, 0.0, 0.0, 0.0, 0.0, 0.0, 0.0, 0.0, 0.0, 0.0, 0.0, 0.0, 0.23767085025707882, 0.851618672741784, 0.2681737111260494, 0.8521362275988967, 0.2606906900803248, 0.8840345908094336, 0.2776905926565329, 0.9160896405025764]}