{"0": [0.0, 0.0, 0.0, 0.0, 0.0, 0.0, 0.3863077484692136, 0.5100703822241889, 0.3999667661885421, 0.509281810566231, 0.378992600987355, 0.5421009657559571, 0.4098805051917831, 0.5411470335942727, 0.3748984613766273, 0.5904525116637902, 0.4195887116715312, 0.5821596627434095, 0.38431249869366485, 0.5989323646933944, 0.4085718912382921, 0.5988865642635911, 0.3868104218194882, 0.6244635321475841, 0.4053422973180811, 0.624831481995406, 0.3871849339455366, 0.6789215560312625, 0.4054391543691357, 0.6799290754176952, 0.39265628742674985, 0.7341069927922002, 0.40849649198353283, 0.736724684111498], "1": [0.0, 0.0, 0.0, 0.0, 0.0, 0.0, 0.25717220349858205, 0.5185911752559521, 0.27149156741797925, 0.5184007951506862, 0.24745177635923027, 0.5495269104286477, 0.2811888077529147, 0.5500945040473232, 0.23014364652335645, 0.5833127434606905, 0.29007202070206406, 0.592326785016943, 0.21645160689949988, 0.6138301853780394, 0.2921461728711922, 0.6214582995132165, 0.26046390128709995, 0.6392406632502874, 0.28104195976629853, 0.6345229429227335, 0.25997177654256426, 0.7017884485147617, 0.2796111039817334, 0.685559667205369, 0.25497246384620664, 0.7724715742799971, 0.27964250470201174, 0.7387050841693525]}