{"0": [0.36757686734199524, 0.517643807110963, 0.368228981581827, 0.5133430030610826, 0.0, 0.0, 0.36892623621970416, 0.5119578917821248, 0.37758700114985305, 0.5052137544861546, 0.37802387221405903, 0.5299169675067619, 0.3853595877803552, 0.525543682663529, 0.3740039565910896, 0.5672221334996047, 0.3760454623028636, 0.5650836203937177, 0.36005901057894024, 0.5713018406320501, 0.36121195306380594, 0.5688024509836126, 0.0, 0.0, 0.4012185632561644, 0.5893194669374713, 0.0, 0.0, 0.3751140518734853, 0.6011058882430748, 0.0, 0.0, 0.0, 0.0], "1": [0.0, 0.0, 0.0, 0.0, 0.0, 0.0, 0.4037162187198798, 0.505130245288213, 0.4166873616476854, 0.5015264961454603, 0.4017549660988152, 0.5375673204108521, 0.4292580207188924, 0.5256603881164832, 0.40460456982254983, 0.5799169576830334, 0.4395295840998491, 0.555379636420144, 0.40227767361017563, 0.6148838511219731, 0.43363186381757257, 0.5832753908854944, 0.415650945280989, 0.6090287067272045, 0.43149344380944965, 0.6059389547065452, 0.4150668367743492, 0.6674827668401931, 0.42607240099459887, 0.6629367233409236, 0.4264135573680202, 0.7365857132331088, 0.4271655432879925, 0.7352176430048766], "2": [0.0, 0.0, 0.0, 0.0, 0.0, 0.0, 0.0, 0.0, 0.0, 0.0, 0.0, 0.0, 0.0, 0.0, 0.0, 0.0, 0.4043237182001273, 0.5752841532230377, 0.0, 0.0, 0.0, 0.0, 0.0, 0.0, 0.0, 0.0, 0.0, 0.0, 0.0, 0.0, 0.0, 0.0, 0.0, 0.0], "3": [0.0, 0.0, 0.0, 0.0, 0.0, 0.0, 0.0, 0.0, 0.0, 0.0, 0.0, 0.0, 0.0, 0.0, 0.0, 0.0, 0.0, 0.0, 0.0, 0.0, 0.0, 0.0, 0.39965083946784336, 0.5883598906022531, 0.0, 0.0, 0.3727954760659486, 0.6026515711236883, 0.0, 0.0, 0.0, 0.0, 0.0, 0.0], "4": [0.0, 0.0, 0.0, 0.0, 0.0, 0.0, 0.0, 0.0, 0.0, 0.0, 0.0, 0.0, 0.0, 0.0, 0.0, 0.0, 0.0, 0.0, 0.0, 0.0, 0.0, 0.0, 0.0, 0.0, 0.0, 0.0, 0.0, 0.0, 0.0, 0.0, 0.36145119710514945, 0.6317432314157486, 0.0, 0.0], "5": [0.0, 0.0, 0.0, 0.0, 0.0, 0.0, 0.0, 0.0, 0.0, 0.0, 0.0, 0.0, 0.0, 0.0, 0.0, 0.0, 0.0, 0.0, 0.0, 0.0, 0.0, 0.0, 0.0, 0.0, 0.0, 0.0, 0.0, 0.0, 0.0, 0.0, 0.0, 0.0, 0.361171687891086, 0.6304669077749605]}