{"0": [0.0, 0.0, 0.0, 0.0, 0.0, 0.0, 0.39322242004175983, 0.46149723905104184, 0.4052467251196504, 0.4598837969479737, 0.3884251126398643, 0.4864440484179391, 0.4143024862433473, 0.4836036020958865, 0.3804958209395409, 0.5161182278836215, 0.4279352008054654, 0.5102314845279411, 0.37869409608344234, 0.5468170422094839, 0.42717329126317055, 0.5361471619870929, 0.3991001767416795, 0.5551641938862977, 0.41455683960036066, 0.5509684197328709, 0.4068101078271866, 0.6029068951253539, 0.4177748698120316, 0.5875050574541092, 0.4157701012988885, 0.6541047908641674, 0.4296833681563537, 0.6207425998316871], "1": [0.0, 0.0, 0.0, 0.0, 0.0, 0.0, 0.3064400865230709, 0.4792563841298774, 0.31605867221951484, 0.4746631728278266, 0.30542631912976503, 0.4959126591682434, 0.3252440616488457, 0.49216623982345614, 0.28573154595990974, 0.5204750429700922, 0.3351275413297117, 0.515044191741833, 0.26793841080119213, 0.5242579769205165, 0.0, 0.0, 0.33211622840414445, 0.5489572785518787, 0.3436430268998568, 0.546768045425415, 0.30351683211823305, 0.5662481633325418, 0.3178468660141031, 0.5600626415124645, 0.31886857402666163, 0.6069312704934015, 0.3199691372613112, 0.6022141461019163], "2": [0.0, 0.0, 0.0, 0.0, 0.0, 0.0, 0.0, 0.0, 0.0, 0.0, 0.0, 0.0, 0.0, 0.0, 0.0, 0.0, 0.0, 0.0, 0.0, 0.0, 0.0, 0.0, 0.0, 0.0, 0.0, 0.0, 0.3171018416682879, 0.5637623190879821, 0.0, 0.0, 0.0, 0.0, 0.0, 0.0], "3": [0.0, 0.0, 0.0, 0.0, 0.0, 0.0, 0.0, 0.0, 0.0, 0.0, 0.0, 0.0, 0.0, 0.0, 0.0, 0.0, 0.0, 0.0, 0.0, 0.0, 0.0, 0.0, 0.0, 0.0, 0.0, 0.0, 0.0, 0.0, 0.0, 0.0, 0.0, 0.0, 0.417525148888429, 0.6551299251616001]}