{"0": [0.6049593927959601, 0.7866923716333177, 0.0, 0.0, 0.6045360234876473, 0.785768974489636, 0.6032058096180359, 0.7848640547858344, 0.6047770624359449, 0.7857061430259986, 0.6026055879890919, 0.7907057497236464, 0.6057899261824786, 0.7912523680263095, 0.0, 0.0, 0.0, 0.0, 0.0, 0.0, 0.0, 0.0, 0.6057588411184649, 0.8153681364324358, 0.6036418594419957, 0.8158432602882386, 0.6051457655926545, 0.8327471023356473, 0.6032486791412036, 0.8329058425569976, 0.6074460816880067, 0.8539374111979096, 0.6026808608944217, 0.8540536678499647], "1": [0.0, 0.0, 0.0, 0.0, 0.0, 0.0, 0.5475935399532318, 0.5668387058432456, 0.5627820724000533, 0.5680626489497997, 0.538895397571226, 0.5978854784259091, 0.5723262033114831, 0.6038536906380344, 0.5246740236878396, 0.6282265466672403, 0.5798505124946437, 0.6475272503715974, 0.5239194157843788, 0.6591976287188354, 0.5815496783082684, 0.6696887381098888, 0.5416068325440089, 0.6897279849758856, 0.5640827092342079, 0.6940970438498038, 0.5228440215267862, 0.735001857192428, 0.5611669170359771, 0.7362271893355582, 0.5050729890664418, 0.7906294597519768, 0.5591078532238801, 0.7644062576470552], "2": [0.0, 0.0, 0.0, 0.0, 0.0, 0.0, 0.6406375534832478, 0.601035980825071, 0.6565655581653118, 0.6088336324250256, 0.6262004639953375, 0.6172902635954044, 0.6510818109537165, 0.6527671776435994, 0.6068128599474828, 0.6362070163091024, 0.0, 0.0, 0.6089810416102409, 0.6417987917308454, 0.0, 0.0, 0.6039417438209057, 0.6929295026041843, 0.6181572481989861, 0.698392833603753, 0.0, 0.0, 0.655258028022945, 0.7305685822610501, 0.0, 0.0, 0.6489164115240177, 0.7935154594756938], "3": [0.0, 0.0, 0.0, 0.0, 0.0, 0.0, 0.0, 0.0, 0.0, 0.0, 0.0, 0.0, 0.0, 0.0, 0.0, 0.0, 0.0, 0.0, 0.581813457608223, 0.7557504645100346, 0.0, 0.0, 0.0, 0.0, 0.0, 0.0, 0.0, 0.0, 0.0, 0.0, 0.0, 0.0, 0.0, 0.0], "4": [0.0, 0.0, 0.0, 0.0, 0.0, 0.0, 0.0, 0.0, 0.0, 0.0, 0.0, 0.0, 0.0, 0.0, 0.0, 0.0, 0.0, 0.0, 0.0, 0.0, 0.0, 0.0, 0.0, 0.0, 0.0, 0.0, 0.6006077749033769, 0.7236160216508088, 0.0, 0.0, 0.0, 0.0, 0.0, 0.0], "5": [0.0, 0.0, 0.0, 0.0, 0.0, 0.0, 0.0, 0.0, 0.0, 0.0, 0.0, 0.0, 0.0, 0.0, 0.0, 0.0, 0.0, 0.0, 0.0, 0.0, 0.0, 0.0, 0.0, 0.0, 0.0, 0.0, 0.0, 0.0, 0.0, 0.0, 0.5809760204516351, 0.7575928927571686, 0.0, 0.0], "6": [0.0, 0.0, 0.0, 0.0, 0.0, 0.0, 0.0, 0.0, 0.0, 0.0, 0.0, 0.0, 0.0, 0.0, 0.0, 0.0, 0.0, 0.0, 0.0, 0.0, 0.0, 0.0, 0.0, 0.0, 0.0, 0.0, 0.0, 0.0, 0.0, 0.0, 0.0, 0.0, 0.5794169793526331, 0.7602295332484775]}