{"0": [0.35800305753946304, 0.5929784187564144, 0.3579382747411728, 0.5882677497135268, 0.0, 0.0, 0.0, 0.0, 0.0, 0.0, 0.3863441342487931, 0.6081787952670344, 0.36416130969300864, 0.6159176802193677, 0.39722436120112736, 0.6497095412678189, 0.36974915154278276, 0.6613108541126604, 0.3766161763730148, 0.6770217265243883, 0.0, 0.0, 0.39199108593165877, 0.693607505162557, 0.0, 0.0, 0.365751039236784, 0.7451210956330653, 0.3946472448607286, 0.7373624019600727, 0.3588672855248054, 0.815638494933093, 0.4216585546731949, 0.7664558706874097], "1": [0.0, 0.0, 0.0, 0.0, 0.0, 0.0, 0.42071392176051936, 0.5733834583450247, 0.4373293548822403, 0.5706976190761284, 0.4149556045110027, 0.6099663182541176, 0.4511256700381637, 0.6064061805053994, 0.41074487861866754, 0.6573472758134206, 0.4614872964719931, 0.6527839254449915, 0.4131748271485169, 0.6941369339271828, 0.4525639599810044, 0.685177486714976, 0.42929061005512875, 0.700872088416859, 0.44968053698539734, 0.7013007368202563, 0.4342213151355584, 0.768448136250178, 0.4498952694237232, 0.7665646283231952, 0.44208611150582633, 0.8195233459825869, 0.44991322793479677, 0.8409023858310809], "2": [0.0, 0.0, 0.0, 0.0, 0.0, 0.0, 0.36040844290400853, 0.5886054083704948, 0.37276506799583625, 0.5779868404070536, 0.36226667078832786, 0.6177804567747646, 0.385011247638613, 0.6053740777351239, 0.0, 0.0, 0.0, 0.0, 0.0, 0.0, 0.0, 0.0, 0.0, 0.0, 0.39036266002804043, 0.6880265648718233, 0.0, 0.0, 0.3664114778240521, 0.7452510941911626, 0.0, 0.0, 0.0, 0.0], "3": [0.0, 0.0, 0.0, 0.0, 0.0, 0.0, 0.0, 0.0, 0.0, 0.0, 0.0, 0.0, 0.0, 0.0, 0.0, 0.0, 0.0, 0.0, 0.0, 0.0, 0.3739337012792627, 0.6772936959509498, 0.0, 0.0, 0.0, 0.0, 0.0, 0.0, 0.0, 0.0, 0.0, 0.0, 0.0, 0.0], "4": [0.0, 0.0, 0.0, 0.0, 0.0, 0.0, 0.0, 0.0, 0.0, 0.0, 0.0, 0.0, 0.0, 0.0, 0.0, 0.0, 0.0, 0.0, 0.0, 0.0, 0.0, 0.0, 0.0, 0.0, 0.0, 0.0, 0.3905271522079905, 0.7331534897839581, 0.0, 0.0, 0.0, 0.0, 0.0, 0.0], "5": [0.0, 0.0, 0.0, 0.0, 0.0, 0.0, 0.0, 0.0, 0.0, 0.0, 0.0, 0.0, 0.0, 0.0, 0.0, 0.0, 0.0, 0.0, 0.0, 0.0, 0.0, 0.0, 0.0, 0.0, 0.0, 0.0, 0.0, 0.0, 0.0, 0.0, 0.4219549272209406, 0.7680698531645316, 0.0, 0.0], "6": [0.0, 0.0, 0.0, 0.0, 0.0, 0.0, 0.0, 0.0, 0.0, 0.0, 0.0, 0.0, 0.0, 0.0, 0.0, 0.0, 0.0, 0.0, 0.0, 0.0, 0.0, 0.0, 0.0, 0.0, 0.0, 0.0, 0.0, 0.0, 0.0, 0.0, 0.4507829440136751, 0.8584851777112043, 0.0, 0.0]}