{"0": [0.41327798229952656, 0.4222556330539562, 0.4156074969718854, 0.4175598658897259, 0.4110123101621867, 0.4182119943477489, 0.4224187072056036, 0.41699321104420556, 0.0, 0.0, 0.43265688891212145, 0.43666967263928164, 0.41494332210471235, 0.44060250774577814, 0.44290308219691116, 0.4641834423497871, 0.4195005262891452, 0.47781199455537177, 0.4480321114727606, 0.4872145783018183, 0.4120076958090067, 0.49953081238049046, 0.4361427421371142, 0.5048706204802902, 0.4260840252662698, 0.5060500659324505, 0.43947847084297487, 0.5468627543361099, 0.4240886679540078, 0.5519778204322964, 0.44777466119267045, 0.5904691911405987, 0.43787564933300016, 0.5952775969549462], "1": [0.32786107404778403, 0.695361923288416, 0.0, 0.0, 0.3299547257522742, 0.6932667322732783, 0.0, 0.0, 0.32876109816133975, 0.6814997509673789, 0.0, 0.0, 0.0, 0.0, 0.0, 0.0, 0.0, 0.0, 0.0, 0.0, 0.0, 0.0, 0.0, 0.0, 0.0, 0.0, 0.0, 0.0, 0.0, 0.0, 0.0, 0.0, 0.0, 0.0], "2": [0.2885812779267629, 0.6071903038907934, 0.2884360300997893, 0.5982253343970687, 0.0, 0.0, 0.0, 0.0, 0.0, 0.0, 0.0, 0.0, 0.0, 0.0, 0.0, 0.0, 0.0, 0.0, 0.0, 0.0, 0.0, 0.0, 0.0, 0.0, 0.0, 0.0, 0.0, 0.0, 0.0, 0.0, 0.0, 0.0, 0.0, 0.0], "3": [0.0, 0.0, 0.0, 0.0, 0.0, 0.0, 0.0, 0.0, 0.0, 0.0, 0.3028510167573889, 0.590650846781554, 0.30002896338701246, 0.5891574823470027, 0.0, 0.0, 0.2911864892890056, 0.622559850304215, 0.0, 0.0, 0.2875080116093159, 0.6534616536564296, 0.3170070348928372, 0.6571719277788092, 0.30714484279354415, 0.6576657087714582, 0.30387965862949684, 0.7162563489543067, 0.30356278580923873, 0.7156896007281762, 0.3100470932200551, 0.7653899869433156, 0.3099795100900034, 0.762748145394855], "4": [0.0, 0.0, 0.0, 0.0, 0.0, 0.0, 0.0, 0.0, 0.0, 0.0, 0.0, 0.0, 0.0, 0.0, 0.3296667772034804, 0.623367327451706, 0.0, 0.0, 0.0, 0.0, 0.0, 0.0, 0.0, 0.0, 0.0, 0.0, 0.0, 0.0, 0.0, 0.0, 0.0, 0.0, 0.0, 0.0], "5": [0.0, 0.0, 0.0, 0.0, 0.0, 0.0, 0.0, 0.0, 0.0, 0.0, 0.0, 0.0, 0.0, 0.0, 0.0, 0.0, 0.0, 0.0, 0.3289192671577135, 0.6257396981120109, 0.0, 0.0, 0.0, 0.0, 0.0, 0.0, 0.0, 0.0, 0.0, 0.0, 0.0, 0.0, 0.0, 0.0], "6": [0.0, 0.0, 0.0, 0.0, 0.0, 0.0, 0.0, 0.0, 0.0, 0.0, 0.0, 0.0, 0.0, 0.0, 0.0, 0.0, 0.0, 0.0, 0.328487399717172, 0.6935708109979276, 0.0, 0.0, 0.0, 0.0, 0.0, 0.0, 0.0, 0.0, 0.0, 0.0, 0.0, 0.0, 0.0, 0.0]}