{"0": [0.2984295565324525, 0.6007148855262332, 0.30093654481073223, 0.5952271911833023, 0.29634461998939515, 0.5964416168768096, 0.3078384754558404, 0.5908893348994079, 0.0, 0.0, 0.319932508841157, 0.6169764561785592, 0.305256937071681, 0.6168251824599725, 0.3394932638698568, 0.6530687906123974, 0.3069372326756517, 0.6481352922247929, 0.3486545850833257, 0.6979197104771931, 0.29463192727416754, 0.6798754279260282, 0.33539315648376944, 0.6836789846420288, 0.32833336914579075, 0.6839828565164848, 0.31702880884210266, 0.7481095338309253, 0.3166928060352802, 0.7485125685179675, 0.31653790809214116, 0.8238912041540499, 0.31648098764320215, 0.8235082211317839], "1": [0.3845216398437818, 0.5380910017976055, 0.3850050481967628, 0.5351037197642856, 0.0, 0.0, 0.38850702916582425, 0.5403715138082151, 0.4021490294563895, 0.5379191649732767, 0.3842035843680302, 0.577353835326654, 0.4149056048132479, 0.5704670279114334, 0.37948404215276244, 0.6145856656410076, 0.42620241853098073, 0.6120660089784198, 0.0, 0.0, 0.42977562894423804, 0.6403950211626512, 0.3956951747337977, 0.6578830763145729, 0.4134447250515222, 0.6570545468065473, 0.40213156991327803, 0.718805021709866, 0.4155537716423472, 0.720267802035367, 0.4082578388353189, 0.7747553772948407, 0.4175348855555058, 0.7885321426998686], "2": [0.0, 0.0, 0.0, 0.0, 0.0, 0.0, 0.0, 0.0, 0.0, 0.0, 0.0, 0.0, 0.0, 0.0, 0.0, 0.0, 0.0, 0.0, 0.0, 0.0, 0.0, 0.0, 0.0, 0.0, 0.0, 0.0, 0.33466345171133677, 0.7223871770280379, 0.33280118082960447, 0.7219257767277735, 0.34651068846384686, 0.7468915206414682, 0.0, 0.0], "3": [0.0, 0.0, 0.0, 0.0, 0.0, 0.0, 0.0, 0.0, 0.0, 0.0, 0.0, 0.0, 0.0, 0.0, 0.0, 0.0, 0.0, 0.0, 0.0, 0.0, 0.0, 0.0, 0.0, 0.0, 0.0, 0.0, 0.0, 0.0, 0.0, 0.0, 0.0, 0.0, 0.34634527588884034, 0.7472683063259831]}