{"0": [0.6120210127284129, 0.5399487040661001, 0.6136874690651893, 0.5355853357800731, 0.6124505470196406, 0.5344917544612178, 0.6223743128900726, 0.5383509952712942, 0.0, 0.0, 0.6329015156875054, 0.575746614072058, 0.6209837416807811, 0.5751815591697341, 0.6335135785241922, 0.6268325202442981, 0.6208885215222836, 0.6259708265670472, 0.6088610871384541, 0.6399341843194433, 0.6081394662459692, 0.6378198937133507, 0.6296760036299626, 0.6632576501203908, 0.6269517481637498, 0.6595882177352905, 0.6108248071124156, 0.7265615670769303, 0.6211122537652651, 0.7250907818476359, 0.6240688336392244, 0.7887788257596118, 0.6237316332136591, 0.787237412289337], "1": [0.3391148950283726, 0.4813013050291273, 0.3412694185972214, 0.47760475090256443, 0.3377257525920868, 0.47719683040071414, 0.34122027990718684, 0.4744411004914178, 0.3309005100900928, 0.47433742969124404, 0.34445741809904573, 0.49017390343878003, 0.32063533936937655, 0.4997878738851459, 0.34540827708939703, 0.5264519298518145, 0.3131000601996978, 0.5365497798831375, 0.35073015205562114, 0.5529488039237481, 0.3203697157402834, 0.5674476323304353, 0.3440092964718739, 0.5712106985074502, 0.32744863275438546, 0.5746275668894804, 0.3473519628867507, 0.6243673665655984, 0.3261492724219958, 0.6239009947688492, 0.35361256971955296, 0.6821676757600572, 0.32941125134627025, 0.6706210897200638]}