{"0": [0.0, 0.0, 0.0, 0.0, 0.0, 0.0, 0.557912532488505, 0.5307983884104975, 0.571465498705705, 0.5238237782760903, 0.5611964980140328, 0.5644527709042586, 0.5836827374994755, 0.5436963981500378, 0.5563348062724496, 0.60780151464321, 0.5965303527812164, 0.5644524607393476, 0.5432368375360965, 0.6337737313575215, 0.5914187873403232, 0.5715033564302656, 0.5777771607662241, 0.6295896331469218, 0.5952541506538789, 0.6201461357099038, 0.564707699092105, 0.6759004789370077, 0.6062782577025548, 0.6829544336707503, 0.5743061196058988, 0.7302577654520671, 0.630396221143504, 0.7371836221604435], "1": [0.0, 0.0, 0.0, 0.0, 0.0, 0.0, 0.4879660023997227, 0.4644393370107368, 0.49958973613878094, 0.465799151747315, 0.47780595993002256, 0.48395823030560103, 0.5034480568021535, 0.5021133904103879, 0.4630247021714846, 0.5100712601785307, 0.5007624238729477, 0.5358494914240307, 0.46943017517526947, 0.5155407397835343, 0.4935534770134836, 0.5481107548431113, 0.4717009251316389, 0.559936321499171, 0.4884695200870434, 0.5653446241661353, 0.4708718799054622, 0.6091796150913945, 0.4876716914276281, 0.6128605738834099, 0.4665597329537074, 0.6542675741292813, 0.4814519283361733, 0.6681536230776045]}