{"0": [0.26424981796493135, 0.5796915033349285, 0.265490733149151, 0.5755952337273845, 0.0, 0.0, 0.2708887153615554, 0.5750952925946977, 0.0, 0.0, 0.27389322022596996, 0.6029373809143349, 0.2875755346069733, 0.5987986308557016, 0.24730828969428936, 0.628371700754872, 0.0, 0.0, 0.21962064243853088, 0.6445960420149345, 0.0, 0.0, 0.2846589587007959, 0.6960548687864233, 0.2940595098771155, 0.6939346364250889, 0.26178081929683683, 0.7383840605064674, 0.0, 0.0, 0.2602686702273786, 0.8032290624247657, 0.3044163859138886, 0.7997408253175241], "1": [0.0, 0.0, 0.0, 0.0, 0.0, 0.0, 0.488008642445008, 0.48607448240121204, 0.5000023001184066, 0.4881304657017743, 0.47978502499560516, 0.5123634181640766, 0.5067240007221698, 0.518133771861041, 0.47446842131515343, 0.5484338760375976, 0.516541983683904, 0.5531271309764297, 0.4704997710883617, 0.5912715194401917, 0.5079299497107665, 0.5756698533340737, 0.48054825402796275, 0.5905051855025468, 0.4983250867264966, 0.5950549765869423, 0.47488990376393, 0.6418131017022662, 0.4965212973455587, 0.6482148825708363, 0.4731954372798403, 0.6774697033895387, 0.49449140572299566, 0.6869916115646009], "2": [0.0, 0.0, 0.0, 0.0, 0.0, 0.0, 0.0, 0.0, 0.5224792103593549, 0.7465318710715683, 0.0, 0.0, 0.0, 0.0, 0.0, 0.0, 0.0, 0.0, 0.0, 0.0, 0.0, 0.0, 0.0, 0.0, 0.0, 0.0, 0.0, 0.0, 0.0, 0.0, 0.0, 0.0, 0.0, 0.0], "3": [0.0, 0.0, 0.0, 0.0, 0.0, 0.0, 0.0, 0.0, 0.0, 0.0, 0.0, 0.0, 0.0, 0.0, 0.0, 0.0, 0.0, 0.0, 0.25883698624869184, 0.578564766159764, 0.0, 0.0, 0.0, 0.0, 0.0, 0.0, 0.0, 0.0, 0.0, 0.0, 0.0, 0.0, 0.0, 0.0], "4": [0.0, 0.0, 0.0, 0.0, 0.0, 0.0, 0.0, 0.0, 0.0, 0.0, 0.0, 0.0, 0.0, 0.0, 0.0, 0.0, 0.0, 0.0, 0.0, 0.0, 0.22135727268954117, 0.6452297594812181, 0.0, 0.0, 0.0, 0.0, 0.0, 0.0, 0.0, 0.0, 0.0, 0.0, 0.0, 0.0], "5": [0.0, 0.0, 0.0, 0.0, 0.0, 0.0, 0.0, 0.0, 0.0, 0.0, 0.0, 0.0, 0.0, 0.0, 0.0, 0.0, 0.0, 0.0, 0.0, 0.0, 0.0, 0.0, 0.0, 0.0, 0.0, 0.0, 0.2673243016004562, 0.7709380635508785, 0.2632441555460294, 0.7332028335995144, 0.30471037663519385, 0.8003986221772653, 0.2605993267303954, 0.8018902862513507], "6": [0.0, 0.0, 0.0, 0.0, 0.0, 0.0, 0.0, 0.0, 0.0, 0.0, 0.0, 0.0, 0.0, 0.0, 0.0, 0.0, 0.0, 0.0, 0.0, 0.0, 0.0, 0.0, 0.0, 0.0, 0.0, 0.0, 0.0, 0.0, 0.266849173605442, 0.769484782660449, 0.0, 0.0, 0.0, 0.0]}