{"0": [0.5082823537290097, 0.4782773647595335, 0.0, 0.0, 0.5071287610257665, 0.474518910602287, 0.4932405799316863, 0.47321246509198783, 0.5014599760373434, 0.4745279351870219, 0.4840319505582253, 0.4959928759822139, 0.5053852083161473, 0.5023460582450584, 0.4733172323865195, 0.5274654635676631, 0.5066112448150913, 0.5403087370925479, 0.48100358168594537, 0.5353135271204843, 0.5177655023212234, 0.5581362501338676, 0.48052335133155183, 0.5710319757461547, 0.4952798006435236, 0.5736579226122962, 0.4797473646700382, 0.610304705467489, 0.5032320465892554, 0.6276275642492153, 0.470318691059947, 0.6473709931528127, 0.49523020622630914, 0.6843231395438866], "1": [0.7192615592541795, 0.751700943046146, 0.0, 0.0, 0.7197861490150292, 0.7449014532069366, 0.0, 0.0, 0.7115677123268445, 0.7392967486823047, 0.6885080813119809, 0.7398135399376905, 0.6935233399892847, 0.7435037604084721, 0.0, 0.0, 0.0, 0.0, 0.0, 0.0, 0.0, 0.0, 0.6768366928522785, 0.8164736922140474, 0.6604503627827701, 0.8182277993471533, 0.7012535889943441, 0.8281496913344771, 0.0, 0.0, 0.6954357435305913, 0.9022812841115174, 0.0, 0.0], "2": [0.0, 0.0, 0.0, 0.0, 0.0, 0.0, 0.0, 0.0, 0.0, 0.0, 0.0, 0.0, 0.0, 0.0, 0.0, 0.0, 0.0, 0.0, 0.0, 0.0, 0.0, 0.0, 0.6505640829602878, 0.8139982764367704, 0.0, 0.0, 0.0, 0.0, 0.0, 0.0, 0.0, 0.0, 0.0, 0.0], "3": [0.0, 0.0, 0.0, 0.0, 0.0, 0.0, 0.0, 0.0, 0.0, 0.0, 0.0, 0.0, 0.0, 0.0, 0.0, 0.0, 0.0, 0.0, 0.0, 0.0, 0.0, 0.0, 0.0, 0.0, 0.0, 0.0, 0.0, 0.0, 0.7014811100438237, 0.8284268010545661, 0.0, 0.0, 0.6966078239182633, 0.9048741804228888]}