{"0": [0.0, 0.0, 0.0, 0.0, 0.0, 0.0, 0.5111541061972579, 0.5521356545388699, 0.5246718145906926, 0.5530813503044623, 0.5018945884580414, 0.5857592202998975, 0.5317275661043823, 0.5898317903280258, 0.48836586040755114, 0.621823501586914, 0.5397921688854694, 0.626916218245471, 0.47711174414725976, 0.6494634201129278, 0.531456405778105, 0.6475615020703387, 0.5065704891458154, 0.6594006763564215, 0.523300877554963, 0.6618364302096543, 0.48606204011787973, 0.6819390619242632, 0.5376516198118527, 0.7067602086398337, 0.47836945081750554, 0.752091041262503, 0.554084837809205, 0.7566895467263681], "1": [0.0, 0.0, 0.0, 0.0, 0.0, 0.0, 0.6376215942203999, 0.6271843743545038, 0.6540773500998814, 0.6311356716685825, 0.6238822157184283, 0.6563403239404714, 0.6604049959481927, 0.6751158471460695, 0.6047821842134, 0.6930128717588053, 0.664461869901667, 0.7306599380793395, 0.5931132359430193, 0.7375566614998712, 0.6674569689979155, 0.7791354020436605, 0.6111373829344908, 0.7533657443744165, 0.631177207447278, 0.7644255850050184, 0.6051641844213009, 0.7890859812912013, 0.6466288909316062, 0.8421260649407352, 0.5845065281415979, 0.8361438345026087, 0.6377930125842491, 0.9224380911362392], "2": [0.0, 0.0, 0.0, 0.0, 0.0, 0.0, 0.0, 0.0, 0.0, 0.0, 0.0, 0.0, 0.0, 0.0, 0.0, 0.0, 0.0, 0.0, 0.0, 0.0, 0.0, 0.0, 0.0, 0.0, 0.0, 0.0, 0.6458575723071893, 0.8408549663990185, 0.0, 0.0, 0.6376270525157451, 0.9221175847230134, 0.0, 0.0]}