{"0": [0.0, 0.0, 0.0, 0.0, 0.0, 0.0, 0.4742626557747523, 0.4980034190195578, 0.4889213894183437, 0.4973182042439779, 0.469291875573496, 0.5302084849388511, 0.49769917046651246, 0.5266264268645534, 0.4659705998996894, 0.5689763786616149, 0.5058229521848261, 0.5638398735611527, 0.4570516161620617, 0.59258900836662, 0.4983267166962227, 0.5813986662982239, 0.4792717422048251, 0.6082883181395354, 0.49542158643404643, 0.6097044414944119, 0.4814919888352354, 0.6715341165109917, 0.4945989691962798, 0.6577016558912065, 0.48883135033150515, 0.7359014434946909, 0.4931653969346742, 0.7166306887453465], "1": [0.0, 0.0, 0.0, 0.0, 0.0, 0.0, 0.5389810213198264, 0.5444555334582993, 0.5522501276029895, 0.5502898744962833, 0.5268778639379889, 0.562474352562869, 0.548363397239397, 0.5798459308014976, 0.5109830126166345, 0.5847466283374363, 0.5583189790447552, 0.6202022221353319, 0.0, 0.0, 0.567088213438789, 0.6431064460012649, 0.5112372292826574, 0.6333263737153848, 0.5231014734599739, 0.6414067581295967, 0.5218546655029058, 0.7118967153407909, 0.0, 0.0, 0.5009646810591221, 0.7728261006099206, 0.0, 0.0], "2": [0.0, 0.0, 0.0, 0.0, 0.0, 0.0, 0.0, 0.0, 0.0, 0.0, 0.0, 0.0, 0.0, 0.0, 0.0, 0.0, 0.0, 0.0, 0.0, 0.0, 0.0, 0.0, 0.0, 0.0, 0.0, 0.0, 0.0, 0.0, 0.5221616961682837, 0.7121579801594768, 0.0, 0.0, 0.5003698945045472, 0.7735258736544185], "3": [0.0, 0.0, 0.0, 0.0, 0.0, 0.0, 0.0, 0.0, 0.0, 0.0, 0.0, 0.0, 0.0, 0.0, 0.0, 0.0, 0.0, 0.0, 0.0, 0.0, 0.0, 0.0, 0.0, 0.0, 0.0, 0.0, 0.0, 0.0, 0.542985309412082, 0.654612343509992, 0.0, 0.0, 0.0, 0.0], "4": [0.0, 0.0, 0.0, 0.0, 0.0, 0.0, 0.0, 0.0, 0.0, 0.0, 0.0, 0.0, 0.0, 0.0, 0.0, 0.0, 0.0, 0.0, 0.0, 0.0, 0.0, 0.0, 0.0, 0.0, 0.0, 0.0, 0.0, 0.0, 0.0, 0.0, 0.4911264020949602, 0.6991979228125678, 0.0, 0.0]}