{"0": [0.3622826571265856, 0.594439627064599, 0.36304206276933354, 0.5888458802813181, 0.0, 0.0, 0.36858472240467866, 0.5876572093477955, 0.0, 0.0, 0.3801808870632701, 0.6133717335469603, 0.3804017726185352, 0.6114725356499194, 0.0, 0.0, 0.3723220312347015, 0.6547202071657887, 0.0, 0.0, 0.3644680330296978, 0.6824470308091906, 0.39361184056227405, 0.6947804989638152, 0.3918990584711234, 0.69418245697463, 0.38297676170865697, 0.7735247895121574, 0.39583019229273003, 0.764907067903766, 0.404087745770812, 0.8283157719506158, 0.4044267219801744, 0.8263497506578763], "1": [0.3870745088905096, 0.5208542906575733, 0.3879495792090893, 0.5159803371738505, 0.0, 0.0, 0.3924783808489641, 0.5183209986598404, 0.403740340595444, 0.5155385633309683, 0.38735843449831014, 0.5515201116049732, 0.41351076190670333, 0.5388193979307457, 0.38583619982625045, 0.5926959382163154, 0.41803662305076916, 0.5773739457130432, 0.0, 0.0, 0.0, 0.0, 0.4011374892046054, 0.6257345957198629, 0.41671169524391494, 0.6198282013336817, 0.40225649205967784, 0.6787957460791977, 0.41732519008219243, 0.6626207864946789, 0.4086246691644192, 0.7153969529050368, 0.4080799136310816, 0.7154412669716058], "2": [0.0, 0.0, 0.0, 0.0, 0.0, 0.0, 0.0, 0.0, 0.37772675082087515, 0.5852769480811225, 0.0, 0.0, 0.0, 0.0, 0.0, 0.0, 0.0, 0.0, 0.0, 0.0, 0.0, 0.0, 0.0, 0.0, 0.0, 0.0, 0.0, 0.0, 0.0, 0.0, 0.0, 0.0, 0.0, 0.0]}