{"0": [0.41690491872529184, 0.5224536921691012, 0.4207296721637249, 0.5170833382341598, 0.41484936190148197, 0.517735215248885, 0.42779123658935225, 0.5205810809576953, 0.41220580277343594, 0.5215998711409392, 0.43606539014726875, 0.554889194391392, 0.40901095146934185, 0.5547837385424862, 0.44799730327601234, 0.5986419905115057, 0.401997606906419, 0.5878674661671673, 0.4541797916094462, 0.6425906557727743, 0.39197454415261745, 0.6146868215666877, 0.43279433945814766, 0.6407030080100176, 0.4156268396725257, 0.639231852359242, 0.43145805957416694, 0.6986869526130182, 0.4209074740608533, 0.6993010041890321, 0.442080894112587, 0.7345881433398636, 0.44185366878906884, 0.7348393901630684], "1": [0.0, 0.0, 0.0, 0.0, 0.0, 0.0, 0.6848328725124398, 0.5720496056256471, 0.7015491591145595, 0.5784972486672578, 0.6711279706408579, 0.6026679005887773, 0.6963686812669039, 0.6216754741138882, 0.6628719214349985, 0.6429015285438962, 0.7031181917215387, 0.6681929802453077, 0.6741253408292928, 0.6567307502031327, 0.7118179635455212, 0.68398352905556, 0.6724044922428827, 0.697578273879157, 0.6902961061646542, 0.6987315471525546, 0.679256494094928, 0.7631665768446746, 0.7038447951277097, 0.7539233397554468, 0.6777853680153688, 0.8295474997273197, 0.6880951444307963, 0.8269370501791989], "2": [0.0, 0.0, 0.0, 0.0, 0.0, 0.0, 0.0, 0.0, 0.0, 0.0, 0.0, 0.0, 0.0, 0.0, 0.0, 0.0, 0.0, 0.0, 0.0, 0.0, 0.0, 0.0, 0.0, 0.0, 0.0, 0.0, 0.0, 0.0, 0.0, 0.0, 0.42068477744857474, 0.7684956860763056, 0.0, 0.0], "3": [0.0, 0.0, 0.0, 0.0, 0.0, 0.0, 0.0, 0.0, 0.0, 0.0, 0.0, 0.0, 0.0, 0.0, 0.0, 0.0, 0.0, 0.0, 0.0, 0.0, 0.0, 0.0, 0.0, 0.0, 0.0, 0.0, 0.0, 0.0, 0.0, 0.0, 0.0, 0.0, 0.4207610550026099, 0.7685085927998578]}