{"0": [0.5473461868241429, 0.41603909907517606, 0.5478975973518876, 0.4131651346330289, 0.5470548804849387, 0.41170585243790236, 0.0, 0.0, 0.5441916318920751, 0.40962650466848305, 0.5398600749050577, 0.42519707569369564, 0.5374941902856032, 0.42534161811625515, 0.5313166308449582, 0.45165893722463535, 0.5282196285823981, 0.45148492256800327, 0.5385819096118212, 0.4637623538573583, 0.5385719049721956, 0.4650081981111456, 0.5232576951384544, 0.4769386596149868, 0.5208174824714661, 0.4775588975598415, 0.5330831620842218, 0.5207222049986875, 0.5346583152810732, 0.5225693901103956, 0.5260002402099528, 0.5537511211348225, 0.5290666625290841, 0.5655904511921277], "1": [0.0, 0.0, 0.0, 0.0, 0.0, 0.0, 0.4209382017453512, 0.4289057245960942, 0.4332930870354176, 0.4303435142393465, 0.41260506485899284, 0.4549196100897259, 0.43582948691522083, 0.4580371329077968, 0.402801376581192, 0.4830694569481744, 0.43808465463419755, 0.49121111399597595, 0.398193482371668, 0.5112788253360324, 0.4395951371853395, 0.521623381751555, 0.41350144234796365, 0.5202025144188491, 0.4274115396353106, 0.5208407078628187, 0.4195352755486965, 0.5648942320435135, 0.4326003237317006, 0.5660567094330435, 0.4200883746147156, 0.612842349321754, 0.4258334651589394, 0.6145285262001885]}