{"0": [0.44022079426795246, 0.5051752858691745, 0.4408112200597921, 0.5005129608291167, 0.0, 0.0, 0.4467601531495651, 0.502610930469301, 0.0, 0.0, 0.44276947298397623, 0.5318104278158259, 0.46820975684871274, 0.527901757977627, 0.43973359585118793, 0.5671440743185856, 0.4756027185668548, 0.5695860377064458, 0.429945964862903, 0.58429680135515, 0.47049520735939343, 0.5960657821347316, 0.4476256933994591, 0.6092183400083471, 0.4653550679485004, 0.6121541603847787, 0.43956287180189973, 0.660542227824529, 0.4597159673149387, 0.6705757966472043, 0.43898451365530494, 0.704735062961225, 0.45691461861133575, 0.7338316135936315], "1": [0.24222542047500611, 0.7016664209189237, 0.24203748802344005, 0.6972012054037164, 0.0, 0.0, 0.2470638698587815, 0.6950731988306399, 0.26013718486453097, 0.6846832558512688, 0.25804028374453386, 0.7202672020152763, 0.27500166880587734, 0.6977799954237761, 0.25337914551297824, 0.778877599371804, 0.0, 0.0, 0.24356669575596848, 0.8219257222281562, 0.0, 0.0, 0.29793231549750393, 0.7915577131289023, 0.3060383733206739, 0.7890749018501353, 0.2580256825933854, 0.8249916455260029, 0.0, 0.0, 0.2585350212951501, 0.9129133365772388, 0.0, 0.0], "2": [0.0, 0.0, 0.0, 0.0, 0.0, 0.0, 0.0, 0.0, 0.0, 0.0, 0.0, 0.0, 0.0, 0.0, 0.0, 0.0, 0.0, 0.0, 0.0, 0.0, 0.0, 0.0, 0.0, 0.0, 0.28706504503885905, 0.7921344037409181, 0.27843703714509804, 0.8723510686998014, 0.25907926335930825, 0.8224561894381489, 0.0, 0.0, 0.25857475288212295, 0.912493191825019], "3": [0.0, 0.0, 0.0, 0.0, 0.0, 0.0, 0.0, 0.0, 0.0, 0.0, 0.0, 0.0, 0.0, 0.0, 0.0, 0.0, 0.0, 0.0, 0.0, 0.0, 0.0, 0.0, 0.0, 0.0, 0.0, 0.0, 0.0, 0.0, 0.277820997312665, 0.8701668078424754, 0.0, 0.0, 0.0, 0.0], "4": [0.0, 0.0, 0.0, 0.0, 0.0, 0.0, 0.0, 0.0, 0.0, 0.0, 0.0, 0.0, 0.0, 0.0, 0.0, 0.0, 0.0, 0.0, 0.0, 0.0, 0.0, 0.0, 0.0, 0.0, 0.0, 0.0, 0.0, 0.0, 0.0, 0.0, 0.3255779016762972, 0.8853944135898794, 0.0, 0.0], "5": [0.0, 0.0, 0.0, 0.0, 0.0, 0.0, 0.0, 0.0, 0.0, 0.0, 0.0, 0.0, 0.0, 0.0, 0.0, 0.0, 0.0, 0.0, 0.0, 0.0, 0.0, 0.0, 0.0, 0.0, 0.0, 0.0, 0.0, 0.0, 0.0, 0.0, 0.0, 0.0, 0.325230531518658, 0.8844069653087192]}