{"0": [0.3403281945114334, 0.4832230269908905, 0.0, 0.0, 0.3399479195475578, 0.4770715346490895, 0.0, 0.0, 0.3331490525354942, 0.4735122587945726, 0.3231794584232072, 0.49503059409282824, 0.3230377042898908, 0.501875968111886, 0.3267664181999862, 0.5379521387594718, 0.3190517398528755, 0.5453760935200586, 0.339418109630545, 0.5423726289360612, 0.32997538385291897, 0.5782723349553568, 0.3209513242046038, 0.5754694094260534, 0.3199514304598173, 0.5763018367467103, 0.32286100382140526, 0.6224804547097947, 0.3344238209227722, 0.6231299155288272, 0.3176411015292009, 0.6793657613021357, 0.3444304609050353, 0.6756644577891738], "1": [0.7030780199915171, 0.6076392807342388, 0.7037520309289297, 0.6025175012924053, 0.0, 0.0, 0.7076663638154665, 0.6045473158359528, 0.7208767908314864, 0.6038306299597025, 0.7114921511461337, 0.6507704703896134, 0.7288625451425711, 0.6357083022594452, 0.7075831159949303, 0.7067650682396359, 0.0, 0.0, 0.6974475242507955, 0.7458957847621706, 0.0, 0.0, 0.7123041607439518, 0.7496299990901241, 0.7250505986313025, 0.7455289932312789, 0.6818477038294077, 0.7901542571959673, 0.7166719292600949, 0.8110353923575194, 0.6980274856090546, 0.8720986122334445, 0.7119996791084607, 0.8762144695829461], "2": [0.0, 0.0, 0.0, 0.0, 0.0, 0.0, 0.0, 0.0, 0.0, 0.0, 0.0, 0.0, 0.0, 0.0, 0.0, 0.0, 0.7135033349196116, 0.7010444868493965, 0.0, 0.0, 0.0, 0.0, 0.0, 0.0, 0.0, 0.0, 0.0, 0.0, 0.0, 0.0, 0.0, 0.0, 0.0, 0.0], "3": [0.0, 0.0, 0.0, 0.0, 0.0, 0.0, 0.0, 0.0, 0.0, 0.0, 0.0, 0.0, 0.0, 0.0, 0.0, 0.0, 0.0, 0.0, 0.0, 0.0, 0.6965891674160959, 0.6704642742803252, 0.0, 0.0, 0.0, 0.0, 0.0, 0.0, 0.0, 0.0, 0.0, 0.0, 0.0, 0.0], "4": [0.0, 0.0, 0.0, 0.0, 0.0, 0.0, 0.0, 0.0, 0.0, 0.0, 0.0, 0.0, 0.0, 0.0, 0.0, 0.0, 0.0, 0.0, 0.0, 0.0, 0.0, 0.0, 0.0, 0.0, 0.0, 0.0, 0.7137470422312617, 0.811498695694738, 0.6823589319984118, 0.7892281549120391, 0.0, 0.0, 0.0, 0.0], "5": [0.0, 0.0, 0.0, 0.0, 0.0, 0.0, 0.0, 0.0, 0.0, 0.0, 0.0, 0.0, 0.0, 0.0, 0.0, 0.0, 0.0, 0.0, 0.0, 0.0, 0.0, 0.0, 0.0, 0.0, 0.0, 0.0, 0.0, 0.0, 0.0, 0.0, 0.34384681433439257, 0.6758667208530285, 0.0, 0.0], "6": [0.0, 0.0, 0.0, 0.0, 0.0, 0.0, 0.0, 0.0, 0.0, 0.0, 0.0, 0.0, 0.0, 0.0, 0.0, 0.0, 0.0, 0.0, 0.0, 0.0, 0.0, 0.0, 0.0, 0.0, 0.0, 0.0, 0.0, 0.0, 0.0, 0.0, 0.0, 0.0, 0.3171746350824833, 0.6789608024888568]}