{"0": [0.21708058280249434, 0.647672103676531, 0.21919892709702254, 0.6407362875192323, 0.21653453210989634, 0.6415192851313838, 0.22993149211009342, 0.639908950748267, 0.0, 0.0, 0.2411139491945505, 0.6859769586611677, 0.22682034522294997, 0.6798707867110216, 0.2419482397536437, 0.7447932244450958, 0.22811591234058143, 0.7429591918433154, 0.24042420002321405, 0.7959703115401444, 0.2177365329116583, 0.7702499469121297, 0.2471336438010136, 0.7899257236056858, 0.23961970578723898, 0.7894797070158851, 0.0, 0.0, 0.2529825307348916, 0.8566668394079265, 0.2594189442694187, 0.9149745535105467, 0.26253923823436104, 0.9130228432240309], "1": [0.0, 0.0, 0.0, 0.0, 0.0, 0.0, 0.5055004852513473, 0.6161617093616062, 0.5202676543345054, 0.6164773671715348, 0.49652671019236244, 0.6458272024437234, 0.526414375503858, 0.6335597730621144, 0.48755972608923914, 0.6930609988393607, 0.5272406795062126, 0.6683439601350714, 0.48624235255022846, 0.7329154173533122, 0.0, 0.0, 0.4974728566594422, 0.7240400926934348, 0.5180791782215237, 0.7237450119521883, 0.48598986119031906, 0.7860419796572791, 0.5258182960251968, 0.7828956480379458, 0.46437032863808175, 0.8448440765893017, 0.5151148897285263, 0.8488578750579445], "2": [0.0, 0.0, 0.0, 0.0, 0.0, 0.0, 0.0, 0.0, 0.0, 0.0, 0.0, 0.0, 0.0, 0.0, 0.0, 0.0, 0.0, 0.0, 0.0, 0.0, 0.0, 0.0, 0.0, 0.0, 0.0, 0.0, 0.24532837793231013, 0.8641675920398147, 0.0, 0.0, 0.24627032453815145, 0.9581691047659626, 0.0, 0.0], "3": [0.0, 0.0, 0.0, 0.0, 0.0, 0.0, 0.0, 0.0, 0.0, 0.0, 0.0, 0.0, 0.0, 0.0, 0.0, 0.0, 0.0, 0.0, 0.0, 0.0, 0.0, 0.0, 0.0, 0.0, 0.0, 0.0, 0.0, 0.0, 0.0, 0.0, 0.0, 0.0, 0.24571706963082152, 0.9582458885731521]}