{"0": [0.0, 0.0, 0.0, 0.0, 0.0, 0.0, 0.35135565847158434, 0.5583715508381526, 0.36689355224370956, 0.5577434895215211, 0.3422778591513634, 0.5937982669583073, 0.37762300446629526, 0.5926631269631563, 0.3357416033744812, 0.6378188740324091, 0.3887523578479886, 0.6350129264372365, 0.0, 0.0, 0.3860784041384856, 0.6688250868408768, 0.35315389931201935, 0.6844904801911778, 0.3744195527086655, 0.6841174836511965, 0.3587519404788812, 0.7585645516713461, 0.37772601371010145, 0.7456568970724389, 0.3629732690751552, 0.8209139826121153, 0.3802290221055349, 0.800594496064716], "1": [0.0, 0.0, 0.0, 0.0, 0.0, 0.0, 0.6282686238487561, 0.44278825190332205, 0.6367289036512375, 0.4412445566168538, 0.6331492724517981, 0.4712711872326003, 0.643475312118729, 0.4638403474180786, 0.6421021774411201, 0.499581969888122, 0.6449754695097606, 0.49545677215964706, 0.6321831912423174, 0.5223371168253599, 0.6328892827033996, 0.520709248163082, 0.6461284517000119, 0.5315794443642652, 0.6568067077547312, 0.5299180019232962, 0.6287894872327645, 0.5698844258432035, 0.6580815887699525, 0.5823591982324918, 0.6239639396468798, 0.6269301460848914, 0.6706574130803347, 0.6388318119225679], "2": [0.0, 0.0, 0.0, 0.0, 0.0, 0.0, 0.0, 0.0, 0.0, 0.0, 0.0, 0.0, 0.0, 0.0, 0.0, 0.0, 0.0, 0.0, 0.32900167144834996, 0.6123247956788098, 0.0, 0.0, 0.0, 0.0, 0.0, 0.0, 0.0, 0.0, 0.0, 0.0, 0.0, 0.0, 0.0, 0.0], "3": [0.0, 0.0, 0.0, 0.0, 0.0, 0.0, 0.0, 0.0, 0.0, 0.0, 0.0, 0.0, 0.0, 0.0, 0.0, 0.0, 0.0, 0.0, 0.0, 0.0, 0.0, 0.0, 0.0, 0.0, 0.0, 0.0, 0.656934175391992, 0.5829611166759774, 0.6295469250530005, 0.5678479056667398, 0.6705223776400089, 0.6388199808420958, 0.6238924131418268, 0.625444370287436]}