{"0": [0.24905968221525354, 0.6551621116697788, 0.25443317033350465, 0.648453952923969, 0.24735396051158506, 0.6476480735672845, 0.2659846266110738, 0.6499459988541073, 0.0, 0.0, 0.2752360627055168, 0.6949797098283416, 0.24302869296322266, 0.6869168709825586, 0.2894873412170758, 0.7414746686264321, 0.2295473761856556, 0.7267171241618969, 0.29627945137520634, 0.7882910446988213, 0.20966108546902737, 0.7618678832495654, 0.26941100930174194, 0.7899826601699547, 0.2527915491412084, 0.7895814761519432, 0.2584419921040535, 0.8740588828369422, 0.2636166910548764, 0.8608445140021593, 0.2480060768624147, 0.9563453981169948, 0.0, 0.0], "1": [0.6689897174015641, 0.4802023304833306, 0.669153178545336, 0.47482416806397615, 0.0, 0.0, 0.6736847139894963, 0.47258663928067246, 0.0, 0.0, 0.6820639884720248, 0.5028588089678022, 0.6935878433597584, 0.49711490052717716, 0.6808346112879614, 0.5498550474643707, 0.6967155446608861, 0.528996900220712, 0.6745492368936539, 0.5856565826468998, 0.0, 0.0, 0.6829492017626764, 0.5811820065257726, 0.6887551968296369, 0.5765026975561072, 0.6826405650625627, 0.62388710865268, 0.6596074970439076, 0.6142069158730683, 0.6822534505898754, 0.6764483016950112, 0.6716017078608274, 0.6733927987239979], "2": [0.0, 0.0, 0.0, 0.0, 0.0, 0.0, 0.0, 0.0, 0.0, 0.0, 0.0, 0.0, 0.0, 0.0, 0.0, 0.0, 0.6779199552411834, 0.548576107510814, 0.0, 0.0, 0.6692017560514311, 0.5821486362704524, 0.0, 0.0, 0.0, 0.0, 0.0, 0.0, 0.0, 0.0, 0.0, 0.0, 0.0, 0.0], "3": [0.0, 0.0, 0.0, 0.0, 0.0, 0.0, 0.0, 0.0, 0.0, 0.0, 0.0, 0.0, 0.0, 0.0, 0.0, 0.0, 0.0, 0.0, 0.0, 0.0, 0.0, 0.0, 0.0, 0.0, 0.0, 0.0, 0.6596882000565529, 0.6149497310320536, 0.6824402229239543, 0.6250110314400108, 0.0, 0.0, 0.0, 0.0], "4": [0.0, 0.0, 0.0, 0.0, 0.0, 0.0, 0.0, 0.0, 0.0, 0.0, 0.0, 0.0, 0.0, 0.0, 0.0, 0.0, 0.0, 0.0, 0.0, 0.0, 0.0, 0.0, 0.0, 0.0, 0.0, 0.0, 0.2716708908478419, 0.8486326778928439, 0.0, 0.0, 0.2972580739607414, 0.8945889415564361, 0.0, 0.0], "5": [0.0, 0.0, 0.0, 0.0, 0.0, 0.0, 0.0, 0.0, 0.0, 0.0, 0.0, 0.0, 0.0, 0.0, 0.0, 0.0, 0.0, 0.0, 0.0, 0.0, 0.0, 0.0, 0.0, 0.0, 0.0, 0.0, 0.0, 0.0, 0.0, 0.0, 0.0, 0.0, 0.24774820525199176, 0.9546478770397328]}