{"0": [0.6380906574428081, 0.480013370734674, 0.0, 0.0, 0.6378824450075626, 0.47420672553556936, 0.6231820366966228, 0.4795070355689084, 0.6348280242954691, 0.4800414610792089, 0.6174425056825081, 0.5045010220121454, 0.6405139305939277, 0.5169034160949566, 0.6105490201152861, 0.5205524998682517, 0.6548668347299099, 0.5318333212976103, 0.0, 0.0, 0.6649000443828602, 0.525890995838024, 0.6130981434136629, 0.5837257003342665, 0.6307478711629907, 0.5874746406519854, 0.6071282148361206, 0.632798824707667, 0.6397790846259643, 0.6301064195456328, 0.5921990009645621, 0.6808625781977619, 0.636000060600539, 0.6887112551265293], "1": [0.0, 0.0, 0.0, 0.0, 0.0, 0.0, 0.3943233108147979, 0.5735600409132463, 0.41048818270210174, 0.5718728811652573, 0.3854195024806055, 0.6099986999123184, 0.42188215982168914, 0.6077970495930426, 0.37335190108666816, 0.6579094416565365, 0.428798820450902, 0.6327586486383721, 0.3601453722454607, 0.6867392153651626, 0.0, 0.0, 0.39133696208397545, 0.706849093845597, 0.4152524146561821, 0.7038030262346621, 0.37765288402636854, 0.7602121087136092, 0.42186227788527814, 0.7724318711845963, 0.38240397100647294, 0.8344857535980366, 0.4277629250039657, 0.8280668923148402]}