{"0": [0.31356118687738976, 0.44138364107520495, 0.31571439243853094, 0.4366052375899421, 0.3114311955248316, 0.43724671094505874, 0.31892348664502307, 0.43412890947527355, 0.30641812410516045, 0.43586222065819635, 0.3261914932479461, 0.45543515683600194, 0.29960464425384997, 0.4615070456707919, 0.33492243802174926, 0.482481297298714, 0.2934140763555964, 0.49008644377743754, 0.33799438873926796, 0.5115676292666681, 0.2970469060664376, 0.5170896201222032, 0.32271274106266595, 0.5223965025748367, 0.3056795894478758, 0.5245466071146505, 0.3253771829108397, 0.5625401761796739, 0.30681062235186496, 0.5739510535366006, 0.3304170467580358, 0.5931690450067874, 0.3035022124648094, 0.6304987944938518], "1": [0.0, 0.0, 0.0, 0.0, 0.0, 0.0, 0.5378709415594737, 0.5501728883496038, 0.553037647716701, 0.5505219455118533, 0.5350220865570009, 0.5928469635822154, 0.5612765696520606, 0.5860057682902726, 0.5284712795168162, 0.6401326666275661, 0.5654611493150393, 0.6268654972314834, 0.5226781490103651, 0.6271083430007652, 0.0, 0.0, 0.5394443702263136, 0.6715513370655201, 0.5610432203238209, 0.6707395348008032, 0.5260404458890359, 0.7311186098390156, 0.5708480914433797, 0.7394048911553842, 0.5109383843218287, 0.7860151315176929, 0.5769804818167662, 0.7944302022457121]}