{"0": [0.506831310192744, 0.5085239630054544, 0.5071119812006751, 0.5030262412848296, 0.5048662366966407, 0.5022724401067804, 0.0, 0.0, 0.49565944373607634, 0.5015334321392908, 0.47875796283284827, 0.5142633167129976, 0.49706383074323335, 0.5369994208803055, 0.4627804333964984, 0.5351897918515736, 0.49376867749379016, 0.5710787000479521, 0.47326986544455085, 0.5492231905460357, 0.0, 0.0, 0.46849625837057834, 0.595827712284194, 0.4803661166379849, 0.5998387071821425, 0.4784513742973407, 0.643037404395916, 0.49599756101767223, 0.6540361068866871, 0.4709494516253471, 0.6956764238852041, 0.4920399979998668, 0.720499625581282], "1": [0.5719798132777214, 0.7068284017068368, 0.0, 0.0, 0.571060336381197, 0.7033020549350315, 0.0, 0.0, 0.5653358188768228, 0.7039417918081636, 0.0, 0.0, 0.5606206266364704, 0.7273508815853684, 0.0, 0.0, 0.0, 0.0, 0.0, 0.0, 0.0, 0.0, 0.5193717112764716, 0.7636914588786937, 0.0, 0.0, 0.5183366359832386, 0.8481350767771128, 0.5596003658448656, 0.8104510515376374, 0.4985678581520915, 0.9248391681247288, 0.5619746933380763, 0.9061990874784963], "2": [0.0, 0.0, 0.0, 0.0, 0.0, 0.0, 0.0, 0.0, 0.0, 0.0, 0.5605148044337208, 0.7268584732656125, 0.0, 0.0, 0.5672914269069831, 0.7325839166288023, 0.0, 0.0, 0.6057215044895808, 0.7759487617898869, 0.0, 0.0, 0.5426170860727628, 0.7720774224510899, 0.5220835709944367, 0.7678991231653426, 0.5592012599110603, 0.8079912525636178, 0.517142387976249, 0.8491593912795737, 0.5614566474532088, 0.903503226571613, 0.49847905114293095, 0.9210392317286245], "3": [0.0, 0.0, 0.0, 0.0, 0.0, 0.0, 0.0, 0.0, 0.0, 0.0, 0.0, 0.0, 0.0, 0.0, 0.0, 0.0, 0.5788936241830746, 0.7358977287128781, 0.0, 0.0, 0.0, 0.0, 0.0, 0.0, 0.0, 0.0, 0.0, 0.0, 0.0, 0.0, 0.0, 0.0, 0.0, 0.0], "4": [0.0, 0.0, 0.0, 0.0, 0.0, 0.0, 0.0, 0.0, 0.0, 0.0, 0.0, 0.0, 0.0, 0.0, 0.0, 0.0, 0.0, 0.0, 0.0, 0.0, 0.4768878834166875, 0.5448581977023019, 0.0, 0.0, 0.0, 0.0, 0.0, 0.0, 0.0, 0.0, 0.0, 0.0, 0.0, 0.0], "5": [0.0, 0.0, 0.0, 0.0, 0.0, 0.0, 0.0, 0.0, 0.0, 0.0, 0.0, 0.0, 0.0, 0.0, 0.0, 0.0, 0.0, 0.0, 0.0, 0.0, 0.6065914005041122, 0.7765222114545328, 0.0, 0.0, 0.0, 0.0, 0.0, 0.0, 0.0, 0.0, 0.0, 0.0, 0.0, 0.0]}