{"0": [0.6220315862447023, 0.47593344372731666, 0.6231947815977037, 0.47160797218481704, 0.0, 0.0, 0.6270023116298641, 0.46731618709034384, 0.0, 0.0, 0.6418015290051698, 0.48334363047723417, 0.6275358986730377, 0.49084726141558754, 0.6477801335820307, 0.521280864433006, 0.6243180155754089, 0.5153915646451491, 0.6443207953125238, 0.5621980614132351, 0.6175904590636492, 0.5340033456131265, 0.6455699070046346, 0.5594722656050214, 0.6350844617933035, 0.5576241420374977, 0.6480048979942997, 0.6082421779632569, 0.6295928505559762, 0.6082343494450606, 0.6537696744004885, 0.6598151387991729, 0.6249661055703958, 0.6555228233337402], "1": [0.0, 0.0, 0.0, 0.0, 0.0, 0.0, 0.41151259566346804, 0.5674284808061741, 0.42794359661638737, 0.5664018272249787, 0.3999360377589862, 0.6024905783158763, 0.436463101953268, 0.6003100485713394, 0.3955117542296648, 0.6497412077806614, 0.44575386059780914, 0.6449485407935248, 0.4058668183473249, 0.6688708636495803, 0.4538142733275891, 0.677701347362664, 0.40458900046845275, 0.7017259735752035, 0.42819182090461255, 0.7016569472021527, 0.3976301314930121, 0.7641618982509331, 0.4338311729331812, 0.7743314797679582, 0.3992907670636972, 0.8394814277136767, 0.4331465842823187, 0.834295795250822]}