{"0": [0.22247437018280228, 0.6826955020427704, 0.22306715650483966, 0.6753219158561141, 0.2211268569032351, 0.6778594056351317, 0.2348443563406666, 0.6698731256855859, 0.0, 0.0, 0.2543523530165354, 0.6838813262957114, 0.2370148288706938, 0.7015190192946681, 0.26486320967475574, 0.7143315995732943, 0.0, 0.0, 0.24199391677975654, 0.7257536389209605, 0.23513359886904558, 0.7667254871792264, 0.28170960713177917, 0.746540785939605, 0.26208958054582276, 0.7574450071211214, 0.2702637668699026, 0.8294638068587692, 0.2465110395103693, 0.8213352212199458, 0.28838142678141593, 0.8877739447134513, 0.25625864413547483, 0.8753785689671835], "1": [0.40141693546126284, 0.5199580589930216, 0.40226587625220417, 0.5136432956766199, 0.40015402808785444, 0.5151776574276111, 0.4094421520208319, 0.5123033179177179, 0.0, 0.0, 0.4075270985563596, 0.5435695084708708, 0.4327587867776553, 0.5330046040040475, 0.4061254405261328, 0.5840618654533669, 0.4437655107244306, 0.5751865558050298, 0.39374385965396264, 0.5877297133207321, 0.44020543185373145, 0.5945449883187258, 0.42243697584296264, 0.6248546680918446, 0.4414360220233599, 0.6129049457885601, 0.425311458359162, 0.6762030273675919, 0.4508761402219534, 0.6654244736388879, 0.42562485647698245, 0.726148036232701, 0.4648801309987903, 0.7256013459629482], "2": [0.0, 0.0, 0.0, 0.0, 0.0, 0.0, 0.0, 0.0, 0.0, 0.0, 0.0, 0.0, 0.0, 0.0, 0.0, 0.0, 0.0, 0.0, 0.0, 0.0, 0.21993089579045771, 0.7426738221336294, 0.0, 0.0, 0.0, 0.0, 0.0, 0.0, 0.0, 0.0, 0.0, 0.0, 0.0, 0.0], "3": [0.0, 0.0, 0.0, 0.0, 0.0, 0.0, 0.0, 0.0, 0.0, 0.0, 0.0, 0.0, 0.0, 0.0, 0.0, 0.0, 0.0, 0.0, 0.0, 0.0, 0.0, 0.0, 0.0, 0.0, 0.28903685534993806, 0.744132895519336, 0.0, 0.0, 0.0, 0.0, 0.0, 0.0, 0.0, 0.0]}