{"0": [0.0, 0.0, 0.0, 0.0, 0.0, 0.0, 0.5674493994563818, 0.5139940553241306, 0.5810180702401946, 0.514668083825597, 0.5610147634521127, 0.5418301034856725, 0.5879098820189635, 0.5478047123661748, 0.5536691095679999, 0.5782977486098254, 0.5969779575864474, 0.5881710425019264, 0.5448398022602002, 0.6048530680161935, 0.6033181761701901, 0.6192380453149477, 0.5632919917503992, 0.6202394133364713, 0.5797280769795179, 0.6233732291945705, 0.5594950437545776, 0.6697805095601964, 0.575473974396785, 0.668628007725433, 0.5601021596541007, 0.7328196216512609, 0.5800046861171723, 0.7153156754595262], "1": [0.0, 0.0, 0.0, 0.0, 0.0, 0.0, 0.5065360868970553, 0.5312416999428361, 0.5198830955972275, 0.5353380442769439, 0.4970952190458774, 0.5508680927532691, 0.5218573668350776, 0.5685425542019031, 0.4836387092868487, 0.5621630613450651, 0.5283730731656154, 0.60862008244903, 0.48212598959604896, 0.5585389105810059, 0.5364933484544356, 0.6361812542985987, 0.48759513174494107, 0.6288268407185872, 0.5051951877772808, 0.635223318691607, 0.47344544200847544, 0.6935807604480673, 0.5211393413444361, 0.6771921102647428, 0.45595584803571304, 0.7399897985988193, 0.504324925194184, 0.7307966597654202]}