{"0": [0.0, 0.0, 0.0, 0.0, 0.0, 0.0, 0.47132821157574656, 0.42948416824694036, 0.4816246764113506, 0.4277250774480678, 0.48346328685681017, 0.4529005432570422, 0.48514114804565905, 0.4490330488041595, 0.48890247934808334, 0.4877147588464949, 0.48588189762085676, 0.4897636455518228, 0.4825197255859772, 0.5224772718769533, 0.0, 0.0, 0.48865409226467205, 0.5253669692410363, 0.49081803299486637, 0.5231748381146678, 0.47662575071056684, 0.5740867022261092, 0.49514449598888555, 0.5713819185892741, 0.46523648158957565, 0.6107981246930582, 0.5046391051262618, 0.6161161226254922], "1": [0.0, 0.0, 0.0, 0.0, 0.0, 0.0, 0.0, 0.0, 0.0, 0.0, 0.5221309725008523, 0.5055246933871751, 0.5430209688221415, 0.5118201609011049, 0.5167034621040026, 0.5401265477692639, 0.5435596185581137, 0.5441550431980027, 0.0, 0.0, 0.0, 0.0, 0.5224504013856252, 0.5738185206773105, 0.5327071242034435, 0.5756239808268018, 0.5310106455348432, 0.6280789916162137, 0.5331278930107752, 0.6276109519932005, 0.5265167012810708, 0.6808565448831629, 0.5259403571486473, 0.6827149508176027], "2": [0.0, 0.0, 0.0, 0.0, 0.0, 0.0, 0.0, 0.0, 0.0, 0.0, 0.0, 0.0, 0.0, 0.0, 0.0, 0.0, 0.0, 0.0, 0.0, 0.0, 0.0, 0.0, 0.0, 0.0, 0.0, 0.0, 0.0, 0.0, 0.4761826145152251, 0.5725411423930415, 0.0, 0.0, 0.4651496300473809, 0.6103781553882139], "3": [0.0, 0.0, 0.0, 0.0, 0.0, 0.0, 0.0, 0.0, 0.0, 0.0, 0.0, 0.0, 0.0, 0.0, 0.0, 0.0, 0.0, 0.0, 0.0, 0.0, 0.0, 0.0, 0.0, 0.0, 0.0, 0.0, 0.0, 0.0, 0.0, 0.0, 0.5046304106712342, 0.6150899566985942, 0.0, 0.0]}