{"0": [0.3227389351154367, 0.7324903982656973, 0.3213356954356035, 0.728937728592643, 0.0, 0.0, 0.32620000584671893, 0.7246560787713087, 0.0, 0.0, 0.3410073863963286, 0.736729184013826, 0.35073313290874164, 0.7171936472256978, 0.3671839234729608, 0.7578222246081742, 0.3676282056917747, 0.7573894597865917, 0.36713960890968633, 0.7938006630650273, 0.36787130050361155, 0.7913575503561232, 0.392295099186355, 0.7762658196002545, 0.40343667020400364, 0.7719924231370291, 0.3534123467902342, 0.8377049229763172, 0.0, 0.0, 0.36672685022155443, 0.909558489146056, 0.0, 0.0], "1": [0.0, 0.0, 0.0, 0.0, 0.0, 0.0, 0.47116515909632045, 0.5225203877245937, 0.48464527291556203, 0.5203294385362555, 0.470613332092762, 0.5580401423904631, 0.49445608295500276, 0.5502780071011297, 0.4669887987275919, 0.6028291724346301, 0.502613174666961, 0.5841779960526361, 0.4518903684336692, 0.62711310463923, 0.5005994943281015, 0.6180777429430573, 0.48026584765563407, 0.6337092990676562, 0.4971842378377914, 0.6356484437430345, 0.4549937912573417, 0.6766400703677424, 0.48471780500064293, 0.6770974068178071, 0.45389262114961937, 0.7472684001481091, 0.4965102881193161, 0.73124061204769], "2": [0.0, 0.0, 0.0, 0.0, 0.0, 0.0, 0.0, 0.0, 0.0, 0.0, 0.0, 0.0, 0.0, 0.0, 0.0, 0.0, 0.0, 0.0, 0.0, 0.0, 0.0, 0.0, 0.0, 0.0, 0.0, 0.0, 0.0, 0.0, 0.3546131690343221, 0.83525072755637, 0.0, 0.0, 0.36638258447249733, 0.9075467033380712], "3": [0.0, 0.0, 0.0, 0.0, 0.0, 0.0, 0.0, 0.0, 0.0, 0.0, 0.0, 0.0, 0.0, 0.0, 0.0, 0.0, 0.0, 0.0, 0.0, 0.0, 0.0, 0.0, 0.0, 0.0, 0.0, 0.0, 0.0, 0.0, 0.0, 0.0, 0.4964343971262376, 0.7326654509261802, 0.0, 0.0], "4": [0.0, 0.0, 0.0, 0.0, 0.0, 0.0, 0.0, 0.0, 0.0, 0.0, 0.0, 0.0, 0.0, 0.0, 0.0, 0.0, 0.0, 0.0, 0.0, 0.0, 0.0, 0.0, 0.0, 0.0, 0.0, 0.0, 0.0, 0.0, 0.0, 0.0, 0.0, 0.0, 0.4083057954907418, 0.8142530392717432]}