{"0": [0.619678751565516, 0.5052124065381509, 0.6198811893661816, 0.5008132707741525, 0.6171947653094928, 0.5002701310923806, 0.0, 0.0, 0.6091481695572535, 0.50258388210226, 0.6074011348187923, 0.5293235906848202, 0.6031058720002572, 0.532218306373667, 0.6065168047944705, 0.5800993576093957, 0.6006896680841843, 0.5827251501657345, 0.6098464016492168, 0.6038246308073953, 0.5968196911784839, 0.6180494433355623, 0.6017603935984274, 0.6139532287915547, 0.6025900115258992, 0.6143811342892823, 0.5957779345413049, 0.6607806426507455, 0.6153789944946766, 0.6662184004430419, 0.5898243464219074, 0.7194134774031463, 0.5964657865464689, 0.7211112281790486], "1": [0.3163916570444902, 0.5780245328391039, 0.3190585881782075, 0.5708254756750883, 0.3148458677033583, 0.572761528911414, 0.32835436140497526, 0.5704584311555934, 0.0, 0.0, 0.33886813167482616, 0.6070167854980186, 0.3187886689711983, 0.602346044337308, 0.3296025884648163, 0.6535157548056708, 0.3103228033597892, 0.653354036366498, 0.3208954657117526, 0.6400474173603234, 0.30477772119144597, 0.6836696115908799, 0.33468007339785494, 0.6943458781198218, 0.3199522640556098, 0.6942888768734755, 0.3314451124208669, 0.757804787600482, 0.0, 0.0, 0.3548804526527723, 0.7849813165488067, 0.32234604842960835, 0.8370906516357705], "2": [0.0, 0.0, 0.0, 0.0, 0.0, 0.0, 0.0, 0.0, 0.0, 0.0, 0.0, 0.0, 0.0, 0.0, 0.0, 0.0, 0.0, 0.0, 0.5908982751270135, 0.6209533938655147, 0.0, 0.0, 0.0, 0.0, 0.0, 0.0, 0.0, 0.0, 0.0, 0.0, 0.0, 0.0, 0.0, 0.0], "3": [0.0, 0.0, 0.0, 0.0, 0.0, 0.0, 0.0, 0.0, 0.0, 0.0, 0.0, 0.0, 0.0, 0.0, 0.0, 0.0, 0.0, 0.0, 0.0, 0.0, 0.31186741118629774, 0.6066943418096613, 0.0, 0.0, 0.0, 0.0, 0.0, 0.0, 0.0, 0.0, 0.0, 0.0, 0.0, 0.0], "4": [0.0, 0.0, 0.0, 0.0, 0.0, 0.0, 0.0, 0.0, 0.0, 0.0, 0.0, 0.0, 0.0, 0.0, 0.0, 0.0, 0.0, 0.0, 0.0, 0.0, 0.0, 0.0, 0.0, 0.0, 0.0, 0.0, 0.6143624399788677, 0.665722871268237, 0.5954350815465053, 0.660545621977912, 0.0, 0.0, 0.0, 0.0], "5": [0.0, 0.0, 0.0, 0.0, 0.0, 0.0, 0.0, 0.0, 0.0, 0.0, 0.0, 0.0, 0.0, 0.0, 0.0, 0.0, 0.0, 0.0, 0.0, 0.0, 0.0, 0.0, 0.0, 0.0, 0.0, 0.0, 0.0, 0.0, 0.32996933721005917, 0.7595214046261929, 0.0, 0.0, 0.0, 0.0], "6": [0.0, 0.0, 0.0, 0.0, 0.0, 0.0, 0.0, 0.0, 0.0, 0.0, 0.0, 0.0, 0.0, 0.0, 0.0, 0.0, 0.0, 0.0, 0.0, 0.0, 0.0, 0.0, 0.0, 0.0, 0.0, 0.0, 0.0, 0.0, 0.0, 0.0, 0.3226787127709637, 0.8370269669426812, 0.0, 0.0], "7": [0.0, 0.0, 0.0, 0.0, 0.0, 0.0, 0.0, 0.0, 0.0, 0.0, 0.0, 0.0, 0.0, 0.0, 0.0, 0.0, 0.0, 0.0, 0.0, 0.0, 0.0, 0.0, 0.0, 0.0, 0.0, 0.0, 0.0, 0.0, 0.0, 0.0, 0.0, 0.0, 0.35511354468762873, 0.7844978685732241]}