{"0": [0.0, 0.0, 0.0, 0.0, 0.0, 0.0, 0.5729718914488331, 0.5379533904570121, 0.5870394105712573, 0.5400700558114935, 0.5672566869606575, 0.5750011791785558, 0.5912956175704797, 0.5720784514038652, 0.552846277380983, 0.6136031100043544, 0.587723758816719, 0.6023632786892078, 0.5371376017729441, 0.6336222276091575, 0.0, 0.0, 0.5674507540961107, 0.6604987638968008, 0.5832538204888503, 0.6604681582362564, 0.5621439636995395, 0.7183719846937392, 0.5761926243702571, 0.7178535732958052, 0.5715257766346137, 0.7753971485076128, 0.5755073325087626, 0.7761451248769407], "1": [0.0, 0.0, 0.0, 0.0, 0.0, 0.0, 0.20592271586259206, 0.6480694118266305, 0.22424893081188202, 0.6522032355820692, 0.19092107800145944, 0.6870672042723055, 0.22472580385704832, 0.6967544312830324, 0.1855220565960432, 0.735064356636118, 0.24522630311548713, 0.7340359687805176, 0.0, 0.0, 0.24718403536826372, 0.7184110467080717, 0.1978129483681793, 0.7952396344255517, 0.22163550083835923, 0.7901424236871578, 0.20498043186962606, 0.8777197398383308, 0.23467592572172483, 0.8443983934543751, 0.19882843270897865, 0.9614731548009096, 0.24631058424711227, 0.889666470112624], "2": [0.0, 0.0, 0.0, 0.0, 0.0, 0.0, 0.0, 0.0, 0.0, 0.0, 0.0, 0.0, 0.0, 0.0, 0.0, 0.0, 0.0, 0.0, 0.0, 0.0, 0.0, 0.0, 0.0, 0.0, 0.0, 0.0, 0.0, 0.0, 0.0, 0.0, 0.0, 0.0, 0.19881325804938874, 0.963276943454036]}