{"0": [0.35063760665555793, 0.4822208024837353, 0.35161740413556497, 0.47797591951158314, 0.34976207626362643, 0.47608198446256145, 0.0, 0.0, 0.34261269482473533, 0.4727872958889714, 0.3375659789890051, 0.494673267338011, 0.33085547871887677, 0.4968433892285382, 0.3361826496819655, 0.5383398229325259, 0.3286251409600178, 0.5419622052598883, 0.34198817908763884, 0.5671737803353204, 0.3400232094029586, 0.570130808044363, 0.33051263516147933, 0.5662244007543281, 0.3261739857494831, 0.5665361803438929, 0.3339651626845201, 0.6151894531868122, 0.3335526595513026, 0.6138366394572788, 0.33158677897105615, 0.6542811197263223, 0.3360929995670866, 0.669563358874702], "1": [0.0, 0.0, 0.0, 0.0, 0.0, 0.0, 0.5378750443458558, 0.5336758209599389, 0.5539088835318883, 0.5330072570730139, 0.528761748969555, 0.5647395454071186, 0.5629650217791399, 0.5669894821665905, 0.5228857113940951, 0.6094789138546696, 0.5679200384144981, 0.6084250410397848, 0.5320545600106319, 0.6190238821837637, 0.5691709233137469, 0.6465689543220732, 0.5352596018773814, 0.6534598975269883, 0.5571277669941386, 0.6548828648196326, 0.5334557036558787, 0.7137504231046747, 0.5605707971379161, 0.7138738169714257, 0.5277255851775408, 0.7712972217135959, 0.5682674838540455, 0.7811263275091295]}