{"0": [0.218376754814138, 0.7599208506169143, 0.2179481071109573, 0.7528939974528772, 0.0, 0.0, 0.22460544382532438, 0.7439645854411302, 0.0, 0.0, 0.23824490383267402, 0.7586625964553267, 0.24363192419987176, 0.7417764363465486, 0.24020656522153294, 0.8147379483174317, 0.23318660768369834, 0.8078897215701916, 0.2139050583044688, 0.8469370269113117, 0.21254238734642664, 0.8468155168824726, 0.0, 0.0, 0.2912245059854085, 0.8038779084750318, 0.24450645465403795, 0.8649570785186909, 0.0, 0.0, 0.2769417091272771, 0.9251160771758467, 0.27719788352648417, 0.9238053148543394], "1": [0.41306840231021247, 0.5262667344676124, 0.41383852660655973, 0.5213021814271256, 0.0, 0.0, 0.41881579617814474, 0.5216239896085527, 0.4299859282871087, 0.51872734758589, 0.41791091896593574, 0.5518085150875979, 0.4463174077371757, 0.5452129556073083, 0.41478615896776316, 0.592877882498282, 0.4575872711837292, 0.5807157709090798, 0.40189080994265775, 0.6009436042220504, 0.4558854270416001, 0.6115736228172426, 0.42817015089094634, 0.6331954181608228, 0.44877420968065657, 0.6271895744182445, 0.42067156843841075, 0.6791268464591768, 0.45624548856382413, 0.673523571535393, 0.42145265626410644, 0.7328412813168985, 0.46504667835930985, 0.7311356925302082], "2": [0.0, 0.0, 0.0, 0.0, 0.0, 0.0, 0.0, 0.0, 0.0, 0.0, 0.0, 0.0, 0.0, 0.0, 0.0, 0.0, 0.0, 0.0, 0.0, 0.0, 0.0, 0.0, 0.2882997948676348, 0.804441756286003, 0.0, 0.0, 0.0, 0.0, 0.24447743054479362, 0.8632504258994703, 0.24159091326097648, 0.9126550210846796, 0.0, 0.0], "3": [0.0, 0.0, 0.0, 0.0, 0.0, 0.0, 0.0, 0.0, 0.0, 0.0, 0.0, 0.0, 0.0, 0.0, 0.0, 0.0, 0.0, 0.0, 0.0, 0.0, 0.0, 0.0, 0.0, 0.0, 0.0, 0.0, 0.0, 0.0, 0.0, 0.0, 0.0, 0.0, 0.24131215860446295, 0.9106259538067711]}