{"0": [0.6444317526494463, 0.5236060363275034, 0.0, 0.0, 0.6441859734865526, 0.5195592838305014, 0.0, 0.0, 0.6396836419900258, 0.5191970313036883, 0.6336890844007333, 0.5411930720011393, 0.6258232689152161, 0.5376650201501669, 0.6311382659788554, 0.5670292857620451, 0.6197355382144452, 0.5606740604948115, 0.6340561619649331, 0.5793529907862346, 0.6303005549435814, 0.5798941921304773, 0.6259221288065115, 0.612222691266625, 0.6180108833437163, 0.6116089726487796, 0.6436503669945524, 0.6572221200775217, 0.6205551758408546, 0.6849611360717702, 0.6447598658502102, 0.720929366129416, 0.5954757203658422, 0.6965416362992038], "1": [0.0, 0.0, 0.0, 0.0, 0.0, 0.0, 0.4573399879038334, 0.4712535374142505, 0.46891029675801593, 0.47269913929480095, 0.44928945737580456, 0.49629197827091925, 0.47363935442020494, 0.5007737674095013, 0.44133134794731943, 0.5235554029544195, 0.4753888198484978, 0.537919116185771, 0.0, 0.0, 0.48758964240550995, 0.5614532819500675, 0.4558345051792761, 0.5694685448099066, 0.47044926198820275, 0.5721684407304833, 0.4648112910489241, 0.6270810200108422, 0.46908415714278817, 0.631141706749245, 0.47762186800437323, 0.6841921601489674, 0.47865134742956666, 0.6845853458890321], "2": [0.0, 0.0, 0.0, 0.0, 0.0, 0.0, 0.0, 0.0, 0.0, 0.0, 0.0, 0.0, 0.0, 0.0, 0.0, 0.0, 0.0, 0.0, 0.0, 0.0, 0.0, 0.0, 0.0, 0.0, 0.0, 0.0, 0.6212171288828056, 0.6835233672901436, 0.6435907108864437, 0.6565062887138791, 0.5957766386369864, 0.6960116046446341, 0.6450510340432326, 0.7214748189405159]}