{"0": [0.1533708052088817, 0.71945294936498, 0.1551811362306277, 0.7084335991629848, 0.14750677912185592, 0.7144809820033886, 0.1648223449010402, 0.6997954397013894, 0.14248768960436184, 0.7172427411432619, 0.18811220265924933, 0.7298316438578897, 0.14410321780790886, 0.7521529757314258, 0.2128894253323476, 0.7663416204353174, 0.12350940673301619, 0.7572870431122957, 0.22932840424279372, 0.8175787643150046, 0.0898563649194936, 0.7638604265672189, 0.21482240787396828, 0.8381686643317894, 0.18780077521999677, 0.8540607957928269, 0.22520085374514262, 0.9152474849312393, 0.19730070525159438, 0.9307577667412934, 0.2427509748687347, 0.9839180809480172, 0.20318006065984565, 0.9889835346076223], "1": [0.6251138333231211, 0.36911678799876463, 0.6271560679965963, 0.36605089119187106, 0.624029612665375, 0.3642859971081769, 0.0, 0.0, 0.6190620864431065, 0.3615641560819414, 0.6250192813575267, 0.3812000653258077, 0.6114328219865759, 0.3787468411304333, 0.6269503111330171, 0.3999536379619881, 0.606678641680628, 0.40650151857623346, 0.6344885804379979, 0.41022963534902646, 0.6050353725751241, 0.4336630860136615, 0.6237958879520495, 0.42824391965512876, 0.6130156796425581, 0.429667059580485, 0.6263573185230294, 0.46251811197510473, 0.6130616502215465, 0.46241991696534335, 0.6199892510970434, 0.4956629861284185, 0.613941240310669, 0.4989809617952064], "2": [0.0, 0.0, 0.0, 0.0, 0.0, 0.0, 0.0, 0.0, 0.0, 0.0, 0.0, 0.0, 0.0, 0.0, 0.0, 0.0, 0.0, 0.0, 0.0, 0.0, 0.0, 0.0, 0.0, 0.0, 0.0, 0.0, 0.0, 0.0, 0.2255575988441706, 0.9162043033926576, 0.0, 0.0, 0.0, 0.0]}