{"0": [0.0, 0.0, 0.0, 0.0, 0.0, 0.0, 0.4057488724589348, 0.5418338583575355, 0.42157317909101644, 0.5409220768345727, 0.39811929293597736, 0.5778099810635601, 0.43173776135469477, 0.5735955632395214, 0.3966103121638298, 0.6271928506868857, 0.44087374409039815, 0.6060371109732875, 0.3943323469410339, 0.6698789833320512, 0.4418410855034987, 0.6309662699699402, 0.40938850535700716, 0.6650256865554385, 0.4298415572692951, 0.6643025098023592, 0.4036977231502533, 0.7237582041157616, 0.4333315131564935, 0.7361757382198616, 0.4127602331340314, 0.7886374978003678, 0.43815980553627015, 0.7986733118693033], "1": [0.0, 0.0, 0.0, 0.0, 0.0, 0.0, 0.3305920250713825, 0.576873337118714, 0.3463892293473085, 0.5712323497842859, 0.3363386099537214, 0.6065548208024767, 0.35774601201216377, 0.5997530999007048, 0.0, 0.0, 0.0, 0.0, 0.0, 0.0, 0.0, 0.0, 0.365835065767169, 0.6720228147727473, 0.36417700833945793, 0.6696160033191759, 0.3476101192083717, 0.7309334101500975, 0.3432864106761179, 0.729449204515235, 0.3672515533864498, 0.7608797091024894, 0.3623410653322935, 0.7567528581177747], "2": [0.0, 0.0, 0.0, 0.0, 0.0, 0.0, 0.0, 0.0, 0.0, 0.0, 0.3592598311603069, 0.6004749688837263, 0.0, 0.0, 0.3647066360261912, 0.6520044209780517, 0.0, 0.0, 0.3428978268057108, 0.6712836158496363, 0.0, 0.0, 0.0, 0.0, 0.0, 0.0, 0.0, 0.0, 0.0, 0.0, 0.0, 0.0, 0.0, 0.0], "3": [0.0, 0.0, 0.0, 0.0, 0.0, 0.0, 0.0, 0.0, 0.0, 0.0, 0.0, 0.0, 0.0, 0.0, 0.0, 0.0, 0.34347585737705233, 0.6472800703512298, 0.0, 0.0, 0.0, 0.0, 0.0, 0.0, 0.0, 0.0, 0.0, 0.0, 0.0, 0.0, 0.0, 0.0, 0.0, 0.0], "4": [0.0, 0.0, 0.0, 0.0, 0.0, 0.0, 0.0, 0.0, 0.0, 0.0, 0.0, 0.0, 0.0, 0.0, 0.0, 0.0, 0.0, 0.0, 0.0, 0.0, 0.34038824699819087, 0.670827297811155, 0.0, 0.0, 0.0, 0.0, 0.0, 0.0, 0.0, 0.0, 0.0, 0.0, 0.0, 0.0]}