{"0": [0.0, 0.0, 0.0, 0.0, 0.0, 0.0, 0.3596035623922944, 0.48791654772228665, 0.37134272878368696, 0.48368300939047776, 0.35900498876969017, 0.5141062633306892, 0.38297940529882907, 0.5092136580634999, 0.3575770535816749, 0.5505965742799971, 0.3924093215415876, 0.5415150282559571, 0.3510564084475239, 0.5795587007646208, 0.0, 0.0, 0.37277227989397943, 0.580335103030558, 0.3866294536739588, 0.5798575548110185, 0.3699683301150799, 0.6228040085898505, 0.37282872748716417, 0.6256765678800918, 0.38728600057462853, 0.6797888144298836, 0.3870444764693578, 0.6800581249925826], "1": [0.0, 0.0, 0.0, 0.0, 0.0, 0.0, 0.38789553940296173, 0.4771884637850302, 0.3981807297716538, 0.47232648244610537, 0.3938893619148682, 0.4991475539075004, 0.408390282963713, 0.4905097009959044, 0.40195005394828814, 0.5353150204375938, 0.41700242099662616, 0.5240406015404948, 0.40556004419922836, 0.5603681202288027, 0.0, 0.0, 0.41173335090279584, 0.5590840377879362, 0.424507945527633, 0.5569085611237419, 0.3991827053328355, 0.5959044039801314, 0.42699825658928603, 0.6105910026364856, 0.4054732872794072, 0.630693695280287, 0.44871544782072303, 0.6425695357499298], "2": [0.0, 0.0, 0.0, 0.0, 0.0, 0.0, 0.0, 0.0, 0.0, 0.0, 0.0, 0.0, 0.0, 0.0, 0.0, 0.0, 0.0, 0.0, 0.0, 0.0, 0.0, 0.0, 0.0, 0.0, 0.0, 0.0, 0.0, 0.0, 0.40026206225156785, 0.5938358788137083, 0.0, 0.0, 0.0, 0.0], "3": [0.0, 0.0, 0.0, 0.0, 0.0, 0.0, 0.0, 0.0, 0.0, 0.0, 0.0, 0.0, 0.0, 0.0, 0.0, 0.0, 0.0, 0.0, 0.0, 0.0, 0.0, 0.0, 0.0, 0.0, 0.0, 0.0, 0.0, 0.0, 0.0, 0.0, 0.3618631222595772, 0.6607364912827809, 0.0, 0.0], "4": [0.0, 0.0, 0.0, 0.0, 0.0, 0.0, 0.0, 0.0, 0.0, 0.0, 0.0, 0.0, 0.0, 0.0, 0.0, 0.0, 0.0, 0.0, 0.0, 0.0, 0.0, 0.0, 0.0, 0.0, 0.0, 0.0, 0.0, 0.0, 0.0, 0.0, 0.0, 0.0, 0.3612651775280635, 0.6598304598419754]}