{"0": [0.03752449912329515, 0.08981852663887871, 0.0, 0.0, 0.03374097297588984, 0.0826605361920816, 0.0, 0.0, 0.025049349168936412, 0.08600894714947101, 0.0, 0.0, 0.0, 0.0, 0.0, 0.0, 0.0, 0.0, 0.0, 0.0, 0.0, 0.0, 0.0, 0.0, 0.0, 0.0, 0.0, 0.0, 0.0, 0.0, 0.0, 0.0, 0.0, 0.0], "1": [0.0, 0.0, 0.0, 0.0, 0.4629493061453104, 0.5011288634052983, 0.44689623415470126, 0.5056819867204737, 0.45908103783925375, 0.5067483536071248, 0.4367476854473352, 0.5340828469506016, 0.46436032444859543, 0.5430219755128578, 0.42134004222850013, 0.5646576799728253, 0.4700043726712465, 0.5833385904630026, 0.4215931944549084, 0.5610975363740215, 0.4753173906356096, 0.6138943952542765, 0.4390382120385766, 0.6124080919557148, 0.45827530361711977, 0.611474465109684, 0.43732609276970236, 0.6703274304047226, 0.4711953078707059, 0.6600503963452798, 0.43547447472810746, 0.7277563850084942, 0.48793684095144274, 0.7189190014644905], "2": [0.0, 0.0, 0.0, 0.0, 0.0, 0.0, 0.6417283752312263, 0.5770820652997052, 0.6527511652559042, 0.5863247602074234, 0.6286776040991147, 0.5828657458225887, 0.6438347536760072, 0.6177780798739857, 0.610174368803079, 0.5808549561986217, 0.6475004109864433, 0.6688111151810046, 0.59282860464106, 0.5790956302925393, 0.6661578308790922, 0.6696096884983557, 0.6025091687838237, 0.6536600002536067, 0.6190511303332945, 0.6629464058274472, 0.5761118697623412, 0.7004624252793965, 0.6468832318981489, 0.6803048484855228, 0.5474420210657021, 0.7421625879075792, 0.6594987695415815, 0.7285791379434091], "3": [0.0, 0.0, 0.0, 0.0, 0.0, 0.0, 0.0, 0.0, 0.0, 0.0, 0.0, 0.0, 0.0, 0.0, 0.0, 0.0, 0.0, 0.0, 0.0, 0.0, 0.5935834055921684, 0.5776499156598691, 0.0, 0.0, 0.0, 0.0, 0.0, 0.0, 0.0, 0.0, 0.0, 0.0, 0.0, 0.0], "4": [0.0, 0.0, 0.0, 0.0, 0.0, 0.0, 0.0, 0.0, 0.0, 0.0, 0.0, 0.0, 0.0, 0.0, 0.0, 0.0, 0.0, 0.0, 0.0, 0.0, 0.0, 0.0, 0.0, 0.0, 0.0, 0.0, 0.6437352960075562, 0.6749741284935563, 0.0, 0.0, 0.0, 0.0, 0.0, 0.0], "5": [0.0, 0.0, 0.0, 0.0, 0.0, 0.0, 0.0, 0.0, 0.0, 0.0, 0.0, 0.0, 0.0, 0.0, 0.0, 0.0, 0.0, 0.0, 0.0, 0.0, 0.0, 0.0, 0.0, 0.0, 0.0, 0.0, 0.0, 0.0, 0.0, 0.0, 0.0, 0.0, 0.5474409746937454, 0.741994231056284]}