{"0": [0.30127037384857736, 0.5958352022424892, 0.30132061106463276, 0.5881877297052631, 0.0, 0.0, 0.3099434038934608, 0.5800418492820529, 0.0, 0.0, 0.32502169484893473, 0.6090106147306936, 0.3273163278742383, 0.6003227618005541, 0.33500940709685284, 0.6591581750799108, 0.0, 0.0, 0.3249452322721481, 0.6915075962190275, 0.0, 0.0, 0.33461890878776707, 0.6935505010463572, 0.3338000276697087, 0.6909079091947228, 0.3241479158401489, 0.7654561258024639, 0.33041354870999323, 0.7616566129853926, 0.33434052802622316, 0.834396223227183, 0.3343616594870885, 0.8334006623951373], "1": [0.7180021477863191, 0.49197474867105484, 0.7211791233470043, 0.4853766510470046, 0.7166542522609234, 0.48697482502018963, 0.7253795191645622, 0.48391015739352616, 0.713904333114624, 0.48714533823507805, 0.7355850823068371, 0.5121699160999722, 0.7122175271312395, 0.5079651738758441, 0.7424820595731337, 0.5476191339669405, 0.7076607615997393, 0.5376842012559926, 0.74432605355978, 0.5815823833285658, 0.700890078023076, 0.5582342284697073, 0.7246092539280653, 0.590258032745785, 0.7091947432607413, 0.5854009509086608, 0.7232924764665465, 0.64550700629199, 0.7062611818255391, 0.6366910303080522, 0.7392503950123985, 0.7028806417076676, 0.7031145270913839, 0.6872418019506665], "2": [0.0, 0.0, 0.0, 0.0, 0.0, 0.0, 0.0, 0.0, 0.0, 0.0, 0.0, 0.0, 0.0, 0.0, 0.0, 0.0, 0.3249362795303265, 0.6580934813729039, 0.0, 0.0, 0.3218114032099644, 0.6915230616375251, 0.0, 0.0, 0.0, 0.0, 0.0, 0.0, 0.0, 0.0, 0.0, 0.0, 0.0, 0.0], "3": [0.0, 0.0, 0.0, 0.0, 0.0, 0.0, 0.0, 0.0, 0.0, 0.0, 0.0, 0.0, 0.0, 0.0, 0.0, 0.0, 0.0, 0.0, 0.0, 0.0, 0.0, 0.0, 0.0, 0.0, 0.0, 0.0, 0.0, 0.0, 0.0, 0.0, 0.36852229468834896, 0.7932546847396427, 0.0, 0.0], "4": [0.0, 0.0, 0.0, 0.0, 0.0, 0.0, 0.0, 0.0, 0.0, 0.0, 0.0, 0.0, 0.0, 0.0, 0.0, 0.0, 0.0, 0.0, 0.0, 0.0, 0.0, 0.0, 0.0, 0.0, 0.0, 0.0, 0.0, 0.0, 0.0, 0.0, 0.0, 0.0, 0.3681356800720096, 0.7935181997440479]}