{"0": [0.6699999410659075, 0.4641392222157231, 0.671515697489182, 0.45778342882792156, 0.6682640184027453, 0.46037599753450464, 0.6782037230829397, 0.4540939587133902, 0.0, 0.0, 0.6906470653911432, 0.48263825332676924, 0.6764590951303641, 0.48311922506049826, 0.6987436019505063, 0.5211799553147068, 0.6737911908576887, 0.5114144181763685, 0.7008443035185337, 0.5582072145409054, 0.6615672698865335, 0.5250656242723818, 0.6860005960489313, 0.5564457950768648, 0.676764119292299, 0.5527867361351296, 0.6793782840172449, 0.600933908312409, 0.675515748312076, 0.6006406940795758, 0.6801132804403702, 0.6521519373964381, 0.6798590713491043, 0.651000910114359], "1": [0.27801316007971766, 0.6686403100137357, 0.0, 0.0, 0.2767046433252593, 0.6631305066937649, 0.0, 0.0, 0.2705681004871925, 0.6656271122120044, 0.2508201465010643, 0.6875615058121858, 0.263708841179808, 0.7084752475773847, 0.2530362591768304, 0.7679261005587048, 0.252851548915108, 0.7711178578712321, 0.0, 0.0, 0.24583394428094227, 0.8131620230498138, 0.26987987521595547, 0.8202365660218143, 0.26521981209516526, 0.8228517644935185, 0.2815577298402786, 0.9020528042757953, 0.2630948446691036, 0.8896955558547267, 0.2918178927153349, 0.9615018632676866, 0.0, 0.0], "2": [0.0, 0.0, 0.0, 0.0, 0.0, 0.0, 0.0, 0.0, 0.0, 0.0, 0.0, 0.0, 0.0, 0.0, 0.0, 0.0, 0.0, 0.0, 0.0, 0.0, 0.0, 0.0, 0.0, 0.0, 0.0, 0.0, 0.26336283000806965, 0.8883707510100469, 0.2808012720818321, 0.9023104647795359, 0.24289212357252837, 0.9259490523073408, 0.292362567037344, 0.9622696982489691]}