{"0": [0.0, 0.0, 0.0, 0.0, 0.0, 0.0, 0.49770865292909244, 0.4899488232753895, 0.5095958108703296, 0.4883115733111346, 0.48978835248077907, 0.5140302223187906, 0.5163027933488289, 0.5137939181592728, 0.4753344907114903, 0.5320073061519198, 0.5307554341542224, 0.5414551169783981, 0.47533390546838444, 0.5508770156789708, 0.5298285904030006, 0.5694153913745174, 0.5003058406213919, 0.5854930727570146, 0.5141265180582801, 0.5825355930460824, 0.0, 0.0, 0.5163167878985405, 0.6412481198708216, 0.49555842416981855, 0.6463821217969612, 0.5336030130585034, 0.6936432325177722], "1": [0.0, 0.0, 0.0, 0.0, 0.0, 0.0, 0.6532259956002235, 0.47629448815628334, 0.6608244163915517, 0.48226195551730966, 0.6443359556297461, 0.4889545639355977, 0.6595228532950084, 0.49682742401405616, 0.6284199293702841, 0.5092575908811005, 0.6573351273934046, 0.5227595599713148, 0.6174156077206134, 0.5367222969454748, 0.6562634198518935, 0.5499044358730316, 0.6292720075696708, 0.5283651904927361, 0.638635157669584, 0.5315231596982037, 0.6499945595860481, 0.5736466242759316, 0.6516929696624477, 0.5758738614894726, 0.6295220461984475, 0.5913179775079092, 0.627609053067863, 0.5924746685557896], "2": [0.0, 0.0, 0.0, 0.0, 0.0, 0.0, 0.0, 0.0, 0.0, 0.0, 0.0, 0.0, 0.0, 0.0, 0.0, 0.0, 0.0, 0.0, 0.0, 0.0, 0.0, 0.0, 0.0, 0.0, 0.0, 0.0, 0.5145373511360958, 0.6421355291649148, 0.0, 0.0, 0.5337582514931758, 0.692800189320136, 0.0, 0.0], "3": [0.0, 0.0, 0.0, 0.0, 0.0, 0.0, 0.0, 0.0, 0.0, 0.0, 0.0, 0.0, 0.0, 0.0, 0.0, 0.0, 0.0, 0.0, 0.0, 0.0, 0.0, 0.0, 0.0, 0.0, 0.0, 0.0, 0.6438031617163991, 0.5413913629673145, 0.0, 0.0, 0.0, 0.0, 0.0, 0.0]}