{"0": [0.6132782784601053, 0.48094629049301146, 0.614608633335835, 0.47485202263902737, 0.0, 0.0, 0.6212177123874426, 0.4747131131313465, 0.0, 0.0, 0.6322533865148823, 0.5000884981756961, 0.6260190637161335, 0.49770372951472247, 0.6241237262884776, 0.5359054362332379, 0.6184107730786006, 0.539434469629217, 0.6004397790879011, 0.5447123593202343, 0.6013097674275438, 0.5433917225510986, 0.6364845994859933, 0.5650912478014275, 0.6249515290061632, 0.5606955857188614, 0.6393064556022486, 0.6195963419146008, 0.608758765583237, 0.6042713374451355, 0.6486068613827228, 0.6677224600756609, 0.6031929152707257, 0.6554300556580226], "1": [0.0, 0.0, 0.0, 0.0, 0.0, 0.0, 0.3990047520647446, 0.5706687600524337, 0.4151280311246713, 0.5704969525337219, 0.39164186269044876, 0.6096957978275087, 0.4242237829913696, 0.6048120254719699, 0.38431895164151986, 0.663682858756295, 0.4289829429239035, 0.6330021403178021, 0.3742529022196929, 0.6994828686118126, 0.0, 0.0, 0.39428410747398934, 0.7048304467289536, 0.41698947896560035, 0.7045719199710422, 0.3756751225640376, 0.7518288874429547, 0.4216583480437597, 0.7686777891936125, 0.3858982486339907, 0.8283015966415406, 0.4272165744565427, 0.8270660424673999], "2": [0.0, 0.0, 0.0, 0.0, 0.0, 0.0, 0.0, 0.0, 0.0, 0.0, 0.04101065670450529, 0.07853356721224608, 0.0, 0.0, 0.0, 0.0, 0.0, 0.0, 0.0, 0.0, 0.0, 0.0, 0.0, 0.0, 0.0, 0.0, 0.0, 0.0, 0.0, 0.0, 0.0, 0.0, 0.0, 0.0], "3": [0.0, 0.0, 0.0, 0.0, 0.0, 0.0, 0.0, 0.0, 0.0, 0.0, 0.0, 0.0, 0.0, 0.0, 0.0, 0.0, 0.0, 0.0, 0.6195865919192632, 0.515908634993765, 0.0, 0.0, 0.0, 0.0, 0.0, 0.0, 0.0, 0.0, 0.0, 0.0, 0.0, 0.0, 0.0, 0.0], "4": [0.0, 0.0, 0.0, 0.0, 0.0, 0.0, 0.0, 0.0, 0.0, 0.0, 0.0, 0.0, 0.0, 0.0, 0.0, 0.0, 0.0, 0.0, 0.0, 0.0, 0.6186566218733788, 0.517945017196514, 0.0, 0.0, 0.0, 0.0, 0.0, 0.0, 0.0, 0.0, 0.0, 0.0, 0.0, 0.0]}