{"0": [0.0, 0.0, 0.0, 0.0, 0.0, 0.0, 0.5331382983674605, 0.5071089901306011, 0.5428268227726221, 0.5051103210007702, 0.5280728381127119, 0.5321957296795315, 0.5506071674327055, 0.5293771068255106, 0.5231981321548422, 0.5679295992409741, 0.5531747748454412, 0.563311470437933, 0.5193289096156756, 0.5980050242609448, 0.5514462177952131, 0.5841671405015169, 0.5301492522160213, 0.5992272628678215, 0.5440217176141838, 0.5977379570404688, 0.5360815290982525, 0.6481124656999276, 0.5394932124220456, 0.648926757938332, 0.5285306848585606, 0.684439809013296, 0.5283800827960173, 0.6860652518493158], "1": [0.0, 0.0, 0.0, 0.0, 0.0, 0.0, 0.5554085470736027, 0.476182801855935, 0.5672437256822983, 0.47482465306917826, 0.552685865201056, 0.50247336074158, 0.5713601119816303, 0.5035334388415019, 0.5518282145261765, 0.5463965561654832, 0.573772645679613, 0.5448198591393453, 0.0, 0.0, 0.5822294556225339, 0.5780013177129959, 0.5588718555867672, 0.5764111313554976, 0.5698963377624751, 0.5787187344498105, 0.5675373659779628, 0.6252922554810841, 0.576005965967973, 0.627946760698601, 0.5632572943965594, 0.6711379372963199, 0.5686031977025171, 0.6690101300124769]}