{"0": [0.3335172070811192, 0.5742224263372244, 0.33447990839680036, 0.5687523563702901, 0.3312761017024362, 0.5697659545474583, 0.3413305799166361, 0.5635674834251404, 0.0, 0.0, 0.35522980441649754, 0.5819458681124229, 0.34343853819494446, 0.5821086475694621, 0.36110916019727785, 0.6234875703299487, 0.3445176968971888, 0.6159021434960542, 0.3514286729196707, 0.6508546423029017, 0.3367361805091302, 0.622455859846539, 0.3747475308676561, 0.6419280042250951, 0.364677297269615, 0.6404648902239622, 0.3414293165008227, 0.6720336427291235, 0.3414056441436211, 0.6716793888145023, 0.32817859997351967, 0.7403565481857017, 0.32861706291635834, 0.7355303402300234], "1": [0.0, 0.0, 0.0, 0.0, 0.0, 0.0, 0.396643198778232, 0.5120887595194358, 0.41188076697289944, 0.5074056651857164, 0.39404645257939896, 0.5486044468703093, 0.42027435985704265, 0.5331161242944223, 0.3942638576651613, 0.58749002052678, 0.4309690428587298, 0.5016915012288976, 0.0, 0.0, 0.41821608425428475, 0.4780255737679976, 0.40497664908568065, 0.6237224212399235, 0.4241887841373682, 0.6169712399994886, 0.40552488826215266, 0.6798891886516853, 0.43452254695196946, 0.6692185085128856, 0.4013729916885495, 0.7386437004363096, 0.45199481532908975, 0.728653151790301], "2": [0.0, 0.0, 0.0, 0.0, 0.0, 0.0, 0.0, 0.0, 0.0, 0.0, 0.0, 0.0, 0.0, 0.0, 0.0, 0.0, 0.0, 0.0, 0.41680511434872947, 0.4791747854815589, 0.0, 0.0, 0.0, 0.0, 0.0, 0.0, 0.0, 0.0, 0.0, 0.0, 0.0, 0.0, 0.0, 0.0], "3": [0.0, 0.0, 0.0, 0.0, 0.0, 0.0, 0.0, 0.0, 0.0, 0.0, 0.0, 0.0, 0.0, 0.0, 0.0, 0.0, 0.0, 0.0, 0.0, 0.0, 0.0, 0.0, 0.0, 0.0, 0.0, 0.0, 0.0, 0.0, 0.0, 0.0, 0.40308744050562384, 0.6934196318189303, 0.0, 0.0]}