{"0": [0.6745272601644198, 0.47052573408517573, 0.6771590148642038, 0.4645281650401928, 0.6712376599510511, 0.4658505426512824, 0.681438110396266, 0.46319100372493266, 0.6675619048376878, 0.46762621579346836, 0.6882827421029408, 0.4881330410639445, 0.6611789212251703, 0.4935154096947776, 0.6975873178181549, 0.5144151647609693, 0.655862748529762, 0.528574855239303, 0.6944434329867363, 0.5498771022867274, 0.6536505440870921, 0.5602997727968074, 0.682874529560407, 0.5590771593153476, 0.6659269239753485, 0.5593951126215634, 0.6829501446336508, 0.6114305427228963, 0.6675865045438211, 0.6111347060840301, 0.681386106600985, 0.6593011827380569, 0.6705802813172339, 0.6584707191696874], "1": [0.10038104156653087, 0.7183233115408155, 0.10586166322852174, 0.7116516755686866, 0.0, 0.0, 0.11973019763827324, 0.7209359935036412, 0.0, 0.0, 0.12763088314483564, 0.7813477160754028, 0.10343107444544633, 0.7509831306559068, 0.12750431168824433, 0.848742076644191, 0.07784268756707509, 0.7076201319280598, 0.09643670320510864, 0.8301949710757645, 0.07888667620718479, 0.6658200904175088, 0.13496941504999996, 0.8903587226514463, 0.11090669026598335, 0.8897898031605614, 0.1371326153477033, 0.9594806348422059, 0.11719558673600355, 0.9665653633643632, 0.0, 0.0, 0.0, 0.0], "2": [0.0, 0.0, 0.0, 0.0, 0.0, 0.0, 0.0, 0.0, 0.0, 0.0, 0.0, 0.0, 0.0, 0.0, 0.0, 0.0, 0.09544973572095235, 0.7308534127694589, 0.0, 0.0, 0.0, 0.0, 0.0, 0.0, 0.0, 0.0, 0.0, 0.0, 0.0, 0.0, 0.0, 0.0, 0.0, 0.0], "3": [0.0, 0.0, 0.0, 0.0, 0.0, 0.0, 0.0, 0.0, 0.0, 0.0, 0.0, 0.0, 0.0, 0.0, 0.0, 0.0, 0.0, 0.0, 0.0791294070581595, 0.6642179464852368, 0.0, 0.0, 0.0, 0.0, 0.0, 0.0, 0.0, 0.0, 0.0, 0.0, 0.0, 0.0, 0.0, 0.0], "4": [0.0, 0.0, 0.0, 0.0, 0.0, 0.0, 0.0, 0.0, 0.0, 0.0, 0.0, 0.0, 0.0, 0.0, 0.0, 0.0, 0.0, 0.0, 0.0, 0.0, 0.0, 0.0, 0.0, 0.0, 0.0, 0.0, 0.15943737756460902, 0.9797815216912164, 0.0, 0.0, 0.0, 0.0, 0.0, 0.0]}