{"0": [0.7426800182710092, 0.491823898366204, 0.7448989982406299, 0.48663393281124256, 0.7399479156670471, 0.48532550988925827, 0.0, 0.0, 0.7317765959228079, 0.4824198868539598, 0.7363260858381788, 0.5072848983108997, 0.724674021328489, 0.5072375634064277, 0.7371276358763377, 0.5397218587221922, 0.7306840710341931, 0.5384653126751935, 0.7508586281289656, 0.543968798937621, 0.7481838398302595, 0.5500157962242762, 0.7319006294012069, 0.5811438757236357, 0.7208144802600145, 0.580822384302263, 0.7326843132575352, 0.6374708661326656, 0.7177186377967397, 0.6406704489141702, 0.7300426149119933, 0.6868682114062485, 0.6980302087108915, 0.6809992715164467], "1": [0.0, 0.0, 0.0, 0.0, 0.0, 0.0, 0.39303107441713414, 0.5722656479588262, 0.40915269727508224, 0.5710191051165263, 0.38458397140105566, 0.6074079517964962, 0.4216402985155582, 0.6062703322481225, 0.377787447720766, 0.6607321719328563, 0.42994495791693527, 0.6322231138194049, 0.3726307929493487, 0.6987082193295161, 0.4242481955637534, 0.6137426764876754, 0.39302012243618567, 0.700181193470403, 0.41624506836136177, 0.7000861458894281, 0.39486591493089995, 0.7529457106634423, 0.41713506119946636, 0.7595041744686939, 0.39852499794214963, 0.8071245751999042, 0.41998714121679465, 0.8260653080901614]}