{"0": [0.6570811589558919, 0.5876871229321868, 0.0, 0.0, 0.6558229184088608, 0.5820521976108904, 0.0, 0.0, 0.6472597740590571, 0.5841669727254797, 0.6408706060300271, 0.6013674941327837, 0.6388791071871917, 0.6045844816499286, 0.6431283809865515, 0.6334939283905205, 0.0, 0.0, 0.6469642678896587, 0.6392562214975004, 0.0, 0.0, 0.6338244182368119, 0.6677975919511583, 0.6163374488552411, 0.6635904068196261, 0.6505243272831042, 0.7258068532855423, 0.6058430527647336, 0.7095830572976007, 0.6658129945397377, 0.7890249473767148, 0.0, 0.0], "1": [0.4867118337502082, 0.4724125001165602, 0.0, 0.0, 0.4854571049412092, 0.46819875240325926, 0.4719631474465132, 0.46712859780700117, 0.48023486460248627, 0.47038165979622, 0.46679088398814195, 0.4896112413318069, 0.4825369502107302, 0.49819374879201256, 0.44993836879730226, 0.5148433754237851, 0.4834755163639784, 0.5366511472673328, 0.46130653998504084, 0.5377054768579977, 0.49250314918657145, 0.5663301170424179, 0.4631268486380577, 0.5658364693323771, 0.47611523686597745, 0.5688426070743137, 0.468649089957277, 0.6280627489089966, 0.4911797146002452, 0.6142069494282757, 0.46158491447567934, 0.6918570215503375, 0.4842190599689881, 0.6766651577419704], "2": [0.0, 0.0, 0.0, 0.0, 0.0, 0.0, 0.0, 0.0, 0.0, 0.0, 0.0, 0.0, 0.0, 0.0, 0.0, 0.0, 0.4508954765896002, 0.5141099310583539, 0.0, 0.0, 0.0, 0.0, 0.0, 0.0, 0.0, 0.0, 0.0, 0.0, 0.0, 0.0, 0.0, 0.0, 0.0, 0.0], "3": [0.0, 0.0, 0.0, 0.0, 0.0, 0.0, 0.0, 0.0, 0.0, 0.0, 0.0, 0.0, 0.0, 0.0, 0.0, 0.0, 0.0, 0.0, 0.0, 0.0, 0.46200728019078574, 0.5380574826841001, 0.0, 0.0, 0.0, 0.0, 0.0, 0.0, 0.0, 0.0, 0.0, 0.0, 0.0, 0.0], "4": [0.0, 0.0, 0.0, 0.0, 0.0, 0.0, 0.0, 0.0, 0.0, 0.0, 0.0, 0.0, 0.0, 0.0, 0.0, 0.0, 0.0, 0.0, 0.0, 0.0, 0.0, 0.0, 0.0, 0.0, 0.0, 0.0, 0.0, 0.0, 0.0, 0.0, 0.0, 0.0, 0.5801233897606531, 0.7125735179141716]}