{"0": [0.0, 0.0, 0.0, 0.0, 0.0, 0.0, 0.30034065010646976, 0.6173926425200922, 0.3159998536109924, 0.6089134439274118, 0.30678356687227887, 0.656630030605528, 0.331666784423093, 0.6351085119777256, 0.3043169519553582, 0.7156371271168743, 0.34778104987926783, 0.6721402351503019, 0.29476711253325144, 0.7602041743419788, 0.0, 0.0, 0.3335122046371301, 0.7313443826304541, 0.3485021551450094, 0.7290747695498996, 0.3125606179237366, 0.7998301104263023, 0.315076952924331, 0.7972883620747814, 0.32977498322725296, 0.869176846632251, 0.3303664492443204, 0.8705919361500829], "1": [0.0, 0.0, 0.0, 0.0, 0.0, 0.0, 0.41914348285645253, 0.5429473807414373, 0.43388407838841275, 0.540203767131876, 0.41845524714638793, 0.5814864913005968, 0.44476822403570015, 0.5712513093595152, 0.41381781256447236, 0.624273231515178, 0.45222870937238135, 0.603988823791345, 0.4016070586939653, 0.6412552533878221, 0.44456413984298704, 0.6223821105780425, 0.4307215612381697, 0.6535873064288386, 0.4477467950899154, 0.6487226804097493, 0.40616152780906606, 0.6918202967003539, 0.45234592494865267, 0.6864883323510489, 0.4100538887083531, 0.7618786630807101, 0.4712484156092008, 0.7320984738844412], "2": [0.0, 0.0, 0.0, 0.0, 0.0, 0.0, 0.0, 0.0, 0.0, 0.0, 0.0, 0.0, 0.0, 0.0, 0.0, 0.0, 0.0, 0.0, 0.0, 0.0, 0.0, 0.0, 0.0, 0.0, 0.0, 0.0, 0.0, 0.0, 0.0, 0.0, 0.28706420411666234, 0.8431786669625176, 0.0, 0.0]}