{"0": [0.45885790238777796, 0.5299279245789404, 0.46158031498392427, 0.5235029233826533, 0.4561486364652713, 0.5240811897648705, 0.47003919271131356, 0.522129974976458, 0.0, 0.0, 0.476302524159352, 0.5509316771118729, 0.46162933024267355, 0.5508534246020848, 0.4887715882311265, 0.5927321365586034, 0.4706709937502941, 0.5960406905247105, 0.484789433516562, 0.638874316657031, 0.4710148101051648, 0.6229142023457421, 0.48541557664915064, 0.6327250594894092, 0.47802314975609383, 0.6323069018346292, 0.0, 0.0, 0.4736589700604478, 0.6864669005076091, 0.5043091776470344, 0.7219814149593865, 0.0, 0.0], "1": [0.43853441004951793, 0.46640800458413584, 0.43843985597292584, 0.4625723847360522, 0.43655760002632943, 0.46219092033527515, 0.0, 0.0, 0.43147562389882904, 0.4662217793641267, 0.43206882619609427, 0.4878731893168555, 0.4270660947794871, 0.49022274679607813, 0.433369135359923, 0.5268026932522103, 0.4172926896562179, 0.5263869320904767, 0.0, 0.0, 0.43134019122614214, 0.5648446332525324, 0.42985063008964064, 0.5650196684731378, 0.4245209033290545, 0.56544955196204, 0.4344023300955693, 0.6226210883370152, 0.42970646011332664, 0.6250872790813448, 0.41700488014934434, 0.6686483346517211, 0.40741128586232656, 0.6735754061628271], "2": [0.0, 0.0, 0.0, 0.0, 0.0, 0.0, 0.0, 0.0, 0.0, 0.0, 0.0, 0.0, 0.0, 0.0, 0.0, 0.0, 0.0, 0.0, 0.0, 0.0, 0.0, 0.0, 0.0, 0.0, 0.0, 0.0, 0.4737707714239756, 0.6882929124214031, 0.4913265022138754, 0.6803942854757662, 0.4765016202504436, 0.7522827187622035, 0.504908295472463, 0.7213606396758998]}