{"0": [0.6679822462921341, 0.5778566422285857, 0.0, 0.0, 0.6684456067780654, 0.5737475090280727, 0.0, 0.0, 0.6636083271354437, 0.5686631619930267, 0.6577364737788837, 0.5712746737179932, 0.6536540602644286, 0.5739009054032741, 0.0, 0.0, 0.644369194842875, 0.6094422337081697, 0.0, 0.0, 0.0, 0.0, 0.6348906364912789, 0.5974925888909234, 0.6284979667514563, 0.5960806763558477, 0.6436249809727693, 0.6471098144849142, 0.6344810571521521, 0.6498044956613471, 0.6441069906887908, 0.6879890424233895, 0.6286607810606559, 0.7127157032489777], "1": [0.0, 0.0, 0.0, 0.0, 0.0, 0.0, 0.36551063557465874, 0.5726622373969468, 0.3815294518135488, 0.5728762734819342, 0.35678573343902825, 0.6112670667193554, 0.3922606018682321, 0.6150973889562819, 0.34479233995079994, 0.6599699976267638, 0.39358646241016687, 0.6491181056808543, 0.3416236709803343, 0.6579601468863311, 0.0, 0.0, 0.35876985217134155, 0.7043367840625622, 0.3819461039577921, 0.7070159037907918, 0.35429417540629704, 0.7643671110824303, 0.38114366996257254, 0.7737421122414094, 0.3494730059057475, 0.8290114654435052, 0.3852381973527372, 0.8348982165257136], "2": [0.0, 0.0, 0.0, 0.0, 0.0, 0.0, 0.0, 0.0, 0.0, 0.0, 0.0, 0.0, 0.0, 0.0, 0.0, 0.0, 0.0, 0.0, 0.0, 0.0, 0.640835577622056, 0.608830346222277, 0.0, 0.0, 0.0, 0.0, 0.0, 0.0, 0.0, 0.0, 0.0, 0.0, 0.0, 0.0], "3": [0.0, 0.0, 0.0, 0.0, 0.0, 0.0, 0.0, 0.0, 0.0, 0.0, 0.0, 0.0, 0.0, 0.0, 0.0, 0.0, 0.0, 0.0, 0.0, 0.0, 0.0, 0.0, 0.0, 0.0, 0.0, 0.0, 0.0, 0.0, 0.0, 0.0, 0.0, 0.0, 0.6439102441072464, 0.6897470028312118]}