{"0": [0.0, 0.0, 0.0, 0.0, 0.0, 0.0, 0.4741666701932748, 0.5543490138318804, 0.4883466293414434, 0.5539814110155459, 0.466225295762221, 0.5848334422817938, 0.4978918230199876, 0.5878765632708868, 0.4553030333171289, 0.6226075106196933, 0.5026876790449024, 0.6279194571353771, 0.4555700020243724, 0.6537885813801377, 0.0, 0.0, 0.47258574798082315, 0.6714118550221125, 0.49347381700451176, 0.6661652156600246, 0.0, 0.0, 0.5061575426875303, 0.690906826986207, 0.0, 0.0, 0.5270395322702826, 0.723337432300603], "1": [0.0, 0.0, 0.0, 0.0, 0.0, 0.0, 0.3979906779791539, 0.5501102275318569, 0.4135476160173615, 0.5456148586891315, 0.399762067074577, 0.5909223287193864, 0.43031796837846437, 0.5766921555554425, 0.40008096918463715, 0.6395217314914421, 0.44662499179442716, 0.6198431315245452, 0.3954997037847836, 0.6811009195115831, 0.0, 0.0, 0.4178969414283832, 0.6710165469734757, 0.43918202736725415, 0.6629157599061728, 0.4068701190253099, 0.7331540858304059, 0.4453146486232678, 0.7163907989307686, 0.4064113785357525, 0.8039167363748507, 0.4571959560737014, 0.7746529105084914], "2": [0.0, 0.0, 0.0, 0.0, 0.0, 0.0, 0.0, 0.0, 0.0, 0.0, 0.0, 0.0, 0.0, 0.0, 0.0, 0.0, 0.0, 0.0, 0.0, 0.0, 0.4516950855652491, 0.6476693215745467, 0.0, 0.0, 0.0, 0.0, 0.0, 0.0, 0.0, 0.0, 0.0, 0.0, 0.0, 0.0], "3": [0.0, 0.0, 0.0, 0.0, 0.0, 0.0, 0.0, 0.0, 0.0, 0.0, 0.0, 0.0, 0.0, 0.0, 0.0, 0.0, 0.0, 0.0, 0.0, 0.0, 0.0, 0.0, 0.0, 0.0, 0.0, 0.0, 0.0, 0.0, 0.0, 0.0, 0.0, 0.0, 0.5417119172712167, 0.7499563376108805]}