{"0": [0.2791005961596966, 0.5588751797598821, 0.2839981441696485, 0.555095002827821, 0.2806713035330176, 0.5526740419643896, 0.2932393798604608, 0.5650492568810781, 0.0, 0.0, 0.3016124242295822, 0.6018566713288979, 0.2760933948059876, 0.5948096648410515, 0.302549642448624, 0.6481222333938436, 0.27067042713363965, 0.6432547688484191, 0.28145368411205707, 0.6376811678762789, 0.26846219316745795, 0.6777879973606172, 0.299219045539697, 0.6854932796348024, 0.2846080849568049, 0.6848681902719869, 0.29294014852494, 0.7462133846901082, 0.0, 0.0, 0.31335139150420827, 0.7845250332797015, 0.2822434815267722, 0.8305890560150146], "1": [0.44771559205837547, 0.4836245977216297, 0.4520154116675258, 0.4803527708406802, 0.44715165520707767, 0.4775501409476554, 0.4577275800208251, 0.48702329915982706, 0.44517711773514745, 0.47889465005309495, 0.45663729356601834, 0.515489195452796, 0.44312333868195614, 0.5065460364575739, 0.458354206631581, 0.5562396592564053, 0.44600020572543136, 0.5476217243406508, 0.44371127280949924, 0.5709462682406107, 0.43763299683729806, 0.5666713634135063, 0.45255781821906566, 0.5889436414327335, 0.4482640498628219, 0.5857731024424235, 0.45069743394851686, 0.6428607534479212, 0.4511930059020718, 0.6417290693079983, 0.46026391989241044, 0.694443843541322, 0.4597921169052521, 0.6931064473258124], "2": [0.0, 0.0, 0.0, 0.0, 0.0, 0.0, 0.0, 0.0, 0.0, 0.0, 0.0, 0.0, 0.0, 0.0, 0.0, 0.0, 0.0, 0.0, 0.0, 0.0, 0.268888973351568, 0.6335719822733491, 0.0, 0.0, 0.0, 0.0, 0.0, 0.0, 0.0, 0.0, 0.0, 0.0, 0.0, 0.0], "3": [0.0, 0.0, 0.0, 0.0, 0.0, 0.0, 0.0, 0.0, 0.0, 0.0, 0.0, 0.0, 0.0, 0.0, 0.0, 0.0, 0.0, 0.0, 0.0, 0.0, 0.0, 0.0, 0.0, 0.0, 0.0, 0.0, 0.0, 0.0, 0.2940879637375474, 0.7449850181738535, 0.0, 0.0, 0.3142455294728279, 0.7843911936989536], "4": [0.0, 0.0, 0.0, 0.0, 0.0, 0.0, 0.0, 0.0, 0.0, 0.0, 0.0, 0.0, 0.0, 0.0, 0.0, 0.0, 0.0, 0.0, 0.0, 0.0, 0.0, 0.0, 0.0, 0.0, 0.0, 0.0, 0.0, 0.0, 0.0, 0.0, 0.2822199093798796, 0.8312065318778709, 0.0, 0.0]}