{"0": [0.315678205092748, 0.6170309689309862, 0.3157578773796558, 0.6112495604488585, 0.3134135611355305, 0.6106595504615041, 0.0, 0.0, 0.303581432501475, 0.6145621692692792, 0.3008692570385285, 0.6529592878295504, 0.2932744724208262, 0.6521909090572313, 0.3061348880097891, 0.7128432627077456, 0.3038690694918235, 0.7158331215381623, 0.0, 0.0, 0.31674299339453377, 0.7598880249592994, 0.2999538371960322, 0.7542738316235719, 0.30339634952445826, 0.7559041146878843, 0.29978618373473487, 0.8201322246480871, 0.3164075198272863, 0.8154559391516226, 0.27592061286171277, 0.8922449888178596, 0.3300300002098083, 0.8716433982054392], "1": [0.0, 0.0, 0.0, 0.0, 0.0, 0.0, 0.7745828288296859, 0.640458394476661, 0.7927337181443969, 0.6445514361063639, 0.7623033512383699, 0.6721726778480742, 0.7999418971439203, 0.6871641344494289, 0.7520704167002502, 0.7258407250598625, 0.8147671273288627, 0.7310154028512813, 0.0, 0.0, 0.826535316494604, 0.7631894837926936, 0.7646012700880722, 0.7877803304681071, 0.7912150587886572, 0.7916936797124369, 0.7646207345106328, 0.8607981845184609, 0.7841528857747713, 0.846727857324812, 0.7622563305000463, 0.944502457762482, 0.7811378916958347, 0.8920528582952639], "2": [0.0, 0.0, 0.0, 0.0, 0.0, 0.0, 0.0, 0.0, 0.0, 0.0, 0.0, 0.0, 0.0, 0.0, 0.0, 0.0, 0.27885029601554073, 0.6843084042270978, 0.0, 0.0, 0.2894585641023392, 0.7096039434274037, 0.0, 0.0, 0.0, 0.0, 0.0, 0.0, 0.0, 0.0, 0.0, 0.0, 0.0, 0.0], "3": [0.0, 0.0, 0.0, 0.0, 0.0, 0.0, 0.0, 0.0, 0.0, 0.0, 0.0, 0.0, 0.0, 0.0, 0.0, 0.0, 0.0, 0.0, 0.0, 0.0, 0.0, 0.0, 0.0, 0.0, 0.0, 0.0, 0.0, 0.0, 0.0, 0.0, 0.0, 0.0, 0.7620042103032271, 0.9438140579395824]}