{"0": [0.3812612956467395, 0.49735019229076527, 0.3845610984911521, 0.4945243919337237, 0.379828559483091, 0.49285961182581056, 0.0, 0.0, 0.3734789540991187, 0.48518151821939415, 0.3829164680093527, 0.5028939843177795, 0.36126452094564837, 0.5015599436230129, 0.38652804295221965, 0.5345405969354842, 0.35605083691577116, 0.5369093099540031, 0.3941294433238606, 0.5590292775658546, 0.37013909307618936, 0.5534235550297631, 0.37089144612352054, 0.5655880360691635, 0.3565161590464413, 0.5660811636734892, 0.3759357430040836, 0.6154498095865603, 0.3598306051765879, 0.6200239481749358, 0.37797080520540477, 0.664771909404684, 0.3497703015804291, 0.6799889840461589], "1": [0.0, 0.0, 0.0, 0.0, 0.0, 0.0, 0.5603254397554944, 0.5336567644719724, 0.5750702963521083, 0.5363417546506282, 0.5486018520469467, 0.563593754503462, 0.5808000534772872, 0.5711938509234675, 0.5394883536112806, 0.5971555290398776, 0.5851868516920755, 0.6090092731846704, 0.5477007802731048, 0.5995495014720493, 0.0, 0.0, 0.5535949600239595, 0.6553346775886085, 0.5760515632728735, 0.6564960697182902, 0.5482783610001206, 0.7145651234244857, 0.5796569722394148, 0.7150755456752247, 0.5429921738803387, 0.7754432714647717, 0.5859892887994647, 0.7695098934350191]}