{"0": [0.6303528006499012, 0.4676923325768224, 0.6319131682937343, 0.46401643620596994, 0.6299586191773414, 0.4647425285092106, 0.6375112461547056, 0.4621640387508605, 0.0, 0.0, 0.6500250498453776, 0.4921785967217551, 0.6347931829591592, 0.48316781653298274, 0.649639496828119, 0.5364719359963028, 0.6296825016538302, 0.5131360907245566, 0.6414047051221132, 0.5642849065639355, 0.6200471527874468, 0.5377861532348174, 0.6490355066955089, 0.5621369048401161, 0.639626299457935, 0.5584475066926744, 0.6491594673444827, 0.6135996326252267, 0.6308341532324752, 0.6094602477771265, 0.6525664051063359, 0.6662821418709225, 0.6247812811285257, 0.6567772975674381], "1": [0.0, 0.0, 0.0, 0.0, 0.0, 0.0, 0.4154101227720578, 0.5652763393190171, 0.4319375040630499, 0.5661597560953211, 0.40430155793825784, 0.5985113148336058, 0.4401726599161824, 0.5991507212320963, 0.39596904466549554, 0.648698487105193, 0.44838617810358605, 0.6407144671840662, 0.3908874319245418, 0.6858569135820424, 0.4574630287786325, 0.6778945758386895, 0.40976012628525493, 0.7005997083805225, 0.43314635132749874, 0.698833155742398, 0.40257687475532294, 0.7698123810467896, 0.4364889677613974, 0.7677311956882475, 0.39948773955305417, 0.8396917980026316, 0.43360330735643704, 0.8388311145482239], "2": [0.0, 0.0, 0.0, 0.0, 0.0, 0.0, 0.0, 0.0, 0.0, 0.0, 0.0, 0.0, 0.0, 0.0, 0.0, 0.0, 0.0, 0.0, 0.0, 0.0, 0.0, 0.0, 0.0, 0.0, 0.0, 0.0, 0.630958009014527, 0.6120850280479149, 0.6497632098694642, 0.6151668930495227, 0.6245812160273393, 0.6569227995695891, 0.651867258315906, 0.6674387499138161]}