{"0": [0.5926657223453125, 0.5259056206102725, 0.0, 0.0, 0.5920567646622658, 0.5204939656787448, 0.0, 0.0, 0.5868796367198229, 0.522999638043068, 0.5760841542234023, 0.5485287692811754, 0.5737301114946604, 0.5507306934506805, 0.0, 0.0, 0.5757469218224286, 0.5897974715740593, 0.591859990482529, 0.6191824396451314, 0.5931509394819537, 0.6204697059260474, 0.5662908328076204, 0.6252443022198148, 0.5622396185994148, 0.6271417565919735, 0.5813894782836239, 0.6698172527882787, 0.5615531910210848, 0.695310197715406, 0.5828476943075657, 0.7344693667358823, 0.5510870242491365, 0.7587636832837705], "1": [0.0, 0.0, 0.0, 0.0, 0.0, 0.0, 0.5181648132080833, 0.5688716177587158, 0.5345229891439279, 0.571565474624987, 0.5081643270949523, 0.5954670906066895, 0.5416755934556325, 0.6092151805206582, 0.4963760403295358, 0.5732560082166284, 0.5481728587144364, 0.6556776941374496, 0.5073475232968728, 0.5456173422159972, 0.0, 0.0, 0.5109503641724586, 0.6933391934191739, 0.5306240496536095, 0.6947585984512612, 0.5043649832407634, 0.7612013717492423, 0.5280828554183244, 0.7365984346027727, 0.5014865091070533, 0.8495234827200571, 0.523023449908942, 0.780178110577442], "2": [0.0, 0.0, 0.0, 0.0, 0.0, 0.0, 0.0, 0.0, 0.0, 0.0, 0.0, 0.0, 0.0, 0.0, 0.0, 0.0, 0.0, 0.0, 0.0, 0.0, 0.5086973153054715, 0.5457883543438382, 0.0, 0.0, 0.0, 0.0, 0.0, 0.0, 0.0, 0.0, 0.0, 0.0, 0.0, 0.0], "3": [0.0, 0.0, 0.0, 0.0, 0.0, 0.0, 0.0, 0.0, 0.0, 0.0, 0.0, 0.0, 0.0, 0.0, 0.0, 0.0, 0.0, 0.0, 0.0, 0.0, 0.0, 0.0, 0.0, 0.0, 0.0, 0.0, 0.5612220920622348, 0.6956956055429246, 0.5819808788597584, 0.6706943482160568, 0.5525447536880771, 0.7567680924027055, 0.5831125905116399, 0.735550390459873], "4": [0.0, 0.0, 0.0, 0.0, 0.0, 0.0, 0.0, 0.0, 0.0, 0.0, 0.0, 0.0, 0.0, 0.0, 0.0, 0.0, 0.0, 0.0, 0.0, 0.0, 0.0, 0.0, 0.0, 0.0, 0.0, 0.0, 0.0, 0.0, 0.0, 0.0, 0.0, 0.0, 0.5011041212826968, 0.8509714011792784]}