{"0": [0.12981004243095715, 0.7209607132055141, 0.13551297953817992, 0.7129689925246768, 0.12956557931999366, 0.7119811088950546, 0.14863454550504684, 0.7199738085269928, 0.0, 0.0, 0.1637576984241605, 0.7594359144292496, 0.12241197939341268, 0.743473971662698, 0.1859024652279913, 0.7946681339431692, 0.10152346442143122, 0.7216846212192818, 0.1680145810668667, 0.8533860882123311, 0.08842527307569979, 0.684557441925561, 0.15640699754779538, 0.8693792446895882, 0.13173137307167054, 0.8686208401565199, 0.15935715660452843, 0.9442597108996577, 0.12959173545241356, 0.944495170649693, 0.16204113364219666, 0.9816323443419404, 0.15582686016956965, 0.975621603263749], "1": [0.7437633669032948, 0.48924058300477485, 0.7466953424115975, 0.4861235943105486, 0.742532101025184, 0.48565233609190694, 0.7536237709224224, 0.48994856388480573, 0.0, 0.0, 0.7545401457697153, 0.5196058370448925, 0.7445555853346983, 0.5197111699316237, 0.760426353829098, 0.5638361957338122, 0.7372589244196812, 0.5561954171569259, 0.7397454739548266, 0.5689395637423903, 0.7299427996079128, 0.5681834761743192, 0.747846398052449, 0.6026244499065257, 0.7402657955264051, 0.5982725344322346, 0.7448579575866461, 0.6529277017822972, 0.740466597614189, 0.6511556135283576, 0.7430156258484384, 0.7075710171902564, 0.7373960010707379, 0.6932985442656058]}