{"0": [0.6229972326895222, 0.5095053672790527, 0.6260349527001381, 0.504849965263296, 0.6223897606134414, 0.505320938649001, 0.632991315672795, 0.5075510022126966, 0.0, 0.0, 0.6422553127010663, 0.5303472964851944, 0.6223135706037283, 0.5340414005297202, 0.636851967871189, 0.5656868277876466, 0.6205525666475296, 0.5626776980029212, 0.6170690385003884, 0.5726409409885054, 0.6147642754949629, 0.5719156302787639, 0.6558979272842407, 0.5936902330981361, 0.63957319924084, 0.5925007299140648, 0.6674236072848241, 0.6464861725215558, 0.6208751864731312, 0.6353958012881102, 0.6808390030016501, 0.7056562133409359, 0.6036125441392263, 0.6849783587648913], "1": [0.0, 0.0, 0.0, 0.0, 0.0, 0.0, 0.3371066364149253, 0.5563833102031991, 0.3516118737558524, 0.5564214988991066, 0.3258361466228962, 0.5902328962529148, 0.3590858828276396, 0.5952405634853575, 0.3163298591971397, 0.6348071882018337, 0.36594039350748064, 0.6407309086260351, 0.31159600218137107, 0.6708209424935005, 0.35724731932083764, 0.6579070795465398, 0.3300626243154207, 0.6782709578673045, 0.3515666483591, 0.6796604571519075, 0.32788077965378754, 0.752165619449483, 0.3547906803588072, 0.7480488476929841, 0.3274266114458442, 0.8225189215607114, 0.3622369760026534, 0.807349697307304]}