{"0": [0.6264997851103544, 0.3906505796644423, 0.0, 0.0, 0.6264066020647685, 0.3861505217022366, 0.0, 0.0, 0.6219035311912496, 0.3834535700303537, 0.6076487604528665, 0.3836804321518651, 0.6162230897694826, 0.3908435998139558, 0.5937479811693872, 0.3892299140493075, 0.6167171835899353, 0.4223881209338153, 0.5885769623021285, 0.4058652259685375, 0.6219509532054267, 0.4441082146432665, 0.5899007000029087, 0.42144352904072513, 0.5956053089350462, 0.42352675376115023, 0.5992222717652719, 0.4558758841620551, 0.6079447386233732, 0.4478051886694396, 0.5783729168275992, 0.47612880380065353, 0.5787894424051047, 0.47716526963092665], "1": [0.46305603881676993, 0.475232947534985, 0.4639486011738579, 0.47007061361714647, 0.46148307708402475, 0.4705783760106122, 0.0, 0.0, 0.0, 0.0, 0.4780650040755669, 0.48600766117926, 0.45128219419469434, 0.487741012705697, 0.48428566455841066, 0.5183715414117884, 0.44807364221972723, 0.5224736929767662, 0.48616593244175116, 0.5478190342585246, 0.45922345978518325, 0.5077310565721106, 0.4734864403804143, 0.5533215295385432, 0.4624208590636651, 0.5558917292842158, 0.4723227613915999, 0.6019638579200816, 0.46517273702969153, 0.601771437018006, 0.47209561119476956, 0.6559651846135104, 0.4697012774577502, 0.6427312262221734], "2": [0.0, 0.0, 0.0, 0.0, 0.0, 0.0, 0.4600921696983278, 0.4660332141099153, 0.46789689597984163, 0.46381624765970086, 0.4522037714254111, 0.4866556222792025, 0.47711542982336447, 0.4840296455003597, 0.44790833511894257, 0.522337436200016, 0.0, 0.0, 0.0, 0.0, 0.0, 0.0, 0.0, 0.0, 0.0, 0.0, 0.0, 0.0, 0.0, 0.0, 0.0, 0.0, 0.0, 0.0], "3": [0.0, 0.0, 0.0, 0.0, 0.0, 0.0, 0.0, 0.0, 0.0, 0.0, 0.0, 0.0, 0.0, 0.0, 0.615495115208129, 0.4203155140082041, 0.0, 0.0, 0.6202369958162308, 0.4427389665886208, 0.0, 0.0, 0.0, 0.0, 0.0, 0.0, 0.0, 0.0, 0.0, 0.0, 0.0, 0.0, 0.0, 0.0], "4": [0.0, 0.0, 0.0, 0.0, 0.0, 0.0, 0.0, 0.0, 0.0, 0.0, 0.0, 0.0, 0.0, 0.0, 0.0, 0.0, 0.0, 0.0, 0.0, 0.0, 0.0, 0.0, 0.0, 0.0, 0.0, 0.0, 0.6109997066358726, 0.43517395048229784, 0.0, 0.0, 0.6121395600338777, 0.4785351233901801, 0.0, 0.0], "5": [0.0, 0.0, 0.0, 0.0, 0.0, 0.0, 0.0, 0.0, 0.0, 0.0, 0.0, 0.0, 0.0, 0.0, 0.0, 0.0, 0.0, 0.0, 0.0, 0.0, 0.0, 0.0, 0.0, 0.0, 0.0, 0.0, 0.0, 0.0, 0.0, 0.0, 0.0, 0.0, 0.6127531905968984, 0.47966121744226525]}