{"0": [0.6303637372950713, 0.36450356774859954, 0.0, 0.0, 0.6305664544304211, 0.3612425274319119, 0.6192490617434184, 0.35397667708220304, 0.6290724782894055, 0.36023698857537023, 0.6095035112152497, 0.36324733760621813, 0.6248951782782873, 0.3787977604954331, 0.5976535364364585, 0.3809751287654594, 0.6260073783497015, 0.40818398793538413, 0.5978361869929358, 0.4023890266815821, 0.627924136693279, 0.43038865371986673, 0.6015087415774664, 0.41290259692404013, 0.611622770751516, 0.41807568964582903, 0.6047809553643068, 0.4518200313603437, 0.616892979418238, 0.4525885370042589, 0.6053484643499055, 0.4917205353026037, 0.616593690837423, 0.4923246806694402], "1": [0.0, 0.0, 0.0, 0.0, 0.0, 0.0, 0.7033465515822173, 0.46055731133178424, 0.7154479040453832, 0.4624844066522739, 0.6912473097443581, 0.48247611346068203, 0.7228476964325333, 0.48886963460180494, 0.6810222409199923, 0.5164135541077013, 0.7413308611760537, 0.4855154678777412, 0.0, 0.0, 0.748416404488186, 0.4629433409207397, 0.6900276047488053, 0.5608877237196321, 0.706211426788165, 0.5649229100456944, 0.6907942694922288, 0.6065385072319595, 0.7016982830129563, 0.6118380740836814, 0.6889249557008346, 0.6636061098288607, 0.6953756771981716, 0.6687856626731378]}