{"0": [0.4857794806361198, 0.6828453289137946, 0.48686724926034614, 0.6778469677324648, 0.0, 0.0, 0.49268073191245404, 0.6837502384627306, 0.5063663934667906, 0.6801398645948481, 0.48822014890611176, 0.7298360008194492, 0.5193443761517604, 0.7156866154736944, 0.4931055784225464, 0.782642881737815, 0.5402408138133585, 0.7547894864734825, 0.4958979678650696, 0.814446959230635, 0.5424313319226106, 0.7915354207709984, 0.5101247557749351, 0.8254977022056226, 0.5381197328368823, 0.8185200032866474, 0.502966680067281, 0.892603454347355, 0.5405247694502274, 0.8972278303570218, 0.5105035561680172, 0.9666250584543579, 0.5530657175307473, 0.9751307764539012], "1": [0.0, 0.0, 0.4127760847409566, 0.5264155270876708, 0.0, 0.0, 0.41536450969676175, 0.5294791684934387, 0.426467292321225, 0.5254992231174752, 0.41949961756666504, 0.5555284667898107, 0.43044105637818575, 0.5507894015974468, 0.4230023547774181, 0.5950647409315463, 0.42609357790400587, 0.5926350103484259, 0.4048798690277501, 0.6191994338316908, 0.40514801839987435, 0.6002234984327246, 0.4399110330579182, 0.6333780650083941, 0.4505868493268887, 0.6312622781153079, 0.41585983783006675, 0.673533742957645, 0.0, 0.0, 0.425841794659694, 0.7401273023199152, 0.0, 0.0], "2": [0.0, 0.0, 0.0, 0.0, 0.0, 0.0, 0.0, 0.0, 0.0, 0.0, 0.0, 0.0, 0.4874928180128336, 0.7311815584147419, 0.0, 0.0, 0.0, 0.0, 0.0, 0.0, 0.4958354643235604, 0.8140250391430325, 0.0, 0.0, 0.0, 0.0, 0.0, 0.0, 0.0, 0.0, 0.0, 0.0, 0.0, 0.0], "3": [0.0, 0.0, 0.0, 0.0, 0.0, 0.0, 0.0, 0.0, 0.0, 0.0, 0.0, 0.0, 0.0, 0.0, 0.0, 0.0, 0.0, 0.0, 0.0, 0.0, 0.0, 0.0, 0.0, 0.0, 0.0, 0.0, 0.0, 0.0, 0.44151962548494333, 0.669885367596591, 0.0, 0.0, 0.0, 0.0], "4": [0.0, 0.0, 0.0, 0.0, 0.0, 0.0, 0.0, 0.0, 0.0, 0.0, 0.0, 0.0, 0.0, 0.0, 0.0, 0.0, 0.0, 0.0, 0.0, 0.0, 0.0, 0.0, 0.0, 0.0, 0.0, 0.0, 0.0, 0.0, 0.0, 0.0, 0.42627592887729404, 0.6586618081287101, 0.0, 0.0], "5": [0.0, 0.0, 0.0, 0.0, 0.0, 0.0, 0.0, 0.0, 0.0, 0.0, 0.0, 0.0, 0.0, 0.0, 0.0, 0.0, 0.0, 0.0, 0.0, 0.0, 0.0, 0.0, 0.0, 0.0, 0.0, 0.0, 0.0, 0.0, 0.0, 0.0, 0.0, 0.0, 0.4261705204223593, 0.6604872668230976]}