{"0": [0.6253579849998157, 0.47549472627816375, 0.6252280961722134, 0.47117404280989256, 0.0, 0.0, 0.6269868440305193, 0.469228595384845, 0.6355770150665194, 0.4645547519127528, 0.6399993786588312, 0.4935958866719846, 0.6398933664585154, 0.48934986304353784, 0.6476991053360204, 0.5345243758625454, 0.6379523302117983, 0.53365742387595, 0.6350793498568237, 0.5630355927679273, 0.6319244630013903, 0.5614404049184587, 0.6400305918417871, 0.5690672104005461, 0.6407010551542044, 0.5672843413220512, 0.6355438629553343, 0.6163069574921219, 0.6454725065579017, 0.6206010805235969, 0.6335718919833501, 0.6635961646835009, 0.6436067128553986, 0.6723540641643383], "1": [0.0, 0.0, 0.0, 0.0, 0.0, 0.0, 0.40868661999702455, 0.5668800272185494, 0.4257217311610778, 0.5672550157816322, 0.39715441583345334, 0.6028203446004126, 0.43218977556874355, 0.6056109657994023, 0.3905326626574, 0.6505683247689847, 0.4354191918770084, 0.6499428973153786, 0.38734172185262045, 0.6868505027559069, 0.4354934719546387, 0.6901047090689342, 0.40385503383974236, 0.6998152834811696, 0.42482025573650994, 0.7005109750010349, 0.4009993472446998, 0.7693715578979916, 0.4299062599738439, 0.7578064713213178, 0.40113957673311235, 0.8393433102854976, 0.4293647691607475, 0.8174884134972537]}