{"0": [0.36445454154163603, 0.46362647165854776, 0.3652981765568256, 0.4578645483211235, 0.36102241768191257, 0.45964185970800897, 0.0, 0.0, 0.35326997712254526, 0.4642707490258747, 0.3630075203875701, 0.48887199340043236, 0.35034006958206493, 0.49471342011734293, 0.3665689113239448, 0.5235018369224337, 0.3477902887621894, 0.535596975463408, 0.37381977364420893, 0.544414973196884, 0.35911873641113434, 0.5630161658481314, 0.36435459475032983, 0.5650489159204342, 0.352450311742723, 0.5669738105601735, 0.3701938069115082, 0.615254431521451, 0.3504209869851669, 0.619612130412349, 0.37380733067790667, 0.6655481221499266, 0.3356835931539536, 0.670746328295381], "1": [0.0, 0.0, 0.0, 0.0, 0.0, 0.0, 0.8267088008734087, 0.7057575442172863, 0.8471338171511887, 0.7078646628669014, 0.8128675921509664, 0.7488157669703166, 0.8564945322461426, 0.7493827850730332, 0.8025655190770825, 0.8064179210751145, 0.8942530891237159, 0.7481239605832983, 0.7993334655960401, 0.8483751275059249, 0.9307759381830693, 0.7204612531043865, 0.8149380370353659, 0.8608372619858494, 0.8479166166495892, 0.8625994136212048, 0.8032539968689283, 0.9303259108353544, 0.8418586539725462, 0.9539297779401144, 0.7902958407998085, 0.9822142206960254, 0.0, 0.0], "2": [0.0, 0.0, 0.0, 0.0, 0.0, 0.0, 0.0, 0.0, 0.0, 0.0, 0.0, 0.0, 0.0, 0.0, 0.0, 0.0, 0.0, 0.0, 0.9315261743962765, 0.7197524167873242, 0.0, 0.0, 0.0, 0.0, 0.0, 0.0, 0.0, 0.0, 0.0, 0.0, 0.0, 0.0, 0.0, 0.0]}