{"0": [0.2569442704319954, 0.5467980605584604, 0.25738746374845506, 0.5415841036372715, 0.2560235289856791, 0.542156496975157, 0.26506254049018024, 0.5382646828889847, 0.0, 0.0, 0.2765421245247125, 0.5661448278912792, 0.27692288076505067, 0.5629841906053049, 0.2775225185789168, 0.6176172576568744, 0.2713639276723067, 0.6121637203075267, 0.25608446196032064, 0.6277168211009767, 0.2598214507102966, 0.6231117204383567, 0.27682886249385774, 0.6510714162279058, 0.28496250277385116, 0.6491017085534554, 0.269100275170058, 0.7115296686137164, 0.28540144686897595, 0.7139229447753342, 0.2585717304299275, 0.76324509912067, 0.3005952422817548, 0.7682585399459909], "1": [0.0, 0.0, 0.0, 0.0, 0.0, 0.0, 0.6770767598519645, 0.4937772821497034, 0.6908268637955188, 0.4944927665922377, 0.6681280170877776, 0.5224372349817443, 0.6979251820157515, 0.5241728217513473, 0.6574475813657046, 0.5553091669524157, 0.7076297767460347, 0.5632373363883408, 0.6496156098941963, 0.5793763518333435, 0.708785199870666, 0.5916607675728974, 0.6736413465191922, 0.6052906850973765, 0.6895437082547384, 0.6088592125309839, 0.673617224395275, 0.660043415758345, 0.6796388803670804, 0.6645035529578173, 0.6765328216056029, 0.7168487500261378, 0.675323145588239, 0.7148288004410763], "2": [0.0, 0.0, 0.0, 0.0, 0.0, 0.0, 0.0, 0.0, 0.0, 0.0, 0.0, 0.0, 0.0, 0.0, 0.0, 0.0, 0.0, 0.0, 0.0, 0.0, 0.0, 0.0, 0.0, 0.0, 0.0, 0.0, 0.0, 0.0, 0.2690843085447947, 0.709294444764102, 0.0, 0.0, 0.2590987394253413, 0.7627988049277553], "3": [0.0, 0.0, 0.0, 0.0, 0.0, 0.0, 0.0, 0.0, 0.0, 0.0, 0.0, 0.0, 0.0, 0.0, 0.0, 0.0, 0.0, 0.0, 0.0, 0.0, 0.0, 0.0, 0.0, 0.0, 0.0, 0.0, 0.0, 0.0, 0.0, 0.0, 0.30049316758910816, 0.7684408666910949, 0.0, 0.0]}