{"0": [0.5889463367561499, 0.4030547040480154, 0.0, 0.0, 0.5882100032021602, 0.3981708818011814, 0.0, 0.0, 0.5848228422303995, 0.3990559255635297, 0.565851866829848, 0.43029758710887445, 0.5755999278316133, 0.42924943085717304, 0.5585072621703148, 0.4669294653115449, 0.578294591108958, 0.45049671950163667, 0.0, 0.0, 0.5851188976007203, 0.4632587719570707, 0.5645701910776552, 0.48741181272047535, 0.5700731596599022, 0.49009551295527704, 0.0, 0.0, 0.0, 0.0, 0.0, 0.0, 0.0, 0.0], "1": [0.0, 0.0, 0.0, 0.0, 0.0, 0.0, 0.5719377297908068, 0.48374219790652945, 0.5879006995509068, 0.4842715022740541, 0.5665954974790416, 0.5091102414660984, 0.5927143072088561, 0.5140094582681303, 0.5564582381552706, 0.540258745793943, 0.5969259637097518, 0.5556187974082099, 0.5541522588580847, 0.5604933649301529, 0.5971094518899916, 0.5932092909459714, 0.5655056038871408, 0.5765741445400095, 0.583645086735487, 0.5816648519011559, 0.5584880443910758, 0.6325253642267651, 0.5802262522280216, 0.6346240613195632, 0.5453694819162289, 0.7024498091803657, 0.5766980267129839, 0.6898349232143826]}