{"0": [0.6241128496825695, 0.6112356397702738, 0.0, 0.0, 0.6234746945401033, 0.6076587425337897, 0.0, 0.0, 0.618969757296145, 0.6038838965473352, 0.6013394287633282, 0.6220120815112772, 0.6025808920773367, 0.6253991893044224, 0.6124347224831581, 0.6670994928589573, 0.6084960766136647, 0.6649903286386419, 0.623278266346703, 0.6989205807447434, 0.6248876959085464, 0.6993825522837815, 0.6017825176628927, 0.714568549449797, 0.600891092667977, 0.7166617062356737, 0.5895157732923205, 0.7689917454013118, 0.6120764010896286, 0.7963597404046191, 0.5686633496933307, 0.8222956423406248, 0.6253037349631388, 0.8537491532387557], "1": [0.3582829692711433, 0.5106608631434264, 0.0, 0.0, 0.3583974473178387, 0.505324990661056, 0.344939497858286, 0.5002705318784272, 0.3552825868750612, 0.5051290108097924, 0.33717129826545716, 0.5211843988409749, 0.3467015080153943, 0.531954660459801, 0.34635126454134785, 0.5728878144864683, 0.3417398908485969, 0.5751613514290915, 0.0, 0.0, 0.35425707747538887, 0.6128159050588254, 0.3407077838977178, 0.6109276091886892, 0.3458364374935627, 0.6108717764141383, 0.3427033830434084, 0.6579643962559877, 0.35232634757024545, 0.6588098280959659, 0.32552053866287073, 0.7122037733042683, 0.3546240011850993, 0.7198664089043935], "2": [0.0, 0.0, 0.0, 0.0, 0.0, 0.0, 0.0, 0.0, 0.0, 0.0, 0.0, 0.0, 0.0, 0.0, 0.0, 0.0, 0.0, 0.0, 0.6254666435221831, 0.6271328307964184, 0.0, 0.0, 0.0, 0.0, 0.0, 0.0, 0.0, 0.0, 0.0, 0.0, 0.0, 0.0, 0.0, 0.0], "3": [0.0, 0.0, 0.0, 0.0, 0.0, 0.0, 0.0, 0.0, 0.0, 0.0, 0.0, 0.0, 0.0, 0.0, 0.0, 0.0, 0.0, 0.0, 0.0, 0.0, 0.6252774978677432, 0.6283105614008727, 0.0, 0.0, 0.0, 0.0, 0.0, 0.0, 0.0, 0.0, 0.0, 0.0, 0.0, 0.0], "4": [0.0, 0.0, 0.0, 0.0, 0.0, 0.0, 0.0, 0.0, 0.0, 0.0, 0.0, 0.0, 0.0, 0.0, 0.0, 0.0, 0.0, 0.0, 0.0, 0.0, 0.0, 0.0, 0.0, 0.0, 0.0, 0.0, 0.6124059711893399, 0.7904764778084226, 0.0, 0.0, 0.6248040604094665, 0.8520479409782974, 0.0, 0.0], "5": [0.0, 0.0, 0.0, 0.0, 0.0, 0.0, 0.0, 0.0, 0.0, 0.0, 0.0, 0.0, 0.0, 0.0, 0.0, 0.0, 0.0, 0.0, 0.0, 0.0, 0.0, 0.0, 0.0, 0.0, 0.0, 0.0, 0.0, 0.0, 0.5902357527986168, 0.7702657695169801, 0.0, 0.0, 0.5689153765638668, 0.8217411661589588], "6": [0.0, 0.0, 0.0, 0.0, 0.0, 0.0, 0.0, 0.0, 0.0, 0.0, 0.0, 0.0, 0.0, 0.0, 0.0, 0.0, 0.0, 0.0, 0.0, 0.0, 0.0, 0.0, 0.0, 0.0, 0.0, 0.0, 0.0, 0.0, 0.0, 0.0, 0.0, 0.0, 0.32616998453934987, 0.7116597224164892]}