{"0": [0.39514883706967036, 0.5400099661615159, 0.3965850142141184, 0.5348240627182853, 0.0, 0.0, 0.40309213964889445, 0.5361403996193851, 0.4123857052375873, 0.5334071002624653, 0.4016484307125211, 0.5676779805510133, 0.4252091404050589, 0.5542583606861256, 0.4034151993691921, 0.6180816947861955, 0.0, 0.0, 0.3898909062457581, 0.6260269698031523, 0.0, 0.0, 0.42231063830355803, 0.6486668060223262, 0.441697446256876, 0.6398907150383348, 0.4183492736580471, 0.7061263051297929, 0.4544057369232178, 0.6921536008241, 0.420254580428203, 0.7600142703012184, 0.46949998401105403, 0.755672468079461], "1": [0.26675205416977404, 0.6642679333686828, 0.2684243223940333, 0.6551524481563656, 0.26093129658450687, 0.6568667266103957, 0.2748005052407583, 0.651545379559199, 0.0, 0.0, 0.29435133244842293, 0.670938401862427, 0.2601584797880302, 0.6918015228377448, 0.3125638954341411, 0.7128601113955179, 0.27422908631463844, 0.7415430300765568, 0.2996430852760872, 0.7470652865038977, 0.0, 0.0, 0.3112428658952316, 0.7594800022327237, 0.28836579422156017, 0.7665779416207914, 0.3104797570228887, 0.8465810690765028, 0.2745723196615775, 0.8462396162527579, 0.32140688921014465, 0.9000899669748765, 0.2821901962161064, 0.9179331156942581], "2": [0.0, 0.0, 0.0, 0.0, 0.0, 0.0, 0.25806680656969544, 0.6477781997786627, 0.0, 0.0, 0.0, 0.0, 0.0, 0.0, 0.0, 0.0, 0.0, 0.0, 0.0, 0.0, 0.0, 0.0, 0.0, 0.0, 0.0, 0.0, 0.0, 0.0, 0.0, 0.0, 0.0, 0.0, 0.0, 0.0], "3": [0.0, 0.0, 0.0, 0.0, 0.0, 0.0, 0.0, 0.0, 0.27622408686826627, 0.650269725366875, 0.0, 0.0, 0.0, 0.0, 0.0, 0.0, 0.0, 0.0, 0.0, 0.0, 0.0, 0.0, 0.0, 0.0, 0.0, 0.0, 0.0, 0.0, 0.0, 0.0, 0.0, 0.0, 0.0, 0.0], "4": [0.0, 0.0, 0.0, 0.0, 0.0, 0.0, 0.0, 0.0, 0.0, 0.0, 0.0, 0.0, 0.29292451292276384, 0.6697817465221441, 0.0, 0.0, 0.0, 0.0, 0.0, 0.0, 0.0, 0.0, 0.0, 0.0, 0.0, 0.0, 0.0, 0.0, 0.0, 0.0, 0.0, 0.0, 0.0, 0.0], "5": [0.0, 0.0, 0.0, 0.0, 0.0, 0.0, 0.0, 0.0, 0.0, 0.0, 0.0, 0.0, 0.0, 0.0, 0.0, 0.0, 0.0, 0.0, 0.0, 0.0, 0.2764892221118013, 0.7374877107088212, 0.0, 0.0, 0.0, 0.0, 0.0, 0.0, 0.0, 0.0, 0.0, 0.0, 0.0, 0.0]}