{"0": [0.0, 0.0, 0.0, 0.0, 0.0, 0.0, 0.38483706321567296, 0.4458357874993924, 0.395798014352719, 0.4438175289719193, 0.3802661994472146, 0.4721033565424107, 0.40071872211992743, 0.46503811588993776, 0.37439573171238105, 0.5028887589772543, 0.4070530526340008, 0.49779042137993706, 0.3710520779093107, 0.5286651364079228, 0.4134604995449384, 0.5246697218329819, 0.3868682651470105, 0.5332471055013163, 0.40181037113070484, 0.5349102225568559, 0.3863285078977545, 0.5657083031204012, 0.3928321541597446, 0.5674442523055606, 0.387187052766482, 0.6036909908125246, 0.38688105220596, 0.6019620952782807], "1": [0.0, 0.0, 0.0, 0.0, 0.0, 0.0, 0.4932636590053638, 0.512931713130739, 0.5057544292261204, 0.5187727376266762, 0.4812007939753433, 0.5348354244673693, 0.5018122585800787, 0.5526892785672788, 0.463670211037, 0.5577734137022937, 0.49867108141382527, 0.5835636024121885, 0.0, 0.0, 0.0, 0.0, 0.4710082055379947, 0.6072400945204276, 0.4855614907729129, 0.6099438479653111, 0.48216012803216773, 0.644680674429293, 0.4974800758063793, 0.6490993877251944, 0.4722556256999572, 0.6939353718801781, 0.4953683993468682, 0.697138696688193]}