{"0": [0.2924347179631392, 0.6835592996191096, 0.2922635907928149, 0.6792427453729841, 0.0, 0.0, 0.2977185668423772, 0.6736927575535245, 0.0, 0.0, 0.3195762984454632, 0.691505691629869, 0.31601783372461795, 0.6853682313390352, 0.33128765211052574, 0.7317871153354645, 0.32569998477896056, 0.729294812541317, 0.3268677261658013, 0.746823232041465, 0.32068609818816185, 0.7465319589332298, 0.3527434247235457, 0.744662281912234, 0.3486805896585186, 0.7437470625948023, 0.311742935081323, 0.790546018547482, 0.0, 0.0, 0.30311377470691997, 0.8626079426043564, 0.30313471096257366, 0.8607623784630386], "1": [0.0, 0.0, 0.0, 0.0, 0.0, 0.0, 0.4201787017285824, 0.5360216341636798, 0.43407017601033054, 0.5337179102279522, 0.4156380032499631, 0.5675673886029808, 0.4451104688147704, 0.5633220813892506, 0.4086011016120513, 0.6100863568208835, 0.45445146237810446, 0.6028415464692646, 0.4050570090611776, 0.6375333560837639, 0.4600393330678344, 0.6252605798067871, 0.42739038650567335, 0.6487304855276036, 0.44879770968109367, 0.6430328969602231, 0.40950203544149794, 0.6775069544712703, 0.46147193958361943, 0.6692439901608008, 0.39984079599380495, 0.7337235287383751, 0.4761600678165754, 0.7211315927682098], "2": [0.0, 0.0, 0.0, 0.0, 0.0, 0.0, 0.0, 0.0, 0.0, 0.0, 0.0, 0.0, 0.0, 0.0, 0.0, 0.0, 0.0, 0.0, 0.0, 0.0, 0.4749670465787252, 0.7181829139038368, 0.0, 0.0, 0.0, 0.0, 0.0, 0.0, 0.0, 0.0, 0.0, 0.0, 0.0, 0.0], "3": [0.0, 0.0, 0.0, 0.0, 0.0, 0.0, 0.0, 0.0, 0.0, 0.0, 0.0, 0.0, 0.0, 0.0, 0.0, 0.0, 0.0, 0.0, 0.0, 0.0, 0.0, 0.0, 0.0, 0.0, 0.0, 0.0, 0.0, 0.0, 0.3197288448023957, 0.7917659202273113, 0.0, 0.0, 0.0, 0.0], "4": [0.0, 0.0, 0.0, 0.0, 0.0, 0.0, 0.0, 0.0, 0.0, 0.0, 0.0, 0.0, 0.0, 0.0, 0.0, 0.0, 0.0, 0.0, 0.0, 0.0, 0.0, 0.0, 0.0, 0.0, 0.0, 0.0, 0.0, 0.0, 0.0, 0.0, 0.3568474572772781, 0.8049824841596463, 0.0, 0.0], "5": [0.0, 0.0, 0.0, 0.0, 0.0, 0.0, 0.0, 0.0, 0.0, 0.0, 0.0, 0.0, 0.0, 0.0, 0.0, 0.0, 0.0, 0.0, 0.0, 0.0, 0.0, 0.0, 0.0, 0.0, 0.0, 0.0, 0.0, 0.0, 0.0, 0.0, 0.0, 0.0, 0.35745982031027473, 0.8037307535694842]}