{"0": [0.6039636621872584, 0.4597956156289136, 0.606312254536897, 0.455137884810015, 0.6023934358420472, 0.45531577122984107, 0.612543857221802, 0.45369931923018564, 0.0, 0.0, 0.6180041347940762, 0.47932456533114115, 0.6068711752692859, 0.4789447644242534, 0.6248378485441208, 0.5138149972315188, 0.6025361536381145, 0.5078755253994907, 0.6189907411423822, 0.5521190264434727, 0.5894370744004845, 0.5244309118500462, 0.6126508836944898, 0.5498965556974763, 0.6079910721629858, 0.5465283923678927, 0.6044134087860584, 0.5974380776838021, 0.0, 0.0, 0.5989941321313381, 0.6462397186844437, 0.5989068184047938, 0.6449859853144045], "1": [0.32464220163722834, 0.6902457630192791, 0.32426063530147076, 0.6848195585111777, 0.3200380076964696, 0.6856827791642259, 0.0, 0.0, 0.31075439502795543, 0.6949430602568167, 0.32086781139175097, 0.7342874999399538, 0.3101746572647244, 0.7525455402555289, 0.3317508531734347, 0.7898966783726656, 0.2948298246910175, 0.8137483051529637, 0.3448482805242141, 0.8137525169937699, 0.28618657880773146, 0.8771640253839671, 0.3223062966639797, 0.8642336518676192, 0.30684590954333546, 0.8667911818733923, 0.340469610132277, 0.9297970495566175, 0.3002273460229238, 0.9318377093032554, 0.0, 0.0, 0.0, 0.0], "2": [0.0, 0.0, 0.0, 0.0, 0.0, 0.0, 0.0, 0.0, 0.0, 0.0, 0.0, 0.0, 0.0, 0.0, 0.0, 0.0, 0.0, 0.0, 0.2864703973134359, 0.8769672085289602, 0.0, 0.0, 0.0, 0.0, 0.0, 0.0, 0.0, 0.0, 0.0, 0.0, 0.0, 0.0, 0.0, 0.0], "3": [0.0, 0.0, 0.0, 0.0, 0.0, 0.0, 0.0, 0.0, 0.0, 0.0, 0.0, 0.0, 0.0, 0.0, 0.0, 0.0, 0.0, 0.0, 0.0, 0.0, 0.0, 0.0, 0.30350973159074784, 0.8684150342588072, 0.0, 0.0, 0.2991378969202439, 0.933321170895188, 0.34140608782569565, 0.9334304641794275, 0.29479378337661427, 0.9854113029109107, 0.34389478744318086, 0.9886033940922331], "4": [0.0, 0.0, 0.0, 0.0, 0.0, 0.0, 0.0, 0.0, 0.0, 0.0, 0.0, 0.0, 0.0, 0.0, 0.0, 0.0, 0.0, 0.0, 0.0, 0.0, 0.0, 0.0, 0.0, 0.0, 0.0, 0.0, 0.0, 0.0, 0.6053013661255437, 0.5973551704927726, 0.0, 0.0, 0.0, 0.0], "5": [0.0, 0.0, 0.0, 0.0, 0.0, 0.0, 0.0, 0.0, 0.0, 0.0, 0.0, 0.0, 0.0, 0.0, 0.0, 0.0, 0.0, 0.0, 0.0, 0.0, 0.0, 0.0, 0.0, 0.0, 0.0, 0.0, 0.0, 0.0, 0.0, 0.0, 0.6296969534208378, 0.6215891862357105, 0.0, 0.0], "6": [0.0, 0.0, 0.0, 0.0, 0.0, 0.0, 0.0, 0.0, 0.0, 0.0, 0.0, 0.0, 0.0, 0.0, 0.0, 0.0, 0.0, 0.0, 0.0, 0.0, 0.0, 0.0, 0.0, 0.0, 0.0, 0.0, 0.0, 0.0, 0.0, 0.0, 0.0, 0.0, 0.6294391525288423, 0.620828033818139]}