{"0": [0.0, 0.0, 0.0, 0.0, 0.0, 0.0, 0.42596251194675766, 0.5674689333196038, 0.4401916037624081, 0.5668459283808868, 0.41964072498182453, 0.600049701222667, 0.45042455208798243, 0.596112728325857, 0.4096777425458034, 0.6370893443072284, 0.4612437488511205, 0.6351180739976741, 0.4112349569797516, 0.6530655055134384, 0.4621583888928095, 0.6606462765623022, 0.4319213369861245, 0.6844727594543386, 0.45368701765934627, 0.6849621896804483, 0.40683503833909834, 0.7128954454704567, 0.46172717958688736, 0.7066170642773311, 0.39488062423964343, 0.779432401171437, 0.4701817451665799, 0.7521051142502714], "1": [0.0, 0.0, 0.0, 0.0, 0.0, 0.0, 0.3073992187778155, 0.6326208739369003, 0.3213925125698249, 0.618259448033792, 0.3250248854358991, 0.6574361247045023, 0.33339198033014933, 0.6398623475873911, 0.3362186991299192, 0.6955550688284414, 0.33826155004402003, 0.6940604289372762, 0.33782906718552114, 0.7433404599074964, 0.3375059793392817, 0.7419034432481837, 0.3563310226192698, 0.7288651506657954, 0.3659907658894857, 0.7241202943854862, 0.3196273971969882, 0.7869454891593368, 0.34221136309206485, 0.7689690007103814, 0.32493710766235984, 0.8582566466596392, 0.36281189049283663, 0.8052288005749385], "2": [0.0, 0.0, 0.0, 0.0, 0.0, 0.0, 0.0, 0.0, 0.0, 0.0, 0.0, 0.0, 0.0, 0.0, 0.0, 0.0, 0.0, 0.0, 0.0, 0.0, 0.0, 0.0, 0.0, 0.0, 0.0, 0.0, 0.34007451968888447, 0.7700355673277819, 0.0, 0.0, 0.0, 0.0, 0.0, 0.0], "3": [0.0, 0.0, 0.0, 0.0, 0.0, 0.0, 0.0, 0.0, 0.0, 0.0, 0.0, 0.0, 0.0, 0.0, 0.0, 0.0, 0.0, 0.0, 0.0, 0.0, 0.0, 0.0, 0.0, 0.0, 0.0, 0.0, 0.0, 0.0, 0.0, 0.0, 0.3626339333752791, 0.8068459413669727, 0.0, 0.0]}