{"0": [0.508531941473484, 0.3952779995070563, 0.509645147373279, 0.3917586953551681, 0.5079796073337396, 0.39333834913041854, 0.5127589856584867, 0.3901187874652721, 0.5090527325868607, 0.39170303918697214, 0.5234717312579353, 0.4052790465178313, 0.5057972735414903, 0.41111071771339525, 0.5276937345042825, 0.4302724635159528, 0.49955529446403185, 0.42367612807839006, 0.5295400102933248, 0.4499539610412386, 0.0, 0.0, 0.5184807017135123, 0.46402641512729503, 0.5116342067718506, 0.4650525313836557, 0.5152340572948257, 0.5051367329226599, 0.5144291939679533, 0.5049419131543901, 0.5167709987610578, 0.5445573623326642, 0.5163897027571996, 0.5435008460724795], "1": [0.6784472464273373, 0.48271797917507314, 0.6810225188421707, 0.47849072477331867, 0.6776496567452948, 0.4774764418877937, 0.6806067067508896, 0.4757418619261848, 0.0, 0.0, 0.6943835980569323, 0.49251846885653555, 0.666694480429093, 0.4894786183480863, 0.7012861904998621, 0.5252635677655538, 0.657473976785938, 0.515638802393719, 0.7024633326257269, 0.5548204276296828, 0.6536625566581885, 0.5528994489599157, 0.681308785515527, 0.5678930562955362, 0.6721296029165388, 0.5656987890049263, 0.671235728263855, 0.6178319065659135, 0.6713292960077524, 0.6183630213555362, 0.6667894370787592, 0.6598579921937543, 0.6676292279748399, 0.66358924878447], "2": [0.0, 0.0, 0.0, 0.0, 0.0, 0.0, 0.0, 0.0, 0.6818119795372088, 0.4749564890508299, 0.0, 0.0, 0.0, 0.0, 0.0, 0.0, 0.0, 0.0, 0.0, 0.0, 0.0, 0.0, 0.0, 0.0, 0.0, 0.0, 0.0, 0.0, 0.0, 0.0, 0.0, 0.0, 0.0, 0.0], "3": [0.0, 0.0, 0.0, 0.0, 0.0, 0.0, 0.0, 0.0, 0.0, 0.0, 0.5039079504708449, 0.4126639026182669, 0.0, 0.0, 0.49938731268048286, 0.4209797475073072, 0.0, 0.0, 0.0, 0.0, 0.0, 0.0, 0.0, 0.0, 0.0, 0.0, 0.0, 0.0, 0.0, 0.0, 0.0, 0.0, 0.0, 0.0], "4": [0.0, 0.0, 0.0, 0.0, 0.0, 0.0, 0.0, 0.0, 0.0, 0.0, 0.6674552568544944, 0.4902393179911154, 0.6948397662490606, 0.49209571613205805, 0.0, 0.0, 0.7021846658239762, 0.5246526828518621, 0.6532416677723328, 0.5545874132050408, 0.7027224464962881, 0.5554440449785303, 0.0, 0.0, 0.0, 0.0, 0.0, 0.0, 0.0, 0.0, 0.0, 0.0, 0.0, 0.0], "5": [0.0, 0.0, 0.0, 0.0, 0.0, 0.0, 0.0, 0.0, 0.0, 0.0, 0.0, 0.0, 0.5229937834044297, 0.40346283465623856, 0.0, 0.0, 0.0, 0.0, 0.0, 0.0, 0.0, 0.0, 0.0, 0.0, 0.0, 0.0, 0.0, 0.0, 0.0, 0.0, 0.0, 0.0, 0.0, 0.0], "6": [0.0, 0.0, 0.0, 0.0, 0.0, 0.0, 0.0, 0.0, 0.0, 0.0, 0.0, 0.0, 0.0, 0.0, 0.0, 0.0, 0.0, 0.0, 0.5132795080542565, 0.41083768280567945, 0.0, 0.0, 0.0, 0.0, 0.0, 0.0, 0.0, 0.0, 0.0, 0.0, 0.0, 0.0, 0.0, 0.0], "7": [0.0, 0.0, 0.0, 0.0, 0.0, 0.0, 0.0, 0.0, 0.0, 0.0, 0.0, 0.0, 0.0, 0.0, 0.0, 0.0, 0.0, 0.0, 0.0, 0.0, 0.5072292497381568, 0.4097611195511288, 0.0, 0.0, 0.0, 0.0, 0.0, 0.0, 0.0, 0.0, 0.0, 0.0, 0.0, 0.0]}