{"0": [0.7213028681774933, 0.4757356685620767, 0.7231252843979746, 0.4707957283214287, 0.7176588172713916, 0.4712270381274047, 0.725743729621172, 0.47244573257587574, 0.7112053201223413, 0.4727704547069691, 0.7315687741463383, 0.4998578192597186, 0.7043847229331732, 0.4989036876846243, 0.7355994678412875, 0.537848166845463, 0.6952294544627269, 0.5325972671862, 0.7375713015596072, 0.5716655927675741, 0.6910694087545078, 0.5665503779633178, 0.7209240049123764, 0.5767159007213734, 0.7041175430019696, 0.5742142685723526, 0.7106717419189711, 0.631923763729908, 0.7071152614429593, 0.6312277895432932, 0.7041398713986079, 0.6826157285107507, 0.7037684116512537, 0.6838513510094748], "1": [0.19740404486656188, 0.6904292510615455, 0.1999119110405445, 0.6827772356845715, 0.1921616072456042, 0.6860527999423168, 0.204003818705678, 0.6760824455155267, 0.18316754264136154, 0.6855705770629423, 0.2159346041580041, 0.7067836203508907, 0.17394815770288308, 0.7253556026352777, 0.2269892806808154, 0.7560069002487041, 0.16704788232843082, 0.7727904347357927, 0.23080523476625486, 0.8039726579354869, 0.1649189974181354, 0.8225915767528392, 0.21533803896357614, 0.81853430555547, 0.19065620079636572, 0.8244101643562317, 0.21337055005133151, 0.8796771828775053, 0.19643673822283744, 0.9089268991240749, 0.2091606717556715, 0.9341879495867976, 0.19988402401407562, 0.9831328489162304], "2": [0.0, 0.0, 0.0, 0.0, 0.0, 0.0, 0.0, 0.0, 0.0, 0.0, 0.0, 0.0, 0.0, 0.0, 0.0, 0.0, 0.0, 0.0, 0.0, 0.0, 0.0, 0.0, 0.0, 0.0, 0.0, 0.0, 0.0, 0.0, 0.0, 0.0, 0.20076631444195905, 0.9836393793423971, 0.0, 0.0], "3": [0.0, 0.0, 0.0, 0.0, 0.0, 0.0, 0.0, 0.0, 0.0, 0.0, 0.0, 0.0, 0.0, 0.0, 0.0, 0.0, 0.0, 0.0, 0.0, 0.0, 0.0, 0.0, 0.0, 0.0, 0.0, 0.0, 0.0, 0.0, 0.0, 0.0, 0.0, 0.0, 0.20346143357455732, 0.9369054627363328]}