{"0": [0.551212947939833, 0.37903318515530343, 0.5527237469951312, 0.3748870762409987, 0.5493483060350021, 0.3761082596249051, 0.5566105643287301, 0.37116433382034303, 0.5488830944523215, 0.37327874887872625, 0.5652143719916543, 0.38171671949051045, 0.5496675508717696, 0.3844798556080571, 0.5730618932750076, 0.40489670126526445, 0.5469272028654814, 0.40554581670849416, 0.5781103439629078, 0.43042664395438296, 0.5424520074079434, 0.4280812296602461, 0.5650094604430099, 0.425860832038301, 0.5563287427881732, 0.42628656749924027, 0.5626046568155288, 0.4640314521612945, 0.5576013005028169, 0.46405902791906284, 0.561517316227158, 0.49911512864960567, 0.557495283211271, 0.49914357474556675], "1": [0.6678243908410271, 0.4448192362432127, 0.668180438503623, 0.44046538560478776, 0.0, 0.0, 0.6675634025285642, 0.44148136233841934, 0.6791891810794671, 0.43625463335602377, 0.6704723075032233, 0.46250628125336435, 0.6894140346441417, 0.4553323506895039, 0.6704836085438728, 0.4995731262697114, 0.6992438178509474, 0.48203237939763954, 0.663785252161324, 0.5262094930366233, 0.6898695375149448, 0.4938718601509377, 0.6751838263124228, 0.5315714871441877, 0.6868249699473381, 0.5298972634805573, 0.6714310638606549, 0.5834170994935213, 0.6814820937501888, 0.5828665689185814, 0.6702276473244031, 0.6402773764398363, 0.6749955435593923, 0.633732861639173]}