{"0": [0.38638658958176764, 0.4758548661514565, 0.38648747516175114, 0.4722636787979691, 0.385183224050949, 0.4712707391491643, 0.0, 0.0, 0.3780786478271087, 0.47280207298420096, 0.38213090238471825, 0.4963453288431522, 0.36490910543749727, 0.5007668726422169, 0.39170652292668817, 0.5159308597997383, 0.36296752827862894, 0.5325296757397829, 0.4085241127759218, 0.5286699949591248, 0.37742571346461773, 0.5371645544690115, 0.3702778033912182, 0.5625832096294121, 0.36039190615798966, 0.563654218338154, 0.3838144391775131, 0.6047777258687549, 0.382844782123963, 0.6048575756726442, 0.39163449381788573, 0.6525217279239938, 0.39208396300673487, 0.6531988340395468], "1": [0.0, 0.0, 0.0, 0.0, 0.0, 0.0, 0.5404224758346875, 0.5381700108448665, 0.5560645883282026, 0.540589819793348, 0.531046567686523, 0.5679065493521867, 0.5639179502303402, 0.5750150705929156, 0.5186178301771481, 0.6083739538987477, 0.5751255894700686, 0.608142110153481, 0.5162012693782648, 0.6251670644239143, 0.5849980283528566, 0.6062511338127984, 0.5365119607498249, 0.665350279101619, 0.5584935198227564, 0.6630938606129754, 0.5316337698139251, 0.717612948903331, 0.5748231538881858, 0.7017825294423986, 0.5231823062834641, 0.7759231598288925, 0.5758069400986036, 0.7723229067193137], "2": [0.0, 0.0, 0.0, 0.0, 0.0, 0.0, 0.0, 0.0, 0.0, 0.0, 0.0, 0.0, 0.0, 0.0, 0.0, 0.0, 0.0, 0.0, 0.0, 0.0, 0.0, 0.0, 0.0, 0.0, 0.0, 0.0, 0.3567462834219138, 0.6214381222371702, 0.0, 0.0, 0.3411035891622305, 0.6712628973854913, 0.0, 0.0], "3": [0.0, 0.0, 0.0, 0.0, 0.0, 0.0, 0.0, 0.0, 0.0, 0.0, 0.0, 0.0, 0.0, 0.0, 0.0, 0.0, 0.0, 0.0, 0.0, 0.0, 0.0, 0.0, 0.0, 0.0, 0.0, 0.0, 0.0, 0.0, 0.3567139354534447, 0.6237381634888826, 0.0, 0.0, 0.34069066507120926, 0.669489751038728]}