{"0": [0.16870771555307632, 0.7056313920904089, 0.0, 0.0, 0.0, 0.0, 0.0, 0.0, 0.16079690953095754, 0.6929103815997089, 0.0, 0.0, 0.0, 0.0, 0.0, 0.0, 0.0, 0.0, 0.0, 0.0, 0.0, 0.0, 0.0, 0.0, 0.0, 0.0, 0.0, 0.0, 0.0, 0.0, 0.0, 0.0, 0.0, 0.0], "1": [0.0, 0.0, 0.0, 0.0, 0.0, 0.0, 0.15956162381917238, 0.6881138881047567, 0.1814194765407592, 0.6884379219125819, 0.14582522759834926, 0.7271007979357684, 0.19172304744521776, 0.7160157715832746, 0.11377153837432465, 0.7628523994375158, 0.20458383224904536, 0.7575064188904232, 0.1247751680513223, 0.7719410105987832, 0.2094725305214524, 0.7949590861797334, 0.15985983970264595, 0.841924422206702, 0.18832124546170234, 0.8368523059067903, 0.16592637623349826, 0.9160925684151826, 0.1904444895684719, 0.9213377801908387, 0.17142790978153546, 0.9656640199599442, 0.190539538115263, 0.9919251991642846], "2": [0.0, 0.0, 0.0, 0.0, 0.0, 0.0, 0.0, 0.0, 0.8793250973025958, 0.7304758396965486, 0.8612534444404376, 0.7455654063472277, 0.8760547560856689, 0.7549959774364053, 0.0, 0.0, 0.8975774257133404, 0.7214787173602316, 0.9141359303457042, 0.6645648619642964, 0.9140574630970756, 0.6655908867164895, 0.8409675954530637, 0.8491763356659147, 0.8478796206919166, 0.857097456742216, 0.8357559957851967, 0.9424281493381218, 0.8469314370925228, 0.9441910867889722, 0.0, 0.0, 0.0, 0.0], "3": [0.0, 0.0, 0.0, 0.0, 0.0, 0.0, 0.0, 0.0, 0.0, 0.0, 0.0, 0.0, 0.0, 0.0, 0.0, 0.0, 0.0, 0.0, 0.0, 0.0, 0.1272392827551812, 0.7731097710353357, 0.0, 0.0, 0.0, 0.0, 0.0, 0.0, 0.0, 0.0, 0.0, 0.0, 0.0, 0.0], "4": [0.0, 0.0, 0.0, 0.0, 0.0, 0.0, 0.0, 0.0, 0.0, 0.0, 0.0, 0.0, 0.0, 0.0, 0.0, 0.0, 0.0, 0.0, 0.0, 0.0, 0.0, 0.0, 0.0, 0.0, 0.0, 0.0, 0.0, 0.0, 0.0, 0.0, 0.8037184352676073, 0.9901302030792942, 0.0, 0.0]}