{"0": [0.5813977242136995, 0.5398121096469738, 0.0, 0.0, 0.5808801365705828, 0.5336613955321136, 0.0, 0.0, 0.5731182678757857, 0.5339205137005558, 0.5495602893332641, 0.5469959643152026, 0.5735716621701916, 0.5754979459223923, 0.5258263190587361, 0.5558278891775343, 0.5674048068622748, 0.6216784210116775, 0.0, 0.0, 0.5681134637445211, 0.6594284605096887, 0.5341396253556013, 0.6385403037071228, 0.5535508108635744, 0.6469693120982912, 0.533323659747839, 0.7032146820315608, 0.5539486346145471, 0.7107555371743661, 0.5246779937297105, 0.7640452888276842, 0.5509166455517213, 0.7708401889712723], "1": [0.7150093518818418, 0.7062502808041042, 0.7166925450166066, 0.70029983661241, 0.7148987868490319, 0.6979413233421466, 0.0, 0.0, 0.7056963019693892, 0.6894251651234097, 0.0, 0.0, 0.689660436900643, 0.7082592747277684, 0.0, 0.0, 0.0, 0.0, 0.0, 0.0, 0.0, 0.0, 0.6800075870007276, 0.7665442764345143, 0.6707155684630076, 0.7628807191495542, 0.6960317267725865, 0.8322734731215017, 0.6967888457079728, 0.8343829462925593, 0.7150732142850756, 0.9094209759323685, 0.7151140065863728, 0.9106051277231287], "2": [0.0, 0.0, 0.0, 0.0, 0.0, 0.0, 0.0, 0.0, 0.0, 0.0, 0.0, 0.0, 0.0, 0.0, 0.5354843833018095, 0.5897625995454965, 0.0, 0.0, 0.5363123071069519, 0.5930232056864986, 0.0, 0.0, 0.0, 0.0, 0.0, 0.0, 0.0, 0.0, 0.0, 0.0, 0.0, 0.0, 0.0, 0.0], "3": [0.0, 0.0, 0.0, 0.0, 0.0, 0.0, 0.0, 0.0, 0.0, 0.0, 0.0, 0.0, 0.0, 0.0, 0.0, 0.0, 0.0, 0.0, 0.0, 0.0, 0.0, 0.0, 0.6632018183668453, 0.7608281037321797, 0.0, 0.0, 0.6799732687572638, 0.8084380838606092, 0.0, 0.0, 0.0, 0.0, 0.0, 0.0], "4": [0.0, 0.0, 0.0, 0.0, 0.0, 0.0, 0.0, 0.0, 0.0, 0.0, 0.0, 0.0, 0.0, 0.0, 0.0, 0.0, 0.0, 0.0, 0.0, 0.0, 0.0, 0.0, 0.0, 0.0, 0.0, 0.0, 0.0, 0.0, 0.6821180501331886, 0.8065613786379495, 0.0, 0.0, 0.0, 0.0], "5": [0.0, 0.0, 0.0, 0.0, 0.0, 0.0, 0.0, 0.0, 0.0, 0.0, 0.0, 0.0, 0.0, 0.0, 0.0, 0.0, 0.0, 0.0, 0.0, 0.0, 0.0, 0.0, 0.0, 0.0, 0.0, 0.0, 0.0, 0.0, 0.0, 0.0, 0.6617406167089939, 0.792981849555616, 0.0, 0.0]}