{"0": [0.4277559701974193, 0.5257671908096031, 0.42902129627764224, 0.5204871887410129, 0.0, 0.0, 0.43370024698475995, 0.5244930386543274, 0.44485083060959973, 0.522981760347331, 0.42963685678939023, 0.5602989347996535, 0.45796287755171455, 0.551122964642666, 0.4253937713801861, 0.6044371557456476, 0.46850768574513496, 0.584569971649735, 0.4139512287452817, 0.6255270693313193, 0.46984776332974426, 0.6124649106352418, 0.43834733528395486, 0.6354285869333478, 0.45684792976826427, 0.6340262100100518, 0.4236192954083284, 0.6767905711023896, 0.4592603414009015, 0.6719448121609511, 0.4225576399204631, 0.7393486173064621, 0.47185585970679916, 0.7204770647817188], "1": [0.33678262184063595, 0.6379762053489685, 0.336991826693217, 0.6313010975166603, 0.0, 0.0, 0.34180636269350845, 0.6281529881336071, 0.0, 0.0, 0.36037612055273105, 0.6485437179605166, 0.34783953128816225, 0.6509809546324112, 0.34809545550184945, 0.6947640602235441, 0.3436564212276911, 0.6905012731198912, 0.3254893014828364, 0.6989099167011402, 0.3259117255608241, 0.6974985480308532, 0.3848292242735624, 0.7279461963309182, 0.36772653907537456, 0.7299776896834373, 0.40332686764498554, 0.798880336019728, 0.34211321075757345, 0.7870006996172446, 0.4369862330456575, 0.8087548993251942, 0.32416557570298515, 0.8480318861979025], "2": [0.0, 0.0, 0.0, 0.0, 0.0, 0.0, 0.0, 0.0, 0.35223242952488365, 0.6223499147980301, 0.0, 0.0, 0.0, 0.0, 0.0, 0.0, 0.0, 0.0, 0.0, 0.0, 0.0, 0.0, 0.0, 0.0, 0.0, 0.0, 0.0, 0.0, 0.0, 0.0, 0.0, 0.0, 0.0, 0.0], "3": [0.0, 0.0, 0.0, 0.0, 0.0, 0.0, 0.0, 0.0, 0.0, 0.0, 0.0, 0.0, 0.0, 0.0, 0.0, 0.0, 0.0, 0.0, 0.0, 0.0, 0.0, 0.0, 0.0, 0.0, 0.0, 0.0, 0.0, 0.0, 0.0, 0.0, 0.0, 0.0, 0.43763107197980083, 0.8091606201948943]}