{"0": [0.6407805552085241, 0.4529244321363944, 0.0, 0.0, 0.6407379540304343, 0.4493963360786438, 0.0, 0.0, 0.6364666411032279, 0.44966256982750363, 0.6282579831779004, 0.4657792539508254, 0.6259304172048966, 0.46959290675542975, 0.6344109168276191, 0.4903562267621358, 0.6350344996588926, 0.49179207875772757, 0.6473581625769536, 0.48541195043535146, 0.6474112603192528, 0.48610211886741495, 0.6263054726024468, 0.5343917113763315, 0.6282161443183819, 0.5348062914830668, 0.6270633456200206, 0.5813755949476251, 0.636190804404517, 0.5834324130305537, 0.6021032812267852, 0.607190552022722, 0.6384854192535082, 0.6352567527029249], "1": [0.0, 0.0, 0.0, 0.0, 0.0, 0.0, 0.4135315385957559, 0.5737077603185619, 0.43082697906841827, 0.5738359134782244, 0.4017879224692782, 0.6088903281423781, 0.44020039296398555, 0.6065552009476556, 0.39771052345943947, 0.6487318726049529, 0.4477815365574012, 0.6538899900736632, 0.0, 0.0, 0.4525200159288943, 0.6888861417770386, 0.41316890468200046, 0.7069400887246485, 0.43940531796154875, 0.6980047126611074, 0.40381161645054825, 0.7688561905313421, 0.43844807607432207, 0.7658382893712432, 0.3935700213226179, 0.8399684759201826, 0.4408707849681378, 0.823744934135013], "2": [0.0, 0.0, 0.0, 0.0, 0.0, 0.0, 0.0, 0.0, 0.0, 0.0, 0.0, 0.0, 0.0, 0.0, 0.0, 0.0, 0.0, 0.0, 0.0, 0.0, 0.0, 0.0, 0.0, 0.0, 0.0, 0.0, 0.0, 0.0, 0.0, 0.0, 0.6382076650857925, 0.6352716267108918, 0.0, 0.0], "3": [0.0, 0.0, 0.0, 0.0, 0.0, 0.0, 0.0, 0.0, 0.0, 0.0, 0.0, 0.0, 0.0, 0.0, 0.0, 0.0, 0.0, 0.0, 0.0, 0.0, 0.0, 0.0, 0.0, 0.0, 0.0, 0.0, 0.0, 0.0, 0.0, 0.0, 0.0, 0.0, 0.601843104014794, 0.6079821833857784]}