{"0": [0.15442906270424525, 0.701648896380707, 0.15596962322791416, 0.6950123619150232, 0.15147654842585326, 0.6937503590627953, 0.0, 0.0, 0.13737142148117223, 0.6895332042817716, 0.1462848849594593, 0.7218966136652011, 0.12049282180766263, 0.7392425919020618, 0.1536017343401909, 0.7594781956324975, 0.11056002009039125, 0.7672876297875687, 0.16839828997229533, 0.7970505770709778, 0.10774971743424734, 0.8018057955635919, 0.14953473309675852, 0.8330542893597374, 0.13117305091582238, 0.8364024736263134, 0.1474949340025584, 0.9170675617677194, 0.14803528930060567, 0.9195861741348548, 0.14085883361597856, 0.9873396343655056, 0.14107217267155647, 0.990159919195705], "1": [0.6100192790230117, 0.6183826191419804, 0.0, 0.0, 0.6084963098168373, 0.6166891939110226, 0.5934842450854679, 0.6258775767042405, 0.605893554041783, 0.6216540703067073, 0.5955309074372053, 0.6684516699225814, 0.61650975694259, 0.655766949650866, 0.5825934285918871, 0.7165123780568441, 0.6257330855975548, 0.7016083112469427, 0.5710118487477303, 0.7564599898126392, 0.6391725610320766, 0.7301883531389411, 0.5904604816809297, 0.7724314586983787, 0.6061875008551093, 0.767813026132407, 0.5787957171599071, 0.8300440311431885, 0.6130298902591069, 0.8520299430246706, 0.5685088006934772, 0.8887886912734421, 0.6300517684469621, 0.9285092305254053], "2": [0.0, 0.0, 0.0, 0.0, 0.0, 0.0, 0.0, 0.0, 0.0, 0.0, 0.0, 0.0, 0.0, 0.0, 0.0, 0.0, 0.0, 0.0, 0.6381740557650725, 0.7301884920508773, 0.0, 0.0, 0.0, 0.0, 0.0, 0.0, 0.0, 0.0, 0.0, 0.0, 0.0, 0.0, 0.0, 0.0], "3": [0.0, 0.0, 0.0, 0.0, 0.0, 0.0, 0.0, 0.0, 0.0, 0.0, 0.0, 0.0, 0.0, 0.0, 0.0, 0.0, 0.0, 0.0, 0.0, 0.0, 0.0, 0.0, 0.0, 0.0, 0.0, 0.0, 0.6114386873940628, 0.8561638217833307, 0.0, 0.0, 0.6300710788617533, 0.9278259542253282, 0.0, 0.0], "4": [0.0, 0.0, 0.0, 0.0, 0.0, 0.0, 0.0, 0.0, 0.0, 0.0, 0.0, 0.0, 0.0, 0.0, 0.0, 0.0, 0.0, 0.0, 0.0, 0.0, 0.0, 0.0, 0.0, 0.0, 0.0, 0.0, 0.0, 0.0, 0.0, 0.0, 0.0, 0.0, 0.5693776222566763, 0.8884264369805653]}