{"0": [0.5233951156338056, 0.5570414571850388, 0.0, 0.0, 0.5235288909325997, 0.5515200152993203, 0.507188509653012, 0.5508550431993272, 0.5190990800969303, 0.5542282991939121, 0.4935067308600992, 0.5655376392382162, 0.5131540611386299, 0.5912380465754756, 0.4737688674281041, 0.5877917145137433, 0.5242769343157608, 0.6349542505211301, 0.45657565627867974, 0.6182008535773665, 0.5307129902765155, 0.658787022696601, 0.4695612094054619, 0.6464113548949912, 0.48882526606321336, 0.6551857781630975, 0.4619738705456257, 0.6948426630761889, 0.4979473105612366, 0.7166363455631115, 0.44827059640859557, 0.7290550670690007, 0.4728019675627972, 0.7579531148627953], "1": [0.0, 0.0, 0.0, 0.0, 0.0, 0.0, 0.34055094377448164, 0.5713583204481337, 0.35465149432420723, 0.5694044678299516, 0.3334915565947692, 0.6085232231352065, 0.36726649714012943, 0.6013060761822595, 0.3238843286409974, 0.6611548960208894, 0.3779235149423281, 0.6443544156021542, 0.31966664729019006, 0.7000694487105917, 0.38371924459934237, 0.6880873885419633, 0.3494910607735316, 0.6940839129465598, 0.36721362384657064, 0.6927861220444795, 0.34107522641619054, 0.7523757264569954, 0.347181555069983, 0.7549555601897063, 0.3258714616298676, 0.7988041281700136, 0.36513505248973765, 0.8185572460638704], "2": [0.0, 0.0, 0.0, 0.0, 0.0, 0.0, 0.0, 0.0, 0.0, 0.0, 0.0, 0.0, 0.0, 0.0, 0.0, 0.0, 0.0, 0.0, 0.0, 0.0, 0.0, 0.0, 0.0, 0.0, 0.0, 0.0, 0.49834459871053693, 0.7147141026884869, 0.0, 0.0, 0.47107721045613293, 0.7562926884050722, 0.0, 0.0], "3": [0.0, 0.0, 0.0, 0.0, 0.0, 0.0, 0.0, 0.0, 0.0, 0.0, 0.0, 0.0, 0.0, 0.0, 0.0, 0.0, 0.0, 0.0, 0.0, 0.0, 0.0, 0.0, 0.0, 0.0, 0.0, 0.0, 0.0, 0.0, 0.0, 0.0, 0.3652179760237535, 0.8190808168164005, 0.0, 0.0], "4": [0.0, 0.0, 0.0, 0.0, 0.0, 0.0, 0.0, 0.0, 0.0, 0.0, 0.0, 0.0, 0.0, 0.0, 0.0, 0.0, 0.0, 0.0, 0.0, 0.0, 0.0, 0.0, 0.0, 0.0, 0.0, 0.0, 0.0, 0.0, 0.0, 0.0, 0.0, 0.0, 0.32572440057992935, 0.7983135106386963]}