{"0": [0.2750946228702863, 0.667087052265803, 0.27611373979598286, 0.6618963045102578, 0.2733974558611711, 0.664634495973587, 0.2849252793627481, 0.6568677302863862, 0.0, 0.0, 0.30755187086761, 0.6757289407429872, 0.28688472559054695, 0.6854685086343023, 0.326917405784097, 0.700453878844468, 0.28158014165237544, 0.7196203176622038, 0.3372160172710816, 0.7460423073282948, 0.2725200076897939, 0.7535150380046279, 0.33537519368110225, 0.7141285179941742, 0.32036852836608887, 0.7287947083512941, 0.33631877433508633, 0.7657285651674977, 0.29628305112322173, 0.751276224244524, 0.0, 0.0, 0.29210298930605255, 0.8100606953656232], "1": [0.0, 0.0, 0.41081017528971037, 0.5315214152689334, 0.0, 0.0, 0.4141518600285053, 0.5337136621828432, 0.42737846812233327, 0.5316549848627161, 0.4098010300348202, 0.5659035196458851, 0.43973990112232664, 0.5596847961070361, 0.40773250634471575, 0.6050575732081025, 0.4476863421189288, 0.5988928938353502, 0.4103705168236047, 0.6549531492922042, 0.44236352567871406, 0.618080345844781, 0.42138360341389974, 0.649066440043626, 0.44082749436299007, 0.6487705392969979, 0.39721534177660944, 0.6773746292624209, 0.45078496150672437, 0.69597237639957, 0.399727971603473, 0.7437124954329597, 0.4674808101107677, 0.7533634058855198], "2": [0.0, 0.0, 0.0, 0.0, 0.0, 0.0, 0.0, 0.0, 0.0, 0.0, 0.0, 0.0, 0.0, 0.0, 0.0, 0.0, 0.0, 0.0, 0.0, 0.0, 0.0, 0.0, 0.0, 0.0, 0.0, 0.0, 0.29750568546975653, 0.7516440444522434, 0.0, 0.0, 0.0, 0.0, 0.0, 0.0], "3": [0.0, 0.0, 0.0, 0.0, 0.0, 0.0, 0.0, 0.0, 0.0, 0.0, 0.0, 0.0, 0.0, 0.0, 0.0, 0.0, 0.0, 0.0, 0.0, 0.0, 0.0, 0.0, 0.0, 0.0, 0.0, 0.0, 0.0, 0.0, 0.0, 0.0, 0.36837403165797394, 0.7574350927714948, 0.0, 0.0], "4": [0.0, 0.0, 0.0, 0.0, 0.0, 0.0, 0.0, 0.0, 0.0, 0.0, 0.0, 0.0, 0.0, 0.0, 0.0, 0.0, 0.0, 0.0, 0.0, 0.0, 0.0, 0.0, 0.0, 0.0, 0.0, 0.0, 0.0, 0.0, 0.0, 0.0, 0.34115033882359663, 0.7569390711960969, 0.0, 0.0], "5": [0.0, 0.0, 0.0, 0.0, 0.0, 0.0, 0.0, 0.0, 0.0, 0.0, 0.0, 0.0, 0.0, 0.0, 0.0, 0.0, 0.0, 0.0, 0.0, 0.0, 0.0, 0.0, 0.0, 0.0, 0.0, 0.0, 0.0, 0.0, 0.0, 0.0, 0.0, 0.0, 0.3676784830788771, 0.7572957155881105]}