{"0": [0.0, 0.0, 0.0, 0.0, 0.0, 0.0, 0.5231137824710459, 0.5211420489682093, 0.5359487578893701, 0.5203542236928587, 0.5181504796569546, 0.5456447349654303, 0.542099604010582, 0.5495095619448908, 0.5095971872409185, 0.5793124066458809, 0.5461760066449642, 0.595272344130057, 0.5192005768418312, 0.5871806344500294, 0.5647492001764476, 0.6172371270479979, 0.515907779087623, 0.6200906696142974, 0.5324847385287286, 0.6251204669475555, 0.512722966571649, 0.6555433408909097, 0.5490905322134495, 0.6467785881625281, 0.49472737877319256, 0.6913538654645284, 0.547425747786959, 0.6918464086121983], "1": [0.0, 0.0, 0.0, 0.0, 0.0, 0.0, 0.3658058767517408, 0.46007044315338136, 0.377746660883228, 0.4570876192163538, 0.3629624022791783, 0.48752302483276083, 0.38742861375212667, 0.4833637031140151, 0.35297663186987244, 0.5169038154460766, 0.39372419673406206, 0.5228365335199568, 0.3494275926301877, 0.5311112134544937, 0.3994933169335127, 0.5565603260640745, 0.3710197639962038, 0.5557032488010548, 0.38544745411102965, 0.5586885182945817, 0.3696717243641615, 0.598588655171571, 0.3750076695034901, 0.5975434344123911, 0.3737158496553699, 0.6385913548646149, 0.3737117266282439, 0.6381756729549832]}