{"0": [0.7192410630484422, 0.48271259400579664, 0.7222710710018874, 0.47654595739311645, 0.7160389809558789, 0.47821609689681616, 0.7274834483861923, 0.47536761672408495, 0.7129469479123751, 0.4794132752550973, 0.7360122349113226, 0.5052245089301357, 0.7094863511621952, 0.5022343900468614, 0.7351234030909837, 0.5473868917535852, 0.7024971746529142, 0.537631732556555, 0.7165548930565516, 0.544659289966027, 0.703973692531387, 0.543524897981573, 0.7290519673377276, 0.5828547165349678, 0.7120060201734304, 0.5806211564275955, 0.7289654555420081, 0.6342171846164597, 0.711982480312387, 0.6354569256305694, 0.7291969853142898, 0.6763176927963892, 0.710371112152158, 0.6904658163035358], "1": [0.0, 0.0, 0.0, 0.0, 0.0, 0.0, 0.3464903136094411, 0.5560104922012047, 0.3604573156335391, 0.5565915928946602, 0.3332944671312968, 0.5862492484075051, 0.36675409302115447, 0.5949856775778312, 0.32629409233729045, 0.6236813026445883, 0.3716167523215214, 0.6412613736258612, 0.33619841405500966, 0.6393738596527665, 0.37405138512452446, 0.6796794209215377, 0.3406687860687574, 0.6761084541126534, 0.3614187066753705, 0.6816248105631935, 0.34679240696132185, 0.7491845846176147, 0.36970802750438453, 0.7401909452897532, 0.3505726262927055, 0.8178859545676798, 0.37791003622114666, 0.7944567268645322]}