{"0": [0.6575795407096545, 0.4541492477611259, 0.6600745116981367, 0.44910494916968874, 0.6546677727252245, 0.44970156925695914, 0.6638470313201348, 0.44627369311120774, 0.6518848594122877, 0.4468035121758779, 0.6700836043804884, 0.47004377899898425, 0.6464785205821196, 0.4678324853932416, 0.6733414110417166, 0.5043353579662464, 0.6363486219818394, 0.4843793412049611, 0.6626038440813621, 0.5283339752091302, 0.6332327961921692, 0.5089184950899196, 0.6638235449790955, 0.5359626596724546, 0.6498434361070394, 0.5344401121139526, 0.6639016688490907, 0.5859000016141822, 0.6504463105152051, 0.5843286858664618, 0.6671102958420912, 0.6372329681007949, 0.6547646318872771, 0.620484858972055], "1": [0.0, 0.0, 0.0, 0.0, 0.0, 0.0, 0.39478486925363543, 0.5791401373015511, 0.41153177122275036, 0.578013515913928, 0.38424496774872136, 0.6108068148019137, 0.4219012595092257, 0.6123159145867383, 0.0, 0.0, 0.42769150442133347, 0.6595966895421346, 0.0, 0.0, 0.0, 0.0, 0.39494179462393125, 0.7056293499690515, 0.41650393828749654, 0.7058888246615728, 0.3979651616110156, 0.7740971661621222, 0.41969567549725373, 0.7617674088036572, 0.3971403992424408, 0.846009080277549, 0.42678396481399733, 0.8193257855596365]}