{"0": [0.3951107315719128, 0.548921161448514, 0.3961189734439055, 0.5440104028692951, 0.0, 0.0, 0.40109878604610766, 0.5463761958811019, 0.4123332592348258, 0.5433939281437132, 0.40001589246094227, 0.5815665242572625, 0.4261486190060774, 0.5690023298616762, 0.3986802798385421, 0.6348589333119217, 0.0, 0.0, 0.3851938552223146, 0.6443835799340849, 0.0, 0.0, 0.41697028987109663, 0.6668102317386203, 0.4389672024175525, 0.6629750060374607, 0.40172588427861533, 0.7198021818090368, 0.44967309410373363, 0.7212065845727921, 0.40286060236394405, 0.7756759186585744, 0.4643469421348224, 0.7701345699804799], "1": [0.22522011374433834, 0.7304465413093567, 0.22495908935864767, 0.7264781395594279, 0.0, 0.0, 0.23036701120436193, 0.7233088999986649, 0.0, 0.0, 0.25233774532874426, 0.7490191918832284, 0.2477480194997042, 0.7447241552450039, 0.26854641414247454, 0.8088105316515322, 0.24035154711455106, 0.788520737323496, 0.26778646496435005, 0.8690729386276669, 0.22521314385036628, 0.8143897657041197, 0.28381955847144125, 0.839501271976365, 0.26244064296285313, 0.8331926701935352, 0.0, 0.0, 0.2334333337843418, 0.8680040319760639, 0.23568486745158831, 0.9594339322436739, 0.23547671705794831, 0.9576786481671863], "2": [0.0, 0.0, 0.0, 0.0, 0.0, 0.0, 0.0, 0.0, 0.0, 0.0, 0.0, 0.0, 0.0, 0.0, 0.0, 0.0, 0.0, 0.0, 0.22536259094874064, 0.8160596198505824, 0.0, 0.0, 0.0, 0.0, 0.0, 0.0, 0.0, 0.0, 0.0, 0.0, 0.0, 0.0, 0.0, 0.0], "3": [0.0, 0.0, 0.0, 0.0, 0.0, 0.0, 0.0, 0.0, 0.0, 0.0, 0.0, 0.0, 0.0, 0.0, 0.0, 0.0, 0.0, 0.0, 0.0, 0.0, 0.0, 0.0, 0.0, 0.0, 0.0, 0.0, 0.25489234377940495, 0.9123279615684792, 0.0, 0.0, 0.0, 0.0, 0.0, 0.0], "4": [0.0, 0.0, 0.0, 0.0, 0.0, 0.0, 0.0, 0.0, 0.0, 0.0, 0.0, 0.0, 0.0, 0.0, 0.0, 0.0, 0.0, 0.0, 0.0, 0.0, 0.0, 0.0, 0.0, 0.0, 0.0, 0.0, 0.2341577745974064, 0.8695781602351754, 0.0, 0.0, 0.0, 0.0, 0.0, 0.0], "5": [0.0, 0.0, 0.0, 0.0, 0.0, 0.0, 0.0, 0.0, 0.0, 0.0, 0.0, 0.0, 0.0, 0.0, 0.0, 0.0, 0.0, 0.0, 0.0, 0.0, 0.0, 0.0, 0.0, 0.0, 0.0, 0.0, 0.0, 0.0, 0.0, 0.0, 0.2983397309978803, 0.8934236780360892, 0.0, 0.0]}