{"0": [0.0, 0.0, 0.0, 0.0, 0.0, 0.0, 0.3197754053398967, 0.5591402392282531, 0.3364020561799407, 0.5546120959299582, 0.318351899428914, 0.6011633250448439, 0.3443954606850942, 0.5864841750374546, 0.3231294400990009, 0.6428233987755245, 0.34687051276365916, 0.6335918983099638, 0.30956727812687557, 0.69324532714155, 0.0, 0.0, 0.33551641219916445, 0.6755426923433939, 0.3483644528314471, 0.6701326331882566, 0.33253497034311297, 0.7472205636677919, 0.33904966022819283, 0.7447609413553167, 0.3387327307835221, 0.8186427115014306, 0.3392446910767887, 0.8184699873913521], "1": [0.0, 0.0, 0.0, 0.0, 0.0, 0.0, 0.3799808425207933, 0.4975358576686294, 0.39203665231664975, 0.4971091151237488, 0.3831357158720493, 0.5265122989813487, 0.3925110763559739, 0.5227747136795963, 0.36423442646240195, 0.5520663623594575, 0.0, 0.0, 0.3531375631690025, 0.5466517722165143, 0.35468566169341403, 0.5455071944881369, 0.39105960391461847, 0.6046639107995563, 0.402770455305775, 0.6030258690869367, 0.36177259087562563, 0.6451635910405054, 0.392921303709348, 0.6455476994867677, 0.37278135628439485, 0.7085802898362831, 0.4156672425568103, 0.6954855653974745], "2": [0.0, 0.0, 0.0, 0.0, 0.0, 0.0, 0.0, 0.0, 0.0, 0.0, 0.0, 0.0, 0.0, 0.0, 0.0, 0.0, 0.0, 0.0, 0.0, 0.0, 0.0, 0.0, 0.0, 0.0, 0.0, 0.0, 0.0, 0.0, 0.36196133891741433, 0.6413011386990547, 0.0, 0.0, 0.0, 0.0], "3": [0.0, 0.0, 0.0, 0.0, 0.0, 0.0, 0.0, 0.0, 0.0, 0.0, 0.0, 0.0, 0.0, 0.0, 0.0, 0.0, 0.0, 0.0, 0.0, 0.0, 0.0, 0.0, 0.0, 0.0, 0.0, 0.0, 0.0, 0.0, 0.0, 0.0, 0.4154013310869535, 0.695775568706018, 0.0, 0.0]}