{"0": [0.6098569284503659, 0.5188744028409322, 0.6099730920357008, 0.5123883499039543, 0.6081158777077993, 0.5158214765566367, 0.6149585075366001, 0.5061237676276101, 0.0, 0.0, 0.6281765547891458, 0.5166299561659495, 0.6202962425847847, 0.5214408605187028, 0.6506684872011343, 0.5349740812072048, 0.6167899464567502, 0.5427505073723969, 0.6521110808535013, 0.5678932356613654, 0.6110350030784806, 0.5667026412190387, 0.6516267826780677, 0.5531451762826355, 0.6437862321074742, 0.5576285900893034, 0.648494750323395, 0.6174195195789689, 0.637120159715414, 0.6099279950062434, 0.642648453017076, 0.6674561703646624, 0.632485365619262, 0.6554452206801485], "1": [0.0, 0.0, 0.0, 0.0, 0.0, 0.0, 0.36586952693760394, 0.5795437497121316, 0.38291607846816383, 0.5749960859064702, 0.36084807235747574, 0.6219112599337544, 0.39454556635270516, 0.6082764554906774, 0.3567648185106615, 0.6786202318690441, 0.4013664751003186, 0.6571766132557834, 0.35464702248573304, 0.7207026071018643, 0.41033155700036633, 0.6947953486884082, 0.37356763426214457, 0.7082205934656991, 0.39501515539983917, 0.7014399532918577, 0.3794728234410286, 0.781534512375516, 0.40289371013641356, 0.7537714159047161, 0.3800434101372957, 0.8505865803471317, 0.4212043086687724, 0.8165955985033954]}