{"0": [0.6782211013138294, 0.4939569346330784, 0.0, 0.0, 0.6789075685044129, 0.48971803872673597, 0.6638299743334453, 0.48144930247907286, 0.6767775525649389, 0.4892129006209197, 0.6497972076137859, 0.5024163588329598, 0.6707028516878686, 0.5162293890008219, 0.6396830581904699, 0.5337933407889472, 0.6665018156170844, 0.5542184410271822, 0.6333518455425898, 0.5627975190127338, 0.6774143827458222, 0.5826853376847727, 0.6451136798908313, 0.5848481255548971, 0.6630124280850093, 0.589560222349785, 0.6455136646827062, 0.6401331133864544, 0.6743441163251798, 0.6388350449226521, 0.6407512535651524, 0.6970039047576763, 0.6693931416297952, 0.7006594905146846], "1": [0.0, 0.0, 0.0, 0.0, 0.37324040780464807, 0.5659086792557327, 0.35429634228348733, 0.5702658291216249, 0.3692370608759423, 0.5689550443931861, 0.3432320623348157, 0.6072172749925543, 0.37710188218043184, 0.6142862282417438, 0.33817280891040963, 0.6567547779392313, 0.38313864047328633, 0.6631010692290685, 0.335336830583401, 0.6975008534060584, 0.3855572213574002, 0.7046734904801404, 0.35013585599760216, 0.7008086667016701, 0.3717981312423945, 0.7018821672157005, 0.3512668911367654, 0.7689984087590818, 0.37915539580086866, 0.7641791308367694, 0.35070183761417867, 0.835116277800666, 0.3866284307092428, 0.8253569067628296]}