{"0": [0.6198692293216784, 0.5564484192265404, 0.6228372801250468, 0.5494602898756663, 0.6160536125302316, 0.5501718901925616, 0.6267018019842605, 0.5477222268228178, 0.6103860464451524, 0.5493754812964687, 0.6348763717959324, 0.5746038311057621, 0.6048573558529218, 0.585197902167285, 0.6405496972302596, 0.6162757016994335, 0.6009621823827426, 0.6296286677872694, 0.6429894295831521, 0.6541571809185875, 0.6030998781944314, 0.6678408984784727, 0.6296691589057446, 0.663302672157685, 0.6113233529031278, 0.6648621316309329, 0.6242855136593183, 0.722774737852591, 0.6054268051559727, 0.72628490196334, 0.6213960920770965, 0.7781321755161992, 0.6025096813837687, 0.7846864781997822], "1": [0.45474292437235514, 0.40704457450796055, 0.4562486552847986, 0.40318373574150934, 0.4537432789802551, 0.40380967237331256, 0.46205609838167827, 0.4030638797415627, 0.0, 0.0, 0.4677224967007836, 0.42655062095986473, 0.4601451409049332, 0.4255869208662598, 0.4709812151889006, 0.4617125933920896, 0.46019645348812144, 0.45906426619600366, 0.4567473008918265, 0.4775115070243677, 0.4534376205255588, 0.47478877659197205, 0.46980671311418215, 0.48657757971021864, 0.4616839425017437, 0.48441210317390937, 0.4699873462319374, 0.5313919613758723, 0.4523933751819034, 0.5238509189199518, 0.47280210844861964, 0.5722914576530456, 0.46071501187980174, 0.567441026535299], "2": [0.0, 0.0, 0.0, 0.0, 0.0, 0.0, 0.0, 0.0, 0.0, 0.0, 0.0, 0.0, 0.0, 0.0, 0.0, 0.0, 0.0, 0.0, 0.0, 0.0, 0.0, 0.0, 0.0, 0.0, 0.0, 0.0, 0.0, 0.0, 0.46999473248918844, 0.5319660513489335, 0.0, 0.0, 0.0, 0.0]}