{"0": [0.4177547708774606, 0.5172328935729132, 0.41894281435136993, 0.5116437757456744, 0.41711718067526815, 0.5125607691429279, 0.4267125045259793, 0.5114143389242667, 0.0, 0.0, 0.4262337744235992, 0.5395726742567839, 0.44933997591336566, 0.529978409961418, 0.42303339336843543, 0.5764874709977045, 0.4587967450420062, 0.568460821001618, 0.41532830074429516, 0.5979277897764135, 0.4535328504939874, 0.5925398892826504, 0.4376196376979351, 0.6181973196566105, 0.45470603133241333, 0.6110565533068169, 0.4222564173241456, 0.6692705092606721, 0.4607935738439361, 0.6688395005685311, 0.42284138515436404, 0.7188238598682263, 0.4712273880839348, 0.7221998031164899], "1": [0.23829036466777326, 0.6599512133333418, 0.24075186873475712, 0.6535257187154558, 0.23481073832760255, 0.6561223751416912, 0.24892327400545275, 0.6491796263942012, 0.0, 0.0, 0.2642659375754495, 0.6649331247365033, 0.23548700444710752, 0.6825218613500947, 0.2765501232817769, 0.7033404306129173, 0.0, 0.0, 0.2542876708010832, 0.7298661224544049, 0.2461238108575344, 0.7353858662976159, 0.2801506530493498, 0.746776223844952, 0.25706146800269686, 0.7519361272799197, 0.2882103640586138, 0.7960976846378158, 0.24639876559376717, 0.816724595648271, 0.29217342163125676, 0.8008077835595167, 0.24634673086305459, 0.8950249435725035], "2": [0.0, 0.0, 0.0, 0.0, 0.0, 0.0, 0.0, 0.0, 0.0, 0.0, 0.0, 0.0, 0.0, 0.0, 0.0, 0.0, 0.0, 0.0, 0.0, 0.0, 0.0, 0.0, 0.0, 0.0, 0.0, 0.0, 0.0, 0.0, 0.0, 0.0, 0.0, 0.0, 0.2925658111770948, 0.79421797770041]}