{"0": [0.0, 0.0, 0.43025444621841114, 0.49775318481304026, 0.0, 0.0, 0.43217899079124134, 0.5021877496330827, 0.4459088424841563, 0.5029053732200905, 0.42662443723529575, 0.537068862988855, 0.4555881135786573, 0.5342829203164134, 0.4199128830184539, 0.5772844579484727, 0.4619362055013577, 0.5792329320201168, 0.41819281950592996, 0.5996733616899561, 0.4645028477689872, 0.6142329469875053, 0.43254443344970545, 0.6178047121674927, 0.4508021049201488, 0.6190800837896488, 0.43242082794507347, 0.6759029196368324, 0.45108854603022336, 0.6795329107178583, 0.42587689893941083, 0.7501330662656713, 0.4506479592372974, 0.7390068544281854], "1": [0.0, 0.0, 0.0, 0.0, 0.0, 0.0, 0.3742378011345864, 0.6052460429845032, 0.38782241307199, 0.5947162081797918, 0.3849362998269498, 0.6288848589967797, 0.4001025290538867, 0.6127975681313762, 0.38831509376565615, 0.6748602394704466, 0.0, 0.0, 0.3772002132066215, 0.6739124081752919, 0.0, 0.0, 0.41509648704280455, 0.6975517231005209, 0.4224655332354208, 0.6910682922160184, 0.3842329247544209, 0.7353805150146837, 0.0, 0.0, 0.4091645096739133, 0.777442138724857, 0.42290001511573794, 0.7505150344636706], "2": [0.0, 0.0, 0.0, 0.0, 0.0, 0.0, 0.0, 0.0, 0.0, 0.0, 0.0, 0.0, 0.0, 0.0, 0.0, 0.0, 0.0, 0.0, 0.0, 0.0, 0.3855392937082797, 0.6704439588236036, 0.0, 0.0, 0.0, 0.0, 0.0, 0.0, 0.0, 0.0, 0.0, 0.0, 0.0, 0.0], "3": [0.0, 0.0, 0.0, 0.0, 0.0, 0.0, 0.0, 0.0, 0.0, 0.0, 0.0, 0.0, 0.0, 0.0, 0.0, 0.0, 0.0, 0.0, 0.0, 0.0, 0.0, 0.0, 0.0, 0.0, 0.0, 0.0, 0.0, 0.0, 0.4101730421030273, 0.7264640212059021, 0.0, 0.0, 0.0, 0.0], "4": [0.0, 0.0, 0.0, 0.0, 0.0, 0.0, 0.0, 0.0, 0.0, 0.0, 0.0, 0.0, 0.0, 0.0, 0.0, 0.0, 0.0, 0.0, 0.0, 0.0, 0.0, 0.0, 0.0, 0.0, 0.0, 0.0, 0.0, 0.0, 0.3864891940106948, 0.7320280154546102, 0.0, 0.0, 0.0, 0.0]}