{"0": [0.8437887213930177, 0.6920900812303579, 0.0, 0.0, 0.8403868695721031, 0.6893512796472621, 0.0, 0.0, 0.8308256508472065, 0.6972423672676086, 0.8113342169672251, 0.7220143232218645, 0.8390577644109727, 0.7309713754389021, 0.7984289482856789, 0.7560328744075916, 0.8573677354802688, 0.7143124795070401, 0.7906569180389246, 0.8005804589501133, 0.8727247678829978, 0.6743337719528764, 0.8030246974900365, 0.8320671924838313, 0.8202058880279461, 0.8412749469280243, 0.8090172206362088, 0.9234612765135588, 0.819221434276551, 0.9241376954096335, 0.7897041460731998, 0.9846714712955333, 0.0, 0.0], "1": [0.0, 0.0, 0.0, 0.0, 0.0, 0.0, 0.280367261916399, 0.5512926450482121, 0.2972639134153724, 0.5522335458960798, 0.27112417444586756, 0.5845014170364097, 0.3031891881177823, 0.5821857712886952, 0.2636548837646842, 0.6334297322219721, 0.312122060606877, 0.5810667624352155, 0.26265781645973524, 0.6731805675559573, 0.0, 0.0, 0.2810216851998121, 0.6757218599319459, 0.29978953426082927, 0.6716459647372917, 0.2925947409123182, 0.7379169400091525, 0.3018907932564616, 0.738532531923718, 0.29856232513236497, 0.798084471336638, 0.2999517119402387, 0.7992098477009696], "2": [0.0, 0.0, 0.0, 0.0, 0.0, 0.0, 0.0, 0.0, 0.0, 0.0, 0.0, 0.0, 0.0, 0.0, 0.0, 0.0, 0.0, 0.0, 0.8726118855799238, 0.6742018085938912, 0.0, 0.0, 0.0, 0.0, 0.0, 0.0, 0.0, 0.0, 0.0, 0.0, 0.0, 0.0, 0.0, 0.0]}