{"0": [0.0, 0.0, 0.0, 0.0, 0.0, 0.0, 0.38146007410250604, 0.5131286060368573, 0.39512391289075216, 0.5108881239537839, 0.3777821456392606, 0.5470197988881004, 0.4032029086103042, 0.5373309236157824, 0.37319030507157247, 0.5940773010253906, 0.4057507134974002, 0.6100656795280951, 0.3649366426281631, 0.6275353294831736, 0.0, 0.0, 0.38603481935958067, 0.6351182520389557, 0.40068586034079395, 0.6359291111981428, 0.3810359030341109, 0.6831395158061274, 0.3935882821213454, 0.6914747831998048, 0.37947160974144933, 0.7232327851984236, 0.4092394905785719, 0.7436593703649662], "1": [0.0, 0.0, 0.0, 0.0, 0.0, 0.0, 0.0, 0.0, 0.4145666316151619, 0.5487817263161695, 0.41067925933748484, 0.5738594270828697, 0.42328230862816174, 0.5686043922547941, 0.4090563379228115, 0.6192497257833127, 0.4310883201037844, 0.6177241957298032, 0.0, 0.0, 0.0, 0.0, 0.42134293814500173, 0.6493160295265692, 0.43301353404919307, 0.6475688281434554, 0.4240968022495508, 0.7142236307263374, 0.4306270274023215, 0.7093811567182894, 0.4420676444967588, 0.7860662007773364, 0.4417484114567439, 0.7860888097021315], "2": [0.0, 0.0, 0.0, 0.0, 0.0, 0.0, 0.0, 0.0, 0.0, 0.0, 0.0, 0.0, 0.0, 0.0, 0.0, 0.0, 0.0, 0.0, 0.0, 0.0, 0.0, 0.0, 0.0, 0.0, 0.0, 0.0, 0.0, 0.0, 0.0, 0.0, 0.41026853726555906, 0.7447426589550796, 0.0, 0.0], "3": [0.0, 0.0, 0.0, 0.0, 0.0, 0.0, 0.0, 0.0, 0.0, 0.0, 0.0, 0.0, 0.0, 0.0, 0.0, 0.0, 0.0, 0.0, 0.0, 0.0, 0.0, 0.0, 0.0, 0.0, 0.0, 0.0, 0.0, 0.0, 0.0, 0.0, 0.0, 0.0, 0.3801486113419135, 0.7227769217005482]}