{"0": [0.15331830208500227, 0.7047497930350127, 0.15572168187548716, 0.6967898320268702, 0.15014467438062032, 0.6979637691268213, 0.16742076724767685, 0.6775797315631752, 0.0, 0.0, 0.1885105351607005, 0.7082381453779009, 0.1549060792972644, 0.7095899988103795, 0.19368755616402875, 0.7701085832383897, 0.12872873718539873, 0.7388678494426939, 0.18542257210986765, 0.833837951609382, 0.0, 0.0, 0.18782953657209872, 0.810400562595438, 0.16556956774244705, 0.8058326182542023, 0.18912442019209266, 0.8829154921902551, 0.1572190398350358, 0.8966321249802908, 0.19281187169253824, 0.9567013864163999, 0.1775607372634113, 0.9328074954174183], "1": [0.31991000672181447, 0.4073834635593273, 0.0, 0.0, 0.3193339704225461, 0.4030329978576413, 0.30903290659189225, 0.3926997944160744, 0.3180942825973034, 0.4005358671700513, 0.2983492692932487, 0.40635986195670226, 0.31639798047641915, 0.4175350824991862, 0.2874112147837877, 0.42685671316252816, 0.3159401059150696, 0.44610546452027783, 0.2848986843290428, 0.46003929199995813, 0.3122959005335967, 0.46216142999905124, 0.293477827621003, 0.46576704206290065, 0.30761088952422144, 0.4683166523774465, 0.2933487552218139, 0.5097084994669313, 0.3100813315870861, 0.5066251615683238, 0.2938136600151969, 0.5610913042668944, 0.31119331462929645, 0.5462125729631494], "2": [0.0, 0.0, 0.0, 0.0, 0.0, 0.0, 0.0, 0.0, 0.0, 0.0, 0.0, 0.0, 0.0, 0.0, 0.0, 0.0, 0.0, 0.0, 0.0, 0.0, 0.14569449697931608, 0.7154951942187768, 0.0, 0.0, 0.0, 0.0, 0.0, 0.0, 0.0, 0.0, 0.0, 0.0, 0.0, 0.0]}