{"0": [0.0, 0.0, 0.0, 0.0, 0.0, 0.0, 0.4532927906761567, 0.5300161446410196, 0.4676058441400528, 0.5315214567714268, 0.4438922685571015, 0.5598866353984232, 0.4728580327743354, 0.5661130545315919, 0.42703161429381, 0.5913404376418502, 0.47856866233050827, 0.6111494421648482, 0.4231720697134733, 0.6250319858943975, 0.4805744657292962, 0.6488353149758445, 0.4498768535753091, 0.644663788654186, 0.4662469701220592, 0.6453682239408847, 0.4596131974210342, 0.7006047811221192, 0.467276397968332, 0.7010752336846457, 0.47220661913355194, 0.749296067379139, 0.4720888345191876, 0.7492324736383225], "1": [0.0, 0.0, 0.0, 0.0, 0.0, 0.0, 0.578884045034647, 0.47416611667032593, 0.589347090991214, 0.4788685551396123, 0.5682412324783702, 0.4850112140592602, 0.5843328497062127, 0.5063858541073623, 0.5557528440530102, 0.4924159360980546, 0.5791806818296512, 0.5494339172486905, 0.0, 0.0, 0.5960597086697816, 0.5650875753826565, 0.5536138200511534, 0.558809292288842, 0.5642464301548898, 0.5611258155769772, 0.5657466690987348, 0.5919540926262185, 0.5825865065058073, 0.5869156406985389, 0.5496641670664152, 0.6166274002304784, 0.5743747269113858, 0.63476949289993], "2": [0.0, 0.0, 0.0, 0.0, 0.0, 0.0, 0.0, 0.0, 0.0, 0.0, 0.0, 0.0, 0.0, 0.0, 0.5760566689074039, 0.5438639045313552, 0.0, 0.0, 0.594323334346215, 0.5633635812335545, 0.0, 0.0, 0.0, 0.0, 0.0, 0.0, 0.0, 0.0, 0.0, 0.0, 0.0, 0.0, 0.0, 0.0], "3": [0.0, 0.0, 0.0, 0.0, 0.0, 0.0, 0.0, 0.0, 0.0, 0.0, 0.0, 0.0, 0.0, 0.0, 0.0, 0.0, 0.0, 0.0, 0.5540219745288293, 0.49102221020945797, 0.0, 0.0, 0.0, 0.0, 0.0, 0.0, 0.0, 0.0, 0.0, 0.0, 0.0, 0.0, 0.0, 0.0], "4": [0.0, 0.0, 0.0, 0.0, 0.0, 0.0, 0.0, 0.0, 0.0, 0.0, 0.0, 0.0, 0.0, 0.0, 0.0, 0.0, 0.0, 0.0, 0.0, 0.0, 0.0, 0.0, 0.0, 0.0, 0.0, 0.0, 0.5816681650777658, 0.5851630243990157, 0.0, 0.0, 0.574073369304339, 0.6326123919200015, 0.0, 0.0], "5": [0.0, 0.0, 0.0, 0.0, 0.0, 0.0, 0.0, 0.0, 0.0, 0.0, 0.0, 0.0, 0.0, 0.0, 0.0, 0.0, 0.0, 0.0, 0.0, 0.0, 0.0, 0.0, 0.0, 0.0, 0.0, 0.0, 0.0, 0.0, 0.0, 0.0, 0.4440265576355159, 0.7608701035932258, 0.0, 0.0], "6": [0.0, 0.0, 0.0, 0.0, 0.0, 0.0, 0.0, 0.0, 0.0, 0.0, 0.0, 0.0, 0.0, 0.0, 0.0, 0.0, 0.0, 0.0, 0.0, 0.0, 0.0, 0.0, 0.0, 0.0, 0.0, 0.0, 0.0, 0.0, 0.0, 0.0, 0.0, 0.0, 0.4437047673156485, 0.7607317787629587]}