{"0": [0.33625277820974586, 0.5562269740634495, 0.33837320369978746, 0.5471624378804806, 0.3320986995473504, 0.5527775183320045, 0.34639651328325266, 0.5453538943771963, 0.3299463043610255, 0.5605946034193039, 0.36642096328238655, 0.5691158751646679, 0.33851764065523937, 0.5888832523668599, 0.38257450411717103, 0.5981647972707396, 0.3565868027508259, 0.6132227427429623, 0.39259647813936077, 0.6270522240135404, 0.3787095832328002, 0.6161376666139673, 0.3742017320046822, 0.6617987315963816, 0.3555676909163594, 0.6686752538990092, 0.37818138413131236, 0.7274074225514023, 0.36233598751326396, 0.7293850937927211, 0.38757884576916696, 0.7906111065988187, 0.36818791503707576, 0.7918756613024958], "1": [0.0, 0.0, 0.0, 0.0, 0.0, 0.0, 0.7280375026166439, 0.517414947130062, 0.7422421594460805, 0.5196423128799156, 0.7159297879785299, 0.5479799628257751, 0.7462662547826767, 0.5551716294553544, 0.7038340212156375, 0.5888081288793021, 0.7701754940052827, 0.5628769393320436, 0.7018143760350843, 0.5948746791592351, 0.779333172738552, 0.5335355462851347, 0.7198264713088671, 0.6306830103750583, 0.7383616274843613, 0.6318677672633418, 0.7237047115961711, 0.6870522858919922, 0.7396647638020416, 0.6825578422458084, 0.7272231192017595, 0.7384882467764395, 0.7351671401256075, 0.7382719489159406], "2": [0.0, 0.0, 0.0, 0.0, 0.0, 0.0, 0.0, 0.0, 0.0, 0.0, 0.0, 0.0, 0.0, 0.0, 0.0, 0.0, 0.0, 0.0, 0.352285047667101, 0.6036035259357757, 0.0, 0.0, 0.0, 0.0, 0.0, 0.0, 0.0, 0.0, 0.0, 0.0, 0.0, 0.0, 0.0, 0.0], "3": [0.0, 0.0, 0.0, 0.0, 0.0, 0.0, 0.0, 0.0, 0.0, 0.0, 0.0, 0.0, 0.0, 0.0, 0.0, 0.0, 0.0, 0.0, 0.7781702662507691, 0.5340522788189075, 0.0, 0.0, 0.0, 0.0, 0.0, 0.0, 0.0, 0.0, 0.0, 0.0, 0.0, 0.0, 0.0, 0.0]}