{"0": [0.5246773784359297, 0.5111456751823426, 0.5252793033917745, 0.506441859514625, 0.5228630470500018, 0.5049400890315021, 0.0, 0.0, 0.5139180885006984, 0.5024442646238538, 0.4958039994041125, 0.5166857240376649, 0.5090073622267364, 0.5351153382415196, 0.4772888523216049, 0.5319095368738528, 0.5094476284459233, 0.5806330588680727, 0.48392490719755493, 0.5609463867213991, 0.5166414493074021, 0.6077979363777019, 0.4836656223982573, 0.5980726310500393, 0.4944046155860027, 0.6029227431725572, 0.4874939024448395, 0.6487506933234356, 0.5033973197142283, 0.6606521544633088, 0.4755751998474201, 0.6946756881696207, 0.49369963317876675, 0.7251574147630621], "1": [0.5919317954530319, 0.7968273321787517, 0.0, 0.0, 0.5922690976411105, 0.7892860265793624, 0.0, 0.0, 0.5886500728627045, 0.7760255639199857, 0.5833955443153779, 0.7734372684801067, 0.5689826489115755, 0.7830283146213602, 0.0, 0.0, 0.0, 0.0, 0.0, 0.0, 0.0, 0.0, 0.5567471235369642, 0.8164796690146129, 0.5366504464298487, 0.8127727161954951, 0.5823841785206483, 0.8610739708141135, 0.5511973694587747, 0.9003488843915639, 0.5762099683284759, 0.9346893677005061, 0.5298818372189998, 0.9372339676927637], "2": [0.0, 0.0, 0.0, 0.0, 0.0, 0.0, 0.0, 0.0, 0.0, 0.0, 0.5153640081485112, 0.5420973788808894, 0.0, 0.0, 0.5085421117643515, 0.580022672922523, 0.0, 0.0, 0.5151172478372852, 0.6077145505834509, 0.0, 0.0, 0.0, 0.0, 0.0, 0.0, 0.0, 0.0, 0.0, 0.0, 0.0, 0.0, 0.0, 0.0], "3": [0.0, 0.0, 0.0, 0.0, 0.0, 0.0, 0.0, 0.0, 0.0, 0.0, 0.0, 0.0, 0.0, 0.0, 0.0, 0.0, 0.0, 0.0, 0.0, 0.0, 0.4861859062686563, 0.5609245192121577, 0.0, 0.0, 0.0, 0.0, 0.0, 0.0, 0.0, 0.0, 0.0, 0.0, 0.0, 0.0], "4": [0.0, 0.0, 0.0, 0.0, 0.0, 0.0, 0.0, 0.0, 0.0, 0.0, 0.0, 0.0, 0.0, 0.0, 0.0, 0.0, 0.0, 0.0, 0.0, 0.0, 0.5791512047251065, 0.8344956603315141, 0.0, 0.0, 0.0, 0.0, 0.0, 0.0, 0.0, 0.0, 0.0, 0.0, 0.0, 0.0], "5": [0.0, 0.0, 0.0, 0.0, 0.0, 0.0, 0.0, 0.0, 0.0, 0.0, 0.0, 0.0, 0.0, 0.0, 0.0, 0.0, 0.0, 0.0, 0.0, 0.0, 0.0, 0.0, 0.5291759302218755, 0.8057207809554205, 0.0, 0.0, 0.5518699975839506, 0.897686517238617, 0.0, 0.0, 0.0, 0.0, 0.0, 0.0], "6": [0.0, 0.0, 0.0, 0.0, 0.0, 0.0, 0.0, 0.0, 0.0, 0.0, 0.0, 0.0, 0.0, 0.0, 0.0, 0.0, 0.0, 0.0, 0.0, 0.0, 0.0, 0.0, 0.0, 0.0, 0.0, 0.0, 0.5026927004257838, 0.6587811511975747, 0.0, 0.0, 0.0, 0.0, 0.0, 0.0]}