{"0": [0.34639693101247154, 0.5303823823178256, 0.3464665897190571, 0.5259103969291404, 0.0, 0.0, 0.350651500125726, 0.5217012359036339, 0.0, 0.0, 0.361392330750823, 0.529095329951357, 0.0, 0.0, 0.36485321521759034, 0.561442991539284, 0.0, 0.0, 0.3644663753608863, 0.5930319752958085, 0.0, 0.0, 0.0, 0.0, 0.3953009794155757, 0.5183194672619855, 0.0, 0.0, 0.4032745451976856, 0.5728180803634503, 0.0, 0.0, 0.42229675551255547, 0.6049197712430248], "1": [0.0, 0.0, 0.0, 0.0, 0.0, 0.0, 0.45017557467023533, 0.4305774481208236, 0.4623817348231872, 0.4294057192625823, 0.4457318196694056, 0.4545726286040412, 0.47039165124297144, 0.4580188923411899, 0.4396912174765021, 0.4870967341793908, 0.4822444923222065, 0.4873528692457411, 0.4361727794011434, 0.5114620965939981, 0.4848210992912452, 0.5144703131031108, 0.44939428319533664, 0.5231448925755642, 0.4650251974662145, 0.523216696911388, 0.4471429410080115, 0.5731895805509002, 0.4649303345630566, 0.5761748097561024, 0.4480116929315651, 0.6253741225158727, 0.46647794991731645, 0.6255915029181375], "2": [0.0, 0.0, 0.0, 0.0, 0.0, 0.0, 0.0, 0.0, 0.0, 0.0, 0.0, 0.0, 0.3595153039321303, 0.5247076434117777, 0.0, 0.0, 0.3657419172426064, 0.5633070360731196, 0.0, 0.0, 0.36371807952721913, 0.5920484088085316, 0.3917393150428931, 0.5184561614637022, 0.0, 0.0, 0.4038520630449057, 0.5718900693787469, 0.3663651340951522, 0.5672822187896128, 0.4220904444654782, 0.6053427515206513, 0.0, 0.0], "3": [0.0, 0.0, 0.0, 0.0, 0.0, 0.0, 0.0, 0.0, 0.0, 0.0, 0.0, 0.0, 0.0, 0.0, 0.3430217000345389, 0.5517919761715112, 0.0, 0.0, 0.3270368799683638, 0.5683365554721267, 0.0, 0.0, 0.0, 0.0, 0.0, 0.0, 0.0, 0.0, 0.0, 0.0, 0.0, 0.0, 0.0, 0.0], "4": [0.0, 0.0, 0.0, 0.0, 0.0, 0.0, 0.0, 0.0, 0.0, 0.0, 0.0, 0.0, 0.0, 0.0, 0.0, 0.0, 0.34254396508137386, 0.5507991300688849, 0.0, 0.0, 0.3272411060364296, 0.5682034680136928, 0.0, 0.0, 0.0, 0.0, 0.0, 0.0, 0.0, 0.0, 0.0, 0.0, 0.0, 0.0]}