{"0": [0.0, 0.0, 0.0, 0.0, 0.0, 0.0, 0.4865531180053949, 0.5512464905778567, 0.5010973406334718, 0.548884795109431, 0.48037938655664525, 0.5846749129118742, 0.5129372442762057, 0.5811936561432149, 0.46966487970203163, 0.6271321144368913, 0.5227365932272127, 0.6228985325053886, 0.4752514054377874, 0.630770472906254, 0.5193412778278191, 0.6542672233449089, 0.49340980785588423, 0.6619762131461391, 0.5124740927169721, 0.6613500768387759, 0.4696364774679144, 0.693187501474663, 0.5259963393211364, 0.7172534373071459, 0.4570938921843966, 0.7649287369516161, 0.5450425704320272, 0.7752708194432435], "1": [0.0, 0.0, 0.0, 0.0, 0.0, 0.0, 0.6207761326183875, 0.5841703874093515, 0.636306288279593, 0.5846984236328691, 0.6087889142334462, 0.6225021618383902, 0.6409477593998115, 0.628311860119855, 0.5967295565952857, 0.667223502529992, 0.6421590995043516, 0.6644414307894531, 0.0, 0.0, 0.0, 0.0, 0.6139317801222205, 0.7127594000763363, 0.6356727238744497, 0.7143567889376923, 0.6114269723494847, 0.7610209320430402, 0.6522952932553987, 0.7760317789183723, 0.6111488526687026, 0.8196199176488099, 0.662449249625206, 0.852073879815914]}