{"0": [0.0, 0.0, 0.0, 0.0, 0.0, 0.0, 0.3334750751654307, 0.5604419751299752, 0.34602951606114707, 0.5558512034239592, 0.3432803431836267, 0.5855845389542756, 0.35477291929225124, 0.5827821680793056, 0.3374484377602736, 0.6277704086568621, 0.363492156441013, 0.6249496346270597, 0.3370018710692724, 0.6391166898939344, 0.0, 0.0, 0.35482027667264143, 0.6558917186878346, 0.363886757257084, 0.6528376089202034, 0.0, 0.0, 0.34807714270427825, 0.7239797691504161, 0.0, 0.0, 0.3803018942475319, 0.7366239126081819], "1": [0.0, 0.0, 0.0, 0.0, 0.0, 0.0, 0.3967195036510626, 0.5696488340695699, 0.4119553784529368, 0.5673347435615681, 0.39059472711135945, 0.6060314498565815, 0.42484255333741505, 0.6003062996599411, 0.3799533824125926, 0.6479265548288822, 0.4367364291101694, 0.6413462804423438, 0.3714658516148726, 0.6739481345370963, 0.44202814673384033, 0.6663119457386159, 0.4009325480709473, 0.6927059595645578, 0.42025405913591385, 0.6920899142269734, 0.40605989849815766, 0.7378472244849912, 0.42769113909453155, 0.7369547840207815, 0.4116457675894101, 0.7962320470975505, 0.0, 0.0], "2": [0.0, 0.0, 0.0, 0.0, 0.0, 0.0, 0.0, 0.0, 0.0, 0.0, 0.0, 0.0, 0.0, 0.0, 0.0, 0.0, 0.0, 0.0, 0.0, 0.0, 0.369969708720843, 0.6724820830203869, 0.0, 0.0, 0.0, 0.0, 0.0, 0.0, 0.0, 0.0, 0.0, 0.0, 0.0, 0.0], "3": [0.0, 0.0, 0.0, 0.0, 0.0, 0.0, 0.0, 0.0, 0.0, 0.0, 0.0, 0.0, 0.0, 0.0, 0.0, 0.0, 0.0, 0.0, 0.0, 0.0, 0.0, 0.0, 0.0, 0.0, 0.0, 0.0, 0.34763550981879227, 0.7257313361874332, 0.3352056080941111, 0.6654296031704656, 0.38056239088376365, 0.7375270368324386, 0.3262252618869146, 0.7210003979780056], "4": [0.0, 0.0, 0.0, 0.0, 0.0, 0.0, 0.0, 0.0, 0.0, 0.0, 0.0, 0.0, 0.0, 0.0, 0.0, 0.0, 0.0, 0.0, 0.0, 0.0, 0.0, 0.0, 0.0, 0.0, 0.0, 0.0, 0.33499653075511254, 0.6669603232984189, 0.0, 0.0, 0.3266903173799316, 0.7217912292314901, 0.0, 0.0]}