{"0": [0.0, 0.0, 0.543319808319211, 0.545474460831395, 0.0, 0.0, 0.5465729296207428, 0.5495123070699197, 0.5602502264392872, 0.5496728786715754, 0.5443124132230878, 0.588857722416934, 0.5694634188587467, 0.5819158664180173, 0.5337449287374815, 0.6323718264147088, 0.57834367826581, 0.621290957044672, 0.5258635374406972, 0.6285590207135235, 0.5875491994122665, 0.6614436776549728, 0.5586567997932435, 0.6632257173458735, 0.57434921177725, 0.6595232261551752, 0.5461883296569189, 0.7187697072823842, 0.5756917973359426, 0.7327035159976394, 0.537564683208863, 0.7575918618175719, 0.6001537842055161, 0.7971992936399248], "1": [0.0, 0.0, 0.0, 0.0, 0.0, 0.0, 0.39635289075473945, 0.577290149309017, 0.4108106264223655, 0.569989491392065, 0.40804046317934994, 0.6064583946157385, 0.4181467639903228, 0.5972289127332193, 0.4188028206001036, 0.655390690749994, 0.4137578837573528, 0.654646411869261, 0.4186091054230928, 0.6897231622978492, 0.39951529999574026, 0.6652143597602844, 0.4263800976797938, 0.6848166859812206, 0.43660678900778294, 0.6774478008901631, 0.4123125265041987, 0.7425984490800787, 0.4215507559995414, 0.7423139175577897, 0.4253690418653423, 0.7996572189192155, 0.43000419379482796, 0.7957505356954605], "2": [0.0, 0.0, 0.0, 0.0, 0.0, 0.0, 0.0, 0.0, 0.0, 0.0, 0.0, 0.0, 0.0, 0.0, 0.0, 0.0, 0.0, 0.0, 0.3948790236065785, 0.6672192182805803, 0.0, 0.0, 0.0, 0.0, 0.0, 0.0, 0.0, 0.0, 0.0, 0.0, 0.0, 0.0, 0.0, 0.0], "3": [0.0, 0.0, 0.0, 0.0, 0.0, 0.0, 0.0, 0.0, 0.0, 0.0, 0.0, 0.0, 0.0, 0.0, 0.0, 0.0, 0.0, 0.0, 0.0, 0.0, 0.0, 0.0, 0.0, 0.0, 0.0, 0.0, 0.0, 0.0, 0.0, 0.0, 0.6001233593871196, 0.7967385976126901, 0.0, 0.0]}