{"0": [0.713966453075409, 0.4939863762369862, 0.7175229307264089, 0.49024745689498056, 0.7151380913952986, 0.48970531468038203, 0.7264674603939056, 0.49633027844958844, 0.0, 0.0, 0.737773026774327, 0.5238522718350093, 0.7093342676758766, 0.5185094113703127, 0.7537973716855048, 0.5370827902246404, 0.6943713545799255, 0.5363347546369941, 0.7711040887981653, 0.541259268257353, 0.6742583194126686, 0.5388262574319487, 0.7258277732878924, 0.6020609438419341, 0.709478751073281, 0.5975990127634119, 0.7202105102439721, 0.655667057412642, 0.707472192744414, 0.6549126769105593, 0.7158840556939443, 0.6985940607609572, 0.7029122920085986, 0.7218145929828839], "1": [0.0, 0.0, 0.0, 0.0, 0.0, 0.0, 0.415636603285869, 0.5347144524256389, 0.4306028832991918, 0.5381511165036096, 0.40677527462442714, 0.561589718748022, 0.43224114309996364, 0.5742663234334301, 0.0, 0.0, 0.43520743468155465, 0.6184238480473007, 0.0, 0.0, 0.4390727814907829, 0.6701206040879091, 0.4062774028357429, 0.6469951732291116, 0.4231564050850769, 0.6489454239606858, 0.41592179462313655, 0.7155635008105526, 0.4217482046534618, 0.7163172760495433, 0.4163525531689326, 0.7826597081290351, 0.41603139502306785, 0.7832818457373867], "2": [0.0, 0.0, 0.0, 0.0, 0.0, 0.0, 0.0, 0.0, 0.0, 0.0, 0.0, 0.0, 0.0, 0.0, 0.0, 0.0, 0.0, 0.0, 0.0, 0.0, 0.7014773811524113, 0.5299501443626704, 0.0, 0.0, 0.0, 0.0, 0.0, 0.0, 0.0, 0.0, 0.0, 0.0, 0.0, 0.0]}