{"0": [0.0, 0.0, 0.0, 0.0, 0.0, 0.0, 0.6254978880286217, 0.550034816176803, 0.6398656664416194, 0.5540519771752535, 0.6152013159667452, 0.573127328687244, 0.6452297852685054, 0.5905003077454037, 0.5937120753418034, 0.5878728428372632, 0.6605728255895277, 0.6285939362314011, 0.5919881068170071, 0.5685624553097619, 0.6827416936556499, 0.6251207306981087, 0.6150824707311888, 0.666880707166813, 0.6359539295236271, 0.6708968781762653, 0.6121586079398792, 0.7142858871155315, 0.6507867205888033, 0.7045389965728477, 0.601733104356875, 0.7753700968292024, 0.6431523343548179, 0.7730278772336464], "1": [0.0, 0.0, 0.0, 0.0, 0.0, 0.0, 0.4334622029215098, 0.48025409557201243, 0.44643461853265765, 0.4831068886650933, 0.42345788634071746, 0.5029023353700285, 0.44840568043291573, 0.5218446827045193, 0.40883404264847445, 0.5251810919355463, 0.44598367027938374, 0.5516088052756256, 0.4094326098759969, 0.5235260562764273, 0.0, 0.0, 0.41642773648103076, 0.5738474709706174, 0.43136305244794737, 0.5776786417872817, 0.41390880787124235, 0.613603248861101, 0.4448847185820341, 0.6159496351524635, 0.39893668045600256, 0.6543079453485984, 0.4464350897818804, 0.6726628696476972], "2": [0.0, 0.0, 0.0, 0.0, 0.0, 0.0, 0.0, 0.0, 0.0, 0.0, 0.0, 0.0, 0.0, 0.0, 0.0, 0.0, 0.0, 0.0, 0.4231040964523951, 0.5062655750248167, 0.0, 0.0, 0.0, 0.0, 0.0, 0.0, 0.0, 0.0, 0.0, 0.0, 0.0, 0.0, 0.0, 0.0]}