{"0": [0.0, 0.0, 0.0, 0.0, 0.0, 0.0, 0.40713577692707376, 0.5295707976721503, 0.42173764854669565, 0.5264485800707782, 0.4108185370452702, 0.5645796175356265, 0.4314150164214273, 0.555232001233984, 0.4114058407023549, 0.604503447369293, 0.0, 0.0, 0.39693900334338345, 0.6361876525260785, 0.0, 0.0, 0.42157360588510834, 0.6354911099981377, 0.4395097625364239, 0.637819458157928, 0.39691011055062214, 0.6801135405346198, 0.4452435006697973, 0.6846916657355097, 0.40687431109448274, 0.7519281810425498, 0.465970262636741, 0.7384291174235168], "1": [0.0, 0.0, 0.0, 0.0, 0.0, 0.0, 0.29214638397097586, 0.6597687970708919, 0.3087344861278931, 0.6566506322887209, 0.28250264811019105, 0.7020646335902038, 0.31997885828216865, 0.6889974262979295, 0.2631709092607101, 0.7503711013882249, 0.3434053523776432, 0.6998169748595467, 0.24810425032240652, 0.7869833599638056, 0.37020180088778337, 0.7054572981816751, 0.2948552999645472, 0.7998056601594996, 0.32219429512818654, 0.7964129718089545, 0.27668528718252977, 0.8874428029413578, 0.3020976824365789, 0.8771344074496515, 0.2781596604734659, 0.969265796299334, 0.0, 0.0], "2": [0.0, 0.0, 0.0, 0.0, 0.0, 0.0, 0.0, 0.0, 0.0, 0.0, 0.0, 0.0, 0.0, 0.0, 0.0, 0.0, 0.0, 0.0, 0.3700612003604571, 0.706022326041151, 0.0, 0.0, 0.0, 0.0, 0.0, 0.0, 0.0, 0.0, 0.0, 0.0, 0.0, 0.0, 0.0, 0.0], "3": [0.0, 0.0, 0.0, 0.0, 0.0, 0.0, 0.0, 0.0, 0.0, 0.0, 0.0, 0.0, 0.0, 0.0, 0.0, 0.0, 0.0, 0.0, 0.0, 0.0, 0.0, 0.0, 0.0, 0.0, 0.0, 0.0, 0.0, 0.0, 0.0, 0.0, 0.0, 0.0, 0.2789397473136584, 0.9695472986609848]}