{"0": [0.3672213931878408, 0.5633441419513138, 0.36874316881051833, 0.5579473318877044, 0.0, 0.0, 0.3747749825318654, 0.5587276453221286, 0.3850129612411062, 0.5573888434304132, 0.3717471337566773, 0.5923009991645813, 0.3949543294807275, 0.5847416213265172, 0.0, 0.0, 0.0, 0.0, 0.0, 0.0, 0.0, 0.0, 0.0, 0.0, 0.0, 0.0, 0.0, 0.0, 0.0, 0.0, 0.0, 0.0, 0.0, 0.0], "1": [0.0, 0.0, 0.0, 0.0, 0.0, 0.0, 0.4602824101690203, 0.5181298827683484, 0.4739768736064434, 0.5153341522371327, 0.4548368173340956, 0.5497586192908109, 0.4854510745576893, 0.5425532809010258, 0.4506425753235817, 0.5980134883412609, 0.49399084579199554, 0.5806618151841342, 0.46032976851953816, 0.6073907039783619, 0.48455686780313645, 0.5950631811662956, 0.4636332454159856, 0.6317330481829467, 0.4842063635587692, 0.6308691631864618, 0.45968221332877873, 0.6875229058442293, 0.49392648429299396, 0.6874642436151152, 0.4588855343560378, 0.7437751424533349, 0.5074697144329547, 0.7511257953665874], "2": [0.0, 0.0, 0.0, 0.0, 0.0, 0.0, 0.0, 0.0, 0.0, 0.0, 0.39619404760499793, 0.5858051655469118, 0.37032414761682353, 0.59320462986275, 0.40908527995149296, 0.6339526837622678, 0.3721492366865277, 0.6318617318515425, 0.4001747834185759, 0.6737572327808098, 0.37996253135303665, 0.6623018393913905, 0.40160588463768365, 0.65856045683225, 0.3827629952381055, 0.6610274716659829, 0.39616815994183224, 0.714323428604338, 0.3693609472364187, 0.7184809137273718, 0.39738636091351515, 0.7445887306912078, 0.37385732146600875, 0.7585424801817646]}