{"0": [0.3183984595350921, 0.6518576286457203, 0.3187673845794052, 0.6469559800845606, 0.0, 0.0, 0.3200887944549322, 0.6459294043205404, 0.3303874551629027, 0.6354835777371018, 0.3263144981736938, 0.6633838277448106, 0.34038068254788717, 0.6466814798337442, 0.3271076608119377, 0.7124435109120829, 0.0, 0.0, 0.32193628624081616, 0.7571108018910444, 0.0, 0.0, 0.36310844446221985, 0.7122914504121851, 0.37600370980799197, 0.7071180248977961, 0.0, 0.0, 0.37158749798933666, 0.7566527137049922, 0.0, 0.0, 0.40832475026448567, 0.7744690369952608], "1": [0.0, 0.0, 0.0, 0.0, 0.0, 0.0, 0.41713285992542903, 0.5685662697862695, 0.4328373583654562, 0.5656809449195863, 0.41214169810215634, 0.6093092870933038, 0.44672962899009383, 0.5994512871459677, 0.39663968570530417, 0.6447520070605808, 0.4589941901465257, 0.6404762432531074, 0.38072342115143937, 0.663052076742881, 0.4649838125022749, 0.6720059601245103, 0.42904246747493746, 0.6911208929838958, 0.4499777973939975, 0.685383324407869, 0.4329293174048265, 0.7277811122161372, 0.45319311109681926, 0.7195128361384074, 0.4361351382608215, 0.7722799262514821, 0.4538923386484385, 0.772975198869352], "2": [0.0, 0.0, 0.0, 0.0, 0.0, 0.0, 0.0, 0.0, 0.0, 0.0, 0.0, 0.0, 0.0, 0.0, 0.0, 0.0, 0.0, 0.0, 0.0, 0.0, 0.3820903487503529, 0.6619178816124245, 0.0, 0.0, 0.0, 0.0, 0.0, 0.0, 0.0, 0.0, 0.0, 0.0, 0.0, 0.0], "3": [0.0, 0.0, 0.0, 0.0, 0.0, 0.0, 0.0, 0.0, 0.0, 0.0, 0.0, 0.0, 0.0, 0.0, 0.0, 0.0, 0.0, 0.0, 0.0, 0.0, 0.0, 0.0, 0.0, 0.0, 0.0, 0.0, 0.0, 0.0, 0.0, 0.0, 0.33135181604884567, 0.7923923355561716, 0.0, 0.0], "4": [0.0, 0.0, 0.0, 0.0, 0.0, 0.0, 0.0, 0.0, 0.0, 0.0, 0.0, 0.0, 0.0, 0.0, 0.0, 0.0, 0.0, 0.0, 0.0, 0.0, 0.0, 0.0, 0.0, 0.0, 0.0, 0.0, 0.0, 0.0, 0.0, 0.0, 0.40960376113653185, 0.775387841573468, 0.0, 0.0]}