{"0": [0.3961674183607101, 0.60231651685856, 0.0, 0.0, 0.39768558884970845, 0.5956967051934313, 0.0, 0.0, 0.3909682219227155, 0.5885943253283148, 0.372367543168366, 0.5876971201764212, 0.3755384493619204, 0.5974137078832698, 0.3677794521053633, 0.6616234888633092, 0.36835618773475287, 0.6596339556905958, 0.0, 0.0, 0.36823616369316975, 0.7106485419803196, 0.33455156441777945, 0.6535251533543623, 0.3435642310418189, 0.6566446208291583, 0.339129572485884, 0.713934161927965, 0.359572429706653, 0.7190897513318945, 0.313589328341186, 0.7724498881234063, 0.36453495487027493, 0.7925291728090356], "1": [0.5001793359716733, 0.5410299959006133, 0.5009198671827714, 0.5365249105073787, 0.0, 0.0, 0.5053016267716884, 0.5415408845301027, 0.5171300475796063, 0.5400340574759024, 0.5015445180858175, 0.5753998704530575, 0.5293584239979585, 0.57133442207619, 0.501342644666632, 0.6127449338082914, 0.5386547978346546, 0.6103415377714015, 0.0, 0.0, 0.5431225105499228, 0.6426637241133938, 0.5082511420051257, 0.6478078327245183, 0.5258305117487907, 0.6489994831659176, 0.4989576021830241, 0.6891704859556975, 0.5355720119085163, 0.6982747200462553, 0.5086434330791235, 0.7474095393110205, 0.5493470201889674, 0.754111252007661], "2": [0.0, 0.0, 0.0, 0.0, 0.0, 0.0, 0.0, 0.0, 0.0, 0.0, 0.0, 0.0, 0.0, 0.0, 0.0, 0.0, 0.0, 0.0, 0.0, 0.0, 0.0, 0.0, 0.0, 0.0, 0.0, 0.0, 0.3602633948127429, 0.7161923613813188, 0.0, 0.0, 0.0, 0.0, 0.0, 0.0]}