{"0": [0.0, 0.0, 0.0, 0.0, 0.0, 0.0, 0.38595501420398554, 0.527094464831882, 0.4028860054289301, 0.5221524865332025, 0.38345952356855073, 0.5616924811292577, 0.4135132788370053, 0.5508726168561865, 0.3812907222619591, 0.6125865879986021, 0.4221590443824728, 0.5898552476255982, 0.37170604128346396, 0.637337521690948, 0.4197308147326112, 0.6232032060623169, 0.3953490237394969, 0.6429384280134129, 0.41528627388179296, 0.6402628325201847, 0.3953961515178283, 0.703065240824664, 0.415798361847798, 0.6983895429858455, 0.4030860116705298, 0.7750446188229102, 0.4215620937446754, 0.7690464949166333], "1": [0.0, 0.0, 0.0, 0.0, 0.0, 0.0, 0.0, 0.0, 0.0, 0.0, 0.0, 0.0, 0.0, 0.0, 0.0, 0.0, 0.0, 0.0, 0.0, 0.0, 0.0, 0.0, 0.0, 0.0, 0.0, 0.0, 0.0, 0.0, 0.0, 0.0, 0.38175991140306, 0.7084070807253873, 0.0, 0.0]}