{"0": [0.6094186161955197, 0.45298442178302345, 0.6128447078168392, 0.44944604844958697, 0.6081834800541401, 0.44777508264890425, 0.6178524853040774, 0.45302580418410127, 0.6057125559076667, 0.44861586253952096, 0.6214115084459384, 0.47640778146408225, 0.5990081114073594, 0.4694485147242193, 0.6238921400159597, 0.502238604316005, 0.5900257682427764, 0.48933934458979855, 0.6276440584411224, 0.5196849884810271, 0.5839436354736487, 0.5260350982348124, 0.6073549460619688, 0.5269241997489222, 0.592445525775353, 0.5249174257119498, 0.6151133772606651, 0.569133429836344, 0.5903092614685496, 0.5679010720164688, 0.6144055503110091, 0.6222349038830509, 0.5873458297302325, 0.6037407366696883], "1": [0.34505298758546504, 0.4772945208681954, 0.0, 0.0, 0.3428281798958778, 0.47364925940831504, 0.0, 0.0, 0.33687273462613426, 0.47835701759214755, 0.3426221124827862, 0.49755570844367697, 0.3317021626358231, 0.5078515290110199, 0.3488131592050195, 0.5240557461977005, 0.3324400859574477, 0.5454556025840618, 0.35676957579950497, 0.541948198389124, 0.3396659929693366, 0.5777732665891999, 0.3332849107682705, 0.5697346126591718, 0.3271238682170709, 0.5706605054714061, 0.3499022622903188, 0.6174692961904737, 0.0, 0.0, 0.3568668611968557, 0.6799719430782177, 0.32050647065043447, 0.6558695122047707], "2": [0.0, 0.0, 0.0, 0.0, 0.0, 0.0, 0.0, 0.0, 0.0, 0.0, 0.0, 0.0, 0.0, 0.0, 0.0, 0.0, 0.0, 0.0, 0.0, 0.0, 0.0, 0.0, 0.0, 0.0, 0.0, 0.0, 0.0, 0.0, 0.3463585823774338, 0.617647060972673, 0.0, 0.0, 0.35696506140132744, 0.6805455474941818], "3": [0.0, 0.0, 0.0, 0.0, 0.0, 0.0, 0.0, 0.0, 0.0, 0.0, 0.0, 0.0, 0.0, 0.0, 0.0, 0.0, 0.0, 0.0, 0.0, 0.0, 0.0, 0.0, 0.0, 0.0, 0.0, 0.0, 0.0, 0.0, 0.0, 0.0, 0.32057049783567587, 0.6554519981007885, 0.0, 0.0]}