{"0": [0.0, 0.0, 0.0, 0.0, 0.0, 0.0, 0.3927829387287298, 0.5979971726735432, 0.40930080028871696, 0.5979282394603447, 0.3833816705892483, 0.6344190732196525, 0.417914660461247, 0.6366326519736537, 0.3721558661510547, 0.6701482776276492, 0.42019765637815, 0.6867355930584448, 0.36615758662422504, 0.6969070335229238, 0.0, 0.0, 0.3953083537518979, 0.730344448155827, 0.41488385781024895, 0.7298715726644904, 0.3958618886768818, 0.8153754936324227, 0.42619515731930735, 0.8042513225917463, 0.39746041105439267, 0.8891834435639558, 0.4344705869754156, 0.8484445564172887], "1": [0.0, 0.0, 0.0, 0.0, 0.0, 0.0, 0.5045848819116752, 0.48875702133885135, 0.5166247521837551, 0.49308914608425564, 0.4924362683047851, 0.5099666343794929, 0.5192190684999028, 0.521568199219527, 0.4774042172046999, 0.530377054159288, 0.5257966404159864, 0.5604008493600067, 0.46531336835275094, 0.5507823144948042, 0.534178494165341, 0.5789925310346815, 0.4868581204364697, 0.5873329621774179, 0.5036921867479881, 0.5908355090353226, 0.4810303123357395, 0.6400009366097273, 0.506456166319549, 0.6407612514112973, 0.463414845491449, 0.6755619091016275, 0.49990651483337084, 0.6928256952376277], "2": [0.0, 0.0, 0.0, 0.0, 0.0, 0.0, 0.0, 0.0, 0.0, 0.0, 0.0, 0.0, 0.0, 0.0, 0.0, 0.0, 0.0, 0.0, 0.0, 0.0, 0.0, 0.0, 0.0, 0.0, 0.0, 0.0, 0.0, 0.0, 0.0, 0.0, 0.0, 0.0, 0.39747610337411365, 0.8893196565133554]}