{"0": [0.0, 0.0, 0.3202467961857716, 0.6082383637075071, 0.0, 0.0, 0.3228404025469596, 0.6113630807786076, 0.33420007800062496, 0.6051137196796912, 0.3250139166911443, 0.6383806736380966, 0.3460523958007495, 0.6256907373390815, 0.33163430746644734, 0.7121302520787274, 0.35987928975373507, 0.6550488295378508, 0.319032601856937, 0.7722397146401582, 0.0, 0.0, 0.35258371780316033, 0.7143229572861283, 0.36540854138632617, 0.7084903595624147, 0.0, 0.0, 0.3572936075429121, 0.7863638913189923, 0.0, 0.0, 0.0, 0.0], "1": [0.0, 0.0, 0.0, 0.0, 0.0, 0.0, 0.4403942983597517, 0.5288657712163749, 0.4550623250504334, 0.5262734817134009, 0.4354759124107659, 0.5629665224640458, 0.4651129932453235, 0.5594545007579856, 0.4313579939228172, 0.6047238035334482, 0.47568793706595897, 0.5962617073966949, 0.4218104377388954, 0.6145072376286542, 0.47604674715548756, 0.6276748049038428, 0.4435814018826932, 0.6358728823838411, 0.4624165604511897, 0.6382594499323103, 0.43300372337301574, 0.6775406851812644, 0.46251312370101616, 0.6791556502933855, 0.43170990869402887, 0.7383269475566016, 0.4766136907041073, 0.7284953721143581], "2": [0.0, 0.0, 0.0, 0.0, 0.0, 0.0, 0.0, 0.0, 0.0, 0.0, 0.0, 0.0, 0.0, 0.0, 0.0, 0.0, 0.0, 0.0, 0.0, 0.0, 0.0, 0.0, 0.0, 0.0, 0.0, 0.0, 0.3566452243054907, 0.7875255080284894, 0.0, 0.0, 0.0, 0.0, 0.0, 0.0], "3": [0.0, 0.0, 0.0, 0.0, 0.0, 0.0, 0.0, 0.0, 0.0, 0.0, 0.0, 0.0, 0.0, 0.0, 0.0, 0.0, 0.0, 0.0, 0.0, 0.0, 0.0, 0.0, 0.0, 0.0, 0.0, 0.0, 0.0, 0.0, 0.0, 0.0, 0.31725432798266406, 0.7778536151956629, 0.0, 0.0], "4": [0.0, 0.0, 0.0, 0.0, 0.0, 0.0, 0.0, 0.0, 0.0, 0.0, 0.0, 0.0, 0.0, 0.0, 0.0, 0.0, 0.0, 0.0, 0.0, 0.0, 0.0, 0.0, 0.0, 0.0, 0.0, 0.0, 0.0, 0.0, 0.0, 0.0, 0.39925775267183783, 0.7912733910260376, 0.0, 0.0], "5": [0.0, 0.0, 0.0, 0.0, 0.0, 0.0, 0.0, 0.0, 0.0, 0.0, 0.0, 0.0, 0.0, 0.0, 0.0, 0.0, 0.0, 0.0, 0.0, 0.0, 0.0, 0.0, 0.0, 0.0, 0.0, 0.0, 0.0, 0.0, 0.0, 0.0, 0.0, 0.0, 0.39866139212002355, 0.7904882722430759]}