{"0": [0.5583903960883617, 0.49090677897135415, 0.5601265403131644, 0.4874382588598463, 0.0, 0.0, 0.5659073022504647, 0.4913513318256096, 0.0, 0.0, 0.568631922857215, 0.5240790987456286, 0.575663810223341, 0.5194886966987893, 0.5704518976310889, 0.5669923341936536, 0.569627765379846, 0.5660580083727836, 0.5520733537433746, 0.5771634346908994, 0.5540025229255359, 0.575582104921341, 0.5773835094335179, 0.5989435125280309, 0.5811575311391304, 0.5962526445415008, 0.5597800059244038, 0.6376915816907529, 0.5867811117321253, 0.6539249490808557, 0.0, 0.0, 0.5995886007944743, 0.7056849395787275], "1": [0.0, 0.0, 0.0, 0.0, 0.0, 0.0, 0.36563461236655714, 0.5979633591793201, 0.3815638395647208, 0.5952401007767076, 0.3689139961420248, 0.6377995199627347, 0.3949514659742514, 0.6277194894022412, 0.34013613425195216, 0.6679017190580014, 0.4002780194083849, 0.6714382217990027, 0.32608717611680427, 0.6246419472826852, 0.0, 0.0, 0.37210281273971, 0.7379890047841602, 0.39248882482449216, 0.7351390136612788, 0.3624060100565354, 0.7962828521064862, 0.39327812458698946, 0.7951830720459974, 0.37004759920140107, 0.8695520019641629, 0.4048261692126592, 0.8486393791657908], "2": [0.0, 0.0, 0.0, 0.0, 0.0, 0.0, 0.0, 0.0, 0.0, 0.0, 0.0, 0.0, 0.0, 0.0, 0.0, 0.0, 0.0, 0.0, 0.0, 0.0, 0.0, 0.0, 0.0, 0.0, 0.0, 0.0, 0.5868417922407388, 0.6544495408181792, 0.5604206737679003, 0.6384407363556049, 0.5988690859327713, 0.7050135773641092, 0.0, 0.0], "3": [0.0, 0.0, 0.0, 0.0, 0.0, 0.0, 0.0, 0.0, 0.0, 0.0, 0.0, 0.0, 0.0, 0.0, 0.0, 0.0, 0.0, 0.0, 0.0, 0.0, 0.0, 0.0, 0.0, 0.0, 0.0, 0.0, 0.0, 0.0, 0.0, 0.0, 0.0, 0.0, 0.5580129275719324, 0.6906862998450244]}