{"0": [0.3380583547055721, 0.48842567249580665, 0.33934758030809464, 0.483359909940649, 0.335521353672569, 0.4842039087304362, 0.0, 0.0, 0.3279206546023488, 0.483963464807581, 0.33951960296059647, 0.5030289433620594, 0.3184492079541087, 0.5132982013402162, 0.344482006256779, 0.5360166517672715, 0.31013509258627886, 0.5454111789111737, 0.3547689004490773, 0.5607590707363905, 0.3126004032790661, 0.589226912955443, 0.3390831309991578, 0.5852050004182039, 0.32219260614365347, 0.5882137155643216, 0.3448221743106842, 0.6383007758193547, 0.3178808060785135, 0.6429547819826338, 0.35476271212100985, 0.6879104810732382, 0.3156913341333469, 0.6968171883512425], "1": [0.0, 0.0, 0.0, 0.0, 0.0, 0.0, 0.6062130935490131, 0.566313601202435, 0.6219891569266717, 0.5680344528622098, 0.6028251121441522, 0.6077205644713508, 0.6345823850482702, 0.6109547698939288, 0.591969699660937, 0.636077426539527, 0.6414582659800847, 0.6610635455007906, 0.5900882230450709, 0.6287031301745662, 0.6449962843209505, 0.7049767719374762, 0.6039792510370413, 0.7053276748568923, 0.6242414873093367, 0.7127426171744311, 0.5969952497631311, 0.7607806845947548, 0.621411407738924, 0.777323822621946, 0.589655720970283, 0.8152283317512936, 0.6202627754459777, 0.8412548126997771]}