{"0": [0.35390018497904135, 0.4829249086203399, 0.355635179951787, 0.47947460810343423, 0.353013710429271, 0.4781056847009394, 0.0, 0.0, 0.34548928526540595, 0.47300889492034914, 0.3427005036423604, 0.4919773727655411, 0.33335769126812614, 0.49300734290370235, 0.3400012214357655, 0.5250913357293164, 0.32766477297991514, 0.5342591166496277, 0.3500173995892207, 0.5385873599184884, 0.33140650439697006, 0.5664560211753403, 0.3306799598659078, 0.5650021793665709, 0.3245515926430623, 0.5653352358826884, 0.33430755982796356, 0.6117275103374764, 0.3303946370879809, 0.6133962333202362, 0.3349278695260485, 0.665693649980757, 0.3313530313704784, 0.6683697766727873], "1": [0.0, 0.0, 0.0, 0.0, 0.0, 0.0, 0.5530148413653175, 0.5319706952130353, 0.5687127632282984, 0.5330290860599942, 0.5442601664923131, 0.5651668686557699, 0.5764087064191699, 0.5716580602857801, 0.5350189603865146, 0.609996501494337, 0.5818205695599318, 0.6211588398174003, 0.5327367540448904, 0.6437426854062963, 0.5836985645194849, 0.6597505194169504, 0.5477274515355627, 0.6558601693422706, 0.5715011740724246, 0.6615017165740331, 0.5429675313954552, 0.7129086178761942, 0.5716026027997335, 0.7153186587271867, 0.5365288324654103, 0.77604195188593, 0.5769780570175499, 0.7786864735462048]}