{"0": [0.574120490004619, 0.5656059991430353, 0.0, 0.0, 0.5730945407568167, 0.5617244252452144, 0.0, 0.0, 0.5656262272348006, 0.5603118624952105, 0.5554856104776263, 0.5813576272102418, 0.5503303848206997, 0.5793045770238947, 0.0, 0.0, 0.5438056506798603, 0.6124319529091871, 0.5504650683452685, 0.6400634827989119, 0.549477147931854, 0.6395878000391855, 0.5345753210885488, 0.6520275569156582, 0.5348542317127188, 0.6534283412827385, 0.5285442166030407, 0.7147705032076273, 0.5498723214873602, 0.7091807073541517, 0.5115188367664814, 0.7596901200435779, 0.5677601786951224, 0.775599507711552], "1": [0.0, 0.0, 0.0, 0.0, 0.0, 0.0, 0.4331103081504504, 0.5453620550257189, 0.4479343091700381, 0.546300517629694, 0.42436413615942004, 0.575684752618825, 0.45563888891289633, 0.580584855929569, 0.4144943681312725, 0.6107808566479771, 0.4623115273813407, 0.6250551654784767, 0.41086733558525645, 0.6291407220893436, 0.4613501725718379, 0.6493174690891195, 0.43137157379339136, 0.6682758033275604, 0.451954396488145, 0.6704372828136441, 0.4309350267363091, 0.7212078899145127, 0.45965279694646605, 0.7073012852972306, 0.42729227378343543, 0.7752342376444075, 0.4501454508552948, 0.7654868247332397], "2": [0.0, 0.0, 0.0, 0.0, 0.0, 0.0, 0.0, 0.0, 0.0, 0.0, 0.0, 0.0, 0.0, 0.0, 0.0, 0.0, 0.0, 0.0, 0.0, 0.0, 0.0, 0.0, 0.0, 0.0, 0.0, 0.0, 0.5592271418621143, 0.7039647810988956, 0.0, 0.0, 0.0, 0.0, 0.0, 0.0], "3": [0.0, 0.0, 0.0, 0.0, 0.0, 0.0, 0.0, 0.0, 0.0, 0.0, 0.0, 0.0, 0.0, 0.0, 0.0, 0.0, 0.0, 0.0, 0.0, 0.0, 0.0, 0.0, 0.0, 0.0, 0.0, 0.0, 0.0, 0.0, 0.0, 0.0, 0.0, 0.0, 0.5109909807642301, 0.7596676206423175]}