{"0": [0.29604560558994614, 0.4787241984296728, 0.29579648847381274, 0.4752292661755173, 0.0, 0.0, 0.29821677164485055, 0.47475832789032546, 0.30483170549074806, 0.4678688283319826, 0.30236730438967546, 0.4896046523694639, 0.3115410060932239, 0.48387487961186304, 0.3092304185032845, 0.5163116933019073, 0.3137201986586054, 0.5106849195780577, 0.3068247315163414, 0.5376180367889227, 0.0, 0.0, 0.32030889342228563, 0.5376551628112793, 0.33267192269365, 0.5348942081133523, 0.3098451096564531, 0.5666234205407953, 0.3309513038955629, 0.5865884798544424, 0.3112512309104204, 0.5965818377004729, 0.3456307200094065, 0.620391513020904], "1": [0.0, 0.0, 0.0, 0.0, 0.0, 0.0, 0.41764474970599014, 0.4300063541641942, 0.429621613646547, 0.4304695826989633, 0.4120902093748251, 0.45771674977408516, 0.4325770198057095, 0.4605449621324186, 0.4072486889238159, 0.48888382602621006, 0.43627147438625496, 0.49194122078242125, 0.41559454301993054, 0.4898379935158624, 0.4399825702110926, 0.5135991564503423, 0.41466008737528076, 0.5252022694658351, 0.4291963328917821, 0.5240574299185365, 0.4122926199187835, 0.5729220859430454, 0.4373220529407263, 0.5703218045058073, 0.3985570942983031, 0.6177547031530628, 0.4357489744201303, 0.6216101703820405], "2": [0.0, 0.0, 0.0, 0.0, 0.0, 0.0, 0.0, 0.0, 0.0, 0.0, 0.0, 0.0, 0.0, 0.0, 0.0, 0.0, 0.0, 0.0, 0.30960215292870996, 0.5911967692551789, 0.0, 0.0, 0.0, 0.0, 0.0, 0.0, 0.0, 0.0, 0.0, 0.0, 0.0, 0.0, 0.0, 0.0], "3": [0.0, 0.0, 0.0, 0.0, 0.0, 0.0, 0.0, 0.0, 0.0, 0.0, 0.0, 0.0, 0.0, 0.0, 0.0, 0.0, 0.0, 0.0, 0.0, 0.0, 0.0, 0.0, 0.0, 0.0, 0.0, 0.0, 0.3286046163489421, 0.5922757811016507, 0.0, 0.0, 0.34455995926012595, 0.6205585640889627, 0.0, 0.0]}