{"0": [0.34198101808627446, 0.4924139755743521, 0.34477318624655406, 0.48689588915418697, 0.0, 0.0, 0.3470415915052096, 0.4924904004705173, 0.0, 0.0, 0.3493508076916138, 0.518499924297686, 0.348170187122499, 0.5148516347459345, 0.3296428967267275, 0.5291575861197931, 0.0, 0.0, 0.32523096924026806, 0.513993239292392, 0.0, 0.0, 0.3503333056966464, 0.5985077138300295, 0.3475988134431342, 0.6027057754772681, 0.0, 0.0, 0.34628433535496395, 0.6655302113956876, 0.0, 0.0, 0.0, 0.0], "1": [0.0, 0.0, 0.0, 0.0, 0.0, 0.0, 0.3637272326275706, 0.5845300047485916, 0.3817102534075578, 0.588068809222292, 0.3544286583860715, 0.6208804035628283, 0.39020551859090724, 0.6234400049403862, 0.3461450235297283, 0.666644279603605, 0.39874025893708076, 0.6734176911689618, 0.33429844081401827, 0.7050064398182763, 0.4023704313673079, 0.7123499550201274, 0.3630840202172597, 0.7221927703530701, 0.38561815473561484, 0.7209603851592099, 0.352551459427923, 0.7829768285707193, 0.3892490638419986, 0.7962436767777911, 0.35113714579492805, 0.8497833868971577, 0.39298402710507313, 0.8689358056695373], "2": [0.0, 0.0, 0.0, 0.0, 0.0, 0.0, 0.0, 0.0, 0.0, 0.0, 0.0, 0.0, 0.0, 0.0, 0.0, 0.0, 0.0, 0.0, 0.0, 0.0, 0.3245075474182765, 0.5116019213641131, 0.0, 0.0, 0.0, 0.0, 0.0, 0.0, 0.0, 0.0, 0.0, 0.0, 0.0, 0.0], "3": [0.0, 0.0, 0.0, 0.0, 0.0, 0.0, 0.0, 0.0, 0.0, 0.0, 0.0, 0.0, 0.0, 0.0, 0.0, 0.0, 0.0, 0.0, 0.0, 0.0, 0.0, 0.0, 0.0, 0.0, 0.0, 0.0, 0.3497195807596048, 0.6653984674700985, 0.0, 0.0, 0.0, 0.0, 0.0, 0.0]}