{"0": [0.7042038557430108, 0.5335743478050938, 0.7053514558821916, 0.5294097658660677, 0.7046318540970483, 0.5263559310524552, 0.0, 0.0, 0.6990026241789261, 0.5181584907902612, 0.6866644721478223, 0.5210449163560514, 0.6876488797366619, 0.5247107329191985, 0.6743756194909414, 0.5611521074065455, 0.6753198802471161, 0.5638986662582115, 0.6795644059777259, 0.599306317611977, 0.6813522743061184, 0.6002994853037374, 0.6459841251373291, 0.5600737103157574, 0.6525923690758646, 0.56240615690196, 0.6560038248387475, 0.6196387825188815, 0.0, 0.0, 0.6578472050527732, 0.6763574535096133, 0.6579549613098303, 0.6777079856230153], "1": [0.03083766329412659, 0.08546989184838755, 0.03122727755495968, 0.078399423316673, 0.026567876649399597, 0.07900235520468818, 0.0, 0.0, 0.01811039646466573, 0.0826599657535553, 0.0, 0.0, 0.0, 0.0, 0.0, 0.0, 0.0, 0.0, 0.0, 0.0, 0.0, 0.0, 0.0, 0.0, 0.0, 0.0, 0.0, 0.0, 0.0, 0.0, 0.0, 0.0, 0.0, 0.0], "2": [0.0, 0.0, 0.0, 0.0, 0.0, 0.0, 0.37289448926846186, 0.5570605609152052, 0.3890437859420975, 0.5568558756951932, 0.36252095935245354, 0.5907022643972326, 0.3958103482921918, 0.5962960694447382, 0.3576234949131807, 0.6361204112017597, 0.3989856964598099, 0.6426140045678174, 0.3675828588505586, 0.6498726674803981, 0.40219403131244086, 0.6819923060911673, 0.3665048882365226, 0.6763561180344334, 0.38828933387994774, 0.6786968310674031, 0.3590264019866784, 0.7454054258487842, 0.3915641667942206, 0.7353791267783554, 0.35688788363089163, 0.817303024618714, 0.3971078162391981, 0.7939885082068266], "3": [0.0, 0.0, 0.0, 0.0, 0.0, 0.0, 0.0, 0.0, 0.0, 0.0, 0.0, 0.0, 0.0, 0.0, 0.0, 0.0, 0.0, 0.0, 0.0, 0.0, 0.0, 0.0, 0.0, 0.0, 0.0, 0.0, 0.0, 0.0, 0.6569850698113441, 0.617279378131584, 0.0, 0.0, 0.0, 0.0]}