{"0": [0.0, 0.0, 0.0, 0.0, 0.0, 0.0, 0.5454608830312888, 0.47383811385543256, 0.5555052974571785, 0.47134627721927785, 0.5422118457655112, 0.49975379153534216, 0.5644372979799906, 0.49711127833083824, 0.5321787785738706, 0.5346823851267497, 0.5712954798092446, 0.527530539256555, 0.5196651096766194, 0.554070880677965, 0.5674533908565839, 0.5382252320095345, 0.5550599656999111, 0.5664881637526883, 0.5698612437893947, 0.5622377572236238, 0.531619599616776, 0.6023158427741793, 0.5757548307379086, 0.5971652213622023, 0.5434155598903696, 0.6549929630425241, 0.5950214449316263, 0.6271382203808539], "1": [0.0, 0.0, 0.0, 0.0, 0.0, 0.0, 0.6473391477018595, 0.4598681101092586, 0.6566669319135447, 0.46473346142857164, 0.6400534595673283, 0.47597232990794713, 0.6578947519262631, 0.4874015026622348, 0.6302697643637657, 0.4807314020616037, 0.6611442650357883, 0.5111954728762309, 0.0, 0.0, 0.6618769232183694, 0.5249959888281646, 0.6403879751761753, 0.5291078696096385, 0.654813402146101, 0.5284888769741412, 0.64235005689164, 0.5520877565774652, 0.6561687964014709, 0.5495312030668612, 0.6479408422213357, 0.5794987455562309, 0.6574465615053972, 0.5768381207077592], "2": [0.0, 0.0, 0.0, 0.0, 0.0, 0.0, 0.0, 0.0, 0.0, 0.0, 0.0, 0.0, 0.0, 0.0, 0.0, 0.0, 0.0, 0.0, 0.6364330679178238, 0.5277628084023793, 0.0, 0.0, 0.0, 0.0, 0.0, 0.0, 0.0, 0.0, 0.0, 0.0, 0.0, 0.0, 0.0, 0.0], "3": [0.0, 0.0, 0.0, 0.0, 0.0, 0.0, 0.0, 0.0, 0.0, 0.0, 0.0, 0.0, 0.0, 0.0, 0.0, 0.0, 0.0, 0.0, 0.6359346087711553, 0.4731767031881544, 0.0, 0.0, 0.0, 0.0, 0.0, 0.0, 0.0, 0.0, 0.0, 0.0, 0.0, 0.0, 0.0, 0.0]}