{"0": [0.3448744112004836, 0.45470957623587716, 0.344049434363842, 0.44979233686570774, 0.34091017333169776, 0.451284545439261, 0.0, 0.0, 0.3333116304129362, 0.46031247443623013, 0.34208621233701714, 0.4870809808925346, 0.32909305033584435, 0.4924803099146596, 0.33959246818364286, 0.5316458079550002, 0.3278427107259631, 0.5370357064916149, 0.34852524058272444, 0.5542167166868845, 0.33221935605009395, 0.5751289267230917, 0.34118898895879585, 0.5670667730823711, 0.33611081124593817, 0.5711337491318033, 0.34179393475254377, 0.6137645580150463, 0.3395415530462439, 0.6161490612559848, 0.3386281338830789, 0.6680050121413337, 0.33793901006380717, 0.6698205119481793], "1": [0.0, 0.0, 0.0, 0.0, 0.0, 0.0, 0.7657159886012475, 0.642038263435717, 0.7830986288686593, 0.6380669960269222, 0.7634397039810816, 0.681359240743849, 0.7993103470653296, 0.6732373555501302, 0.7503354653716089, 0.732084138084341, 0.8230667520004016, 0.7113154197180711, 0.7390661119483412, 0.7628235580744566, 0.8548798913757005, 0.7433205055969733, 0.7704545977214973, 0.7886027307146125, 0.7898130600806326, 0.7883745781801365, 0.7664673494795958, 0.8492302339386057, 0.7825794128080209, 0.8576965709527333, 0.7463146202266217, 0.8801996447421886, 0.7989903566737969, 0.9440426303004777], "2": [0.0, 0.0, 0.0, 0.0, 0.0, 0.0, 0.0, 0.0, 0.0, 0.0, 0.0, 0.0, 0.0, 0.0, 0.0, 0.0, 0.0, 0.0, 0.0, 0.0, 0.0, 0.0, 0.0, 0.0, 0.0, 0.0, 0.7828922015925248, 0.8609970693235044, 0.0, 0.0, 0.7989428554351132, 0.9439400894222436, 0.0, 0.0], "3": [0.0, 0.0, 0.0, 0.0, 0.0, 0.0, 0.0, 0.0, 0.0, 0.0, 0.0, 0.0, 0.0, 0.0, 0.0, 0.0, 0.0, 0.0, 0.0, 0.0, 0.0, 0.0, 0.0, 0.0, 0.0, 0.0, 0.0, 0.0, 0.0, 0.0, 0.0, 0.0, 0.7460339163740475, 0.8793707975634824]}