{"0": [0.6548245682070652, 0.40081718652336684, 0.6568480249494314, 0.3973505627225947, 0.6530573268110553, 0.39608427075048286, 0.6590541429817677, 0.3941383887220313, 0.6476801317029943, 0.39172802876543117, 0.6598076938961943, 0.4108467174624955, 0.6395886238266636, 0.4119056776717857, 0.6654675633956989, 0.4354519055949317, 0.6332732698569695, 0.438386031874904, 0.6657720393190781, 0.4566598758653358, 0.636956455806891, 0.46458159817589656, 0.6532203689217566, 0.468587980778129, 0.6406833113481601, 0.46885469268869473, 0.6544955765207608, 0.5079067376476747, 0.638190358504653, 0.5011664893892076, 0.6564077824975053, 0.5519194307150664, 0.6329414886732896, 0.5274709123152274], "1": [0.0, 0.0, 0.0, 0.0, 0.0, 0.0, 0.38266485979159676, 0.572388885528953, 0.398678195476532, 0.5720508043412809, 0.37170005800823375, 0.6075818777084351, 0.4087725671629111, 0.6061776094966465, 0.3635692736133933, 0.6543015472314976, 0.4173445951193571, 0.6531965719328986, 0.3590420155475537, 0.6899335172441271, 0.4238302131493886, 0.6762729049832733, 0.3839094667385022, 0.702321614600994, 0.4060530470063289, 0.7016480252698616, 0.387603701899449, 0.780047282024666, 0.41244885611037413, 0.7533165733019512, 0.39001887046421563, 0.8498976454690651, 0.415745369096597, 0.8037895168281264]}