{"0": [0.0, 0.0, 0.0, 0.0, 0.0, 0.0, 0.5939682225696743, 0.5310697120648843, 0.6082640305161477, 0.5367805424663755, 0.583621638516585, 0.5499119533432855, 0.602265375200659, 0.5699292765723334, 0.5617313371350368, 0.5645904629318802, 0.6126854345202446, 0.5959250558029723, 0.5439890379862239, 0.5821451251705487, 0.0, 0.0, 0.5704845822105805, 0.6313351121213701, 0.586504241079092, 0.6347541611503672, 0.0, 0.0, 0.0, 0.0, 0.0, 0.0, 0.0, 0.0], "1": [0.0, 0.0, 0.0, 0.0, 0.0, 0.0, 0.6194127864514788, 0.5968185226122539, 0.6368789916237195, 0.6041953866128569, 0.6056534606342514, 0.6237426647433528, 0.6382159369687239, 0.6481038675574516, 0.5926408976316452, 0.6612393231303604, 0.6470064632594585, 0.7002295574104345, 0.0, 0.0, 0.6545341104269028, 0.7369127974466041, 0.5979383818417167, 0.7143733625334722, 0.6179228921731313, 0.7283222158749898, 0.591820085545381, 0.7697830540162547, 0.6397763881987582, 0.7949764294756784, 0.5758047794302305, 0.7998233689202203, 0.6472623095537225, 0.878005407543646], "2": [0.0, 0.0, 0.0, 0.0, 0.0, 0.0, 0.0, 0.0, 0.0, 0.0, 0.0, 0.0, 0.0, 0.0, 0.0, 0.0, 0.0, 0.0, 0.0, 0.0, 0.645639160896341, 0.5945062306192186, 0.0, 0.0, 0.0, 0.0, 0.0, 0.0, 0.0, 0.0, 0.0, 0.0, 0.0, 0.0]}