{"0": [0.0, 0.0, 0.0, 0.0, 0.0, 0.0, 0.372375046958526, 0.5718752326788726, 0.38826805527011554, 0.5720945009478816, 0.36384241059422495, 0.6056929122518611, 0.3959567720691363, 0.6020628775711413, 0.35100981369614603, 0.644564645378678, 0.4108309805082778, 0.6368364133216716, 0.33817551682392755, 0.669461186616509, 0.4278820687284072, 0.6401185049502938, 0.369406899313132, 0.6930510107565809, 0.3926557101309299, 0.6915795778786694, 0.35056272968649865, 0.7449457466050431, 0.4011271448805928, 0.7159412284692128, 0.33591160367553435, 0.8273233357403015, 0.4038054863611857, 0.7583571193394838], "1": [0.0, 0.0, 0.0, 0.0, 0.0, 0.0, 0.0, 0.0, 0.0, 0.0, 0.0, 0.0, 0.0, 0.0, 0.0, 0.0, 0.0, 0.0, 0.0, 0.0, 0.0, 0.0, 0.0, 0.0, 0.0, 0.0, 0.0, 0.0, 0.0, 0.0, 0.0, 0.0, 0.4296366460621357, 0.7969874226384692]}