{"0": [0.7310321867931633, 0.4999629249899752, 0.7313621097942814, 0.49499742499104255, 0.0, 0.0, 0.738357578466336, 0.49278573472466736, 0.0, 0.0, 0.7472771328563491, 0.5201252058700278, 0.7426069268335899, 0.5177117455888678, 0.7533434835573037, 0.564255906034399, 0.740182428744932, 0.5623000738797365, 0.7331410641471544, 0.5742897090260629, 0.7288322714467843, 0.5721899001686661, 0.7454392063120999, 0.6042486541801028, 0.7359542687733968, 0.6020809491475423, 0.7500216066837311, 0.6546980380460068, 0.7310886826055746, 0.6462044433311179, 0.7461714783062537, 0.7093791480417604, 0.7335451414187749, 0.6927360241059903], "1": [0.38075040181477865, 0.5516983420484596, 0.0, 0.0, 0.3799633459498485, 0.546448204252455, 0.36213937141001223, 0.5516608981898538, 0.3753809710343679, 0.5524423955215348, 0.34969767220318315, 0.5829873433819523, 0.38248096667230125, 0.5927213620256495, 0.3396389579633251, 0.626629289763945, 0.38872308246791365, 0.6348137075150454, 0.3339179861048858, 0.6658300139285899, 0.3904447001094619, 0.665515970300745, 0.35169496210291984, 0.6751959418808972, 0.3719234316299359, 0.676362469792366, 0.34380456356254097, 0.7333064812201041, 0.3731975630236169, 0.740655204101845, 0.3447748400891821, 0.8094308848734255, 0.37564323854943116, 0.801567777218642], "2": [0.0, 0.0, 0.0, 0.0, 0.0, 0.0, 0.0, 0.0, 0.7438218745635823, 0.49061549659128545, 0.0, 0.0, 0.0, 0.0, 0.0, 0.0, 0.0, 0.0, 0.0, 0.0, 0.0, 0.0, 0.0, 0.0, 0.0, 0.0, 0.0, 0.0, 0.0, 0.0, 0.0, 0.0, 0.0, 0.0], "3": [0.0, 0.0, 0.0, 0.0, 0.0, 0.0, 0.0, 0.0, 0.0, 0.0, 0.0, 0.0, 0.0, 0.0, 0.0, 0.0, 0.0, 0.0, 0.0, 0.0, 0.0, 0.0, 0.0, 0.0, 0.0, 0.0, 0.0, 0.0, 0.7500944717476765, 0.6581333681389138, 0.0, 0.0, 0.0, 0.0]}