{"0": [0.6761555385465423, 0.4741463824554726, 0.6774985069409013, 0.4688990027816207, 0.6742417468378942, 0.4679115366052698, 0.0, 0.0, 0.6655751897022129, 0.46476916163055987, 0.6641918135496477, 0.4895240326722463, 0.6609061967271069, 0.4924652825489088, 0.6717006135731936, 0.5165324091911316, 0.6560287912531445, 0.5330663976845919, 0.6864108795921007, 0.5230672724269054, 0.660877793499579, 0.569899257465645, 0.6632509604096413, 0.5665045316710516, 0.6574594249327977, 0.5683589936406525, 0.6653278930112719, 0.6214751711598149, 0.6559469193902737, 0.6177943915535178, 0.650703419248263, 0.6669879266509303, 0.6578068750464818, 0.678499293257168], "1": [0.0, 0.0, 0.0, 0.0, 0.0, 0.0, 0.3726064407887558, 0.5499559693866306, 0.3873049059261878, 0.550492681949227, 0.3606192335486412, 0.5808067436571475, 0.39312988525877396, 0.5915739397207896, 0.3551260907202959, 0.622071976794137, 0.3987580214937528, 0.6386267202871817, 0.36576618552207946, 0.6359769849865525, 0.399830270682772, 0.6752872484701651, 0.362266993522644, 0.6687431586009485, 0.38348636614779624, 0.6721794089785329, 0.3557073067873716, 0.7365405758773839, 0.3846822823708255, 0.7378508496063728, 0.35425129234790803, 0.8110921359000106, 0.38566518455433346, 0.7994172038855375]}