{"0": [0.4428612191230058, 0.4609731806649102, 0.0, 0.0, 0.4412115224947532, 0.4574749944386659, 0.0, 0.0, 0.43553691268122446, 0.46114062401983474, 0.42404971048235895, 0.4840672034908224, 0.4355945170546571, 0.4893062878538061, 0.43081383345027763, 0.5249448208897202, 0.43405160233378404, 0.5283173305016977, 0.0, 0.0, 0.45024483824769657, 0.551281446494438, 0.42024428248405454, 0.5602818331232777, 0.43205285059909027, 0.5615101200562936, 0.4242339787383874, 0.6153705702887641, 0.44168908620874087, 0.6104501259547693, 0.4212510205805301, 0.6668368319670359, 0.4371393305559953, 0.6682603891249055], "1": [0.5934878271073103, 0.6659483613791289, 0.5971363210429748, 0.6605628459541886, 0.5897297273234775, 0.6555197634147825, 0.0, 0.0, 0.58092775332431, 0.6504141061394303, 0.5741492914656798, 0.6954692438796715, 0.5670520979911089, 0.6711038651289764, 0.0, 0.0, 0.0, 0.0, 0.0, 0.0, 0.0, 0.0, 0.5757246403644483, 0.7538645830419328, 0.5689719912130385, 0.7570454365677304, 0.5927216656506061, 0.7847702176482589, 0.0, 0.0, 0.5939531323034316, 0.8432069676893729, 0.0, 0.0], "2": [0.0, 0.0, 0.0, 0.0, 0.0, 0.0, 0.0, 0.0, 0.0, 0.0, 0.0, 0.0, 0.0, 0.0, 0.0, 0.0, 0.5383896912137668, 0.6735815586867155, 0.0, 0.0, 0.0, 0.0, 0.0, 0.0, 0.0, 0.0, 0.0, 0.0, 0.0, 0.0, 0.0, 0.0, 0.0, 0.0], "3": [0.0, 0.0, 0.0, 0.0, 0.0, 0.0, 0.0, 0.0, 0.0, 0.0, 0.0, 0.0, 0.0, 0.0, 0.0, 0.0, 0.0, 0.0, 0.0, 0.0, 0.0, 0.0, 0.0, 0.0, 0.0, 0.0, 0.0, 0.0, 0.5927720426271359, 0.7857055313057368, 0.0, 0.0, 0.5947475129117569, 0.8446335699823169]}