{"0": [0.7311462936302026, 0.5139186471148773, 0.7348248119155566, 0.508433101022685, 0.7293639838695526, 0.5079968348697381, 0.7425841828187306, 0.5102112551530203, 0.0, 0.0, 0.7505852197607358, 0.5398953687261652, 0.7219095116481185, 0.5336836126115587, 0.7531326894958815, 0.5852936612235176, 0.7136279604708154, 0.5628747352847348, 0.7301904785136382, 0.569533066617118, 0.7039547511686881, 0.5893373257584044, 0.7362415103241802, 0.6236854180141732, 0.7165740897258123, 0.6141423631597448, 0.7361763759826621, 0.6780143068620452, 0.7079905370871226, 0.6714063244837302, 0.7349466470691065, 0.7370812096391564, 0.6986650511001548, 0.7272403478622436], "1": [0.3207080385337273, 0.7054996499308833, 0.3193371983865897, 0.6989145938996916, 0.0, 0.0, 0.32540240610639254, 0.6881278298519276, 0.0, 0.0, 0.3494335518529017, 0.7050541347927517, 0.3496835879981518, 0.6987107125697313, 0.36694467030465605, 0.7595173321940281, 0.36025565580154456, 0.763671898179584, 0.3600573782188197, 0.805846960456283, 0.0, 0.0, 0.37501442519327005, 0.8054464162499816, 0.38026389889419077, 0.8035691312341778, 0.3695298451309403, 0.8768170333570904, 0.37156804812451205, 0.876454625527064, 0.38218373668690525, 0.9518992624142104, 0.3819738570600748, 0.9519937493182995], "2": [0.0, 0.0, 0.0, 0.0, 0.0, 0.0, 0.0, 0.0, 0.0, 0.0, 0.0, 0.0, 0.0, 0.0, 0.0, 0.0, 0.0, 0.0, 0.0, 0.0, 0.0, 0.0, 0.0, 0.0, 0.0, 0.0, 0.0, 0.0, 0.0, 0.0, 0.36939748624960583, 0.909879501219149, 0.0, 0.0], "3": [0.0, 0.0, 0.0, 0.0, 0.0, 0.0, 0.0, 0.0, 0.0, 0.0, 0.0, 0.0, 0.0, 0.0, 0.0, 0.0, 0.0, 0.0, 0.0, 0.0, 0.0, 0.0, 0.0, 0.0, 0.0, 0.0, 0.0, 0.0, 0.0, 0.0, 0.0, 0.0, 0.369480169005692, 0.9083299083290277]}