{"0": [0.0, 0.0, 0.0, 0.0, 0.0, 0.0, 0.41549442540854215, 0.4921814173735954, 0.4266694494833549, 0.4916454769946911, 0.4081840527554353, 0.5159030200154693, 0.43602069523185494, 0.5218875507513682, 0.4020060905255377, 0.5432286766944108, 0.4407776658733686, 0.5609717089820792, 0.0, 0.0, 0.4317129995673895, 0.5712611642148759, 0.4097821133211255, 0.590319989345692, 0.4283242932210366, 0.5935824438377663, 0.39589703232049944, 0.6436040867258002, 0.4347292821233471, 0.6409768871963024, 0.38027658058951297, 0.6879543988792983, 0.4444747595737378, 0.7025519485826845], "1": [0.0, 0.0, 0.0, 0.0, 0.0, 0.0, 0.5338217724114657, 0.5310082208227228, 0.5460655947526296, 0.5326608538627624, 0.5319403958196441, 0.5480174740155538, 0.5469153067097068, 0.563729625278049, 0.5162179730832577, 0.5501100023587545, 0.5637728646678464, 0.5903905361318931, 0.5168912423153719, 0.5394909114749343, 0.0, 0.0, 0.537081977725029, 0.630641977875321, 0.5505553459127744, 0.6336662794980737, 0.542296132321159, 0.6780036004191196, 0.5588325907786688, 0.6930737856913495, 0.5342434965074062, 0.722794025639693, 0.5589364337424437, 0.7586326735439124], "2": [0.0, 0.0, 0.0, 0.0, 0.0, 0.0, 0.0, 0.0, 0.0, 0.0, 0.0, 0.0, 0.0, 0.0, 0.0, 0.0, 0.5183994223984579, 0.5501679637917766, 0.0, 0.0, 0.0, 0.0, 0.0, 0.0, 0.0, 0.0, 0.0, 0.0, 0.0, 0.0, 0.0, 0.0, 0.0, 0.0], "3": [0.0, 0.0, 0.0, 0.0, 0.0, 0.0, 0.0, 0.0, 0.0, 0.0, 0.0, 0.0, 0.0, 0.0, 0.0, 0.0, 0.0, 0.0, 0.5654037478690346, 0.5624990670769303, 0.0, 0.0, 0.0, 0.0, 0.0, 0.0, 0.0, 0.0, 0.0, 0.0, 0.0, 0.0, 0.0, 0.0], "4": [0.0, 0.0, 0.0, 0.0, 0.0, 0.0, 0.0, 0.0, 0.0, 0.0, 0.0, 0.0, 0.0, 0.0, 0.0, 0.0, 0.0, 0.0, 0.0, 0.0, 0.5728216259352242, 0.5753586724952415, 0.0, 0.0, 0.0, 0.0, 0.0, 0.0, 0.0, 0.0, 0.0, 0.0, 0.0, 0.0]}