{"0": [0.2825338199734688, 0.6071316555694297, 0.28691275392969445, 0.6026465515295665, 0.2824138827621937, 0.6004124270545111, 0.2965268773337205, 0.6090930667188431, 0.0, 0.0, 0.30268953231473766, 0.6509847206098062, 0.27788263900826377, 0.6397483718615992, 0.3118167918175459, 0.7063839617702696, 0.2756127342581749, 0.690909011496438, 0.2912013351917267, 0.7246200808772334, 0.2697647581497828, 0.7088583299407253, 0.3024476543379327, 0.7514767912526925, 0.28143008368400235, 0.7515217641161548, 0.30941746445993584, 0.8159677922725678, 0.2835497692227363, 0.8173050784402424, 0.33910732666651405, 0.8393374160484032, 0.28400973950823155, 0.8889795034020036], "1": [0.6144333775310467, 0.41766944604891315, 0.6166582820316155, 0.4148845884535048, 0.6145266538214249, 0.41236703462070895, 0.0, 0.0, 0.6107065485479931, 0.4064582272812172, 0.6015987547735373, 0.41928782330618963, 0.5979130782203962, 0.41737901877473904, 0.0, 0.0, 0.586817945788304, 0.450443125212634, 0.0, 0.0, 0.5917897356053193, 0.48485083643485, 0.5899434713025887, 0.4800753074663657, 0.5899115525806944, 0.48356015262780366, 0.5876370937368097, 0.518778450155009, 0.5959581762684041, 0.5218066691882789, 0.5804668036599954, 0.5573317777227472, 0.5802665707344811, 0.5576949841446347]}