{"0": [0.6605711711104959, 0.4392273611492581, 0.0, 0.0, 0.65964033814768, 0.4365482328114686, 0.6465497257808844, 0.43364275219263854, 0.6560458208589505, 0.4364892036826522, 0.641856720795234, 0.4550611577100224, 0.653690783555309, 0.4618174535256845, 0.643886340269819, 0.4923970510010366, 0.6518515942773472, 0.4983253651195102, 0.6563390840465824, 0.5275481484554432, 0.6577615501979986, 0.5291820580484691, 0.6361858139435451, 0.5234594273346441, 0.643790316224719, 0.5275115026368036, 0.6390359189982215, 0.5764086877858198, 0.6412548723320167, 0.5769621213277181, 0.62053428987662, 0.628265200720893, 0.620092757542928, 0.6282556043730841], "1": [0.0, 0.0, 0.0, 0.0, 0.0, 0.0, 0.4493234932422638, 0.44476124423521535, 0.4603659166605212, 0.44697719834468985, 0.44452101563413937, 0.46598526548456265, 0.45870054624974727, 0.47356071516319553, 0.4360197791829706, 0.48144000547903554, 0.4588887240737677, 0.4993830983285551, 0.0, 0.0, 0.4633132964372635, 0.5386179997965141, 0.4425533978889386, 0.5223563554248324, 0.4536409962922335, 0.522555124759674, 0.4447889955093463, 0.5660687510614042, 0.4609318654984235, 0.5569729436326909, 0.4278225829203924, 0.5993420574400159, 0.4595174108321468, 0.5984872316872633], "2": [0.0, 0.0, 0.0, 0.0, 0.0, 0.0, 0.0, 0.0, 0.0, 0.0, 0.0, 0.0, 0.0, 0.0, 0.0, 0.0, 0.0, 0.0, 0.0, 0.0, 0.0, 0.0, 0.0, 0.0, 0.0, 0.0, 0.0, 0.0, 0.0, 0.0, 0.6468512614568075, 0.62657872951693, 0.0, 0.0], "3": [0.0, 0.0, 0.0, 0.0, 0.0, 0.0, 0.0, 0.0, 0.0, 0.0, 0.0, 0.0, 0.0, 0.0, 0.0, 0.0, 0.0, 0.0, 0.0, 0.0, 0.0, 0.0, 0.0, 0.0, 0.0, 0.0, 0.0, 0.0, 0.0, 0.0, 0.0, 0.0, 0.6469139593963822, 0.6267972323629591], "4": [0.0, 0.0, 0.0, 0.0, 0.0, 0.0, 0.0, 0.0, 0.0, 0.0, 0.0, 0.0, 0.0, 0.0, 0.0, 0.0, 0.0, 0.0, 0.0, 0.0, 0.0, 0.0, 0.0, 0.0, 0.0, 0.0, 0.0, 0.0, 0.0, 0.0, 0.0, 0.0, 0.4275383800268173, 0.5988664008952953]}