{"0": [0.5932528642006218, 0.5276635015452349, 0.5953115781148275, 0.5215650800753523, 0.5891841055514911, 0.5230161678459909, 0.5978336362944295, 0.5215421565704875, 0.582997388392687, 0.5257268539181462, 0.6024154606585701, 0.5466904523196043, 0.576968657427157, 0.5600993281161344, 0.6076368519415458, 0.5819509462073997, 0.5695477922757467, 0.6017047809229956, 0.6073909711092711, 0.6059971049979881, 0.5680328261728088, 0.6383898364173042, 0.5980817150479804, 0.6375956722983608, 0.5803559361646573, 0.6403578277815272, 0.6038094711800416, 0.6908501733232427, 0.5773948391278585, 0.7020614314962317, 0.6066852845872442, 0.7395632792402198, 0.5718116626143456, 0.7615609486897786], "1": [0.4558602933771908, 0.5021757664503874, 0.45768225962917014, 0.4969509729632624, 0.45225400334844984, 0.4978455768691169, 0.0, 0.0, 0.44464816277225805, 0.4998778656814937, 0.45415915201107665, 0.5286681005248317, 0.44274132947127026, 0.5278965074706959, 0.4554388739168644, 0.5638095303818031, 0.43708337619900706, 0.577747937264266, 0.46568136277298133, 0.5648159263310609, 0.4344506174325943, 0.6146812308717658, 0.4515576190004746, 0.6080950756867727, 0.4434313911944628, 0.6095612052414152, 0.448320860757182, 0.6609641474706155, 0.4457302729288737, 0.6611353707534295, 0.4451492411394914, 0.7183818448472906, 0.4420541009265702, 0.7166242467808522]}