{"0": [0.0, 0.0, 0.0, 0.0, 0.0, 0.0, 0.48006227687001224, 0.5452091755138503, 0.4937041922511222, 0.544778620313715, 0.4777873781820139, 0.5833312149401064, 0.501645635968695, 0.577508372951437, 0.47246893296639125, 0.6221980900676162, 0.5101205067398648, 0.611594365592356, 0.4664608635008335, 0.6409631315066858, 0.5027990611890951, 0.625495328395455, 0.48980142624738315, 0.6510995204801913, 0.506370785421071, 0.6541791713900037, 0.46232805140316485, 0.6853000646457075, 0.4934706471239528, 0.6817837158838908, 0.45246549183502793, 0.7562348692505448, 0.5013048045337201, 0.7186440567175547], "1": [0.0, 0.0, 0.0, 0.0, 0.0, 0.0, 0.3829375045994918, 0.5770096566942003, 0.3968067633608977, 0.5668124046452618, 0.38461302320162455, 0.6146121159747795, 0.40965445091327024, 0.5798497993637014, 0.3901022452240189, 0.6585769395033518, 0.42214776333421467, 0.5482714427842035, 0.39394194417012235, 0.6947255863083734, 0.4273160950901608, 0.51693733798133, 0.40999588125074904, 0.6777149072813767, 0.4263971351707975, 0.6704623843232791, 0.3899870168728133, 0.7357313891251883, 0.42845525182783606, 0.7359270644408685, 0.3827307562033335, 0.8043411273095343, 0.44151984751224516, 0.7976465439354932], "2": [0.0, 0.0, 0.0, 0.0, 0.0, 0.0, 0.0, 0.0, 0.0, 0.0, 0.0, 0.0, 0.0, 0.0, 0.42062622954448065, 0.5480646738299617, 0.0, 0.0, 0.0, 0.0, 0.0, 0.0, 0.0, 0.0, 0.0, 0.0, 0.0, 0.0, 0.0, 0.0, 0.0, 0.0, 0.0, 0.0], "3": [0.0, 0.0, 0.0, 0.0, 0.0, 0.0, 0.0, 0.0, 0.0, 0.0, 0.0, 0.0, 0.0, 0.0, 0.0, 0.0, 0.0, 0.0, 0.42788169427464406, 0.5182762819307821, 0.0, 0.0, 0.0, 0.0, 0.0, 0.0, 0.0, 0.0, 0.0, 0.0, 0.0, 0.0, 0.0, 0.0], "4": [0.0, 0.0, 0.0, 0.0, 0.0, 0.0, 0.0, 0.0, 0.0, 0.0, 0.0, 0.0, 0.0, 0.0, 0.0, 0.0, 0.0, 0.0, 0.0, 0.0, 0.0, 0.0, 0.0, 0.0, 0.0, 0.0, 0.0, 0.0, 0.0, 0.0, 0.0, 0.0, 0.45320324450731275, 0.7552835124510305]}