{"0": [0.40513917878270156, 0.497414125557299, 0.4066978350281715, 0.4936343695278521, 0.0, 0.0, 0.41452303671200447, 0.4963563821933888, 0.0, 0.0, 0.41402492001652724, 0.5270991817668632, 0.4268559584704538, 0.518619590776938, 0.4145208601451789, 0.5769277912599069, 0.4219483885914087, 0.5688007723402094, 0.3977693896740675, 0.6007125099500019, 0.0, 0.0, 0.4215280948827663, 0.6051942557096481, 0.4330920269091924, 0.6030486706230376, 0.4080375894904137, 0.6687996549738778, 0.4102846340276301, 0.6675600206410444, 0.4069795222952962, 0.731009543604321, 0.4067845057696104, 0.7298972143895096], "1": [0.25883887757857643, 0.72298267831405, 0.2597652365763982, 0.7165600232504032, 0.0, 0.0, 0.2685639672136555, 0.71771986440376, 0.0, 0.0, 0.2902960887178779, 0.7288989494796152, 0.2743446243306001, 0.7465729744346055, 0.3139756441116333, 0.7167401691277822, 0.26996948073307675, 0.7864720582962036, 0.0, 0.0, 0.26851382851600647, 0.7904942470568199, 0.3226575011542688, 0.7452607458388363, 0.3065908229599396, 0.7686130788591173, 0.3456431539108356, 0.8022498829497232, 0.28058941960334777, 0.8228991605617382, 0.0, 0.0, 0.2716873809695244, 0.8967883383786237], "2": [0.0, 0.0, 0.0, 0.0, 0.0, 0.0, 0.0, 0.0, 0.0, 0.0, 0.0, 0.0, 0.0, 0.0, 0.0, 0.0, 0.0, 0.0, 0.3704649582505226, 0.7879904842487088, 0.0, 0.0, 0.0, 0.0, 0.0, 0.0, 0.0, 0.0, 0.0, 0.0, 0.0, 0.0, 0.0, 0.0], "3": [0.0, 0.0, 0.0, 0.0, 0.0, 0.0, 0.0, 0.0, 0.0, 0.0, 0.0, 0.0, 0.0, 0.0, 0.0, 0.0, 0.0, 0.0, 0.0, 0.0, 0.0, 0.0, 0.0, 0.0, 0.0, 0.0, 0.2811295597891634, 0.8230629744353117, 0.0, 0.0, 0.27279481165266284, 0.8970050723464401, 0.0, 0.0], "4": [0.0, 0.0, 0.0, 0.0, 0.0, 0.0, 0.0, 0.0, 0.0, 0.0, 0.0, 0.0, 0.0, 0.0, 0.0, 0.0, 0.0, 0.0, 0.0, 0.0, 0.0, 0.0, 0.0, 0.0, 0.0, 0.0, 0.0, 0.0, 0.34588843435049055, 0.8029645590318574, 0.0, 0.0, 0.0, 0.0], "5": [0.0, 0.0, 0.0, 0.0, 0.0, 0.0, 0.0, 0.0, 0.0, 0.0, 0.0, 0.0, 0.0, 0.0, 0.0, 0.0, 0.0, 0.0, 0.0, 0.0, 0.0, 0.0, 0.0, 0.0, 0.0, 0.0, 0.0, 0.0, 0.0, 0.0, 0.3751611142108838, 0.7875131254946744, 0.0, 0.0]}