{"0": [0.0, 0.0, 0.0, 0.0, 0.0, 0.0, 0.33506791945546865, 0.6217173220934692, 0.34903526728351913, 0.6093235127351903, 0.33988245989506444, 0.6492421965908122, 0.3657985364397367, 0.6154899950380679, 0.3442893673976262, 0.6917066023857505, 0.3846088611210386, 0.6085169902554266, 0.34240900427103044, 0.7292669953571426, 0.4007914138336976, 0.5922047460520707, 0.3697844661772251, 0.7106648966118142, 0.385350510578913, 0.70731492512342, 0.3404122971099333, 0.7330549493923699, 0.37947091137369476, 0.7726091950028031, 0.33864940609782934, 0.7972307584903858, 0.41459810675490494, 0.791108739596826], "1": [0.0, 0.0, 0.0, 0.0, 0.0, 0.0, 0.4834608554840088, 0.5390689584943983, 0.49831942419211067, 0.5388606411439402, 0.47752604422469935, 0.5728235986497667, 0.5067098274516562, 0.5726978428937771, 0.46788782527049383, 0.6057970733554275, 0.5154644747575124, 0.6077977149574845, 0.4645660899094461, 0.6121568535213118, 0.5127972820152839, 0.635364971558253, 0.4838592950254679, 0.6500641370261157, 0.501606775385638, 0.6509778104446552, 0.45689260102808477, 0.6809145033359527, 0.49437298060705265, 0.6823254819269534, 0.45467394006748996, 0.7484687487284343, 0.5017120084725321, 0.7246380828045033], "2": [0.0, 0.0, 0.0, 0.0, 0.0, 0.0, 0.0, 0.0, 0.0, 0.0, 0.0, 0.0, 0.0, 0.0, 0.38233701114853225, 0.6078239679336548, 0.0, 0.0, 0.4000109519809484, 0.5932733352537507, 0.0, 0.0, 0.0, 0.0, 0.0, 0.0, 0.0, 0.0, 0.0, 0.0, 0.0, 0.0, 0.0, 0.0], "3": [0.0, 0.0, 0.0, 0.0, 0.0, 0.0, 0.0, 0.0, 0.0, 0.0, 0.0, 0.0, 0.0, 0.0, 0.3480999037933846, 0.7292189862993028, 0.0, 0.0, 0.0, 0.0, 0.0, 0.0, 0.0, 0.0, 0.0, 0.0, 0.0, 0.0, 0.0, 0.0, 0.0, 0.0, 0.0, 0.0], "4": [0.0, 0.0, 0.0, 0.0, 0.0, 0.0, 0.0, 0.0, 0.0, 0.0, 0.0, 0.0, 0.0, 0.0, 0.0, 0.0, 0.0, 0.0, 0.0, 0.0, 0.0, 0.0, 0.0, 0.0, 0.0, 0.0, 0.3791608214378357, 0.7759042527940538, 0.0, 0.0, 0.4150482861325145, 0.7914844749150453, 0.0, 0.0]}