{"0": [0.7340245361129442, 0.5006546597789835, 0.7351848720728109, 0.4959739952175706, 0.0, 0.0, 0.742219765484333, 0.49589859931557256, 0.0, 0.0, 0.7518363926404467, 0.5247860338952806, 0.7432217652599017, 0.522827144574236, 0.7553898877774675, 0.5685377675074118, 0.7390177666520079, 0.5659899236979308, 0.7468245587001244, 0.6044885627097554, 0.7289146651824315, 0.5780643220301027, 0.7446674797063074, 0.6064780570842602, 0.7369307331740855, 0.6037164336044548, 0.735635896322007, 0.6519868806556418, 0.7437359685630798, 0.6535884749370356, 0.7319431765056307, 0.7025761104815997, 0.7440817415093383, 0.7146668015806763], "1": [0.0, 0.0, 0.0, 0.0, 0.0, 0.0, 0.2478592326748185, 0.5735553977114183, 0.2655521052579085, 0.5716523232283416, 0.2440792279317975, 0.6187172350370221, 0.27436883797248207, 0.6065716429992959, 0.24001457865039505, 0.6678435837780988, 0.2786233926812808, 0.6477723924926034, 0.22865009419620036, 0.6597518945181812, 0.26700645399590334, 0.6559429106888948, 0.25433451111118, 0.7069071774129515, 0.27102249587575594, 0.7049563659562006, 0.24005046704163155, 0.7708427632296528, 0.26110974606126547, 0.7648953403587695, 0.2523593227068583, 0.835951163371404, 0.26962143952647843, 0.8281175436796966]}