{"0": [0.36538457584877815, 0.5938908067014483, 0.36954770479351284, 0.5870879743938093, 0.362580772737662, 0.5879449731773801, 0.3781720111767451, 0.5872461529793562, 0.0, 0.0, 0.3857548908020059, 0.6279901416213424, 0.3590607300400734, 0.6213301720442596, 0.3925502597043911, 0.6823400135393496, 0.35589607919876776, 0.6686086091730329, 0.37513515042761963, 0.7036874108844333, 0.35202012959246837, 0.698263026939498, 0.3820718275383115, 0.7294554527297065, 0.35906861374775567, 0.7240246575187753, 0.38622709400951855, 0.7914414529447202, 0.3495456676930189, 0.7896652526877544, 0.39038791817923385, 0.8488886973372212, 0.3676872736463944, 0.8375728940522229], "1": [0.5060819630821546, 0.33626259741959746, 0.0, 0.0, 0.5053563501064976, 0.33216890449877134, 0.0, 0.0, 0.5005266447861989, 0.33263505873856714, 0.49561455274621646, 0.34692165321773955, 0.4960803478956223, 0.34906257942870816, 0.4969529235114654, 0.37264338687614157, 0.4940117963589728, 0.37829100246782654, 0.5061799289425835, 0.36574389222595427, 0.49499931707978256, 0.4012612258946454, 0.4900447463616729, 0.396176894147087, 0.4911725370834271, 0.3967651709914207, 0.48521665803467234, 0.43049090107282, 0.4969591522558425, 0.4291857371434099, 0.47796017906318106, 0.4639773602838869, 0.4772291944672664, 0.4638863111535708], "2": [0.0, 0.0, 0.0, 0.0, 0.0, 0.0, 0.0, 0.0, 0.0, 0.0, 0.0, 0.0, 0.0, 0.0, 0.0, 0.0, 0.0, 0.0, 0.0, 0.0, 0.507056074216962, 0.3661753364183284, 0.0, 0.0, 0.0, 0.0, 0.0, 0.0, 0.0, 0.0, 0.0, 0.0, 0.0, 0.0], "3": [0.0, 0.0, 0.0, 0.0, 0.0, 0.0, 0.0, 0.0, 0.0, 0.0, 0.0, 0.0, 0.0, 0.0, 0.0, 0.0, 0.0, 0.0, 0.0, 0.0, 0.0, 0.0, 0.0, 0.0, 0.0, 0.0, 0.5028323541084926, 0.42551106636722885, 0.0, 0.0, 0.5072448331862688, 0.46126680959154065, 0.0, 0.0], "4": [0.0, 0.0, 0.0, 0.0, 0.0, 0.0, 0.0, 0.0, 0.0, 0.0, 0.0, 0.0, 0.0, 0.0, 0.0, 0.0, 0.0, 0.0, 0.0, 0.0, 0.0, 0.0, 0.0, 0.0, 0.0, 0.0, 0.0, 0.0, 0.0, 0.0, 0.0, 0.0, 0.5077624435226124, 0.4614252221805078]}