{"0": [0.0, 0.0, 0.0, 0.0, 0.0, 0.0, 0.4662868129710357, 0.5200622346666124, 0.4795564236740271, 0.5200123427090821, 0.4598023084302743, 0.5493251310454474, 0.48781948114434887, 0.5504281282424927, 0.44984042954941594, 0.5847605080516252, 0.49824070002262794, 0.5895780454631205, 0.4357125248759985, 0.6083505495830819, 0.5130905456840993, 0.600544665477894, 0.46241230629384517, 0.6246058765384886, 0.4800883048524459, 0.627821460918144, 0.4427527436986566, 0.659568065184134, 0.4970756964137157, 0.6524098292545036, 0.4113604632516702, 0.714714778304376, 0.4910566156109174, 0.7009346296389898], "1": [0.0, 0.0, 0.0, 0.0, 0.0, 0.0, 0.33334278489152597, 0.5546073107807724, 0.3476155851346751, 0.5498266778610371, 0.33575832908973097, 0.5930638061629401, 0.3621167756617069, 0.5791441727567602, 0.34082541714111964, 0.6317975324613077, 0.37823816413680705, 0.6084862148320235, 0.34592586060365044, 0.6673014605486834, 0.37074607151250044, 0.6299800157546998, 0.35343414321541783, 0.6653704881668091, 0.3710456227262815, 0.6646806911185935, 0.32931917967895674, 0.712884129859783, 0.3686174660300215, 0.7072458604005751, 0.31699962429702283, 0.7772852001366793, 0.38506348834683496, 0.7531575881772571], "2": [0.0, 0.0, 0.0, 0.0, 0.0, 0.0, 0.0, 0.0, 0.0, 0.0, 0.0, 0.0, 0.0, 0.0, 0.0, 0.0, 0.0, 0.0, 0.0, 0.0, 0.0, 0.0, 0.0, 0.0, 0.0, 0.0, 0.0, 0.0, 0.0, 0.0, 0.0, 0.0, 0.41053933699925743, 0.7166354847175104]}