{"0": [0.0, 0.0, 0.0, 0.0, 0.0, 0.0, 0.358954510713617, 0.6258467692398915, 0.3718832414597273, 0.6198455090875978, 0.36154218229154744, 0.6564966195159488, 0.38631936591118576, 0.6390299914059817, 0.3669637596855561, 0.7074265073864134, 0.40415503494441507, 0.6592878644113187, 0.370093560218811, 0.7485406628361455, 0.4103286328492686, 0.692215811819942, 0.3845623423655828, 0.7301803417227887, 0.402748217061162, 0.7270988731472581, 0.0, 0.0, 0.3942016232137879, 0.7831312754639873, 0.0, 0.0, 0.42815883817772077, 0.8080474359017832], "1": [0.0, 0.0, 0.0, 0.0, 0.0, 0.0, 0.468455400193731, 0.5416114467161673, 0.48291787803173064, 0.54208996936127, 0.46118166875094174, 0.5749344758965351, 0.491265436882774, 0.5765656559555619, 0.4522502570413053, 0.6139479813752351, 0.5014331406603256, 0.6124317212237252, 0.0, 0.0, 0.49694882730642953, 0.6398840964944275, 0.464958013407886, 0.6514479668052107, 0.484496579815944, 0.6538513030166979, 0.44511064266165096, 0.6828952506736473, 0.48612889715780816, 0.6929448932685234, 0.0, 0.0, 0.4935515485393504, 0.7427459249893824], "2": [0.0, 0.0, 0.0, 0.0, 0.0, 0.0, 0.0, 0.0, 0.0, 0.0, 0.0, 0.0, 0.0, 0.0, 0.0, 0.0, 0.0, 0.0, 0.0, 0.0, 0.0, 0.0, 0.0, 0.0, 0.0, 0.0, 0.3546282569567362, 0.7439001592772978, 0.0, 0.0, 0.3471904017031192, 0.8142726765738593, 0.0, 0.0], "3": [0.0, 0.0, 0.0, 0.0, 0.0, 0.0, 0.0, 0.0, 0.0, 0.0, 0.0, 0.0, 0.0, 0.0, 0.0, 0.0, 0.0, 0.0, 0.0, 0.0, 0.0, 0.0, 0.0, 0.0, 0.0, 0.0, 0.0, 0.0, 0.3559476053342223, 0.7431509468290541, 0.0, 0.0, 0.0, 0.0], "4": [0.0, 0.0, 0.0, 0.0, 0.0, 0.0, 0.0, 0.0, 0.0, 0.0, 0.0, 0.0, 0.0, 0.0, 0.0, 0.0, 0.0, 0.0, 0.0, 0.0, 0.0, 0.0, 0.0, 0.0, 0.0, 0.0, 0.0, 0.0, 0.0, 0.0, 0.42890322506427764, 0.8089342695695383, 0.0, 0.0], "5": [0.0, 0.0, 0.0, 0.0, 0.0, 0.0, 0.0, 0.0, 0.0, 0.0, 0.0, 0.0, 0.0, 0.0, 0.0, 0.0, 0.0, 0.0, 0.0, 0.0, 0.0, 0.0, 0.0, 0.0, 0.0, 0.0, 0.0, 0.0, 0.0, 0.0, 0.0, 0.0, 0.37624982446432115, 0.7687450296348995]}