{"0": [0.0, 0.0, 0.0, 0.0, 0.47694904614860817, 0.49767792688475715, 0.4633595800648133, 0.4991208520752412, 0.4755452615519365, 0.4999758517128174, 0.4520098471315578, 0.5254240534923694, 0.479515065997839, 0.5329418195618524, 0.43382570023338, 0.5500708530346553, 0.48310721293091774, 0.57539894051022, 0.43846054660777256, 0.5661153511868583, 0.48882031670461096, 0.5935051540533701, 0.4559467202673355, 0.609803694928134, 0.4749206413825353, 0.6104361908855261, 0.4483214771685501, 0.6614731203626704, 0.4852819592226297, 0.6615912648262801, 0.43822749542693296, 0.7109129782076236, 0.48992205734054256, 0.7216423837674989], "1": [0.0, 0.0, 0.0, 0.0, 0.0, 0.0, 0.0, 0.0, 0.0, 0.0, 0.5417662163575491, 0.6640756144567772, 0.0, 0.0, 0.5252327902863423, 0.703246580671381, 0.0, 0.0, 0.0, 0.0, 0.0, 0.0, 0.5267539631885787, 0.7258444459350021, 0.5360239557301004, 0.7281514677736495, 0.0, 0.0, 0.5544772680848837, 0.7888909767142549, 0.0, 0.0, 0.5462706805517276, 0.8518973193786763], "2": [0.0, 0.0, 0.0, 0.0, 0.0, 0.0, 0.0, 0.0, 0.0, 0.0, 0.0, 0.0, 0.0, 0.0, 0.0, 0.0, 0.0, 0.0, 0.0, 0.0, 0.5662961455682913, 0.7582170698377821, 0.0, 0.0, 0.0, 0.0, 0.0, 0.0, 0.0, 0.0, 0.0, 0.0, 0.0, 0.0], "3": [0.0, 0.0, 0.0, 0.0, 0.0, 0.0, 0.0, 0.0, 0.0, 0.0, 0.0, 0.0, 0.0, 0.0, 0.0, 0.0, 0.0, 0.0, 0.0, 0.0, 0.0, 0.0, 0.0, 0.0, 0.0, 0.0, 0.5544611609230439, 0.78900191411376, 0.0, 0.0, 0.5460708698878686, 0.8519522680176629, 0.0, 0.0], "4": [0.0, 0.0, 0.0, 0.0, 0.0, 0.0, 0.0, 0.0, 0.0, 0.0, 0.0, 0.0, 0.0, 0.0, 0.0, 0.0, 0.0, 0.0, 0.0, 0.0, 0.0, 0.0, 0.0, 0.0, 0.0, 0.0, 0.0, 0.0, 0.0, 0.0, 0.5092165739585955, 0.7583627348696744, 0.0, 0.0]}