{"0": [0.6450630847364665, 0.4635694507647444, 0.6483912877738476, 0.45957160216790666, 0.6447293582682808, 0.4593929063390802, 0.6560196600854397, 0.46285599261108373, 0.0, 0.0, 0.6602576431352645, 0.49586807666001487, 0.6443656887238224, 0.48981823943279407, 0.6618693232536316, 0.5344184614993907, 0.6441615256170432, 0.5291551914479997, 0.6563143946967709, 0.5739081171651681, 0.6376966744661331, 0.5532962610324224, 0.6532865514357885, 0.5693685366047754, 0.6408889869848887, 0.5650409476624595, 0.6544353062907855, 0.6207784299497251, 0.6343407926460107, 0.612946108093968, 0.651662623975426, 0.667887317472034, 0.6278735836346944, 0.6568134354220496], "1": [0.2212701991200447, 0.5914328489038679, 0.22106768439213434, 0.5852887745256777, 0.0, 0.0, 0.2263734120875597, 0.5855807386062764, 0.0, 0.0, 0.2452717563758294, 0.6151541511217752, 0.23584225277105966, 0.6063591696597912, 0.25235220259055496, 0.6645630563850756, 0.2091522227972746, 0.6086077564292484, 0.23065160922706127, 0.6748416554044793, 0.18261461841563384, 0.6163496130042606, 0.2645910492244487, 0.6989127771721946, 0.2656853418515709, 0.6955022799964881, 0.2604012096572357, 0.7710983007042498, 0.24779162891209125, 0.7537440997582895, 0.29308310331155857, 0.8313525085096007, 0.25246522355203826, 0.8196098090321929], "2": [0.0, 0.0, 0.0, 0.0, 0.0, 0.0, 0.0, 0.0, 0.0, 0.0, 0.0, 0.0, 0.0, 0.0, 0.0, 0.0, 0.24874212052673098, 0.6618853265488589, 0.0, 0.0, 0.0, 0.0, 0.0, 0.0, 0.0, 0.0, 0.0, 0.0, 0.0, 0.0, 0.0, 0.0, 0.0, 0.0], "3": [0.0, 0.0, 0.0, 0.0, 0.0, 0.0, 0.0, 0.0, 0.0, 0.0, 0.0, 0.0, 0.0, 0.0, 0.0, 0.0, 0.0, 0.0, 0.0, 0.0, 0.0, 0.0, 0.0, 0.0, 0.0, 0.0, 0.0, 0.0, 0.26221204698085787, 0.7712339405660275, 0.0, 0.0, 0.29178302387396493, 0.8314399304213347], "4": [0.0, 0.0, 0.0, 0.0, 0.0, 0.0, 0.0, 0.0, 0.0, 0.0, 0.0, 0.0, 0.0, 0.0, 0.0, 0.0, 0.0, 0.0, 0.0, 0.0, 0.0, 0.0, 0.0, 0.0, 0.0, 0.0, 0.0, 0.0, 0.0, 0.0, 0.25228047048052155, 0.8205618880413196, 0.0, 0.0]}