{"0": [0.0, 0.0, 0.0, 0.0, 0.0, 0.0, 0.313575736929973, 0.646124432042793, 0.33156355544924737, 0.6399436100213616, 0.31387702797849976, 0.6907048249686205, 0.3493300652752321, 0.6719463719262018, 0.3144681618238489, 0.7381930864519544, 0.36527587262292704, 0.7073123206901881, 0.3101815679576248, 0.7874879984943955, 0.37979341869552924, 0.7344613430676636, 0.33488701172173024, 0.7683059863470219, 0.35721322943766914, 0.7586443588689521, 0.3182804303554197, 0.8452399743927851, 0.3588551762203375, 0.8010907051739868, 0.3087780812134346, 0.9129521674580044, 0.3747818472484748, 0.8413894584333456], "1": [0.0, 0.0, 0.0, 0.0, 0.0, 0.0, 0.4160720579326152, 0.567121157877975, 0.4300022706389427, 0.5634132568482999, 0.4179110918814937, 0.6007971315472215, 0.4409079812467098, 0.5888395919499022, 0.4158346014718214, 0.6446898972546613, 0.0, 0.0, 0.40132051526258383, 0.6647816821380897, 0.0, 0.0, 0.4361995964621504, 0.684830157044861, 0.4573914678146442, 0.668940794688684, 0.4171935852617025, 0.6917241864182331, 0.4670774281024933, 0.7038938310411241, 0.4264729629581173, 0.750076354874505, 0.4935521273408085, 0.7489776814425434], "2": [0.0, 0.0, 0.0, 0.0, 0.0, 0.0, 0.0, 0.0, 0.0, 0.0, 0.0, 0.0, 0.0, 0.0, 0.0, 0.0, 0.0, 0.0, 0.0, 0.0, 0.0, 0.0, 0.0, 0.0, 0.0, 0.0, 0.0, 0.0, 0.4192943075671792, 0.686371350840286, 0.0, 0.0, 0.0, 0.0]}