{"0": [0.6723856650913755, 0.47826175651064623, 0.0, 0.0, 0.6725510658696294, 0.47196740000336257, 0.6581990251938502, 0.46522238696063006, 0.6689879030454903, 0.47129222016643596, 0.645634728545944, 0.48707129403396887, 0.6617950168748696, 0.5017348634975928, 0.6360401045531034, 0.5206436861444402, 0.6600003559763233, 0.5408794345679107, 0.0, 0.0, 0.6631915174424649, 0.5726204763959956, 0.6373757063100736, 0.5649805338294417, 0.651846723863855, 0.5710137241416507, 0.6405246911570431, 0.6168631149662865, 0.6556352216750383, 0.623239987205576, 0.6391875515381495, 0.6660000191794502, 0.6575861687461536, 0.6797565184257649], "1": [0.0, 0.0, 0.0, 0.0, 0.0, 0.0, 0.41972987571110326, 0.5714499056339264, 0.43606208643565575, 0.5708521847371701, 0.4064826157409698, 0.6067004267816191, 0.4446957887460788, 0.6081469193652824, 0.40421566839019457, 0.6544633745043366, 0.45254976426561677, 0.6538202816689456, 0.41731501221656797, 0.6674472777931779, 0.4659569265941778, 0.691575965616438, 0.4134794294834137, 0.706711874515922, 0.43860856841007867, 0.7018246829509736, 0.4090426209072272, 0.7733475241948057, 0.4395796683599959, 0.7668074363497672, 0.405407535781463, 0.8495153572824267, 0.44303299132734536, 0.8257823342802348]}