{"0": [0.7997579135000705, 0.6761482382262195, 0.799329099431634, 0.6697552388464963, 0.7952226838717859, 0.6714416198156498, 0.0, 0.0, 0.7843685861676931, 0.6806239543137725, 0.7895535774140929, 0.7180304377167314, 0.7815087585554769, 0.715799355286139, 0.8018630796267341, 0.7151039769804035, 0.7950598917901516, 0.719976744166127, 0.8215303339064121, 0.6932983008247835, 0.8224979232686261, 0.6924996432882768, 0.7962744006266197, 0.8309572279453277, 0.7739839977274339, 0.8274468306038115, 0.8123941178123157, 0.8956537533689427, 0.7715423285961152, 0.9089088320732117, 0.7839517772197724, 0.9452129485430539, 0.7647230967103193, 0.9784442303357301], "1": [0.3754533628622691, 0.46742961759920476, 0.37611084586630267, 0.4615897096969463, 0.3717922425518434, 0.4628935372042987, 0.0, 0.0, 0.3649229404516518, 0.4676941046008357, 0.37655769065022476, 0.49342396518698445, 0.3616089311738809, 0.4996779363464426, 0.38194102713217337, 0.527458812793096, 0.3616333223879338, 0.5381223391603541, 0.392703377828002, 0.5496557317398214, 0.36335029465456803, 0.5747890172181306, 0.37899666726589204, 0.5707335048251682, 0.37046286625166736, 0.5718930986192491, 0.38076009470969446, 0.6239262296093835, 0.37759160151084264, 0.6237623356006764, 0.3940157214179635, 0.6791201499877153, 0.36642649819453565, 0.6712445837480051], "2": [0.0, 0.0, 0.0, 0.0, 0.0, 0.0, 0.0, 0.0, 0.0, 0.0, 0.0, 0.0, 0.0, 0.0, 0.0, 0.0, 0.0, 0.0, 0.0, 0.0, 0.0, 0.0, 0.0, 0.0, 0.0, 0.0, 0.0, 0.0, 0.0, 0.0, 0.3664061357577642, 0.6710739375816451, 0.0, 0.0], "3": [0.0, 0.0, 0.0, 0.0, 0.0, 0.0, 0.0, 0.0, 0.0, 0.0, 0.0, 0.0, 0.0, 0.0, 0.0, 0.0, 0.0, 0.0, 0.0, 0.0, 0.0, 0.0, 0.0, 0.0, 0.0, 0.0, 0.0, 0.0, 0.0, 0.0, 0.0, 0.0, 0.3947388093918562, 0.6794226129849752]}