{"0": [0.3057604272228976, 0.6130455445360253, 0.3060837776555369, 0.6079548908604516, 0.0, 0.0, 0.31213625793655714, 0.6052247662235188, 0.0, 0.0, 0.32711597614300747, 0.6305697388119168, 0.32819132854541144, 0.6241508364677429, 0.3419636974732081, 0.6775154222492819, 0.3127941532681386, 0.6714694209672787, 0.33123410055219815, 0.7226492470337285, 0.3022027102066204, 0.7019159047691911, 0.35920228585600855, 0.6970745333918819, 0.34400077279036245, 0.6892774723194264, 0.34967364519834515, 0.7692551001354501, 0.3172997674594323, 0.7155058774683211, 0.0, 0.0, 0.31133635304868224, 0.7862200450014186], "1": [0.0, 0.0, 0.0, 0.0, 0.0, 0.0, 0.40134147796779873, 0.6015281215861992, 0.4183149639206628, 0.5956500921536375, 0.4000797815620899, 0.6398033961101816, 0.43475343330452837, 0.6250512633610654, 0.39438203672568, 0.6948093681423753, 0.44644295672575635, 0.6716262051352748, 0.385715494522204, 0.728673451366248, 0.4409845848878225, 0.7066224090479039, 0.4152200691401959, 0.7317238001911729, 0.440123692030708, 0.7295306986956684, 0.41574129909276963, 0.788899205521577, 0.4396114748689191, 0.7882038378053241, 0.42394015739361446, 0.8346199110702233, 0.4418582650522391, 0.8436744021044837], "2": [0.0, 0.0, 0.0, 0.0, 0.0, 0.0, 0.0, 0.0, 0.0, 0.0, 0.0, 0.0, 0.0, 0.0, 0.0, 0.0, 0.0, 0.0, 0.30141128581017257, 0.7050110825785885, 0.0, 0.0, 0.0, 0.0, 0.0, 0.0, 0.0, 0.0, 0.0, 0.0, 0.0, 0.0, 0.0, 0.0], "3": [0.0, 0.0, 0.0, 0.0, 0.0, 0.0, 0.0, 0.0, 0.0, 0.0, 0.0, 0.0, 0.0, 0.0, 0.0, 0.0, 0.0, 0.0, 0.0, 0.0, 0.32803209523359933, 0.7236711802305998, 0.0, 0.0, 0.0, 0.0, 0.0, 0.0, 0.0, 0.0, 0.0, 0.0, 0.0, 0.0], "4": [0.0, 0.0, 0.0, 0.0, 0.0, 0.0, 0.0, 0.0, 0.0, 0.0, 0.0, 0.0, 0.0, 0.0, 0.0, 0.0, 0.0, 0.0, 0.0, 0.0, 0.0, 0.0, 0.0, 0.0, 0.36509730691711106, 0.6966933517544358, 0.31873093630420046, 0.7151658311762191, 0.0, 0.0, 0.3114118066926797, 0.7876507618912945, 0.0, 0.0], "5": [0.0, 0.0, 0.0, 0.0, 0.0, 0.0, 0.0, 0.0, 0.0, 0.0, 0.0, 0.0, 0.0, 0.0, 0.0, 0.0, 0.0, 0.0, 0.0, 0.0, 0.0, 0.0, 0.0, 0.0, 0.0, 0.0, 0.0, 0.0, 0.34816544929829735, 0.7687530102553191, 0.0, 0.0, 0.0, 0.0], "6": [0.0, 0.0, 0.0, 0.0, 0.0, 0.0, 0.0, 0.0, 0.0, 0.0, 0.0, 0.0, 0.0, 0.0, 0.0, 0.0, 0.0, 0.0, 0.0, 0.0, 0.0, 0.0, 0.0, 0.0, 0.0, 0.0, 0.0, 0.0, 0.0, 0.0, 0.3794506758451462, 0.7670960405634509, 0.0, 0.0]}