{"0": [0.4528012723351518, 0.4672808567682902, 0.45344884929557644, 0.46421461679317333, 0.0, 0.0, 0.45544979156305393, 0.4611466333821968, 0.0, 0.0, 0.4618778417507807, 0.47495650317933824, 0.46862911191613726, 0.4716251766240156, 0.45813618766894076, 0.5038817003600643, 0.464653548776793, 0.510323472155465, 0.4431558022391668, 0.5027051611048249, 0.44637302135427787, 0.5102330757511987, 0.48158765404174725, 0.5320979118347168, 0.48719731184343495, 0.5302336998007916, 0.4642960789302985, 0.551098227556105, 0.478335652500391, 0.5942115940429546, 0.4776250903805097, 0.5832421907672176, 0.0, 0.0], "1": [0.0, 0.0, 0.0, 0.0, 0.0, 0.0, 0.5299159812430541, 0.5070940988759199, 0.5427031454940637, 0.5081681047876676, 0.5217793590078751, 0.5346716494471938, 0.5505599649002156, 0.5380609722049148, 0.510819663014263, 0.5726254953278436, 0.5592416147391002, 0.5761928966751805, 0.5062511129781343, 0.5817170272822734, 0.5596025307973226, 0.6015222498664149, 0.5273561395394305, 0.6111223079548734, 0.5456706384817759, 0.6116786377297507, 0.5102300052686284, 0.6412899177935388, 0.5382277868688107, 0.6417324498847679, 0.5044591975708802, 0.7022846544230424, 0.5379135581354301, 0.6922277590742818], "2": [0.0, 0.0, 0.0, 0.0, 0.0, 0.0, 0.0, 0.0, 0.46324254721403124, 0.45340161588456895, 0.0, 0.0, 0.0, 0.0, 0.0, 0.0, 0.0, 0.0, 0.0, 0.0, 0.0, 0.0, 0.0, 0.0, 0.0, 0.0, 0.0, 0.0, 0.0, 0.0, 0.0, 0.0, 0.0, 0.0], "3": [0.0, 0.0, 0.0, 0.0, 0.0, 0.0, 0.0, 0.0, 0.0, 0.0, 0.0, 0.0, 0.0, 0.0, 0.0, 0.0, 0.0, 0.0, 0.0, 0.0, 0.0, 0.0, 0.0, 0.0, 0.0, 0.0, 0.4781808483103911, 0.5966877758778908, 0.0, 0.0, 0.5055086928109328, 0.6258874544011498, 0.0, 0.0], "4": [0.0, 0.0, 0.0, 0.0, 0.0, 0.0, 0.0, 0.0, 0.0, 0.0, 0.0, 0.0, 0.0, 0.0, 0.0, 0.0, 0.0, 0.0, 0.0, 0.0, 0.0, 0.0, 0.0, 0.0, 0.0, 0.0, 0.0, 0.0, 0.4652222298085689, 0.5501725572126882, 0.0, 0.0, 0.4780663066233198, 0.5838153704448982]}