{"0": [0.6644860626974454, 0.5028319345580207, 0.6707181644936403, 0.4973393181959788, 0.6627686491856972, 0.4978472065042566, 0.676100085179011, 0.49940679652823344, 0.6606631606817246, 0.49878141228799466, 0.6828483382860819, 0.5279413306050831, 0.6582384591301282, 0.526525475360729, 0.68104190818655, 0.5697187083738822, 0.6602151713644465, 0.5659673864090884, 0.6730668033783634, 0.5904568352081158, 0.6634588845074176, 0.5698309717354951, 0.684844485235711, 0.5973590823235335, 0.6717224796613057, 0.5981640879754667, 0.6799185541768868, 0.6528914407447534, 0.6701838919272025, 0.648688466626185, 0.68172456867372, 0.7109228447631553, 0.6821049528817335, 0.7108084678649902], "1": [0.0, 0.0, 0.0, 0.0, 0.0, 0.0, 0.3526778391872843, 0.5541061767825374, 0.366302914917469, 0.5534432574554727, 0.34155172345538937, 0.5915815823607975, 0.37528349955876666, 0.5918569436779728, 0.33548150898423046, 0.6348194570453078, 0.38292035510142636, 0.6305591068885944, 0.3361473056177298, 0.6558418459914349, 0.37409916892647743, 0.6340747783029521, 0.34952984079718596, 0.6763101687033971, 0.3697372814640403, 0.6763711762649042, 0.3441851512218515, 0.7437140370408694, 0.3716847437123458, 0.7443850408894597, 0.3438399633858353, 0.8171681774987115, 0.37559802321096264, 0.8052942884189112], "2": [0.0, 0.0, 0.0, 0.0, 0.0, 0.0, 0.0, 0.0, 0.0, 0.0, 0.0, 0.0, 0.0, 0.0, 0.0, 0.0, 0.0, 0.0, 0.0, 0.0, 0.0, 0.0, 0.0, 0.0, 0.0, 0.0, 0.0, 0.0, 0.0, 0.0, 0.0, 0.0, 0.6926454526682695, 0.6754845952546155]}