{"0": [0.4500685051083565, 0.5424368902488991, 0.45184685356604554, 0.5373344185451666, 0.4486147662003835, 0.5384362304652178, 0.4578196088473002, 0.5334811917057743, 0.0, 0.0, 0.472154500707984, 0.5591582717029033, 0.45407960104445616, 0.559943280838154, 0.47752522767211, 0.6060186860737976, 0.4569618371625742, 0.5979824705256356, 0.47170447533329324, 0.6482403855011971, 0.44604466954867045, 0.6118361739096818, 0.4675865999112526, 0.6478988136958193, 0.4573857390632232, 0.6434300650049138, 0.4736937056606015, 0.7008473663970276, 0.44916365010042986, 0.6981765125636701, 0.49622293934226036, 0.7207860741350387, 0.44802050141152, 0.7605577712809597], "1": [0.0, 0.0, 0.0, 0.0, 0.0, 0.0, 0.6611440734937787, 0.526672406549807, 0.675194039940834, 0.5259695196593249, 0.6549080830067396, 0.5536476273227621, 0.6810839383707692, 0.5550425531687561, 0.6520416088673907, 0.5876602315240436, 0.6897988153776775, 0.569132039502815, 0.0, 0.0, 0.70087111381193, 0.5869136850039164, 0.6608755532031257, 0.6414505986703767, 0.675861832126975, 0.6423818197515275, 0.6730836904142052, 0.7027681582503849, 0.6749399095773697, 0.7028953364601842, 0.6461008464296659, 0.7618639032046001, 0.6461039010435343, 0.7611802926769963], "2": [0.0, 0.0, 0.0, 0.0, 0.0, 0.0, 0.0, 0.0, 0.0, 0.0, 0.0, 0.0, 0.4717720550795396, 0.5562669268360845, 0.0, 0.0, 0.0, 0.0, 0.0, 0.0, 0.0, 0.0, 0.0, 0.0, 0.0, 0.0, 0.0, 0.0, 0.0, 0.0, 0.0, 0.0, 0.0, 0.0], "3": [0.0, 0.0, 0.0, 0.0, 0.0, 0.0, 0.0, 0.0, 0.0, 0.0, 0.0, 0.0, 0.0, 0.0, 0.0, 0.0, 0.0, 0.0, 0.0, 0.0, 0.0, 0.0, 0.0, 0.0, 0.0, 0.0, 0.45019576164583364, 0.6945602339726907, 0.4749197411040465, 0.7003824544449646, 0.4481354945649703, 0.7611610809961955, 0.4963470665117105, 0.7204837025315675], "4": [0.0, 0.0, 0.0, 0.0, 0.0, 0.0, 0.0, 0.0, 0.0, 0.0, 0.0, 0.0, 0.0, 0.0, 0.0, 0.0, 0.0, 0.0, 0.0, 0.0, 0.0, 0.0, 0.0, 0.0, 0.0, 0.0, 0.0, 0.0, 0.0, 0.0, 0.6743729174137115, 0.7511439192074315, 0.0, 0.0], "5": [0.0, 0.0, 0.0, 0.0, 0.0, 0.0, 0.0, 0.0, 0.0, 0.0, 0.0, 0.0, 0.0, 0.0, 0.0, 0.0, 0.0, 0.0, 0.0, 0.0, 0.0, 0.0, 0.0, 0.0, 0.0, 0.0, 0.0, 0.0, 0.0, 0.0, 0.0, 0.0, 0.6743303472797076, 0.7513041989670859]}