{"0": [0.6683565887622536, 0.48831369876861574, 0.6704131390899419, 0.4841616648214835, 0.6666747930149237, 0.48135965179514, 0.0, 0.0, 0.6603493164371078, 0.478728989539323, 0.6580945305526257, 0.5023261339576156, 0.6538052007555962, 0.503791241734116, 0.0, 0.0, 0.637695005784432, 0.5359140677584542, 0.0, 0.0, 0.6367680944502354, 0.579026727323179, 0.6532944483061631, 0.5798862793931254, 0.6504188001155853, 0.5791254288620419, 0.0, 0.0, 0.6595484710181093, 0.631104300254729, 0.0, 0.0, 0.6501005311806997, 0.6836493503164363], "1": [0.0, 0.0, 0.0, 0.0, 0.0, 0.0, 0.35772411425908407, 0.5510563057329919, 0.37195728042473397, 0.5517608922733753, 0.3478460708788286, 0.5861402169421867, 0.38036687411367887, 0.5925231843082992, 0.33206412065774205, 0.638140105538898, 0.38670146018266677, 0.6460650373388219, 0.3189505743638923, 0.6706188942271251, 0.39155337636669485, 0.6891339734748557, 0.35353136050204437, 0.6767994980017344, 0.3754597838968038, 0.6817287030043425, 0.3576559896270434, 0.7479254554819178, 0.3805685502166549, 0.7363505996487759, 0.36010821058104436, 0.8133938941690657, 0.3840345038721959, 0.7947117414739396], "2": [0.0, 0.0, 0.0, 0.0, 0.0, 0.0, 0.0, 0.0, 0.0, 0.0, 0.0, 0.0, 0.0, 0.0, 0.0, 0.0, 0.0, 0.0, 0.0, 0.0, 0.0, 0.0, 0.0, 0.0, 0.0, 0.0, 0.6465591239432494, 0.6272930443286896, 0.0, 0.0, 0.6454948494831722, 0.683685338055646, 0.0, 0.0], "3": [0.0, 0.0, 0.0, 0.0, 0.0, 0.0, 0.0, 0.0, 0.0, 0.0, 0.0, 0.0, 0.0, 0.0, 0.0, 0.0, 0.0, 0.0, 0.0, 0.0, 0.0, 0.0, 0.0, 0.0, 0.0, 0.0, 0.6661500794192156, 0.6352460794978672, 0.0, 0.0, 0.0, 0.0, 0.0, 0.0]}