{"0": [0.0, 0.0, 0.0, 0.0, 0.0, 0.0, 0.35126156856616336, 0.547732705981643, 0.3631716204186281, 0.5426107061130029, 0.3538665862133106, 0.5780113264366432, 0.37376966097702585, 0.5669267024430964, 0.35618959795295574, 0.6201341884003745, 0.3805514439940453, 0.5997347412285982, 0.34730824803312615, 0.6513867360574228, 0.0, 0.0, 0.3727745177534719, 0.6408135623567635, 0.3856641049962491, 0.637835849655999, 0.33904988629122573, 0.6720709606453225, 0.3771930874480555, 0.6805506962317007, 0.3291899498552084, 0.7323065099892793, 0.0, 0.0], "1": [0.0, 0.0, 0.0, 0.0, 0.0, 0.0, 0.4158493641763925, 0.5510089104926145, 0.42984610522786776, 0.5482042807119863, 0.4158243919412295, 0.5877045815741574, 0.441008772328496, 0.5761267251438564, 0.4102813258922348, 0.6298503668219955, 0.45374960030118616, 0.5980533202489217, 0.3926244815190633, 0.6591175750449851, 0.449964469174544, 0.6329843997403427, 0.4286088249335686, 0.6635361381702952, 0.44633163635929424, 0.6561362824506229, 0.39958950355648987, 0.6868843756340168, 0.454025861620903, 0.6914861649274826, 0.4123184164365133, 0.7530175258715948, 0.4734854318201541, 0.7372791592997533], "2": [0.0, 0.0, 0.0, 0.0, 0.0, 0.0, 0.0, 0.0, 0.0, 0.0, 0.0, 0.0, 0.0, 0.0, 0.0, 0.0, 0.0, 0.0, 0.0, 0.0, 0.392897741496563, 0.6609131777728046, 0.0, 0.0, 0.0, 0.0, 0.0, 0.0, 0.0, 0.0, 0.0, 0.0, 0.0, 0.0], "3": [0.0, 0.0, 0.0, 0.0, 0.0, 0.0, 0.0, 0.0, 0.0, 0.0, 0.0, 0.0, 0.0, 0.0, 0.0, 0.0, 0.0, 0.0, 0.0, 0.0, 0.0, 0.0, 0.0, 0.0, 0.0, 0.0, 0.0, 0.0, 0.39953394457697866, 0.6866267857728181, 0.0, 0.0, 0.41320798844099044, 0.7509224443523972]}