{"0": [0.0, 0.0, 0.0, 0.0, 0.0, 0.0, 0.6171700115005176, 0.5309741456199575, 0.6314931978161137, 0.5337730167088686, 0.6076853123803934, 0.5571887058240396, 0.6372098701695601, 0.5693134859756187, 0.59119331749777, 0.5746874213218689, 0.6548305843025446, 0.6053887112273111, 0.5913368097196022, 0.5512561288696748, 0.6771643473766744, 0.59687956245961, 0.6122415100534757, 0.6529749415538929, 0.6318694685275356, 0.6544991489913728, 0.6155212253332139, 0.6949206122645626, 0.6392728360990684, 0.7019118664441285, 0.604913785326094, 0.7502028184203251, 0.626519284894069, 0.7614080210526785], "1": [0.0, 0.0, 0.0, 0.0, 0.0, 0.0, 0.4373870698114236, 0.48237601938071073, 0.4506944357107083, 0.48642015876593414, 0.42680102527762454, 0.5028550911832738, 0.45053861513733867, 0.5227846771478653, 0.41373171309630075, 0.5235339282839386, 0.44672076056400933, 0.549087099675779, 0.41511349696666, 0.5224422737956047, 0.4415405469636122, 0.5533345841699177, 0.4184119402120511, 0.5751623471577962, 0.432190966544052, 0.579097444039804, 0.41714222989976407, 0.6157239328931879, 0.4467416754613321, 0.610996686115309, 0.40470095140238604, 0.6577056447664896, 0.44720122354725994, 0.6164014244521105]}