{"0": [0.3041886784136295, 0.6428858037348146, 0.30376817161838215, 0.6380366411474017, 0.0, 0.0, 0.308271220078071, 0.632413410478168, 0.0, 0.0, 0.3195383661737044, 0.6387931115097468, 0.3198112234473228, 0.6382466161692584, 0.33582800505682825, 0.6641444397193415, 0.3188204109513511, 0.6723335771648972, 0.33080540982385476, 0.6827168363111991, 0.3055597603941957, 0.6932939850621753, 0.35909538244207695, 0.6779869565809215, 0.3460487964252631, 0.677355849577321, 0.0, 0.0, 0.0, 0.0, 0.0, 0.0, 0.0, 0.0], "1": [0.0, 0.0, 0.0, 0.0, 0.0, 0.0, 0.40444788833459216, 0.538698689142863, 0.419808765500784, 0.5374679262163462, 0.3990911453962326, 0.5766128202279409, 0.4310826766615113, 0.5721064174616778, 0.3952844368914763, 0.6197202909875799, 0.44654236510396006, 0.6085320717758602, 0.39488806364436946, 0.6567464501769454, 0.45267673109968504, 0.6385608311052674, 0.4102905353919292, 0.6548650885621706, 0.4303401126215856, 0.6556480317618008, 0.41667251996696, 0.7091671002131922, 0.4328071924547354, 0.7068428710103035, 0.421837039043506, 0.7583039803637399, 0.43613147748013337, 0.7675002207358679], "2": [0.0, 0.0, 0.0, 0.0, 0.0, 0.0, 0.0, 0.0, 0.0, 0.0, 0.0, 0.0, 0.0, 0.0, 0.0, 0.0, 0.0, 0.0, 0.30489820341269175, 0.6955853705052977, 0.0, 0.0, 0.0, 0.0, 0.0, 0.0, 0.0, 0.0, 0.0, 0.0, 0.0, 0.0, 0.0, 0.0], "3": [0.0, 0.0, 0.0, 0.0, 0.0, 0.0, 0.0, 0.0, 0.0, 0.0, 0.0, 0.0, 0.0, 0.0, 0.0, 0.0, 0.0, 0.0, 0.0, 0.0, 0.0, 0.0, 0.0, 0.0, 0.3671762547145287, 0.6731420521382933, 0.3236455249910553, 0.6983562610767505, 0.3785269814232985, 0.7352152656625819, 0.32685791722809276, 0.765348705428618, 0.0, 0.0], "4": [0.0, 0.0, 0.0, 0.0, 0.0, 0.0, 0.0, 0.0, 0.0, 0.0, 0.0, 0.0, 0.0, 0.0, 0.0, 0.0, 0.0, 0.0, 0.0, 0.0, 0.0, 0.0, 0.0, 0.0, 0.0, 0.0, 0.3788049213588238, 0.7361726139430645, 0.32224937801559767, 0.6988205192265687, 0.0, 0.0, 0.32687990615765256, 0.7639172119122964]}