{"0": [0.0, 0.0, 0.0, 0.0, 0.0, 0.0, 0.4453950397670269, 0.5144522039426698, 0.45865366347134107, 0.5153027874452096, 0.4386456133797765, 0.5478341612550948, 0.4669475386540095, 0.5477171851529016, 0.4265383100757996, 0.5836655652081525, 0.47836224486430484, 0.5855869970939778, 0.41661441400647165, 0.6139408517766882, 0.484381496720016, 0.6151637801417598, 0.4451561818520228, 0.6208715048101213, 0.46286862281461555, 0.6207230477421372, 0.43321970477700233, 0.6607484508443762, 0.47861008383333675, 0.6616923856514472, 0.4227145010605455, 0.7098962699925458, 0.4910775204499563, 0.7080643456291269], "1": [0.0, 0.0, 0.0, 0.0, 0.0, 0.0, 0.32384951300919057, 0.4960279005545157, 0.33647119837502637, 0.4988493387345915, 0.3128263268619776, 0.5244783207222268, 0.34097730902334056, 0.5295600603645046, 0.3043536484241486, 0.5644633728045004, 0.3515084213887652, 0.5638116496580619, 0.2998194985091686, 0.5982031504313151, 0.3607218065299094, 0.593254272143046, 0.3167473853876193, 0.6108142899418318, 0.333954230695963, 0.6093482499873196, 0.3304178569465876, 0.6679379966523912, 0.34293960394958656, 0.6580901225407918, 0.34742674604058266, 0.7186128870204642, 0.3499246542652447, 0.7153507325936247]}