{"0": [0.348451257062455, 0.4337344447771709, 0.34900777724881965, 0.42932727601793075, 0.0, 0.0, 0.35348704233765604, 0.43093724802688316, 0.36128378597398597, 0.42919231564910326, 0.3540236151466767, 0.4576062374644809, 0.36778275407850747, 0.4516392261893661, 0.3486430125931899, 0.4923937226197234, 0.3685693214802692, 0.4835879639342979, 0.33927404675632716, 0.5191385163201226, 0.0, 0.0, 0.36618202589452264, 0.5204009239320402, 0.3768429665671041, 0.5173978434668647, 0.35555741284042597, 0.5663627025705796, 0.3708409676949183, 0.5674929942797732, 0.3533375101784865, 0.6230006701416441, 0.3677349127829075, 0.6269897269981879], "1": [0.0, 0.0, 0.0, 0.0, 0.0, 0.0, 0.4168601589898268, 0.40612446511233297, 0.4288154456764459, 0.40507809442502474, 0.4139666470388572, 0.4326267996320018, 0.4363578555484613, 0.4338920331663556, 0.40994399180635815, 0.46126504297609683, 0.4414469450712204, 0.46354696138037577, 0.4122597557802995, 0.4917862586953022, 0.4436254179958875, 0.49241679411519457, 0.42011497740944226, 0.4952952411439684, 0.43481827061623335, 0.49651896445839494, 0.42201804326226316, 0.5386129906883946, 0.43380583114922044, 0.5384099278185103, 0.4280948620289564, 0.5820303543298333, 0.4362570951382319, 0.5819303077404145]}