{"0": [0.0, 0.0, 0.3011308884248137, 0.5884626383306804, 0.0, 0.0, 0.0, 0.0, 0.0, 0.0, 0.0, 0.0, 0.0, 0.0, 0.0, 0.0, 0.0, 0.0, 0.0, 0.0, 0.0, 0.0, 0.0, 0.0, 0.0, 0.0, 0.0, 0.0, 0.0, 0.0, 0.0, 0.0, 0.0, 0.0], "1": [0.0, 0.0, 0.0, 0.0, 0.0, 0.0, 0.4115002904087305, 0.5447176647958931, 0.4261893952265382, 0.5438395935076255, 0.40486043828229107, 0.5821270964211888, 0.43742463315526653, 0.5771777391433716, 0.3912819301088651, 0.6189572215908103, 0.4486638229340315, 0.6162459128432803, 0.38225486675898235, 0.6481806333487232, 0.4565485191841921, 0.6475025093113935, 0.4154889353861411, 0.6570728531590214, 0.4328749358654022, 0.6558647119888553, 0.4206355791538954, 0.6919579525788625, 0.4528976318115989, 0.6972683712288186, 0.417909620081385, 0.7443969886543023, 0.4424387597789367, 0.7677088059760906], "2": [0.0, 0.0, 0.0, 0.0, 0.0, 0.0, 0.3022722555013994, 0.5868809949468683, 0.31197531397144, 0.5781899712703846, 0.30482681877911083, 0.6082141474441246, 0.3263728773221374, 0.5795041764224017, 0.30693890222658715, 0.6513514320055643, 0.34195886092881356, 0.5745870335234536, 0.30917552560567857, 0.680288901814708, 0.3574116909255584, 0.5644334810751456, 0.3337132142235835, 0.63285398737148, 0.34390949765220286, 0.6303455723656548, 0.0, 0.0, 0.33686806708574296, 0.6901723192797766, 0.0, 0.0, 0.3618675947189331, 0.7099393994719894], "3": [0.0, 0.0, 0.0, 0.0, 0.0, 0.0, 0.0, 0.0, 0.0, 0.0, 0.0, 0.0, 0.0, 0.0, 0.0, 0.0, 0.0, 0.0, 0.0, 0.0, 0.0, 0.0, 0.0, 0.0, 0.0, 0.0, 0.3357963001045088, 0.6927779909637238, 0.0, 0.0, 0.3619465080400308, 0.7101494861973656, 0.0, 0.0], "4": [0.0, 0.0, 0.0, 0.0, 0.0, 0.0, 0.0, 0.0, 0.0, 0.0, 0.0, 0.0, 0.0, 0.0, 0.0, 0.0, 0.0, 0.0, 0.0, 0.0, 0.0, 0.0, 0.0, 0.0, 0.0, 0.0, 0.0, 0.0, 0.32705743597471154, 0.6540587985957109, 0.0, 0.0, 0.0, 0.0], "5": [0.0, 0.0, 0.0, 0.0, 0.0, 0.0, 0.0, 0.0, 0.0, 0.0, 0.0, 0.0, 0.0, 0.0, 0.0, 0.0, 0.0, 0.0, 0.0, 0.0, 0.0, 0.0, 0.0, 0.0, 0.0, 0.0, 0.0, 0.0, 0.0, 0.0, 0.3131400727977356, 0.6888512253761292, 0.0, 0.0]}