{"0": [0.0, 0.0, 0.0, 0.0, 0.0, 0.0, 0.6058701298199594, 0.5416468013215948, 0.6208365062872568, 0.5437012679047055, 0.5975035188409189, 0.5691631264156766, 0.6289592113345861, 0.5764724073586641, 0.5789820882181327, 0.5848374642707683, 0.6481669751306375, 0.6064781820332562, 0.5758847358326117, 0.5744243011430457, 0.6669848090658586, 0.5968752784309563, 0.6003959145396948, 0.6542826108358525, 0.6222607278575499, 0.6570881679102226, 0.5864316197733085, 0.7061837025262693, 0.6318062510962288, 0.6959223932690091, 0.5720153524229924, 0.7598744730706568, 0.6276210627208153, 0.7619283322934751], "1": [0.0, 0.0, 0.0, 0.0, 0.0, 0.0, 0.4194852104410529, 0.4816591278270439, 0.4318384195367495, 0.4859069172982816, 0.40913409491380054, 0.5017908204484869, 0.42995124533772466, 0.5212129510111279, 0.3959647883971532, 0.5281507462263108, 0.0, 0.0, 0.39592242389917376, 0.5268649478753408, 0.0, 0.0, 0.39850074630230664, 0.5712646822134654, 0.41050721975043414, 0.5748296031245479, 0.4078063004960616, 0.6130621468579328, 0.4186386900643508, 0.6196306046512392, 0.397451172520717, 0.6565614404501738, 0.39841485343252625, 0.6575737604388485]}