{"0": [0.29191824731727445, 0.4721008508293717, 0.29216038932402927, 0.46718381378385754, 0.2899291915198167, 0.46633365242569536, 0.0, 0.0, 0.2818863159666459, 0.46726591763673003, 0.28184504602104427, 0.49408655530876583, 0.27173948561151823, 0.49205975234508514, 0.28098290575047336, 0.5328830312799524, 0.2697982990493377, 0.5352847221824858, 0.28654668343563866, 0.5585205605736486, 0.283475594719251, 0.559713260249959, 0.2805945733562112, 0.5675995522075228, 0.2754261314868927, 0.5691632988276304, 0.28248202403386435, 0.6161597724314091, 0.28355781026184557, 0.6169981394652967, 0.27082833324869476, 0.655438509611068, 0.2814030673199644, 0.6752725592365971], "1": [0.0, 0.0, 0.6083564429233471, 0.5398107254946674, 0.0, 0.0, 0.6118517347921928, 0.5455161642145228, 0.6248039392133554, 0.549586476220025, 0.6005763893326124, 0.5811409754885568, 0.626938198072215, 0.5848749224786405, 0.5912634005149205, 0.6300268058423643, 0.6252669772754113, 0.6242585108236031, 0.5747159315894046, 0.6419295242539158, 0.0, 0.0, 0.5972074303155144, 0.6706795946315482, 0.6164696534474691, 0.6710505930913819, 0.5836868327111006, 0.7203132099575467, 0.6073956700662771, 0.7317986759874556, 0.6016422167420388, 0.773818130073724, 0.6031961510578792, 0.7744715479788957]}