{"0": [0.36148698925971984, 0.48418873018688624, 0.3630859547605117, 0.4807507378083688, 0.3612993563214938, 0.47836317237880494, 0.0, 0.0, 0.354321072002252, 0.4734963123445158, 0.34868531047056117, 0.49247221576946754, 0.34471186678856613, 0.4910694713945742, 0.3447411005695661, 0.5257546252674526, 0.3400998216122389, 0.5250582639817838, 0.3504154339432716, 0.5427418690036845, 0.35060548086961113, 0.5414642431117871, 0.3347624354685346, 0.5643404207847736, 0.3322609970966975, 0.565493247685609, 0.3380108716587226, 0.6138193872239854, 0.3369603827595711, 0.6145868760568124, 0.33812824053068957, 0.6681642020190204, 0.33758890852332113, 0.6687469401845225], "1": [0.0, 0.0, 0.0, 0.0, 0.0, 0.0, 0.5667801181475322, 0.5481416353472957, 0.5809621558524668, 0.5519586888107436, 0.5565856216164927, 0.578060049922378, 0.5903880866244435, 0.5866044561068215, 0.5347066857541601, 0.5606493597781217, 0.5959573532144229, 0.6282071053981783, 0.5519758151456092, 0.5487065006185461, 0.0, 0.0, 0.5592481697599093, 0.6703424000095024, 0.5816601721569896, 0.6731144726276398, 0.5457267416020234, 0.7213591298571339, 0.5912742947538694, 0.7320932019639899, 0.5370087680717309, 0.7813818145819285, 0.6036179758608341, 0.7931357591240495], "2": [0.0, 0.0, 0.0, 0.0, 0.0, 0.0, 0.0, 0.0, 0.0, 0.0, 0.0, 0.0, 0.0, 0.0, 0.0, 0.0, 0.0, 0.0, 0.0, 0.0, 0.5935230238052706, 0.6507574288933367, 0.0, 0.0, 0.0, 0.0, 0.0, 0.0, 0.0, 0.0, 0.0, 0.0, 0.0, 0.0]}