{"0": [0.2111112793907523, 0.5723961523285619, 0.21358787603676319, 0.5679849363035626, 0.0, 0.0, 0.22316380355817575, 0.5722351440676936, 0.0, 0.0, 0.23274836602310336, 0.6168438158653401, 0.21824472987403473, 0.5987149441683733, 0.23383463670810065, 0.6667594064165044, 0.19834850113838912, 0.5938539924444977, 0.21849587680771948, 0.7066012830094055, 0.17199768920739492, 0.5847305470042758, 0.24107304389278095, 0.7029471748405033, 0.23492334702362616, 0.7012855767099946, 0.24027246596912544, 0.7678040312396155, 0.0, 0.0, 0.2648171382800986, 0.8418896733610717, 0.23348487702508763, 0.8239857064353096], "1": [0.6912207908928394, 0.45956067553272956, 0.6916999281694491, 0.45526073881321477, 0.0, 0.0, 0.6953047399719556, 0.4582108508657526, 0.7061435287197431, 0.4576843950483534, 0.6921422430624564, 0.4864111613344263, 0.7140024329225222, 0.4863802453985921, 0.6885445606584351, 0.524911383787791, 0.7177218332265815, 0.5206030876548203, 0.6830937499802777, 0.5229856987548382, 0.7083010904490947, 0.529047067573777, 0.6934441760803263, 0.5562110465985758, 0.7074503508706887, 0.5565035650023707, 0.6824255811671417, 0.6064285265074836, 0.7032113673786322, 0.6098162781309199, 0.6822337865829468, 0.6685158378548093, 0.7000871185213328, 0.6575633901136891], "2": [0.0, 0.0, 0.0, 0.0, 0.0, 0.0, 0.0, 0.0, 0.0, 0.0, 0.0, 0.0, 0.0, 0.0, 0.0, 0.0, 0.0, 0.0, 0.171590643376112, 0.5835256426422685, 0.0, 0.0, 0.0, 0.0, 0.0, 0.0, 0.0, 0.0, 0.0, 0.0, 0.0, 0.0, 0.0, 0.0], "3": [0.0, 0.0, 0.0, 0.0, 0.0, 0.0, 0.0, 0.0, 0.0, 0.0, 0.0, 0.0, 0.0, 0.0, 0.0, 0.0, 0.0, 0.0, 0.0, 0.0, 0.0, 0.0, 0.0, 0.0, 0.0, 0.0, 0.0, 0.0, 0.24304637908935547, 0.7683138564780906, 0.0, 0.0, 0.26450605270608013, 0.8414959591847879], "4": [0.0, 0.0, 0.0, 0.0, 0.0, 0.0, 0.0, 0.0, 0.0, 0.0, 0.0, 0.0, 0.0, 0.0, 0.0, 0.0, 0.0, 0.0, 0.0, 0.0, 0.0, 0.0, 0.0, 0.0, 0.0, 0.0, 0.0, 0.0, 0.0, 0.0, 0.23309078936775526, 0.8252136792297716, 0.0, 0.0]}