{"0": [0.21955541005978982, 0.6506705231136746, 0.22266865056008103, 0.645479369605029, 0.21881879692276318, 0.6450474584544147, 0.23579801671827832, 0.6505860412562335, 0.0, 0.0, 0.24265697263181213, 0.691598739557796, 0.22175523427625496, 0.6843888224275024, 0.24202454288800557, 0.7566743360625373, 0.22378026663015285, 0.7328802753377843, 0.22860075098772845, 0.8057097554206848, 0.20927659509082638, 0.7738181290251236, 0.2472648572176695, 0.7861335498315317, 0.23023587421824535, 0.7873129260760766, 0.2549976176271836, 0.8590257547519825, 0.22076619975268844, 0.8636027512175065, 0.27529021302858986, 0.9113810093314559, 0.2046726830303669, 0.9373143107802779], "1": [0.7270897823657531, 0.49269162437844055, 0.7273762718774378, 0.48799531702642085, 0.0, 0.0, 0.7331199586391449, 0.4865816526942783, 0.0, 0.0, 0.7420840578774611, 0.5144798180571309, 0.743430460927387, 0.5096351285775502, 0.7438711428549141, 0.5604318654095685, 0.736100591532886, 0.552159651948346, 0.7231344087515026, 0.5580259806580014, 0.721294253071149, 0.5550627757001806, 0.7349056456548472, 0.5990717989427072, 0.0, 0.0, 0.7215857262412707, 0.6428232082614193, 0.7392099767612915, 0.6421538765783663, 0.7200917199254034, 0.7075997945749097, 0.0, 0.0], "2": [0.0, 0.0, 0.0, 0.0, 0.0, 0.0, 0.0, 0.0, 0.0, 0.0, 0.0, 0.0, 0.0, 0.0, 0.0, 0.0, 0.0, 0.0, 0.0, 0.0, 0.0, 0.0, 0.0, 0.0, 0.7356305368244648, 0.5964081734970764, 0.0, 0.0, 0.0, 0.0, 0.0, 0.0, 0.7387963235378265, 0.6976712147394816], "3": [0.0, 0.0, 0.0, 0.0, 0.0, 0.0, 0.0, 0.0, 0.0, 0.0, 0.0, 0.0, 0.0, 0.0, 0.0, 0.0, 0.0, 0.0, 0.0, 0.0, 0.0, 0.0, 0.0, 0.0, 0.0, 0.0, 0.22017205854256947, 0.8635973654411458, 0.2543454165259997, 0.8594947148252416, 0.20527474178622168, 0.938998504921242, 0.2748806377251943, 0.9113067792521583], "4": [0.0, 0.0, 0.0, 0.0, 0.0, 0.0, 0.0, 0.0, 0.0, 0.0, 0.0, 0.0, 0.0, 0.0, 0.0, 0.0, 0.0, 0.0, 0.0, 0.0, 0.0, 0.0, 0.0, 0.0, 0.0, 0.0, 0.0, 0.0, 0.721130536744992, 0.6414809628769204, 0.0, 0.0, 0.0, 0.0]}