{"0": [0.0, 0.0, 0.0, 0.0, 0.0, 0.0, 0.3899433804055055, 0.5092137842266647, 0.4039577662944794, 0.5085362086693446, 0.3830906360099713, 0.5444628436601272, 0.4143640474416316, 0.5405116566905269, 0.0, 0.0, 0.4277774510284265, 0.5729258446781724, 0.0, 0.0, 0.43524845892873903, 0.6027408054581395, 0.3935031111507366, 0.617056123967524, 0.4114453263580799, 0.6170008031306443, 0.3937021283588062, 0.6582357658280267, 0.41537709590047606, 0.6622467455488664, 0.38626277577131984, 0.7043048913832064, 0.41301927889386814, 0.7129059122668372], "1": [0.0, 0.0, 0.0, 0.0, 0.0, 0.0, 0.3671578761190176, 0.4933139807096234, 0.37748810161526003, 0.4889182655899613, 0.37083365942041085, 0.5131212618615892, 0.38398809557159747, 0.49995066432834223, 0.3719056795757974, 0.564470469164026, 0.0, 0.0, 0.3636433713758986, 0.6139223988409396, 0.0, 0.0, 0.0, 0.0, 0.0, 0.0, 0.0, 0.0, 0.0, 0.0, 0.0, 0.0, 0.0, 0.0]}