{"0": [0.0, 0.0, 0.0, 0.0, 0.0, 0.0, 0.363209077467521, 0.5649737822788733, 0.37947146681447824, 0.5654745990479434, 0.3629807859659195, 0.6055052298086661, 0.39221374951303006, 0.598070885737737, 0.36601805811127025, 0.660216635465622, 0.4092013799895843, 0.6383851905663808, 0.3565763164622089, 0.7103074276888812, 0.4202863556643327, 0.6602997819582621, 0.38062872731437286, 0.694021647395911, 0.3983738627284765, 0.6934352391295963, 0.3825893392165502, 0.7628919000978823, 0.3931433709338307, 0.7561524068867719, 0.3968584048251311, 0.8496222533561565, 0.40224680181903144, 0.8062754637665219], "1": [0.0, 0.0, 0.0, 0.0, 0.0, 0.0, 0.342058414965868, 0.5457420803882458, 0.35545427004496255, 0.5455636029994047, 0.34824884568030634, 0.5744212792151503, 0.35696549161026875, 0.5675975699115683, 0.3272008284926414, 0.6158715934665114, 0.366202345614632, 0.6562438903031526, 0.30692737611631554, 0.6118978538998852, 0.0, 0.0, 0.35947283084193865, 0.6548601721171979, 0.3624941172699134, 0.6513294926396123, 0.0, 0.0, 0.0, 0.0, 0.36942890056719385, 0.7561665484198818, 0.36811717053254445, 0.7568002903902971], "2": [0.0, 0.0, 0.0, 0.0, 0.0, 0.0, 0.0, 0.0, 0.0, 0.0, 0.0, 0.0, 0.0, 0.0, 0.0, 0.0, 0.0, 0.0, 0.0, 0.0, 0.0, 0.0, 0.0, 0.0, 0.0, 0.0, 0.34400568772107365, 0.7140187721009608, 0.0, 0.0, 0.34766909359022974, 0.7254818139252839, 0.0, 0.0], "3": [0.0, 0.0, 0.0, 0.0, 0.0, 0.0, 0.0, 0.0, 0.0, 0.0, 0.0, 0.0, 0.0, 0.0, 0.0, 0.0, 0.0, 0.0, 0.0, 0.0, 0.0, 0.0, 0.0, 0.0, 0.0, 0.0, 0.0, 0.0, 0.34362794111172357, 0.710678713409989, 0.0, 0.0, 0.0, 0.0], "4": [0.0, 0.0, 0.0, 0.0, 0.0, 0.0, 0.0, 0.0, 0.0, 0.0, 0.0, 0.0, 0.0, 0.0, 0.0, 0.0, 0.0, 0.0, 0.0, 0.0, 0.0, 0.0, 0.0, 0.0, 0.0, 0.0, 0.0, 0.0, 0.0, 0.0, 0.4012603392203649, 0.8084930766511846, 0.0, 0.0], "5": [0.0, 0.0, 0.0, 0.0, 0.0, 0.0, 0.0, 0.0, 0.0, 0.0, 0.0, 0.0, 0.0, 0.0, 0.0, 0.0, 0.0, 0.0, 0.0, 0.0, 0.0, 0.0, 0.0, 0.0, 0.0, 0.0, 0.0, 0.0, 0.0, 0.0, 0.0, 0.0, 0.3971646239981056, 0.8502103818787469]}