{"0": [0.37404760519663494, 0.47651973399851055, 0.3748059831559658, 0.472075891494751, 0.3731776655651629, 0.47238083768773964, 0.0, 0.0, 0.36466796092378595, 0.4699473985367351, 0.36134859174489975, 0.49033569185822096, 0.35228724594538413, 0.49501028325822616, 0.0, 0.0, 0.34736814418186746, 0.5315911050196048, 0.3788793238500754, 0.49348244413181586, 0.3508284602314234, 0.5670304725291553, 0.36620626946290336, 0.5682585715143769, 0.36002545868977903, 0.5712291518847147, 0.3616098381578922, 0.6215917035385414, 0.3641847651762267, 0.6175196915864944, 0.3440880237457653, 0.66523416351389, 0.3429299493009845, 0.6650422736450478], "1": [0.0, 0.0, 0.0, 0.0, 0.0, 0.0, 0.7788332877059777, 0.6302622962881018, 0.7955495052039623, 0.6319326050855495, 0.7705020483583211, 0.6672730070573313, 0.8023542271306118, 0.6684700400741012, 0.7614276928206285, 0.7226281090467065, 0.0, 0.0, 0.7497419881323973, 0.7621995327649294, 0.0, 0.0, 0.7672396952907244, 0.7737459838114403, 0.7871854695181052, 0.7754782293681745, 0.7626677011450133, 0.8353809696656685, 0.7749180043737094, 0.83638519026615, 0.7681630211625701, 0.8884307485779575, 0.7674007013440131, 0.8853123698659517], "2": [0.0, 0.0, 0.0, 0.0, 0.0, 0.0, 0.0, 0.0, 0.0, 0.0, 0.0, 0.0, 0.0, 0.0, 0.3703011970967055, 0.48504914820746137, 0.0, 0.0, 0.0, 0.0, 0.0, 0.0, 0.0, 0.0, 0.0, 0.0, 0.0, 0.0, 0.0, 0.0, 0.0, 0.0, 0.0, 0.0], "3": [0.0, 0.0, 0.0, 0.0, 0.0, 0.0, 0.0, 0.0, 0.0, 0.0, 0.0, 0.0, 0.0, 0.0, 0.0, 0.0, 0.0, 0.0, 0.0, 0.0, 0.0, 0.0, 0.0, 0.0, 0.0, 0.0, 0.0, 0.0, 0.0, 0.0, 0.37289636267426735, 0.6673338011459068, 0.0, 0.0], "4": [0.0, 0.0, 0.0, 0.0, 0.0, 0.0, 0.0, 0.0, 0.0, 0.0, 0.0, 0.0, 0.0, 0.0, 0.0, 0.0, 0.0, 0.0, 0.0, 0.0, 0.0, 0.0, 0.0, 0.0, 0.0, 0.0, 0.0, 0.0, 0.0, 0.0, 0.0, 0.0, 0.37284548763806613, 0.6680266358234265]}