{"0": [0.0, 0.0, 0.0, 0.0, 0.5963797471175591, 0.5094041727207325, 0.5714891423781713, 0.5269624831499877, 0.5904896259307861, 0.5215695101905752, 0.5589085119465987, 0.5553574994758324, 0.5887244436889887, 0.5581227000112887, 0.5444753206024567, 0.5873148659865061, 0.5921335719525814, 0.6088068383711357, 0.5390549476568898, 0.612056569147993, 0.6063771871539454, 0.6334656009657516, 0.5572491684307654, 0.6328574662407239, 0.5781078122556209, 0.6403263925402253, 0.5486208843067288, 0.6695476814000695, 0.5838937807828188, 0.6837431234342081, 0.54214450592796, 0.7135732383639725, 0.5717828836292028, 0.7345635032212293], "1": [0.0, 0.0, 0.0, 0.0, 0.0, 0.0, 0.0, 0.0, 0.0, 0.0, 0.0, 0.0, 0.0, 0.0, 0.0, 0.0, 0.0, 0.0, 0.0, 0.0, 0.0, 0.0, 0.0, 0.0, 0.0, 0.0, 0.0, 0.0, 0.0, 0.0, 0.5596003121385972, 0.7446130392866002, 0.0, 0.0]}