{"0": [0.1918377924710512, 0.6619273670293667, 0.19773937069500486, 0.6561077053900117, 0.19240348661939302, 0.6540431747833888, 0.21098908229420582, 0.6647173060311211, 0.0, 0.0, 0.21664096787571907, 0.7097249227541464, 0.1843136822183927, 0.6947703498381155, 0.22507651125391323, 0.7730997576757713, 0.16528781286130348, 0.7084880551806203, 0.20096016054352125, 0.7715271340476142, 0.14991547266642252, 0.7245544557218199, 0.21330655602117377, 0.8255791839902048, 0.1863514704008897, 0.8196665444859752, 0.21357772201299668, 0.8852489729446393, 0.18051956997563443, 0.8960547279428552, 0.21497439689313372, 0.943115793996387, 0.2010144987454017, 0.9290617708806639], "1": [0.6285093552122514, 0.46703264470453615, 0.630098860214154, 0.4633249809068662, 0.6278244646266102, 0.4637249973085191, 0.6368442170321942, 0.4615978180258362, 0.0, 0.0, 0.6466114389399686, 0.49137377551308387, 0.6290452685207129, 0.4895654764440325, 0.6513290156299869, 0.5314581620472448, 0.6198724883298079, 0.5137582956640808, 0.6533043918510278, 0.5673513243043864, 0.610018058369557, 0.5362100305380645, 0.6385115304340919, 0.5641664571232266, 0.6290936720867951, 0.5595415297481748, 0.6273168535592656, 0.6133482193505323, 0.6352368881305058, 0.6101366668939592, 0.6160285949707032, 0.6697329094564473, 0.6423321093122164, 0.6603249660244694], "2": [0.0, 0.0, 0.0, 0.0, 0.0, 0.0, 0.0, 0.0, 0.0, 0.0, 0.0, 0.0, 0.0, 0.0, 0.0, 0.0, 0.0, 0.0, 0.0, 0.0, 0.0, 0.0, 0.0, 0.0, 0.0, 0.0, 0.0, 0.0, 0.0, 0.0, 0.6418256716181835, 0.6606070741459176, 0.0, 0.0], "3": [0.0, 0.0, 0.0, 0.0, 0.0, 0.0, 0.0, 0.0, 0.0, 0.0, 0.0, 0.0, 0.0, 0.0, 0.0, 0.0, 0.0, 0.0, 0.0, 0.0, 0.0, 0.0, 0.0, 0.0, 0.0, 0.0, 0.0, 0.0, 0.0, 0.0, 0.0, 0.0, 0.6156387435893218, 0.6694659745251691]}