{"0": [0.5371854849159717, 0.43036962703422266, 0.5376800792912643, 0.4268869166020993, 0.0, 0.0, 0.5409690846999486, 0.42801152644334023, 0.5496799473961195, 0.4255430961372676, 0.545789577315251, 0.4520099068129504, 0.5565809926949441, 0.44714089146366826, 0.5481949560033779, 0.48748784484686664, 0.5560111769475042, 0.48161645068062675, 0.5400332374498248, 0.5120834666269797, 0.0, 0.0, 0.5544931751986345, 0.5139297527295572, 0.5642888966947794, 0.5099498289602774, 0.5407125188658635, 0.5596112797933596, 0.5611766689146559, 0.5647770097962133, 0.5401247031986713, 0.6131507257620494, 0.5644849780558919, 0.623368462589052], "1": [0.0, 0.0, 0.0, 0.0, 0.0, 0.0, 0.4855067553386713, 0.45348634719848635, 0.4952495273202658, 0.44951812205491243, 0.49151959046721455, 0.4746902064040855, 0.5009857010096311, 0.4706845391403745, 0.5009310724834601, 0.4992610841989517, 0.5048391427844763, 0.4949585137543855, 0.4984965642293294, 0.5327574325932397, 0.49803243338440856, 0.5316016590153729, 0.5054071017851433, 0.5362345616574641, 0.5120662953704596, 0.5311385360029008, 0.0, 0.0, 0.5079640445609888, 0.5882953579227129, 0.4933913950808346, 0.5917846542817575, 0.5252873549858729, 0.6320630808671316], "2": [0.0, 0.0, 0.0, 0.0, 0.0, 0.0, 0.0, 0.0, 0.0, 0.0, 0.0, 0.0, 0.0, 0.0, 0.0, 0.0, 0.0, 0.0, 0.0, 0.0, 0.0, 0.0, 0.0, 0.0, 0.0, 0.0, 0.5063090505078435, 0.5894734904721931, 0.0, 0.0, 0.5251869502166907, 0.6327826076083714, 0.0, 0.0], "3": [0.0, 0.0, 0.0, 0.0, 0.0, 0.0, 0.0, 0.0, 0.0, 0.0, 0.0, 0.0, 0.0, 0.0, 0.0, 0.0, 0.0, 0.0, 0.0, 0.0, 0.0, 0.0, 0.0, 0.0, 0.0, 0.0, 0.0, 0.0, 0.0, 0.0, 0.0, 0.0, 0.49302390155692893, 0.5914897945192125]}