{"0": [0.6326443576564392, 0.47445086638132733, 0.6347443362697959, 0.4689098883558202, 0.6309494872267047, 0.4697858673002985, 0.6410529558857282, 0.46714241791654515, 0.0, 0.0, 0.6502269721279542, 0.48509858853563115, 0.6335412381837765, 0.49005934331152173, 0.6520919230194219, 0.5383924899277863, 0.6290229689329863, 0.5192136508447153, 0.6498955419907967, 0.5769527978367276, 0.6227144897915423, 0.5437498642890541, 0.6528716258704662, 0.5604416069057253, 0.6402081809937954, 0.5595468175631982, 0.6518128486039738, 0.6144284784793854, 0.6300710049768289, 0.6086107892018777, 0.6550706829875708, 0.6659127407603793, 0.6228684420697391, 0.6619681539358916], "1": [0.0, 0.0, 0.0, 0.0, 0.0, 0.0, 0.4123779500524203, 0.5638248796816225, 0.42893097350994747, 0.5632176156397218, 0.40009496100246905, 0.5945865808813661, 0.4369544893503189, 0.5989149782392714, 0.3911054838448763, 0.6368287909913946, 0.4468728983153899, 0.6430787861347197, 0.3880199618637562, 0.6669514104172035, 0.45867170579731464, 0.6736826647211004, 0.40489134726425013, 0.7007064666461061, 0.428034639172256, 0.7008790054806957, 0.39884138889610765, 0.7659857440877844, 0.4351083713894089, 0.7756163309017817, 0.3978231015459945, 0.8387230539763415, 0.4330045374731223, 0.8328219622373579], "2": [0.0, 0.0, 0.0, 0.0, 0.0, 0.0, 0.0, 0.0, 0.0, 0.0, 0.0, 0.0, 0.0, 0.0, 0.0, 0.0, 0.0, 0.0, 0.0, 0.0, 0.0, 0.0, 0.0, 0.0, 0.0, 0.0, 0.6306199613958597, 0.608886057359201, 0.6514903233697017, 0.6154604615988555, 0.0, 0.0, 0.0, 0.0], "3": [0.0, 0.0, 0.0, 0.0, 0.0, 0.0, 0.0, 0.0, 0.0, 0.0, 0.0, 0.0, 0.0, 0.0, 0.0, 0.0, 0.0, 0.0, 0.0, 0.0, 0.0, 0.0, 0.0, 0.0, 0.0, 0.0, 0.0, 0.0, 0.0, 0.0, 0.6229681657433199, 0.662413285948612, 0.0, 0.0], "4": [0.0, 0.0, 0.0, 0.0, 0.0, 0.0, 0.0, 0.0, 0.0, 0.0, 0.0, 0.0, 0.0, 0.0, 0.0, 0.0, 0.0, 0.0, 0.0, 0.0, 0.0, 0.0, 0.0, 0.0, 0.0, 0.0, 0.0, 0.0, 0.0, 0.0, 0.0, 0.0, 0.654300332069397, 0.6659671968883938]}