{"0": [0.6088316233207782, 0.6193854362876325, 0.6092760043839613, 0.6123790640521932, 0.6035244649897019, 0.6156257757434138, 0.0, 0.0, 0.595233882094423, 0.6220124853981864, 0.6188036455928038, 0.6519509655457956, 0.5885888905574878, 0.6602698471811083, 0.6289035568634669, 0.7056300943648374, 0.5773988051960866, 0.7064834744290068, 0.6338471652319033, 0.7458311431937747, 0.5785008197029432, 0.7561119706542404, 0.6077355255683263, 0.760435684521993, 0.5919390344371398, 0.7581052422523499, 0.5907761064668496, 0.8150701809812475, 0.6013549936935305, 0.84162082258198, 0.5713282033801079, 0.866302717615057, 0.6114208625008662, 0.9187868935090523], "1": [0.2967038462559382, 0.5233870687308135, 0.2995639371375243, 0.5196820400379322, 0.294097986103346, 0.5180048046288667, 0.30266174394637346, 0.5139946273631519, 0.29023245939364034, 0.5098479089913545, 0.3040991671383381, 0.5195011322145109, 0.2792086665829023, 0.5123165068803011, 0.3016855977475643, 0.5465367822735396, 0.26953128712872665, 0.555426009496053, 0.29689711009462677, 0.5693162205042663, 0.27257944320638977, 0.5877293813007849, 0.2905034960558017, 0.5582364269980677, 0.27373109782735505, 0.5526750157828684, 0.29709340383609134, 0.5982401649157207, 0.27458856205145515, 0.6042296968676426, 0.3045183062553406, 0.6544195801019669, 0.2776203598206242, 0.6583941117480949], "2": [0.0, 0.0, 0.0, 0.0, 0.0, 0.0, 0.0, 0.0, 0.0, 0.0, 0.0, 0.0, 0.0, 0.0, 0.0, 0.0, 0.0, 0.0, 0.0, 0.0, 0.0, 0.0, 0.0, 0.0, 0.0, 0.0, 0.0, 0.0, 0.5911662893990676, 0.8108510454495748, 0.0, 0.0, 0.5713341355323791, 0.8653916447250931], "3": [0.0, 0.0, 0.0, 0.0, 0.0, 0.0, 0.0, 0.0, 0.0, 0.0, 0.0, 0.0, 0.0, 0.0, 0.0, 0.0, 0.0, 0.0, 0.0, 0.0, 0.0, 0.0, 0.0, 0.0, 0.0, 0.0, 0.0, 0.0, 0.0, 0.0, 0.6109055479367574, 0.9164328298083058, 0.0, 0.0]}