{"0": [0.18046206726382177, 0.661396054868345, 0.18369877338409424, 0.6532345941773168, 0.1751240996023019, 0.6557405940774415, 0.18797640043000383, 0.6559555520613988, 0.16710965322951474, 0.661430620374503, 0.2039410466949145, 0.692687603548445, 0.15879577274123827, 0.6997321321180573, 0.21778182499110696, 0.729802807710237, 0.13357891576985517, 0.7008968113749116, 0.22709821642007835, 0.7707231186054371, 0.10087244448562463, 0.6919143636469488, 0.20390979250272115, 0.804286601808336, 0.17872661935786407, 0.8118979979444433, 0.20189732102056349, 0.8717401895258162, 0.18566728639416397, 0.8723258718296334, 0.20346996212999027, 0.9280463561967567, 0.19365352632012214, 0.9218169663239408], "1": [0.0, 0.0, 0.0, 0.0, 0.0, 0.0, 0.8085499035815398, 0.6695021104481484, 0.8288767158985137, 0.6731465929084354, 0.7924261696636676, 0.7085625777641932, 0.831226662218493, 0.7195345397348757, 0.7756649916370709, 0.7566314807644596, 0.868180914161106, 0.7205991111419819, 0.0, 0.0, 0.892829030752182, 0.684714997863328, 0.7913745118925969, 0.8252901750030343, 0.8175769593566656, 0.8330680469395937, 0.7933799914705256, 0.8962338796368352, 0.8195854201291998, 0.90645991563797, 0.7971737677981815, 0.9610550600973863, 0.8086299831668536, 0.9760060804861563], "2": [0.0, 0.0, 0.0, 0.0, 0.0, 0.0, 0.0, 0.0, 0.0, 0.0, 0.0, 0.0, 0.0, 0.0, 0.0, 0.0, 0.0, 0.0, 0.7910489160567522, 0.771377068537253, 0.0, 0.0, 0.0, 0.0, 0.0, 0.0, 0.0, 0.0, 0.0, 0.0, 0.0, 0.0, 0.0, 0.0]}