{"0": [0.5128157592068116, 0.44374844939620406, 0.5131905255218346, 0.4381613470889904, 0.5097626115505893, 0.4391273770067427, 0.0, 0.0, 0.502725160618623, 0.44304231405258176, 0.5090196246902148, 0.46713085527773257, 0.5023194511886686, 0.47202856904930535, 0.5123001349469025, 0.5055839185361509, 0.504469155271848, 0.5095003461396254, 0.5234576187406977, 0.5207013090451559, 0.5231870418724914, 0.523566887886436, 0.5075899382432302, 0.5358089528701923, 0.5011561716596286, 0.5363836932513449, 0.504875178138415, 0.5844272737149839, 0.5037092374016842, 0.5852839505230939, 0.48568113970880705, 0.629140665354552, 0.4851351659744978, 0.6297548596505765], "1": [0.56348860313495, 0.45466404877327105, 0.5663596066335838, 0.4518485285617687, 0.5616734658678373, 0.45007021007714443, 0.5685863659096261, 0.4523743362338455, 0.5573554043968518, 0.448427515587321, 0.5727068660625567, 0.47517064699420225, 0.547555350822707, 0.4666747013727824, 0.5730073168640957, 0.5100326222402078, 0.5378669741253058, 0.4991321669684516, 0.5686483999559034, 0.5364199973918774, 0.0, 0.0, 0.5605780292612811, 0.5417394030977178, 0.545182836552461, 0.5380547577584232, 0.5591263805826505, 0.5891171621641627, 0.5420202992856502, 0.5787453638182745, 0.5532771571228902, 0.6375154826376174, 0.5444214189425111, 0.6028067198616487], "2": [0.0, 0.0, 0.0, 0.0, 0.0, 0.0, 0.0, 0.0, 0.0, 0.0, 0.0, 0.0, 0.0, 0.0, 0.0, 0.0, 0.0, 0.0, 0.0, 0.0, 0.0, 0.0, 0.0, 0.0, 0.0, 0.0, 0.0, 0.0, 0.0, 0.0, 0.510001510878404, 0.6309520330693986, 0.0, 0.0], "3": [0.0, 0.0, 0.0, 0.0, 0.0, 0.0, 0.0, 0.0, 0.0, 0.0, 0.0, 0.0, 0.0, 0.0, 0.0, 0.0, 0.0, 0.0, 0.0, 0.0, 0.0, 0.0, 0.0, 0.0, 0.0, 0.0, 0.0, 0.0, 0.0, 0.0, 0.0, 0.0, 0.5099171951413155, 0.6314443639031163], "4": [0.0, 0.0, 0.0, 0.0, 0.0, 0.0, 0.0, 0.0, 0.0, 0.0, 0.0, 0.0, 0.0, 0.0, 0.0, 0.0, 0.0, 0.0, 0.0, 0.0, 0.0, 0.0, 0.0, 0.0, 0.0, 0.0, 0.0, 0.0, 0.0, 0.0, 0.0, 0.0, 0.550052480896314, 0.6384900018020913]}