{"0": [0.0, 0.0, 0.0, 0.0, 0.0, 0.0, 0.4545534543693065, 0.5055188669098748, 0.46778945804884037, 0.5122350496274454, 0.44105834923684595, 0.5247938465189049, 0.4675592349221309, 0.5463352313748112, 0.42419137731194495, 0.5473710863678544, 0.467737604615589, 0.5894725478909634, 0.40917472628255686, 0.5666033129932152, 0.459473867341876, 0.6011927582599499, 0.43322152098019917, 0.6080140001244017, 0.4523005033687999, 0.6127879870158655, 0.4202319533874591, 0.6518753393932625, 0.4702484515806039, 0.6479681667078424, 0.39931496555606516, 0.6928218031785003, 0.47651687997082876, 0.7091786440875795], "1": [0.0, 0.0, 0.0, 0.0, 0.0, 0.0, 0.6311101948997627, 0.5355737549287302, 0.6460344665994247, 0.5402754337699325, 0.6186734776555871, 0.5621101211618494, 0.6442315517924726, 0.5806420499527896, 0.6079282910873492, 0.5938890854517619, 0.6466198239475489, 0.6247909296441961, 0.0, 0.0, 0.6521196592599153, 0.6689671277999878, 0.6180849453434348, 0.6432827616179431, 0.6333790173133215, 0.649511957610095, 0.6287190340459345, 0.7090896307318298, 0.6335593281934658, 0.7126231723361545, 0.6220323151754498, 0.7651336245085623, 0.6255269981920719, 0.7608231438530816]}