{"0": [0.2983494625737269, 0.4660196860631307, 0.3001742782692114, 0.46035702228546144, 0.29489895068109034, 0.46168454598497455, 0.3035128948589166, 0.46069130102793376, 0.2900530124393602, 0.46429570427647343, 0.31137877479195597, 0.49001207638669886, 0.28292583798368764, 0.4929938119870645, 0.31712382162610686, 0.5210692702620118, 0.2723456986869375, 0.5212493300437926, 0.30736206223567325, 0.540558808821219, 0.27713209852421034, 0.5446710716381117, 0.3041360024362802, 0.5595607762811361, 0.28683447912335397, 0.5599511297212707, 0.31460236456866064, 0.6062037251613758, 0.28322357585032787, 0.6083871596389346, 0.3290269830574592, 0.6544622192780177, 0.2790492149690787, 0.6553276142036474], "1": [0.5785311235735814, 0.5679444485240512, 0.5807115262995164, 0.5601648854988592, 0.5746241230517626, 0.5632409735962196, 0.5868296289195617, 0.556470818210531, 0.5710703464845817, 0.5639958558259187, 0.5996817837158839, 0.5831511893758068, 0.5703470802555481, 0.5893641099885658, 0.6061326992309962, 0.6320241783504132, 0.5681957246735692, 0.6276365272424839, 0.6008188704649607, 0.6698009247581164, 0.5708902028699716, 0.6563974842429161, 0.5984511334449053, 0.6624786564597377, 0.5803892030691107, 0.6606364557036647, 0.6020967011048924, 0.7111608072563455, 0.5789100453257561, 0.7087517276958183, 0.6025264134630561, 0.768658901585473, 0.5769309295186152, 0.7670290699159658]}