{"0": [0.5546073312560718, 0.5123732076750861, 0.0, 0.0, 0.5549903801331918, 0.5064230604304207, 0.0, 0.0, 0.5515845769395431, 0.5051180148566211, 0.5332806511471669, 0.5113874987319663, 0.5415090401967366, 0.5222639139983113, 0.544566530858477, 0.5584436652836976, 0.5472967388729254, 0.5612995646618031, 0.5558287720195949, 0.5827158866105256, 0.5575491874168317, 0.5831017149819269, 0.5091321634749572, 0.5765704322744298, 0.5173753348489601, 0.5808466874890857, 0.5118002140273651, 0.6152726372083028, 0.5384489662945271, 0.6301845864013389, 0.48677924151221913, 0.6493496281129343, 0.5443451102202137, 0.6861447073795177], "1": [0.0, 0.0, 0.0, 0.0, 0.0, 0.0, 0.4453691783050696, 0.499252824374923, 0.45864533968269827, 0.5002674300913458, 0.4341985933482647, 0.5275593329358984, 0.4634557961175839, 0.5335246810206661, 0.41931044633189846, 0.556412700370506, 0.4685411822826912, 0.5753366065246087, 0.41246781138082345, 0.582197747738273, 0.46017573274051143, 0.5975392214677951, 0.4373291712254286, 0.6048840212601202, 0.4560429671934495, 0.6098746148524461, 0.43691747101644673, 0.6599643910372699, 0.4563208343771597, 0.6638457805470184, 0.434380975800256, 0.7153880455979593, 0.448955726933976, 0.7190219466333037], "2": [0.0, 0.0, 0.0, 0.0, 0.0, 0.0, 0.0, 0.0, 0.0, 0.0, 0.0, 0.0, 0.0, 0.0, 0.0, 0.0, 0.0, 0.0, 0.0, 0.0, 0.0, 0.0, 0.0, 0.0, 0.0, 0.0, 0.5375990030666192, 0.6281790991624197, 0.0, 0.0, 0.5432042255376776, 0.6849333665989064, 0.0, 0.0], "3": [0.0, 0.0, 0.0, 0.0, 0.0, 0.0, 0.0, 0.0, 0.0, 0.0, 0.0, 0.0, 0.0, 0.0, 0.0, 0.0, 0.0, 0.0, 0.0, 0.0, 0.0, 0.0, 0.0, 0.0, 0.0, 0.0, 0.0, 0.0, 0.5120094311734041, 0.6163798915015326, 0.0, 0.0, 0.48803302422165873, 0.6482701288881125]}