{"0": [0.0, 0.0, 0.0, 0.0, 0.0, 0.0, 0.32843943772216644, 0.6392246530011848, 0.3448971172173818, 0.6329550828370784, 0.32364971190690994, 0.6767997671056677, 0.3573844790458679, 0.6591043911598347, 0.3071569453924894, 0.7314675294690662, 0.37404733560979364, 0.6950739469793108, 0.29452614666273197, 0.7626938864036843, 0.0, 0.0, 0.3491269158820312, 0.7674369878790996, 0.3688780916777129, 0.7612353711216538, 0.32977483198046686, 0.8365600329858286, 0.3342194847762585, 0.8340009957551956, 0.3480631649959833, 0.9150983666656193, 0.3475247650407255, 0.911680704134482], "1": [0.0, 0.0, 0.0, 0.0, 0.0, 0.0, 0.38175234450027346, 0.5188800390119905, 0.3950554850200812, 0.5201670642252322, 0.3848857833072543, 0.554440516454202, 0.3966404434293509, 0.5503641545772554, 0.3778017391140262, 0.6029796766462151, 0.39982039481401443, 0.5968099222690971, 0.0, 0.0, 0.0, 0.0, 0.3927107027421395, 0.6388024570765318, 0.4030435153593619, 0.6348330092650872, 0.3838057397554318, 0.688030642050284, 0.0, 0.0, 0.3868328275779883, 0.7518393392010626, 0.3959307472384307, 0.750696764115637], "2": [0.0, 0.0, 0.0, 0.0, 0.0, 0.0, 0.0, 0.0, 0.0, 0.0, 0.0, 0.0, 0.0, 0.0, 0.0, 0.0, 0.0, 0.0, 0.0, 0.0, 0.387002981081605, 0.7462409632073508, 0.0, 0.0, 0.0, 0.0, 0.0, 0.0, 0.0, 0.0, 0.0, 0.0, 0.0, 0.0], "3": [0.0, 0.0, 0.0, 0.0, 0.0, 0.0, 0.0, 0.0, 0.0, 0.0, 0.0, 0.0, 0.0, 0.0, 0.0, 0.0, 0.0, 0.0, 0.0, 0.0, 0.0, 0.0, 0.0, 0.0, 0.0, 0.0, 0.0, 0.0, 0.3773219565395266, 0.693270194640866, 0.0, 0.0, 0.0, 0.0], "4": [0.0, 0.0, 0.0, 0.0, 0.0, 0.0, 0.0, 0.0, 0.0, 0.0, 0.0, 0.0, 0.0, 0.0, 0.0, 0.0, 0.0, 0.0, 0.0, 0.0, 0.0, 0.0, 0.0, 0.0, 0.0, 0.0, 0.0, 0.0, 0.0, 0.0, 0.0, 0.0, 0.34639614038169386, 0.8499191263207683]}