{"0": [0.7060360254719853, 0.47870890862411924, 0.7080137958129246, 0.4729490551683638, 0.7035124979913234, 0.4739060185573719, 0.7143580974390109, 0.4703882426006237, 0.7017534284542004, 0.4726725571685368, 0.7239299749955534, 0.4989423836822863, 0.6977529936314871, 0.4931802719831467, 0.7292926010986169, 0.533706236106378, 0.6885352679838737, 0.5211028047181941, 0.7145308284826266, 0.5498804370562236, 0.6905483427147071, 0.5483500840487303, 0.7168390702456235, 0.5691835158401065, 0.6996009482691685, 0.5662185624793724, 0.7186318797447407, 0.6219897928061309, 0.6917306423187256, 0.6128291783509431, 0.7188020596785161, 0.6741245715706436, 0.692847971059382, 0.6637928526158686], "1": [0.0, 0.0, 0.0, 0.0, 0.0, 0.0, 0.4143338379450142, 0.569987580952821, 0.4311349969745304, 0.5717816752416116, 0.4020769034332867, 0.6030739862609793, 0.43909045852099854, 0.6079329874780444, 0.39449332548926275, 0.6407378940189826, 0.4419814760486285, 0.6495622122729267, 0.40556071922183035, 0.6582875786004243, 0.0, 0.0, 0.4074307187149922, 0.7060628895406369, 0.4295406065881252, 0.7070353983728974, 0.40178772984072564, 0.7741590592320319, 0.43100441846375664, 0.7754448858676133, 0.39968565938373407, 0.8445865068170759, 0.4292988794545333, 0.8268263814625917]}