{"0": [0.6333759248256683, 0.4153862094437634, 0.6354124530562937, 0.4117422467028653, 0.6311558944328378, 0.4107297339373165, 0.6382451390226681, 0.41416200002034503, 0.6270577501195173, 0.4120745348709601, 0.6421629807601372, 0.4411939532392554, 0.6203873517612616, 0.43499995911562883, 0.6478048792807385, 0.47196186184883115, 0.6105889634074022, 0.4547742925308369, 0.6459412304063638, 0.5007957989970843, 0.6034484347949426, 0.4675763620270623, 0.6353325510087112, 0.5048785116937426, 0.6213190240164598, 0.5001064765577515, 0.6329864254842202, 0.546243820698173, 0.6205904720971982, 0.5450035203386236, 0.6251997628559669, 0.5864844006520731, 0.6225506647800406, 0.581997496607127], "1": [0.34593928605318064, 0.43307287182520937, 0.3460721542437871, 0.4275485332365389, 0.34238921776413916, 0.42784486037713504, 0.0, 0.0, 0.3360963630179565, 0.43234922554757854, 0.3438690073167284, 0.45359089109632705, 0.33220927622169255, 0.4599754960448654, 0.3436879222902159, 0.49353840715355346, 0.3316159867681563, 0.4974033726586236, 0.0, 0.0, 0.33686598762869835, 0.5306174468111109, 0.3452556646118561, 0.5215334503738969, 0.33857581789294877, 0.5230698806268198, 0.3442763824015856, 0.5676581564876768, 0.34076321981847285, 0.5688320691938753, 0.34215866898496944, 0.6114098658164342, 0.3414942509184281, 0.6100003103415171]}