{"0": [0.39396264726916946, 0.5962459631126236, 0.395718622704347, 0.5906431001645548, 0.39235094798107945, 0.5925814374729439, 0.4017706297027568, 0.5892481901579433, 0.0, 0.0, 0.41859764652326703, 0.6100994652068173, 0.40328422412276266, 0.6153608503165069, 0.44106629577775797, 0.6369847633220531, 0.40444265566766263, 0.658558225190198, 0.44041841036329665, 0.6725651886728075, 0.3907374559591214, 0.6773688180579079, 0.42703857402472445, 0.6874543786048889, 0.4169379886239767, 0.691490152809355, 0.4170521669089794, 0.7430381250602228, 0.4166744778553645, 0.7424683796034919, 0.4123151340832313, 0.7838534319842303, 0.41174609363079073, 0.7827325607891435], "1": [0.0, 0.0, 0.5674803187449773, 0.5667702339313648, 0.0, 0.0, 0.5701350598285596, 0.5705354630947113, 0.5840700005491575, 0.5713230711442453, 0.5623271991809208, 0.6099013016179756, 0.5950548201799393, 0.6073467528378522, 0.5524237484671175, 0.6479267783600975, 0.6025899915335079, 0.6516218094914049, 0.0, 0.0, 0.6059246119111776, 0.6817183543134618, 0.5759832366059224, 0.687793974743949, 0.5940763914957642, 0.6895316413155308, 0.559378387592733, 0.7353331959909863, 0.5858689507159094, 0.7381441499348042, 0.5711875011523565, 0.7907685992894349, 0.5989124213034908, 0.793941566016939], "2": [0.0, 0.0, 0.0, 0.0, 0.0, 0.0, 0.0, 0.0, 0.0, 0.0, 0.0, 0.0, 0.0, 0.0, 0.0, 0.0, 0.0, 0.0, 0.0, 0.0, 0.0, 0.0, 0.0, 0.0, 0.0, 0.0, 0.5841263100504875, 0.7401282963929353, 0.0, 0.0, 0.5987709796677033, 0.7940478810557613, 0.0, 0.0]}