{"0": [0.21129718100031214, 0.7195716083049775, 0.21622586722175283, 0.7128748114462252, 0.21139902075131733, 0.7129708365157799, 0.229702773441871, 0.7163230021794637, 0.0, 0.0, 0.23875022853414218, 0.7663387863172425, 0.20855719198783237, 0.7487355400014807, 0.24183842030664288, 0.8345053608770724, 0.17567877396941184, 0.7573957335065913, 0.22145458223919073, 0.8673771346056903, 0.14068138785660267, 0.765034767764586, 0.249403873582681, 0.8825771044801782, 0.22206621182461583, 0.8782145008996681, 0.271425370251139, 0.9367372870721199, 0.20575953191146254, 0.9493251968313147, 0.2960066488633553, 0.9839030122315442, 0.0, 0.0], "1": [0.5540075668444236, 0.37491285845085426, 0.0, 0.0, 0.5535312694807847, 0.37046944123727304, 0.0, 0.0, 0.5490248045573632, 0.36894796424441867, 0.5400042558399339, 0.3837920575230209, 0.5423637305696806, 0.38777928197825395, 0.5426386823256809, 0.41804524025431383, 0.5411854811012745, 0.4188192894889249, 0.5503321352104346, 0.44131514888118817, 0.5506733936568101, 0.44290820139425774, 0.5384371402362983, 0.4406233804507388, 0.5369372283418973, 0.44156313753790327, 0.5468732545773188, 0.4737750664905266, 0.5292263333996137, 0.4777341524759928, 0.546671699732542, 0.5166571377604096, 0.5124330436189969, 0.5046549141407013], "2": [0.0, 0.0, 0.0, 0.0, 0.0, 0.0, 0.0, 0.0, 0.0, 0.0, 0.0, 0.0, 0.0, 0.0, 0.0, 0.0, 0.0, 0.0, 0.0, 0.0, 0.0, 0.0, 0.0, 0.0, 0.0, 0.0, 0.5299511613945166, 0.4763959571167275, 0.5457728957136472, 0.47659587142644105, 0.5129799786955117, 0.5043823643966957, 0.5475497489795089, 0.5180460700282344], "3": [0.0, 0.0, 0.0, 0.0, 0.0, 0.0, 0.0, 0.0, 0.0, 0.0, 0.0, 0.0, 0.0, 0.0, 0.0, 0.0, 0.0, 0.0, 0.0, 0.0, 0.0, 0.0, 0.0, 0.0, 0.0, 0.0, 0.0, 0.0, 0.0, 0.0, 0.0, 0.0, 0.2959515154361725, 0.9865832441382938]}