{"0": [0.0, 0.0, 0.0, 0.0, 0.37745533091947436, 0.5098749889267815, 0.0, 0.0, 0.0, 0.0, 0.0, 0.0, 0.0, 0.0, 0.0, 0.0, 0.0, 0.0, 0.0, 0.0, 0.0, 0.0, 0.0, 0.0, 0.0, 0.0, 0.0, 0.0, 0.0, 0.0, 0.0, 0.0, 0.0, 0.0], "1": [0.0, 0.0, 0.0, 0.0, 0.0, 0.0, 0.3798067107796668, 0.5372970482265507, 0.39123373019198576, 0.5375908744004038, 0.37123246006667615, 0.5656307601266437, 0.39874289197226365, 0.5615808751848009, 0.3643234812033673, 0.6048513868340739, 0.40994408164794244, 0.5833939444135736, 0.3589024784664313, 0.6365424076716105, 0.0, 0.0, 0.38443880646179124, 0.6534704429131967, 0.4030876078332464, 0.6488201101069098, 0.38956574219427575, 0.7007176470880456, 0.40064389929175376, 0.7020096220352031, 0.39395454054077467, 0.7708818078041075, 0.39748089711223933, 0.7523174187659603], "2": [0.0, 0.0, 0.0, 0.0, 0.0, 0.0, 0.36436097100377085, 0.5037219806953713, 0.3772722642403095, 0.5073491798506843, 0.35553126552452646, 0.5272636742503555, 0.3726804861178, 0.5283352489824649, 0.34127406602104504, 0.5527819257091593, 0.3754890315234662, 0.5500256712789888, 0.3413452142228683, 0.551753389607701, 0.0, 0.0, 0.35581122304623325, 0.604888054728508, 0.3658363625407219, 0.6103322484978924, 0.3547300485273202, 0.6717915586851261, 0.3556165854136149, 0.6713540209664239, 0.34760696105659006, 0.7305038933400756, 0.347358665180703, 0.7300392049054305], "3": [0.0, 0.0, 0.0, 0.0, 0.0, 0.0, 0.0, 0.0, 0.0, 0.0, 0.0, 0.0, 0.0, 0.0, 0.0, 0.0, 0.3660322390496731, 0.6016638095732089, 0.0, 0.0, 0.0, 0.0, 0.0, 0.0, 0.0, 0.0, 0.0, 0.0, 0.0, 0.0, 0.0, 0.0, 0.0, 0.0], "4": [0.0, 0.0, 0.0, 0.0, 0.0, 0.0, 0.0, 0.0, 0.0, 0.0, 0.0, 0.0, 0.0, 0.0, 0.0, 0.0, 0.0, 0.0, 0.0, 0.0, 0.0, 0.0, 0.0, 0.0, 0.0, 0.0, 0.0, 0.0, 0.0, 0.0, 0.38750224784016607, 0.7149560720004418, 0.0, 0.0], "5": [0.0, 0.0, 0.0, 0.0, 0.0, 0.0, 0.0, 0.0, 0.0, 0.0, 0.0, 0.0, 0.0, 0.0, 0.0, 0.0, 0.0, 0.0, 0.0, 0.0, 0.0, 0.0, 0.0, 0.0, 0.0, 0.0, 0.0, 0.0, 0.0, 0.0, 0.0, 0.0, 0.388299652437369, 0.7163216212281475]}