{"0": [0.0, 0.0, 0.0, 0.0, 0.0, 0.0, 0.3981022973700116, 0.4626252856795435, 0.41221978589892383, 0.4609161686014246, 0.39192142399648827, 0.490540517259527, 0.4185472785650442, 0.4908387652149906, 0.3851616638712585, 0.5225058501793279, 0.428302601352334, 0.5256588693018313, 0.0, 0.0, 0.4323623125751813, 0.5531406617826886, 0.39585011502106987, 0.5593478826805949, 0.4156496629118919, 0.5613375877892529, 0.39628077223896985, 0.6175873058813589, 0.42196176908910277, 0.6094100867156629, 0.3947915736585855, 0.6745729305126049, 0.4296928433080514, 0.6542459698738874], "1": [0.0, 0.0, 0.0, 0.0, 0.0, 0.0, 0.0, 0.0, 0.0, 0.0, 0.0, 0.0, 0.0, 0.0, 0.0, 0.0, 0.0, 0.0, 0.0, 0.0, 0.0, 0.0, 0.0, 0.0, 0.0, 0.0, 0.36491608523453267, 0.5707529173956977, 0.0, 0.0, 0.35882460549473766, 0.6236927822784142, 0.0, 0.0], "2": [0.0, 0.0, 0.0, 0.0, 0.0, 0.0, 0.0, 0.0, 0.0, 0.0, 0.0, 0.0, 0.0, 0.0, 0.0, 0.0, 0.0, 0.0, 0.0, 0.0, 0.0, 0.0, 0.0, 0.0, 0.0, 0.0, 0.0, 0.0, 0.36617540729542575, 0.5706700201387759, 0.0, 0.0, 0.359105080490311, 0.6213865375077283]}