{"0": [0.0, 0.0, 0.0, 0.0, 0.0, 0.0, 0.45217561955408503, 0.4224646047309593, 0.4606598284871628, 0.41803041420601034, 0.4504044016202291, 0.44505901998943753, 0.467703557262818, 0.4264363506877864, 0.4485779498393337, 0.46985829279378605, 0.48468938115984195, 0.4171027182428925, 0.45030396357178687, 0.5044507896458661, 0.49903464727103714, 0.4076343540792112, 0.46389388280610244, 0.49048711017326074, 0.4766648046361903, 0.4869022317506649, 0.45892861237128574, 0.5541588063593264, 0.0, 0.0, 0.0, 0.0, 0.4810930995581051, 0.5217453499635061], "1": [0.0, 0.0, 0.0, 0.0, 0.0, 0.0, 0.4726685189486791, 0.5103188179157399, 0.4876056962956985, 0.510102262099584, 0.46675213028987256, 0.5281375981039471, 0.4888678938150406, 0.5397532394638769, 0.45911281531055764, 0.554800640653681, 0.4925741542130709, 0.5755153009185084, 0.45379252371688683, 0.5900548068461595, 0.48639929834753276, 0.5930371606791461, 0.461358449049294, 0.597757453499017, 0.4715660029401382, 0.6005969091697976, 0.4581736812988917, 0.6247900342499768, 0.499656543135643, 0.6330314799039453, 0.44375603372900513, 0.6472193125221465, 0.4821722069134315, 0.6855095133461334], "2": [0.0, 0.0, 0.0, 0.0, 0.0, 0.0, 0.0, 0.0, 0.0, 0.0, 0.0, 0.0, 0.0, 0.0, 0.0, 0.0, 0.0, 0.0, 0.0, 0.0, 0.0, 0.0, 0.0, 0.0, 0.0, 0.0, 0.46518230351308987, 0.5216943300984523, 0.0, 0.0, 0.467418281485637, 0.535413682350406, 0.0, 0.0], "3": [0.0, 0.0, 0.0, 0.0, 0.0, 0.0, 0.0, 0.0, 0.0, 0.0, 0.0, 0.0, 0.0, 0.0, 0.0, 0.0, 0.0, 0.0, 0.0, 0.0, 0.0, 0.0, 0.0, 0.0, 0.0, 0.0, 0.0, 0.0, 0.4889900326728821, 0.48368408017688325, 0.0, 0.0, 0.0, 0.0], "4": [0.0, 0.0, 0.0, 0.0, 0.0, 0.0, 0.0, 0.0, 0.0, 0.0, 0.0, 0.0, 0.0, 0.0, 0.0, 0.0, 0.0, 0.0, 0.0, 0.0, 0.0, 0.0, 0.0, 0.0, 0.0, 0.0, 0.0, 0.0, 0.0, 0.0, 0.48127204527457557, 0.6856809075231906, 0.0, 0.0]}