{"0": [0.0, 0.0, 0.0, 0.0, 0.0, 0.0, 0.47322345950330297, 0.4516288770569696, 0.4839175872504711, 0.45392346183458965, 0.46336258153120674, 0.4726111721109461, 0.4872730438907941, 0.4833991637936345, 0.4494537156075239, 0.4969116899702284, 0.49103987142443656, 0.5225056537599475, 0.43849083955089246, 0.5248737730361798, 0.49446216070403654, 0.5516324259616711, 0.45731140474478404, 0.5389728120079746, 0.4732046054986616, 0.5415715520028714, 0.45052126484612626, 0.5818140410162784, 0.48196088069429, 0.5860263623573163, 0.43895052913576366, 0.6245362591964227, 0.4833915223677953, 0.6378823637962341], "1": [0.0, 0.0, 0.0, 0.0, 0.0, 0.0, 0.0, 0.0, 0.0, 0.0, 0.3347676495090127, 0.4835855731257686, 0.34818969558303553, 0.4772845698175607, 0.0, 0.0, 0.3600829401053488, 0.4849758707538799, 0.0, 0.0, 0.0, 0.0, 0.3569410986577471, 0.5106650215608103, 0.36304070564607777, 0.5087266235439866, 0.34625742509961127, 0.5460288749800788, 0.0, 0.0, 0.3695593802879254, 0.5632897564658412, 0.0, 0.0], "2": [0.0, 0.0, 0.0, 0.0, 0.0, 0.0, 0.0, 0.0, 0.0, 0.0, 0.0, 0.0, 0.0, 0.0, 0.0, 0.0, 0.0, 0.0, 0.0, 0.0, 0.3781838207195202, 0.5017429568149425, 0.0, 0.0, 0.0, 0.0, 0.0, 0.0, 0.0, 0.0, 0.0, 0.0, 0.0, 0.0], "3": [0.0, 0.0, 0.0, 0.0, 0.0, 0.0, 0.0, 0.0, 0.0, 0.0, 0.0, 0.0, 0.0, 0.0, 0.0, 0.0, 0.0, 0.0, 0.0, 0.0, 0.0, 0.0, 0.0, 0.0, 0.0, 0.0, 0.0, 0.0, 0.3498320370912552, 0.5461789216156359, 0.0, 0.0, 0.3699853666126728, 0.5627383170304475], "4": [0.0, 0.0, 0.0, 0.0, 0.0, 0.0, 0.0, 0.0, 0.0, 0.0, 0.0, 0.0, 0.0, 0.0, 0.0, 0.0, 0.0, 0.0, 0.0, 0.0, 0.0, 0.0, 0.0, 0.0, 0.0, 0.0, 0.0, 0.0, 0.0, 0.0, 0.34521024078130724, 0.5664742205981855, 0.0, 0.0]}