{"0": [0.47777085515360035, 0.5093013443328717, 0.48021318440636007, 0.5019091458232314, 0.47466088881095253, 0.503814709186554, 0.4861450666561723, 0.49704413060788755, 0.47188399204363424, 0.5022642506493462, 0.4959329855938753, 0.5215804385918158, 0.4698051861176888, 0.5255790136478564, 0.5041386425495148, 0.5577943543593089, 0.47074474655091764, 0.5638755716659405, 0.51272129068772, 0.5949158999654982, 0.4743990828593572, 0.5817958076243047, 0.49467016042520595, 0.598800817904649, 0.47771920325855416, 0.6004698203669654, 0.49385830054525287, 0.655107106268406, 0.47939506694674494, 0.6539587443625485, 0.48647925644163154, 0.691871708865917, 0.4801154352724552, 0.7057924298224625], "1": [0.2835684328029553, 0.45619098251616513, 0.28385771115620934, 0.4506240407625834, 0.28056927180538577, 0.4524376833880389, 0.0, 0.0, 0.27312175909367703, 0.4578154374051977, 0.2895984158404948, 0.4738912396960788, 0.26729180638988814, 0.48975391917758515, 0.29699770181129376, 0.5093408754578344, 0.2665786549448967, 0.5301480222079489, 0.3032273440311352, 0.5395413950637534, 0.274051142980655, 0.5661696648156203, 0.2905258991445104, 0.5538849121994442, 0.27512162377436955, 0.5581407637507827, 0.29690127341697614, 0.6060983613685326, 0.27580124971767267, 0.6056106406229513, 0.30398774122198424, 0.6547927684254117, 0.27887630835175514, 0.6593765563435025]}