{"0": [0.0, 0.0, 0.0, 0.0, 0.0, 0.0, 0.37797756722817816, 0.6043933003037064, 0.39509002765019735, 0.6003456830978393, 0.36844617770984767, 0.6395356964181971, 0.4035262535015742, 0.6352083431349861, 0.3569616725668311, 0.6893410943172597, 0.4160113513469696, 0.6734652536886709, 0.34368060846657805, 0.7246305275846412, 0.4280239541083574, 0.6836984025107489, 0.37629033556828895, 0.7361838362283177, 0.3996228360881408, 0.7360917309919993, 0.3657419675340255, 0.8114259068612699, 0.40548635373512903, 0.7591954034235743, 0.35435938810308776, 0.9032626430193583, 0.4001339736084143, 0.7891709482780209], "1": [0.0, 0.0, 0.0, 0.0, 0.0, 0.0, 0.3721063288549582, 0.5552108398190251, 0.38818688653409483, 0.5520841945928556, 0.3736287751545509, 0.5831777963373396, 0.3954220227897167, 0.5858498295148213, 0.0, 0.0, 0.0, 0.0, 0.0, 0.0, 0.0, 0.0, 0.0, 0.0, 0.0, 0.0, 0.0, 0.0, 0.0, 0.0, 0.0, 0.0, 0.0, 0.0], "2": [0.0, 0.0, 0.0, 0.0, 0.0, 0.0, 0.0, 0.0, 0.0, 0.0, 0.0, 0.0, 0.0, 0.0, 0.0, 0.0, 0.0, 0.0, 0.0, 0.0, 0.0, 0.0, 0.0, 0.0, 0.0, 0.0, 0.0, 0.0, 0.0, 0.0, 0.0, 0.0, 0.35346846555670103, 0.9044147703382704], "3": [0.0, 0.0, 0.0, 0.0, 0.0, 0.0, 0.0, 0.0, 0.0, 0.0, 0.0, 0.0, 0.0, 0.0, 0.0, 0.0, 0.0, 0.0, 0.0, 0.0, 0.0, 0.0, 0.0, 0.0, 0.0, 0.0, 0.0, 0.0, 0.0, 0.0, 0.0, 0.0, 0.4319755904376507, 0.8391473450042584]}