{"0": [0.0, 0.0, 0.0, 0.0, 0.0, 0.0, 0.6425616527597108, 0.4714060414720464, 0.6556786026805639, 0.47307934363683063, 0.6341379293551047, 0.4992022939854198, 0.6620505951344967, 0.5045516089156821, 0.6251586760083835, 0.537350380613848, 0.6692238044304152, 0.545560003872271, 0.62075211443007, 0.5373957914058809, 0.6747894843419393, 0.5788725632208365, 0.6372252780944109, 0.5763082204041657, 0.6545073219885429, 0.580293583980313, 0.6277531380454701, 0.6211539875577997, 0.6509786712626616, 0.6348791280278453, 0.6190409220134219, 0.6729949690677501, 0.648926515628894, 0.6883085758597762], "1": [0.0, 0.0, 0.0, 0.0, 0.0, 0.0, 0.335864448795716, 0.5557629247506459, 0.34901829846203325, 0.5554450216116729, 0.32409442166487373, 0.5898442481402998, 0.35703829204042753, 0.595520532020816, 0.0, 0.0, 0.3596498752012849, 0.645972885467388, 0.0, 0.0, 0.36396942920982844, 0.6876072967493976, 0.33432111678024135, 0.6919186082703096, 0.3548234075307846, 0.6909871183059834, 0.34014589693397285, 0.7540584901968638, 0.36196370447675386, 0.7402907309708772, 0.34331417878468834, 0.8160818404621548, 0.36159713218609496, 0.7949308732041607]}