{"0": [0.0, 0.0, 0.0, 0.0, 0.0, 0.0, 0.44074556070069476, 0.5098788702929461, 0.45283150735000777, 0.5116069904080144, 0.4290344258149465, 0.5368840109694887, 0.45640666253554324, 0.549394937356313, 0.41327468467255435, 0.5543681996840018, 0.4597681573902567, 0.5900296809496703, 0.0, 0.0, 0.46886011546012013, 0.6149640644038165, 0.42904495311280094, 0.6271909122113827, 0.44993378892540925, 0.6268991069661246, 0.435134195132802, 0.6785405275446398, 0.4646237720812981, 0.6619286075786308, 0.43558457240772736, 0.7366652710846175, 0.4621352568268776, 0.7249422989509724], "1": [0.0, 0.0, 0.0, 0.0, 0.0, 0.0, 0.5950472496449948, 0.5234682493739657, 0.604691315939029, 0.5318106587286349, 0.5876628694434961, 0.5296921364825081, 0.5940931350613634, 0.5547283254287861, 0.0, 0.0, 0.5914589593807857, 0.6049377026381315, 0.606825063439707, 0.6230353982360275, 0.6089109934866428, 0.6238329847653706, 0.5643633877858519, 0.6143007761902279, 0.5735304286703468, 0.6211169123649597, 0.0, 0.0, 0.6011684282993277, 0.6585561173933525, 0.6177598185216387, 0.7069688585069445, 0.6179896485060453, 0.7086229752611232], "2": [0.0, 0.0, 0.0, 0.0, 0.0, 0.0, 0.0, 0.0, 0.0, 0.0, 0.0, 0.0, 0.0, 0.0, 0.0, 0.0, 0.0, 0.0, 0.4126060001552105, 0.5488017497239289, 0.0, 0.0, 0.0, 0.0, 0.0, 0.0, 0.0, 0.0, 0.0, 0.0, 0.0, 0.0, 0.0, 0.0], "3": [0.0, 0.0, 0.0, 0.0, 0.0, 0.0, 0.0, 0.0, 0.0, 0.0, 0.0, 0.0, 0.0, 0.0, 0.0, 0.0, 0.0, 0.0, 0.0, 0.0, 0.0, 0.0, 0.0, 0.0, 0.0, 0.0, 0.5985505169257521, 0.654047284744404, 0.0, 0.0, 0.0, 0.0, 0.0, 0.0]}