{"0": [0.5766154224053025, 0.5222129054565879, 0.5771878873851771, 0.5152959108352662, 0.5721644558012485, 0.5177735964457194, 0.0, 0.0, 0.5645659931663735, 0.520997049411138, 0.5798017365237077, 0.5444019463810104, 0.5614020550623536, 0.554200538661745, 0.5837622856100401, 0.5880509658544152, 0.5562916245738355, 0.5901147155850022, 0.5842139349629482, 0.6196480077725869, 0.547437151024739, 0.6280212055753778, 0.5715209993223349, 0.6303443787274536, 0.5592954773455858, 0.630282954816465, 0.5746405748029549, 0.6873632004967443, 0.5603107909982403, 0.6851095607642222, 0.572752439773952, 0.7620750742929953, 0.5541232239454985, 0.7358415831018377], "1": [0.0, 0.0, 0.0, 0.0, 0.0, 0.0, 0.3955650258809328, 0.46559665335549244, 0.4035356276979049, 0.4672851120984113, 0.39759818747018766, 0.490451928642061, 0.40167039673154553, 0.49387287453368856, 0.3967115419606368, 0.527968994334892, 0.39743683900063237, 0.5338606022022389, 0.0, 0.0, 0.41301919805506865, 0.5619442487204517, 0.3939158729587992, 0.5615021707835021, 0.4007079398880402, 0.5625776401272528, 0.39689817087103924, 0.614396522000984, 0.42146746243039773, 0.6087372835035677, 0.38158204294741155, 0.6653103872581765, 0.4296580066283544, 0.6614222091657144], "2": [0.0, 0.0, 0.0, 0.0, 0.0, 0.0, 0.0, 0.0, 0.0, 0.0, 0.0, 0.0, 0.0, 0.0, 0.0, 0.0, 0.0, 0.0, 0.0, 0.0, 0.0, 0.0, 0.0, 0.0, 0.0, 0.0, 0.0, 0.0, 0.0, 0.0, 0.0, 0.0, 0.5715238193670908, 0.7644442631138696]}