{"0": [0.5828526481986046, 0.5696153466348296, 0.5865678283075492, 0.5637202130423652, 0.5803152749935786, 0.5635101196942506, 0.5943395588546991, 0.5641211094679656, 0.5775776536824803, 0.5634871599850831, 0.6000150684267282, 0.5969572743331945, 0.5743516281247139, 0.591874897038495, 0.596552304426829, 0.6354254433402308, 0.5727756308546911, 0.6296340942382812, 0.5837430622428657, 0.5961208630905107, 0.0, 0.0, 0.5947565862908959, 0.6798046034795266, 0.5769069749551515, 0.6778374989206593, 0.5950578300903241, 0.7442918844796993, 0.5720195120821396, 0.7447602958039001, 0.5886067411551873, 0.7965997619209466, 0.5687504107517574, 0.8168101908984008], "1": [0.3560523301362991, 0.4865976004688828, 0.356871818502744, 0.48325921848968223, 0.3545620063940684, 0.4831141416673307, 0.0, 0.0, 0.3476903039496392, 0.4815827276971605, 0.35261992694189154, 0.5025564979623866, 0.3364013206213713, 0.5100615115077407, 0.36983969025313856, 0.5131400720940695, 0.3329053690036138, 0.549065723463341, 0.36349143298963704, 0.4928969858697167, 0.34257772999505204, 0.5869102164551064, 0.35169983860105275, 0.586831725526739, 0.34269146199027706, 0.5878059645493825, 0.35042648514111835, 0.64217331983425, 0.3467920271058878, 0.6448948080892916, 0.35611143078034124, 0.6960343992268597, 0.3247856746117274, 0.687906421996929], "2": [0.0, 0.0, 0.0, 0.0, 0.0, 0.0, 0.0, 0.0, 0.0, 0.0, 0.0, 0.0, 0.0, 0.0, 0.0, 0.0, 0.0, 0.0, 0.0, 0.0, 0.5708832134803136, 0.660982980993059, 0.0, 0.0, 0.0, 0.0, 0.0, 0.0, 0.0, 0.0, 0.0, 0.0, 0.0, 0.0], "3": [0.0, 0.0, 0.0, 0.0, 0.0, 0.0, 0.0, 0.0, 0.0, 0.0, 0.0, 0.0, 0.0, 0.0, 0.0, 0.0, 0.0, 0.0, 0.0, 0.0, 0.36126575600355865, 0.49226185436601994, 0.0, 0.0, 0.0, 0.0, 0.0, 0.0, 0.0, 0.0, 0.0, 0.0, 0.0, 0.0], "4": [0.0, 0.0, 0.0, 0.0, 0.0, 0.0, 0.0, 0.0, 0.0, 0.0, 0.0, 0.0, 0.0, 0.0, 0.0, 0.0, 0.0, 0.0, 0.0, 0.0, 0.0, 0.0, 0.0, 0.0, 0.0, 0.0, 0.0, 0.0, 0.0, 0.0, 0.32534429207444193, 0.6869301377623169, 0.0, 0.0], "5": [0.0, 0.0, 0.0, 0.0, 0.0, 0.0, 0.0, 0.0, 0.0, 0.0, 0.0, 0.0, 0.0, 0.0, 0.0, 0.0, 0.0, 0.0, 0.0, 0.0, 0.0, 0.0, 0.0, 0.0, 0.0, 0.0, 0.0, 0.0, 0.0, 0.0, 0.0, 0.0, 0.3560055080025146, 0.6961677398946549]}