{"0": [0.0, 0.0, 0.0, 0.0, 0.0, 0.0, 0.5621045464028914, 0.4338946883325224, 0.5747892528772355, 0.4339578462971581, 0.5550658998390039, 0.46797654231389363, 0.580408301204443, 0.46199801873277735, 0.5513467397540808, 0.5034216039710575, 0.587539333725969, 0.4943787670797772, 0.544378824159503, 0.5197518653339811, 0.591143511235714, 0.5240172521935569, 0.5623323865234852, 0.5414441623069621, 0.5790789301196734, 0.5417973288783321, 0.5538853909820318, 0.5825307997288527, 0.581444234882171, 0.589710607793596, 0.5508625876158476, 0.6415828139693649, 0.587531466037035, 0.6383708777251067], "1": [0.0, 0.0, 0.0, 0.0, 0.0, 0.0, 0.0, 0.0, 0.0, 0.0, 0.0, 0.0, 0.0, 0.0, 0.0, 0.0, 0.0, 0.0, 0.0, 0.0, 0.0, 0.0, 0.0, 0.0, 0.0, 0.0, 0.0, 0.0, 0.0, 0.0, 0.5600363912681738, 0.6066507478555043, 0.0, 0.0]}