{"0": [0.2937006722514827, 0.47227137088775634, 0.2959866142521302, 0.46757655629405276, 0.2911733633528153, 0.46754394239849517, 0.0, 0.0, 0.2837129067629576, 0.46088786522547404, 0.3001689312358698, 0.48518151664994313, 0.2737595954289039, 0.48890716212767144, 0.30887550935149194, 0.51102738821948, 0.2636438274135192, 0.517693207219795, 0.30256352340802556, 0.527702111226541, 0.2572683929776152, 0.5476711149568911, 0.2998918205499649, 0.5559841284045467, 0.28340552759667237, 0.5591221212374943, 0.30724694890280563, 0.6080788914804105, 0.28267158145705856, 0.6094139631147738, 0.3125584232310453, 0.6621558776056325, 0.28615361886719864, 0.6558620708684126], "1": [0.0, 0.0, 0.0, 0.0, 0.0, 0.0, 0.5546491918464501, 0.5317534448923887, 0.5701171872516473, 0.5340367158253988, 0.5444979251051942, 0.5643251187271542, 0.5769445039176693, 0.5725615051057604, 0.5333994545042515, 0.6086888390558737, 0.5793657881518205, 0.6197355852082923, 0.5292480433980624, 0.6467135012149811, 0.5789546507100264, 0.6585731674123694, 0.5477860189819087, 0.6582272931381508, 0.5706579444309076, 0.6617826603077076, 0.5433129066911836, 0.7181398996600399, 0.572416088823229, 0.7165411944742557, 0.5426061359544595, 0.7772500099959195, 0.5774692374902467, 0.7787228566628915]}