{"0": [0.6614867685983579, 0.555166792428052, 0.6601982834904144, 0.5489082961170761, 0.0, 0.0, 0.6626434353490672, 0.5390392285806161, 0.0, 0.0, 0.6768611076598366, 0.5372005548466134, 0.6754399341841538, 0.5373991699958289, 0.6860917672514915, 0.5673444079028236, 0.6758120531837145, 0.5673610348392416, 0.6940735176205634, 0.5961216249813636, 0.670027368888259, 0.5805002821816339, 0.7120858828226725, 0.5659326076507568, 0.7149913911040346, 0.5663070492629488, 0.695139916241169, 0.617450350964511, 0.6957289340595404, 0.6145957968853138, 0.6952510505914689, 0.6720325461140385, 0.694771190918982, 0.6695971224043105], "1": [0.0, 0.0, 0.0, 0.0, 0.0, 0.0, 0.407362167785565, 0.5710963487625123, 0.42337656257053224, 0.57162031200197, 0.3978100441629067, 0.600561644854369, 0.43312270070115727, 0.6040217640775223, 0.39247778331240024, 0.6335035077951573, 0.44061892852187157, 0.6376493164786587, 0.0, 0.0, 0.43617498259991405, 0.6163170944761347, 0.40417940020561216, 0.684937807476079, 0.42366967977335057, 0.6857781319706527, 0.40120197031646965, 0.7619190306575211, 0.43043694496154783, 0.7558768051641959, 0.4015899121761322, 0.8423499510244087, 0.4301751285791397, 0.8171528891280845], "2": [0.0, 0.0, 0.0, 0.0, 0.0, 0.0, 0.0, 0.0, 0.0, 0.0, 0.0, 0.0, 0.0, 0.0, 0.0, 0.0, 0.0, 0.0, 0.6702822476625443, 0.5809946757775766, 0.0, 0.0, 0.0, 0.0, 0.0, 0.0, 0.0, 0.0, 0.0, 0.0, 0.0, 0.0, 0.0, 0.0], "3": [0.0, 0.0, 0.0, 0.0, 0.0, 0.0, 0.0, 0.0, 0.0, 0.0, 0.0, 0.0, 0.0, 0.0, 0.0, 0.0, 0.0, 0.0, 0.0, 0.0, 0.6940572594602902, 0.5905202045484825, 0.0, 0.0, 0.0, 0.0, 0.0, 0.0, 0.0, 0.0, 0.0, 0.0, 0.0, 0.0]}