{"0": [0.3662893385936817, 0.5034375680817498, 0.36690659386416274, 0.49882591797245873, 0.0, 0.0, 0.37097518891096115, 0.5008819375877027, 0.0, 0.0, 0.38363800396521885, 0.5318839603000217, 0.36889858084420357, 0.528537682140315, 0.37907216226061186, 0.5693327643253185, 0.3551464967429638, 0.5337163962699749, 0.3584922437866529, 0.5839935642701608, 0.33950081896036866, 0.5443565039929968, 0.3780832326039672, 0.6144070439868503, 0.373304616784056, 0.611012501600716, 0.3614991952975591, 0.6719699907082098, 0.36239939630031587, 0.6708737174669902, 0.3716940660658706, 0.7257514323302052, 0.35959516894072296, 0.724826251135932], "1": [0.0, 0.0, 0.0, 0.0, 0.0, 0.0, 0.42841243793567024, 0.5018722388479446, 0.44166629066069923, 0.5045908848444621, 0.41713424685100714, 0.5265014672720874, 0.4459316623707613, 0.5331212361653646, 0.4117093534519275, 0.5674074194497533, 0.4488965940972169, 0.5738636382338074, 0.4099280357050399, 0.6076599324191058, 0.4432999464372793, 0.5839847873758387, 0.4203893451641003, 0.6078329516781701, 0.43957748108611366, 0.6076985593195314, 0.4096060284723838, 0.6481038706411643, 0.454347205410401, 0.6466819417697413, 0.4024651052430272, 0.7005870080656476, 0.4596512166783214, 0.7010652780532838], "2": [0.0, 0.0, 0.0, 0.0, 0.0, 0.0, 0.0, 0.0, 0.0, 0.0, 0.0, 0.0, 0.0, 0.0, 0.0, 0.0, 0.0, 0.0, 0.0, 0.0, 0.0, 0.0, 0.0, 0.0, 0.0, 0.0, 0.0, 0.0, 0.0, 0.0, 0.0, 0.0, 0.3831980007390181, 0.7248024759469209]}