{"0": [0.6402170750622947, 0.4842229748213733, 0.6404238315920036, 0.4801241883525142, 0.6387947579224904, 0.48079117978060687, 0.6465075160066287, 0.47564538364057185, 0.0, 0.0, 0.6585915892074505, 0.49252401951148556, 0.6519996641669422, 0.49507447746064925, 0.6663573955496152, 0.5381689970140104, 0.653180227180322, 0.5314204485328109, 0.6489930558949709, 0.5570993525010568, 0.6451407256225745, 0.5481760585749591, 0.667099038635691, 0.564652786873005, 0.6600418202579021, 0.5619668099615309, 0.6526567024489244, 0.6100903442612401, 0.6520060626557097, 0.6092351769959485, 0.6588880796475979, 0.6558140541261245, 0.6618699857213336, 0.6540342429438691], "1": [0.0, 0.0, 0.0, 0.0, 0.0, 0.0, 0.3020537869927163, 0.5726925540853429, 0.3176465157419443, 0.5726607030188596, 0.2989536146943768, 0.6163979245556725, 0.3212979756295681, 0.6078490484643866, 0.288904611642162, 0.669641150644532, 0.0, 0.0, 0.2742249441643556, 0.706507381355321, 0.0, 0.0, 0.303714295104146, 0.7130353273065002, 0.3224740012238423, 0.7084038423167335, 0.2895584154971099, 0.7685235994833487, 0.3266307342487077, 0.7573372487668638, 0.27822884048024815, 0.8345555948990364, 0.3324777481456598, 0.8205090410179562]}