{"0": [0.2511636701102058, 0.6449037432670592, 0.25244427264357605, 0.6387503520206168, 0.0, 0.0, 0.2616239424794912, 0.6353179128081712, 0.0, 0.0, 0.2826303588847319, 0.6521717418123174, 0.25852038227021695, 0.6667878656475632, 0.29090905946989853, 0.6965796671531819, 0.0, 0.0, 0.27098862851659455, 0.7227447577648692, 0.26822374761104584, 0.7239737996348629, 0.3025070692102115, 0.7359643580736938, 0.2811206640287613, 0.7406516543141117, 0.3001578244070212, 0.801611668754507, 0.2668005702396234, 0.8089206011207014, 0.3097882218658924, 0.8174769341945649, 0.2647487867313127, 0.887335514580762], "1": [0.40432155976692835, 0.5373774020760148, 0.40486228962739307, 0.5320932772424486, 0.0, 0.0, 0.4095685341084997, 0.5339552883748656, 0.4212962381541729, 0.530356512632635, 0.40926457184056436, 0.5655196649056894, 0.43700333721935747, 0.5548156354162427, 0.40378858894109726, 0.6045820968570531, 0.44794174737762654, 0.5909250034226312, 0.3935966036748141, 0.6260152320549995, 0.4420436943570773, 0.616265058517456, 0.4213685390849908, 0.6425043322421887, 0.44118777227898437, 0.6395795546196125, 0.4181289046381911, 0.6905652655495538, 0.45283715625603993, 0.6785203305659471, 0.41816679462790496, 0.7397661180407913, 0.4597928718974193, 0.7438042214071309], "2": [0.0, 0.0, 0.0, 0.0, 0.0, 0.0, 0.0, 0.0, 0.0, 0.0, 0.0, 0.0, 0.0, 0.0, 0.0, 0.0, 0.2651080425828695, 0.7009523752662871, 0.0, 0.0, 0.0, 0.0, 0.0, 0.0, 0.0, 0.0, 0.0, 0.0, 0.0, 0.0, 0.0, 0.0, 0.0, 0.0]}