{"0": [0.0, 0.0, 0.0, 0.0, 0.0, 0.0, 0.3421123255044222, 0.6357766215448025, 0.3601293341567119, 0.6366683061476107, 0.33317930052677797, 0.6722439337659765, 0.36849888591095803, 0.6686911286027343, 0.32894263043999666, 0.7255953640849502, 0.37479130923748016, 0.7164824330144458, 0.3159142943720023, 0.7587246475948228, 0.0, 0.0, 0.3448866796990236, 0.7668332996053828, 0.3640554900591572, 0.7668333370376517, 0.32746799864495796, 0.8434282192477474, 0.3524682013938824, 0.8159303367137909, 0.3204909066359202, 0.8829259049009394, 0.36929369773715737, 0.8762944110013821], "1": [0.0, 0.0, 0.0, 0.0, 0.0, 0.0, 0.4928299062574903, 0.4279992871814304, 0.5030552456776302, 0.4253299886429751, 0.4982087853985528, 0.4525737738167798, 0.5075294643640518, 0.44969480170143983, 0.4956544215480487, 0.48984601608029116, 0.4971830861022075, 0.49087059409530076, 0.4826310109347105, 0.506254521784959, 0.48421038972834746, 0.5055233582302376, 0.5060740218497812, 0.5147714422532805, 0.5120344221591949, 0.5127253614090107, 0.4962580484648545, 0.5634717212782967, 0.504329755033056, 0.5564600008505362, 0.5053062333414952, 0.6144983163586369, 0.5093823305505778, 0.5906124998606108], "2": [0.0, 0.0, 0.0, 0.0, 0.0, 0.0, 0.0, 0.0, 0.0, 0.0, 0.0, 0.0, 0.0, 0.0, 0.0, 0.0, 0.0, 0.0, 0.0, 0.0, 0.0, 0.0, 0.0, 0.0, 0.0, 0.0, 0.0, 0.0, 0.0, 0.0, 0.31848078065862256, 0.9388832633142118, 0.0, 0.0], "3": [0.0, 0.0, 0.0, 0.0, 0.0, 0.0, 0.0, 0.0, 0.0, 0.0, 0.0, 0.0, 0.0, 0.0, 0.0, 0.0, 0.0, 0.0, 0.0, 0.0, 0.0, 0.0, 0.0, 0.0, 0.0, 0.0, 0.0, 0.0, 0.0, 0.0, 0.5095393011967341, 0.5839510105274341, 0.0, 0.0], "4": [0.0, 0.0, 0.0, 0.0, 0.0, 0.0, 0.0, 0.0, 0.0, 0.0, 0.0, 0.0, 0.0, 0.0, 0.0, 0.0, 0.0, 0.0, 0.0, 0.0, 0.0, 0.0, 0.0, 0.0, 0.0, 0.0, 0.0, 0.0, 0.0, 0.0, 0.0, 0.0, 0.319237621811529, 0.9426468508111105]}