{"0": [0.0, 0.0, 0.0, 0.0, 0.0, 0.0, 0.3424700579295556, 0.5449634548690584, 0.3548525027930737, 0.5460144347614713, 0.3472975629071395, 0.5761168802226031, 0.3565958176429073, 0.5732827145192358, 0.33621279907723267, 0.6209523103855276, 0.33844032461444534, 0.6209295943931297, 0.31379117524007166, 0.6346857993219779, 0.0, 0.0, 0.35818468642731516, 0.6616324219438764, 0.36269086264073847, 0.6557069667925437, 0.33996455678716303, 0.7192511139092622, 0.3446495237449805, 0.7152125516423473, 0.3571294082328677, 0.7553726328743828, 0.35938420332968235, 0.7541019026879912], "1": [0.0, 0.0, 0.0, 0.0, 0.0, 0.0, 0.3910578653216362, 0.5983433538013034, 0.4073459059000015, 0.6004054815680893, 0.3769298921028773, 0.6372171296013727, 0.4124243975927432, 0.6421492712365257, 0.3713453646749258, 0.679223914499636, 0.4203622495134672, 0.684966547842379, 0.0, 0.0, 0.42366322384526334, 0.7156842207467115, 0.3830334015190601, 0.7278076865054943, 0.4012057587504387, 0.7232222579143665, 0.3913061531881492, 0.7870799762231332, 0.4202512418230374, 0.7808561024290545, 0.3853811318675677, 0.83676440693714, 0.42331172715251647, 0.8566026207473543], "2": [0.0, 0.0, 0.0, 0.0, 0.0, 0.0, 0.0, 0.0, 0.0, 0.0, 0.0, 0.0, 0.0, 0.0, 0.0, 0.0, 0.37016484426955376, 0.6749029952066915, 0.0, 0.0, 0.0, 0.0, 0.0, 0.0, 0.0, 0.0, 0.0, 0.0, 0.0, 0.0, 0.0, 0.0, 0.0, 0.0], "3": [0.0, 0.0, 0.0, 0.0, 0.0, 0.0, 0.0, 0.0, 0.0, 0.0, 0.0, 0.0, 0.0, 0.0, 0.0, 0.0, 0.0, 0.0, 0.0, 0.0, 0.32143448914090794, 0.6086445616351234, 0.0, 0.0, 0.0, 0.0, 0.0, 0.0, 0.0, 0.0, 0.0, 0.0, 0.0, 0.0]}