{"0": [0.27412958728770415, 0.6067147939293472, 0.27494645267724993, 0.6027447956579702, 0.0, 0.0, 0.28097076068321863, 0.6013586662433765, 0.0, 0.0, 0.2958714614311854, 0.6264040469571396, 0.2963949542492628, 0.620982109175788, 0.2984089534729719, 0.683303940516931, 0.2914278441419204, 0.6708583042025567, 0.2806114119167129, 0.713721830646197, 0.0, 0.0, 0.30979690458625553, 0.7000653122586232, 0.303422009324034, 0.6874826358424292, 0.30914060585200787, 0.7744718358748489, 0.277343795200189, 0.7291132606290005, 0.0, 0.0, 0.2687126909693082, 0.8030718308356073], "1": [0.0, 0.0, 0.0, 0.0, 0.0, 0.0, 0.40930912755429744, 0.5228086347381274, 0.42375100248803693, 0.5218231208898403, 0.40330492369830606, 0.5558728392477389, 0.43691589472194514, 0.5508411371045643, 0.39596613744894665, 0.5976538078652488, 0.44635854264100394, 0.5950323615913038, 0.3927497853214542, 0.6209039683695192, 0.4370940111577511, 0.6110307597727688, 0.41568082285424074, 0.6422942801758094, 0.43768133198221526, 0.6397737011865333, 0.4068654481321573, 0.691740129115405, 0.4497799533108871, 0.6810231564221558, 0.40672271894291046, 0.7542143309557879, 0.4618694233397643, 0.7503445560181582], "2": [0.0, 0.0, 0.0, 0.0, 0.0, 0.0, 0.0, 0.0, 0.0, 0.0, 0.0, 0.0, 0.0, 0.0, 0.0, 0.0, 0.0, 0.0, 0.0, 0.0, 0.0, 0.0, 0.0, 0.0, 0.3231733500336607, 0.7005387773116429, 0.27802622007826966, 0.7290233654556451, 0.0, 0.0, 0.26774875856935976, 0.8047362192913338, 0.0, 0.0], "3": [0.0, 0.0, 0.0, 0.0, 0.0, 0.0, 0.0, 0.0, 0.0, 0.0, 0.0, 0.0, 0.0, 0.0, 0.0, 0.0, 0.0, 0.0, 0.0, 0.0, 0.0, 0.0, 0.0, 0.0, 0.0, 0.0, 0.0, 0.0, 0.3091866179058949, 0.7732143344702543, 0.0, 0.0, 0.0, 0.0], "4": [0.0, 0.0, 0.0, 0.0, 0.0, 0.0, 0.0, 0.0, 0.0, 0.0, 0.0, 0.0, 0.0, 0.0, 0.0, 0.0, 0.0, 0.0, 0.0, 0.0, 0.0, 0.0, 0.0, 0.0, 0.0, 0.0, 0.0, 0.0, 0.0, 0.0, 0.34131668706734974, 0.7695610752812139, 0.0, 0.0], "5": [0.0, 0.0, 0.0, 0.0, 0.0, 0.0, 0.0, 0.0, 0.0, 0.0, 0.0, 0.0, 0.0, 0.0, 0.0, 0.0, 0.0, 0.0, 0.0, 0.0, 0.0, 0.0, 0.0, 0.0, 0.0, 0.0, 0.0, 0.0, 0.0, 0.0, 0.0, 0.0, 0.33963770474074406, 0.769969148547561]}