{"0": [0.0, 0.0, 0.0, 0.0, 0.0, 0.0, 0.3092468075454235, 0.5782446371184455, 0.3226711145757387, 0.5742214688824283, 0.312346604714791, 0.6065408223205143, 0.33650255501270293, 0.5986350103660866, 0.3087177517513434, 0.6384178004882953, 0.34002859722822903, 0.6274689423817176, 0.0, 0.0, 0.0, 0.0, 0.33406219109892843, 0.6716063556847749, 0.34737029348810516, 0.6697294941654912, 0.0, 0.0, 0.32655050984273354, 0.726978079477946, 0.0, 0.0, 0.35251704696565866, 0.7360785850772152], "1": [0.0, 0.0, 0.0, 0.0, 0.0, 0.0, 0.41793329138308766, 0.5715832906740683, 0.43248537729183834, 0.5689534032786334, 0.41057154241328436, 0.6063120497597588, 0.443287296872586, 0.5980657232028467, 0.4013594621171554, 0.6444491748456603, 0.4585037779062987, 0.6397732416788737, 0.39625115469098093, 0.672545725327951, 0.4698168357213338, 0.6676577687263489, 0.42256650291383274, 0.6861418067305176, 0.4450010993828376, 0.6911472907772771, 0.40544132329523563, 0.7195693693779133, 0.4645453917250658, 0.6925519222600592, 0.39305126940210655, 0.7684215346972146, 0.48084163318077716, 0.7670263230800629], "2": [0.0, 0.0, 0.0, 0.0, 0.0, 0.0, 0.0, 0.0, 0.0, 0.0, 0.0, 0.0, 0.0, 0.0, 0.0, 0.0, 0.0, 0.0, 0.0, 0.0, 0.0, 0.0, 0.0, 0.0, 0.0, 0.0, 0.3240883306910594, 0.7302820382294831, 0.3118048641830683, 0.6711362831570484, 0.3522060439068203, 0.7368072104122904, 0.0, 0.0], "3": [0.0, 0.0, 0.0, 0.0, 0.0, 0.0, 0.0, 0.0, 0.0, 0.0, 0.0, 0.0, 0.0, 0.0, 0.0, 0.0, 0.0, 0.0, 0.0, 0.0, 0.0, 0.0, 0.0, 0.0, 0.0, 0.0, 0.3099385046089689, 0.6738865810411948, 0.0, 0.0, 0.30449335724115373, 0.7308408070493626, 0.0, 0.0], "4": [0.0, 0.0, 0.0, 0.0, 0.0, 0.0, 0.0, 0.0, 0.0, 0.0, 0.0, 0.0, 0.0, 0.0, 0.0, 0.0, 0.0, 0.0, 0.0, 0.0, 0.0, 0.0, 0.0, 0.0, 0.0, 0.0, 0.0, 0.0, 0.0, 0.0, 0.0, 0.0, 0.3043896640340487, 0.7301201988149573]}