{"0": [0.0, 0.0, 0.41754416103164355, 0.5334061894151899, 0.0, 0.0, 0.4209698590139548, 0.5366340447907094, 0.43457547773917515, 0.5320418744175522, 0.41804070708652336, 0.5683265032591643, 0.4502240836620331, 0.5584856166331856, 0.40939959306269885, 0.6040602330808287, 0.4626173829038938, 0.6011592284396843, 0.4067743424947063, 0.6256058178014225, 0.46048621281515806, 0.6297300025268836, 0.4322087880223989, 0.6533779819806416, 0.4540965088953575, 0.6471897887962835, 0.4215731869141261, 0.7088173377293128, 0.46587032638490194, 0.6865896613509567, 0.42079311882456144, 0.7594303047767392, 0.47101788644989323, 0.7575110830642559], "1": [0.0, 0.0, 0.0, 0.0, 0.0, 0.0, 0.2773454661170642, 0.6322847168754648, 0.2919508417447408, 0.6226536234219869, 0.2889788021023075, 0.6665864438922317, 0.30547548526277146, 0.6510625614060296, 0.29825163455680015, 0.7159305699445583, 0.2979713271954097, 0.7118620166072139, 0.2954937676588694, 0.7711046541178668, 0.2827412515878677, 0.7266629221262756, 0.0, 0.0, 0.3214184017231067, 0.7384118751243308, 0.29587651963035266, 0.8117986370016027, 0.27461518011987207, 0.7641059586295376, 0.0, 0.0, 0.27575853740175565, 0.8406552414444309], "2": [0.0, 0.0, 0.0, 0.0, 0.0, 0.0, 0.0, 0.0, 0.0, 0.0, 0.0, 0.0, 0.0, 0.0, 0.0, 0.0, 0.0, 0.0, 0.0, 0.0, 0.0, 0.0, 0.3127549727757772, 0.7432252762494262, 0.0, 0.0, 0.2739988255004088, 0.7662127843609563, 0.0, 0.0, 0.27558476366102697, 0.8421123522299307, 0.0, 0.0], "3": [0.0, 0.0, 0.0, 0.0, 0.0, 0.0, 0.0, 0.0, 0.0, 0.0, 0.0, 0.0, 0.0, 0.0, 0.0, 0.0, 0.0, 0.0, 0.0, 0.0, 0.0, 0.0, 0.0, 0.0, 0.0, 0.0, 0.0, 0.0, 0.29519015215337274, 0.8112082362174989, 0.0, 0.0, 0.0, 0.0], "4": [0.0, 0.0, 0.0, 0.0, 0.0, 0.0, 0.0, 0.0, 0.0, 0.0, 0.0, 0.0, 0.0, 0.0, 0.0, 0.0, 0.0, 0.0, 0.0, 0.0, 0.0, 0.0, 0.0, 0.0, 0.0, 0.0, 0.0, 0.0, 0.0, 0.0, 0.0, 0.0, 0.333435965826114, 0.8176385157086231]}