{"0": [0.737724544852972, 0.5051778751390952, 0.7383607074618339, 0.5012240088648267, 0.0, 0.0, 0.7418710713585218, 0.501067316752893, 0.0, 0.0, 0.7521913751571749, 0.5285617112009614, 0.7425951134413481, 0.5271050620962072, 0.7586921139309805, 0.5733344828640973, 0.0, 0.0, 0.7539491241176924, 0.6094116255089089, 0.730426865319411, 0.583233000393267, 0.746326319500804, 0.6103883667676537, 0.7330108560621739, 0.6024617389396385, 0.7472837176173925, 0.6601098581596657, 0.7278587403396766, 0.6492816766103109, 0.7429917148003976, 0.7166840743135522, 0.7244228713214397, 0.6959567140649866], "1": [0.0, 0.0, 0.0, 0.0, 0.0, 0.0, 0.3187555213512193, 0.5781835379423919, 0.33581028965612253, 0.5756790295795158, 0.31733159894744556, 0.6281749963760376, 0.34918471152583763, 0.6116348528199725, 0.31221636086702353, 0.6825445201661853, 0.3555240141848723, 0.6638085651176946, 0.30844864311317605, 0.7246352994883501, 0.0, 0.0, 0.3288624227046967, 0.7183639680897748, 0.351587645492206, 0.7122322839719278, 0.31448633982799945, 0.7743124525856089, 0.3593027576804161, 0.7715952462620205, 0.30579179199412465, 0.8391618368802247, 0.36940893648813167, 0.8371626399181508], "2": [0.0, 0.0, 0.0, 0.0, 0.0, 0.0, 0.0, 0.0, 0.7450787405172984, 0.4999668524566072, 0.0, 0.0, 0.0, 0.0, 0.0, 0.0, 0.739680435632666, 0.5678031028420837, 0.0, 0.0, 0.0, 0.0, 0.0, 0.0, 0.0, 0.0, 0.0, 0.0, 0.0, 0.0, 0.0, 0.0, 0.0, 0.0], "3": [0.0, 0.0, 0.0, 0.0, 0.0, 0.0, 0.0, 0.0, 0.0, 0.0, 0.0, 0.0, 0.0, 0.0, 0.0, 0.0, 0.0, 0.0, 0.0, 0.0, 0.0, 0.0, 0.0, 0.0, 0.0, 0.0, 0.7283674124628305, 0.6495811864181801, 0.0, 0.0, 0.7238703889151414, 0.6954782609586363, 0.0, 0.0], "4": [0.0, 0.0, 0.0, 0.0, 0.0, 0.0, 0.0, 0.0, 0.0, 0.0, 0.0, 0.0, 0.0, 0.0, 0.0, 0.0, 0.0, 0.0, 0.0, 0.0, 0.0, 0.0, 0.0, 0.0, 0.0, 0.0, 0.0, 0.0, 0.7460968169073264, 0.6608416499914946, 0.0, 0.0, 0.7428879576424757, 0.7165519096233227]}