{"0": [0.0, 0.0, 0.0, 0.0, 0.0, 0.0, 0.5304746966809034, 0.5830408919740606, 0.5447038187955816, 0.5907295166342346, 0.5167791592578094, 0.6022070633040534, 0.5421931610753139, 0.6228278809123567, 0.5008622910827398, 0.6005953802002801, 0.5436031264252961, 0.6553835162134082, 0.4914352801938851, 0.5965448957074572, 0.0, 0.0, 0.5022810857432584, 0.6912855791824836, 0.5138966505105297, 0.6944071156007272, 0.0, 0.0, 0.0, 0.0, 0.0, 0.0, 0.0, 0.0], "1": [0.0, 0.0, 0.0, 0.0, 0.0, 0.0, 0.5464791715145111, 0.6444581393842344, 0.5646013581737255, 0.6457889086670345, 0.5320492420345545, 0.6773640411595504, 0.5663629745443662, 0.6861019377355222, 0.5140166933958729, 0.7122348538151494, 0.0, 0.0, 0.0, 0.0, 0.0, 0.0, 0.5258567675948143, 0.7687947023797919, 0.5518121965539952, 0.7796075580296693, 0.5218522051970164, 0.8551623473012889, 0.5509176521251599, 0.8555898017974364, 0.5229600384520988, 0.9349821154718045, 0.5531237297380964, 0.9388121264952201], "2": [0.0, 0.0, 0.0, 0.0, 0.0, 0.0, 0.0, 0.0, 0.0, 0.0, 0.0, 0.0, 0.0, 0.0, 0.0, 0.0, 0.0, 0.0, 0.46577244251966476, 0.7561468506300891, 0.0, 0.0, 0.0, 0.0, 0.0, 0.0, 0.0, 0.0, 0.0, 0.0, 0.0, 0.0, 0.0, 0.0], "3": [0.0, 0.0, 0.0, 0.0, 0.0, 0.0, 0.0, 0.0, 0.0, 0.0, 0.0, 0.0, 0.0, 0.0, 0.0, 0.0, 0.0, 0.0, 0.0, 0.0, 0.0, 0.0, 0.0, 0.0, 0.0, 0.0, 0.4875376641750336, 0.7120099752037613, 0.0, 0.0, 0.4643813859981795, 0.7555005978654932, 0.0, 0.0], "4": [0.0, 0.0, 0.0, 0.0, 0.0, 0.0, 0.0, 0.0, 0.0, 0.0, 0.0, 0.0, 0.0, 0.0, 0.0, 0.0, 0.0, 0.0, 0.0, 0.0, 0.0, 0.0, 0.0, 0.0, 0.0, 0.0, 0.0, 0.0, 0.49054311476647855, 0.7124417172537909, 0.0, 0.0, 0.0, 0.0]}