{"0": [0.6697444263845682, 0.5057678977648418, 0.0, 0.0, 0.6696233507866661, 0.5014350520239936, 0.0, 0.0, 0.6661086168140173, 0.49863715513988777, 0.6521126737721109, 0.5013036265417382, 0.6550122773895661, 0.5097887615362803, 0.0, 0.0, 0.6689784908356766, 0.557383370840991, 0.0, 0.0, 0.687216596926252, 0.5699911016005057, 0.632468577598532, 0.5826643549733692, 0.6483512357187767, 0.5881481725860525, 0.6220153534784914, 0.6303306544268573, 0.6605728304944932, 0.6306424622182493, 0.6029638386641939, 0.6787942836682002, 0.6606438974539439, 0.689710181289249], "1": [0.0, 0.0, 0.0, 0.0, 0.0, 0.0, 0.37969874292612077, 0.552249460529398, 0.39486207502583665, 0.551386506303593, 0.36874665098730475, 0.5842836137171145, 0.4020736329179878, 0.5902179407852667, 0.36459091879902794, 0.6227852095056462, 0.4085176020860672, 0.6296035027062452, 0.0, 0.0, 0.39909407136340935, 0.6457952466275957, 0.3727438819439461, 0.6690580350381357, 0.3931890439863006, 0.6704557578872752, 0.3700300513456265, 0.7401094264454312, 0.3982413263991475, 0.735708945216956, 0.3713433519005775, 0.8175085839298036, 0.4047792968650659, 0.7941496509092826], "2": [0.0, 0.0, 0.0, 0.0, 0.0, 0.0, 0.0, 0.0, 0.0, 0.0, 0.0, 0.0, 0.0, 0.0, 0.0, 0.0, 0.0, 0.0, 0.6747955059011778, 0.5061545109307325, 0.0, 0.0, 0.0, 0.0, 0.0, 0.0, 0.0, 0.0, 0.0, 0.0, 0.0, 0.0, 0.0, 0.0]}