{"0": [0.2923006107409795, 0.4698357104703232, 0.293430394679308, 0.46391642557250123, 0.2895490129672301, 0.46594644564169424, 0.3000145914653938, 0.4581775879418409, 0.0, 0.0, 0.3127303294837474, 0.4811008956697252, 0.2961568300922712, 0.48382836756882847, 0.3198291507860025, 0.5178004214057215, 0.29351261354361974, 0.5119958959243915, 0.3070958076665799, 0.5408286620069432, 0.2902854049578309, 0.5366471593026761, 0.31487690322101114, 0.5509316536563414, 0.3066442685201764, 0.5509076163724617, 0.3088646162301302, 0.6017760530666069, 0.30740031525492667, 0.6023749498305496, 0.318167592647175, 0.6523863028596949, 0.3181184746325016, 0.6510105795330472], "1": [0.0, 0.0, 0.0, 0.0, 0.0, 0.0, 0.5400767376335959, 0.5398907325885914, 0.5547517814983924, 0.5398224552472433, 0.5308972378571828, 0.5738352577719423, 0.5654503698150317, 0.5700161527704309, 0.522651073584954, 0.6199420563600682, 0.5724035243814191, 0.6178542619502103, 0.515445489808917, 0.6552353841287119, 0.5784359723329544, 0.6572166255226841, 0.5396807197636614, 0.6704948679578525, 0.5617264269540707, 0.6678693069352043, 0.5403139000137647, 0.7300565316721245, 0.5727208306236814, 0.7226839794328919, 0.54056177996099, 0.7845988626833316, 0.5776531203960379, 0.7873290056431735]}