{"0": [0.0, 0.0, 0.0, 0.0, 0.0, 0.0, 0.4124312805632751, 0.5845362016448268, 0.42708318619763, 0.579229614911256, 0.41240474085013074, 0.6213102559248607, 0.44148721992969514, 0.6072347901485585, 0.40370377972722055, 0.6678329176372952, 0.4506520154575507, 0.6559726029082581, 0.39561290442943575, 0.6964392823201638, 0.0, 0.0, 0.4351129137290021, 0.7009372607425407, 0.45286559890955685, 0.6926365897749309, 0.0, 0.0, 0.4665375962853432, 0.7295337221481734, 0.0, 0.0, 0.49351861885127923, 0.7730884002314673], "1": [0.0, 0.0, 0.0, 0.0, 0.0, 0.0, 0.31705637710789836, 0.5972868666604713, 0.3320537100235621, 0.5923383867299116, 0.3183229358866811, 0.6368181963761648, 0.34765039291232824, 0.6242469318487026, 0.3188401018890242, 0.6852071177473086, 0.36770856715738776, 0.655855989428582, 0.32223691952725253, 0.7286126903913639, 0.38122924566268923, 0.6860509195813427, 0.33388437802592913, 0.7204319041084359, 0.3527373330667615, 0.7170327539797182, 0.30535477741310996, 0.7666593201915493, 0.3452503174543381, 0.7651095566926179, 0.304772417495648, 0.8427854491604699, 0.37245584577322005, 0.8049700344050372], "2": [0.0, 0.0, 0.0, 0.0, 0.0, 0.0, 0.0, 0.0, 0.0, 0.0, 0.0, 0.0, 0.0, 0.0, 0.0, 0.0, 0.0, 0.0, 0.0, 0.0, 0.0, 0.0, 0.0, 0.0, 0.0, 0.0, 0.3991375356912613, 0.7086040559742186, 0.0, 0.0, 0.39652147367596624, 0.7670855277390393, 0.0, 0.0]}