{"0": [0.0, 0.0, 0.0, 0.0, 0.0, 0.0, 0.3832235795756181, 0.5165113128997662, 0.3979362487870579, 0.5162574078197832, 0.38018757005532583, 0.549628938127447, 0.4040470497061809, 0.5413870628233309, 0.3810251196535925, 0.59012546715913, 0.40929388999938965, 0.5794616410025843, 0.3755825894574324, 0.6101357527353145, 0.0, 0.0, 0.3920278698205948, 0.6261212706703831, 0.41237585287593637, 0.6158560959910776, 0.37061154122153916, 0.6775500334247395, 0.40200198769258955, 0.6627810917380783, 0.3588699083775282, 0.7437108494065426, 0.41154598283270993, 0.7318031792287474], "1": [0.0, 0.0, 0.0, 0.0, 0.0, 0.0, 0.0, 0.0, 0.0, 0.0, 0.0, 0.0, 0.0, 0.0, 0.0, 0.0, 0.0, 0.0, 0.0, 0.0, 0.0, 0.0, 0.40884560719132423, 0.6194216576991258, 0.0, 0.0, 0.39451932118584715, 0.6708685714889455, 0.0, 0.0, 0.4106133020327737, 0.7296345745355615, 0.0, 0.0], "2": [0.0, 0.0, 0.0, 0.0, 0.0, 0.0, 0.0, 0.0, 0.0, 0.0, 0.0, 0.0, 0.0, 0.0, 0.0, 0.0, 0.0, 0.0, 0.0, 0.0, 0.0, 0.0, 0.0, 0.0, 0.0, 0.0, 0.0, 0.0, 0.0, 0.0, 0.0, 0.0, 0.42313315272331237, 0.6853204816579819]}