{"0": [0.35383566195766125, 0.47953100038899316, 0.35457261428236964, 0.4744023576930717, 0.3501694949964682, 0.4754602171756603, 0.0, 0.0, 0.3424058909217517, 0.4802690817250146, 0.3596518519024055, 0.5035003092553879, 0.33867613977442185, 0.5144492800864908, 0.36532221653809155, 0.5428113246405566, 0.33950151815855256, 0.554672783392447, 0.372811892000027, 0.575526433079331, 0.34588698918620747, 0.5878495548610334, 0.35800248036781945, 0.5901441795958413, 0.34320650758842625, 0.591333700771685, 0.35513484676678975, 0.6500064964647646, 0.3401633420959115, 0.6518749214984754, 0.3551198378205299, 0.7020899858739642, 0.3319821095094085, 0.7067190412569929], "1": [0.6788441520184278, 0.6875589017514829, 0.6782089700301488, 0.6807553600381921, 0.676055568891267, 0.6801889686672776, 0.0, 0.0, 0.6614773819843928, 0.6827685941148687, 0.6738244443510969, 0.7195148872004615, 0.64186066078643, 0.7280325237247679, 0.6751024659723044, 0.7658837951995708, 0.6248558588325978, 0.7711390245843817, 0.6862658242384593, 0.7955565022097694, 0.647611633532991, 0.7745814027057754, 0.6659878401706616, 0.8318009629293724, 0.6460430528968573, 0.8334025895843903, 0.6645047060990085, 0.9165500489649949, 0.6568231978143255, 0.922962850884155, 0.6575467647363742, 0.9837173130777147, 0.6571407514313857, 0.9840309940002583], "2": [0.0, 0.0, 0.0, 0.0, 0.0, 0.0, 0.0, 0.0, 0.0, 0.0, 0.0, 0.0, 0.0, 0.0, 0.0, 0.0, 0.0, 0.0, 0.0, 0.0, 0.0, 0.0, 0.0, 0.0, 0.0, 0.0, 0.0, 0.0, 0.0, 0.0, 0.6324450882772604, 0.9760016900521737, 0.0, 0.0], "3": [0.0, 0.0, 0.0, 0.0, 0.0, 0.0, 0.0, 0.0, 0.0, 0.0, 0.0, 0.0, 0.0, 0.0, 0.0, 0.0, 0.0, 0.0, 0.0, 0.0, 0.0, 0.0, 0.0, 0.0, 0.0, 0.0, 0.0, 0.0, 0.0, 0.0, 0.0, 0.0, 0.6317908197641373, 0.9776177326838176]}