{"0": [0.42603432883818937, 0.5113334412927981, 0.4278519589453936, 0.5056209436169377, 0.4259074643254281, 0.5060902521566109, 0.43301354100306827, 0.5033956757298222, 0.0, 0.0, 0.0, 0.0, 0.436361434062322, 0.5308048453595903, 0.0, 0.0, 0.43428910002112386, 0.5833662596013812, 0.0, 0.0, 0.4195274290939172, 0.604822756184472, 0.0, 0.0, 0.0, 0.0, 0.0, 0.0, 0.0, 0.0, 0.0, 0.0, 0.0, 0.0], "1": [0.4429061149557431, 0.5042927057654769, 0.4442306898534297, 0.5053711705737644, 0.0, 0.0, 0.44773058223848544, 0.5083196785714891, 0.0, 0.0, 0.44529993447164695, 0.5457260205789849, 0.4610966174552838, 0.5354240104004189, 0.43551105743584534, 0.592090783737324, 0.0, 0.0, 0.41733732993404077, 0.6070656220118205, 0.0, 0.0, 0.4530775656923652, 0.6248420311344994, 0.464333791906635, 0.6209827805006946, 0.4487618791560332, 0.6854005108414977, 0.45814220868051053, 0.6812532394020646, 0.4615711890629397, 0.7569985217509505, 0.46617425209054913, 0.7433663155627289], "2": [0.0, 0.0, 0.0, 0.0, 0.0, 0.0, 0.0, 0.0, 0.0, 0.0, 0.0, 0.0, 0.0, 0.0, 0.0, 0.0, 0.0, 0.0, 0.0, 0.0, 0.0, 0.0, 0.0, 0.0, 0.0, 0.0, 0.4286115246514479, 0.6935189765912515, 0.0, 0.0, 0.42230460438877343, 0.755289222796758, 0.0, 0.0], "3": [0.0, 0.0, 0.0, 0.0, 0.0, 0.0, 0.0, 0.0, 0.0, 0.0, 0.0, 0.0, 0.0, 0.0, 0.0, 0.0, 0.0, 0.0, 0.0, 0.0, 0.0, 0.0, 0.0, 0.0, 0.0, 0.0, 0.0, 0.0, 0.42766594936450325, 0.6939633953350561, 0.0, 0.0, 0.4224413317938645, 0.7543583627100343]}