{"0": [0.6296211132158835, 0.5481885150626854, 0.6295209015409152, 0.5425752061384695, 0.0, 0.0, 0.6377410985529423, 0.5401788153030255, 0.0, 0.0, 0.6427293868735433, 0.5719354327078219, 0.6564140362975498, 0.5634736908806695, 0.6439649004023522, 0.6228678977047957, 0.6567290510982275, 0.6125000367561976, 0.631652661288778, 0.6467917951168838, 0.0, 0.0, 0.6445927930374941, 0.6527293633531641, 0.655179052427411, 0.6504583747298629, 0.6321561127280195, 0.7131046263156113, 0.6492208930353324, 0.7081700704715869, 0.6377548175553481, 0.7788815767676742, 0.6631387549142043, 0.7608980421666744], "1": [0.4840992317845424, 0.37117914756139114, 0.4861051347727577, 0.367683572239346, 0.4835935262342294, 0.36743474139107596, 0.4908639587461948, 0.36949360105726453, 0.0, 0.0, 0.49544087176521623, 0.38695123791694636, 0.4841285967578491, 0.38375720933631613, 0.49510905680557094, 0.4134943023875908, 0.4790897764265537, 0.4073686436370567, 0.4827367612471184, 0.42050114914223, 0.4764592727646232, 0.4187305497074569, 0.49812445145410794, 0.4453517333224968, 0.4922756544003884, 0.44390127592616613, 0.5051850441843271, 0.4806095474296146, 0.4828071014334758, 0.4815116365750631, 0.519197604401658, 0.5127244814678474, 0.4733040706564983, 0.5235778861575656], "2": [0.0, 0.0, 0.0, 0.0, 0.0, 0.0, 0.0, 0.0, 0.0, 0.0, 0.0, 0.0, 0.0, 0.0, 0.0, 0.0, 0.0, 0.0, 0.0, 0.0, 0.6304563206930957, 0.644958112416444, 0.0, 0.0, 0.0, 0.0, 0.0, 0.0, 0.0, 0.0, 0.0, 0.0, 0.0, 0.0], "3": [0.0, 0.0, 0.0, 0.0, 0.0, 0.0, 0.0, 0.0, 0.0, 0.0, 0.0, 0.0, 0.0, 0.0, 0.0, 0.0, 0.0, 0.0, 0.0, 0.0, 0.0, 0.0, 0.0, 0.0, 0.0, 0.0, 0.4828986464689175, 0.4813832137319777, 0.5054454561322926, 0.48109722269905936, 0.4735366111621261, 0.5244364965845038, 0.5191515557467937, 0.5128723756030754]}