{"0": [0.0, 0.0, 0.0, 0.0, 0.0, 0.0, 0.3743183963000774, 0.42832571687521753, 0.38510241822029145, 0.4290222132647479, 0.3681034015491605, 0.4464806288480758, 0.39230987230936687, 0.45247256777904654, 0.35753870258728665, 0.46214981680666967, 0.39933739391465983, 0.47941783313398006, 0.34482475457092127, 0.47211547096570333, 0.3993128541857004, 0.507283698146542, 0.3669601986805598, 0.5043809791405995, 0.38184978868812325, 0.5090977064989232, 0.35934467365344364, 0.5359761856220386, 0.37678796391313274, 0.5414505826102363, 0.3486146598433455, 0.5710565926852049, 0.37201120449850955, 0.5813505438742814], "1": [0.0, 0.0, 0.0, 0.0, 0.0, 0.0, 0.48123475434840657, 0.4567909805862992, 0.493884179306527, 0.46059642080907465, 0.4736786430080731, 0.4783405010898908, 0.49463433927545947, 0.49239663378232057, 0.4601854527213921, 0.48205424900408145, 0.5081544930736224, 0.5221113504290029, 0.0, 0.0, 0.5235952302192648, 0.5469875459317808, 0.4732109934402009, 0.5535890164198699, 0.4854947404858346, 0.5556485652923584, 0.4868151970207692, 0.6023075165571989, 0.4925153747200966, 0.6034160081987028, 0.477832922215263, 0.6500493466854096, 0.47821883919338387, 0.6523991390510842]}