{"0": [0.7345670981332659, 0.5009378844941104, 0.7352774188077699, 0.49628686441315545, 0.7349774484833081, 0.49762893429508914, 0.742091400300463, 0.4959792375564575, 0.0, 0.0, 0.7530724878112474, 0.5242517352104188, 0.7397295326615373, 0.5210813481498647, 0.7563918153910587, 0.5688510932304242, 0.7356122277521838, 0.5644733899169498, 0.7421176788707574, 0.5959871458510558, 0.7267199170775711, 0.578161750237147, 0.7470785494272908, 0.6055284528820603, 0.7370667843768994, 0.6013866839585481, 0.7498616280655066, 0.6554790136093895, 0.7319737259919443, 0.6474069372923286, 0.744188416780283, 0.7106445696618822, 0.7416019410553395, 0.7066049468454384], "1": [0.0, 0.0, 0.0, 0.0, 0.36779099038491647, 0.5574132840942454, 0.35096687960127987, 0.557824225447796, 0.36482861498370767, 0.56050250629584, 0.33710400263468426, 0.5953796696883661, 0.3720570788408319, 0.604136883660599, 0.3272427257926514, 0.6430843463650456, 0.3744106660286585, 0.6565396243775332, 0.3233313986100257, 0.6811826237925777, 0.37810445949435234, 0.6982496549685796, 0.34369778583447136, 0.6928575994515862, 0.36523279920220375, 0.697256448092284, 0.34702849065264074, 0.7631180339389377, 0.37101697002847994, 0.7463519827083305, 0.3488277514775594, 0.8308213022020128, 0.3753198308249315, 0.793618478819176], "2": [0.0, 0.0, 0.0, 0.0, 0.0, 0.0, 0.0, 0.0, 0.0, 0.0, 0.0, 0.0, 0.0, 0.0, 0.0, 0.0, 0.0, 0.0, 0.0, 0.0, 0.0, 0.0, 0.0, 0.0, 0.0, 0.0, 0.0, 0.0, 0.7506222388396661, 0.6579913956147653, 0.0, 0.0, 0.0, 0.0]}