{"0": [0.6618889262278873, 0.4340752515527937, 0.6643290382654716, 0.42852434626332037, 0.6593928726390004, 0.4294146577517191, 0.6686543196750184, 0.42570628252018383, 0.655828999231259, 0.4255163978647303, 0.6736074106146892, 0.44709509865001396, 0.6503456580142181, 0.44661336066546264, 0.6761069332559904, 0.47490988130922673, 0.6448648769408464, 0.47245367036925423, 0.6787382608900467, 0.49814305040571427, 0.6553089692567785, 0.4781018960255164, 0.6681009784340858, 0.5062778183707485, 0.6533063508570194, 0.5069480608734821, 0.6681669022267064, 0.5509240205641146, 0.652065633367359, 0.5537159109557116, 0.6613940820097923, 0.5755928296733785, 0.6530306701604075, 0.5919945796358712], "1": [0.0, 0.0, 0.0, 0.0, 0.0, 0.0, 0.3434265494346619, 0.6254147908753819, 0.36297399587929247, 0.6225733218369659, 0.33891398447255294, 0.6606358029224255, 0.3763843338936567, 0.6687396754821141, 0.3293109960854054, 0.7148553202894551, 0.38323605035742125, 0.7117665220189977, 0.3271326172010352, 0.7508786232383164, 0.3876408358414968, 0.7329048445931188, 0.35191200125652056, 0.7748529082095181, 0.3707828838378191, 0.7733179235347996, 0.3598576618358493, 0.8462540145273562, 0.3689625010980914, 0.8339037469139806, 0.3500396183381478, 0.9272246027434313, 0.3787918436030547, 0.8608043127589755], "2": [0.0, 0.0, 0.0, 0.0, 0.0, 0.0, 0.0, 0.0, 0.0, 0.0, 0.0, 0.0, 0.0, 0.0, 0.0, 0.0, 0.0, 0.0, 0.0, 0.0, 0.0, 0.0, 0.0, 0.0, 0.0, 0.0, 0.0, 0.0, 0.0, 0.0, 0.37894202321767806, 0.8581398495921382, 0.0, 0.0], "3": [0.0, 0.0, 0.0, 0.0, 0.0, 0.0, 0.0, 0.0, 0.0, 0.0, 0.0, 0.0, 0.0, 0.0, 0.0, 0.0, 0.0, 0.0, 0.0, 0.0, 0.0, 0.0, 0.0, 0.0, 0.0, 0.0, 0.0, 0.0, 0.0, 0.0, 0.0, 0.0, 0.3497845470905304, 0.9273860896075213]}