{"0": [0.0, 0.0, 0.0, 0.0, 0.0, 0.0, 0.4427754811942577, 0.4752314289410909, 0.45493891860047975, 0.47227705717086793, 0.43837126083672046, 0.5034082381813615, 0.4655223638440172, 0.4996201381639198, 0.43358662649989127, 0.5255144134715751, 0.4735917761921883, 0.533845975222411, 0.4367336368809144, 0.5086684453266638, 0.46588848779598874, 0.5542630754135273, 0.4461961088081201, 0.5772911352139931, 0.46322213038802146, 0.5772759552355166, 0.45053298138082026, 0.6298814958996243, 0.46340903962651886, 0.631415988780834, 0.45428059647480645, 0.6797112844608448, 0.47208738705764214, 0.6791426835236726], "1": [0.0, 0.0, 0.0, 0.0, 0.0, 0.0, 0.5925678122788668, 0.4054901373607141, 0.6039361859361331, 0.40754295278478553, 0.5857369938554863, 0.42861529963987843, 0.607923922687769, 0.4327035086022483, 0.5792991643150648, 0.46111248124528814, 0.6114000143483281, 0.46525911004455, 0.5824352187414964, 0.479716670733911, 0.6188621731086944, 0.48614948822392356, 0.5872282852729162, 0.4952125072479248, 0.6013456290587783, 0.4977588192180351, 0.587979190175732, 0.5388393126152179, 0.6019284518590818, 0.5450260935006318, 0.5877908712873855, 0.5791153419900823, 0.5998728667696317, 0.5960042326814599]}