{"0": [0.0, 0.0, 0.0, 0.0, 0.0, 0.0, 0.44777869610115884, 0.4792560691082919, 0.4590362784763177, 0.4801515868416539, 0.43898977239926656, 0.5026622149679396, 0.4640714810540279, 0.5144548386335372, 0.42755621985221903, 0.5304809349554557, 0.469890770688653, 0.5483047688448871, 0.434327291448911, 0.5314008060428831, 0.47104347944259645, 0.5751033025759238, 0.43767055571079255, 0.5794193206010041, 0.45377459737161796, 0.5803219506034145, 0.43990250276401643, 0.6219288671458209, 0.4587421995898088, 0.6250348643020347, 0.4300513274967671, 0.6608466347058614, 0.4583190177877744, 0.6794866149072294], "1": [0.0, 0.0, 0.0, 0.0, 0.0, 0.0, 0.6420610831429561, 0.5628935577692809, 0.6569138852258524, 0.5689834894957366, 0.6322871162866552, 0.580564832356241, 0.6535803431024155, 0.6043933125005828, 0.6174480258176724, 0.5645578051054919, 0.6598091447725892, 0.6555653606817403, 0.6269792412485307, 0.5428831073972914, 0.6862713211526473, 0.6613615936703152, 0.6264958229536811, 0.6837695714500216, 0.6359630492205421, 0.6842416415611903, 0.6617912203073502, 0.7336357211625134, 0.6635611013198892, 0.7348528669940101, 0.6566006143266956, 0.773811845233043, 0.6485699733731495, 0.7938771890172274], "2": [0.0, 0.0, 0.0, 0.0, 0.0, 0.0, 0.0, 0.0, 0.0, 0.0, 0.0, 0.0, 0.0, 0.0, 0.0, 0.0, 0.0, 0.0, 0.6845121990889311, 0.6605434587708225, 0.0, 0.0, 0.0, 0.0, 0.0, 0.0, 0.0, 0.0, 0.0, 0.0, 0.0, 0.0, 0.0, 0.0], "3": [0.0, 0.0, 0.0, 0.0, 0.0, 0.0, 0.0, 0.0, 0.0, 0.0, 0.0, 0.0, 0.0, 0.0, 0.0, 0.0, 0.0, 0.0, 0.0, 0.0, 0.6284957305838664, 0.5424175156487359, 0.0, 0.0, 0.0, 0.0, 0.0, 0.0, 0.0, 0.0, 0.0, 0.0, 0.0, 0.0]}