{"0": [0.2072144826874137, 0.7561368103380557, 0.2075689382851124, 0.7500568202248326, 0.0, 0.0, 0.21619294062256816, 0.7439724448654387, 0.0, 0.0, 0.23447634950280188, 0.7605379871748111, 0.22735209753736854, 0.7597972962039489, 0.23527555849092704, 0.8067912077462231, 0.2297092504799366, 0.8069308817386627, 0.2181330350538095, 0.8501116481092241, 0.21904926551505924, 0.8484739729927646, 0.28001223082343735, 0.8130999220742121, 0.2779449411552382, 0.8126949306143636, 0.0, 0.0, 0.24020869502176842, 0.8789215633162746, 0.23930117897689343, 0.9195045480021724, 0.2732203759253025, 0.9385974832155086], "1": [0.4093747156361739, 0.5237139481085317, 0.4099947207296888, 0.5175645399976659, 0.0, 0.0, 0.4152978214124839, 0.5163458347320556, 0.4262134162088235, 0.514580225420219, 0.4126980248838663, 0.5475322330439533, 0.4418719078103701, 0.540120792388916, 0.4101279184222221, 0.5895154157170543, 0.45153360317150754, 0.5801621715227763, 0.3996369272470474, 0.5983803941143884, 0.4516397707164288, 0.6113301517510856, 0.42360238526016475, 0.6359592250099888, 0.44447570263097685, 0.6330961029838633, 0.4205707802126805, 0.6795930330400114, 0.45249664432679615, 0.6746028569009568, 0.41982569321990015, 0.734664194672196, 0.46151055333515006, 0.7303462150472183], "2": [0.0, 0.0, 0.0, 0.0, 0.0, 0.0, 0.0, 0.0, 0.0, 0.0, 0.0, 0.0, 0.0, 0.0, 0.0, 0.0, 0.0, 0.0, 0.0, 0.0, 0.0, 0.0, 0.0, 0.0, 0.0, 0.0, 0.24118637430171175, 0.8810006609669438, 0.0, 0.0, 0.2725029755694171, 0.9395295374923283, 0.0, 0.0], "3": [0.0, 0.0, 0.0, 0.0, 0.0, 0.0, 0.0, 0.0, 0.0, 0.0, 0.0, 0.0, 0.0, 0.0, 0.0, 0.0, 0.0, 0.0, 0.0, 0.0, 0.0, 0.0, 0.0, 0.0, 0.0, 0.0, 0.0, 0.0, 0.0, 0.0, 0.0, 0.0, 0.2400737491746744, 0.915760510387244]}