{"0": [0.0, 0.0, 0.0, 0.0, 0.0, 0.0, 0.5086197706560294, 0.5159447836655158, 0.523505445321401, 0.5164578231396498, 0.5000939662257831, 0.5454839135761614, 0.5288350020845731, 0.5517915933013514, 0.4821302477270365, 0.5729152875917929, 0.538936837327977, 0.5928035625705013, 0.47067680718998123, 0.598073806806847, 0.5330997211237748, 0.6169708368954835, 0.5018838684850683, 0.6201478942676827, 0.5196055659403404, 0.6214330995524371, 0.48110542764576775, 0.6663296968848615, 0.5215581162522237, 0.6645937160209373, 0.465479605893294, 0.7279119653834238, 0.5340482513109843, 0.7150112914818305], "1": [0.0, 0.0, 0.0, 0.0, 0.0, 0.0, 0.5877222798764705, 0.4735569251908196, 0.5974226394978662, 0.47953161233001285, 0.5763860492656628, 0.4857328032453855, 0.5951889988034964, 0.4972992084644459, 0.5662837990870079, 0.5080598884158665, 0.5952507756650448, 0.5140316069678024, 0.5604771240071084, 0.5398479912016126, 0.0, 0.0, 0.5664626218378543, 0.5501683283735205, 0.5820012759417296, 0.5544683129699142, 0.5650952911314865, 0.5763211771293922, 0.5973210878049334, 0.5651653854935258, 0.5614518060038487, 0.6082889868153467, 0.5964572437107563, 0.6076968396151508], "2": [0.0, 0.0, 0.0, 0.0, 0.0, 0.0, 0.0, 0.0, 0.0, 0.0, 0.0, 0.0, 0.0, 0.0, 0.0, 0.0, 0.0, 0.0, 0.5607320462043087, 0.6037604288922416, 0.0, 0.0, 0.0, 0.0, 0.0, 0.0, 0.0, 0.0, 0.0, 0.0, 0.0, 0.0, 0.0, 0.0]}