{"0": [0.8333359524607659, 0.6676265032203109, 0.8334228463470936, 0.6597313178910149, 0.8304533162464698, 0.6598768212177135, 0.0, 0.0, 0.8178782433271408, 0.6635913232410395, 0.8228578135177183, 0.6987857440003642, 0.8122395721574625, 0.7002846418983406, 0.0, 0.0, 0.8238102339208127, 0.7383657039315612, 0.8547489383568366, 0.7471976927033177, 0.8547619926432769, 0.7481898307800293, 0.8170608932773272, 0.8046677614803668, 0.805845978607734, 0.8053853511810303, 0.8137366135915121, 0.896270708905326, 0.8141892538716395, 0.8990615399899307, 0.802857727309068, 0.9629782544242012, 0.8027688682700197, 0.9640733078674034], "1": [0.34444995659093064, 0.5171161541232356, 0.3460137004653613, 0.5095840557857796, 0.3394274030656864, 0.5131342895604946, 0.3501861896365881, 0.5030943755750303, 0.33486166720588995, 0.5120013956670408, 0.35948047284036877, 0.5212508192768803, 0.33352891032894455, 0.5427815056509441, 0.3668488308787346, 0.5544968198846888, 0.33274472939471406, 0.5821236487340045, 0.3739233751470844, 0.5814674523365856, 0.34300940471390884, 0.6162176834212411, 0.36002984186634424, 0.6114560126706406, 0.34654442804555097, 0.6167099198809376, 0.35635527440657216, 0.6712039869140696, 0.34925811141729357, 0.6718797029168517, 0.3537342596799135, 0.7246511525577969, 0.3540632985532284, 0.7226509648616668], "2": [0.0, 0.0, 0.0, 0.0, 0.0, 0.0, 0.0, 0.0, 0.0, 0.0, 0.0, 0.0, 0.0, 0.0, 0.0, 0.0, 0.0, 0.0, 0.0, 0.0, 0.0, 0.0, 0.0, 0.0, 0.0, 0.0, 0.0, 0.0, 0.0, 0.0, 0.7766148902165393, 0.9199485257819847, 0.0, 0.0], "3": [0.0, 0.0, 0.0, 0.0, 0.0, 0.0, 0.0, 0.0, 0.0, 0.0, 0.0, 0.0, 0.0, 0.0, 0.0, 0.0, 0.0, 0.0, 0.0, 0.0, 0.0, 0.0, 0.0, 0.0, 0.0, 0.0, 0.0, 0.0, 0.0, 0.0, 0.0, 0.0, 0.7761560112237931, 0.9182446453306409]}