{"0": [0.5323652101059755, 0.45829496361591193, 0.5343121980627378, 0.45275135570102265, 0.5293557040393353, 0.45349636011653477, 0.5371180898199479, 0.45272611335471824, 0.5241613910843929, 0.45346652578424523, 0.5426087349653244, 0.4785617775387234, 0.5162926841527223, 0.48041071980087846, 0.5435896428457151, 0.5140781104564666, 0.5098891572405895, 0.5110997305976019, 0.5472527367373308, 0.5452678084925369, 0.5209962580353021, 0.5352616380762171, 0.5376024852196376, 0.5474487174440313, 0.5226324569123487, 0.5495707511901855, 0.5349932163022458, 0.598647172804232, 0.5236051962400476, 0.5963830239449938, 0.531693402181069, 0.6456907524002922, 0.518518956269448, 0.6270318018065557], "1": [0.12497927583754062, 0.6948382752913016, 0.12868357946475348, 0.6869036086179592, 0.12495990954339505, 0.6864656861181613, 0.1444404970854521, 0.69309624267949, 0.0, 0.0, 0.16355903713653486, 0.7380387669360197, 0.11769719123840332, 0.7236425937325867, 0.17929419539868835, 0.7921161896652645, 0.08659131800134977, 0.7020267091415546, 0.18359532232085865, 0.8477728502341995, 0.05534052699804306, 0.6810537786395462, 0.1648671162314713, 0.8527517471048567, 0.13563364415119092, 0.8567475593752332, 0.17521201608081657, 0.9245361314879523, 0.1451143126934767, 0.9318346630643914, 0.20226093373882273, 0.9556146171357897, 0.15245909964044888, 0.9847603455737785]}