{"0": [0.26553368928531806, 0.4938438098739695, 0.2678651410465439, 0.48691855128164646, 0.26183986142277715, 0.48953032074151215, 0.2729519191314466, 0.48068202358705026, 0.25931607857346534, 0.48650749999063986, 0.28436620707313215, 0.5041453416700716, 0.2595910105854273, 0.5058260498223481, 0.2988598351677259, 0.5307413562580391, 0.2553943289443851, 0.539954052148042, 0.3015567895025015, 0.5649229492302295, 0.25110420752316714, 0.5677579209760383, 0.283852939431866, 0.5759196269291419, 0.2704137043406566, 0.576525272263421, 0.28058751082668704, 0.6280986375278895, 0.2780580885708332, 0.6294537667874937, 0.28523218757472935, 0.682968728851389, 0.2854584401124157, 0.681200854645835], "1": [0.662891286611557, 0.38765946891572745, 0.6645352777132454, 0.3840280563743026, 0.6604743498067059, 0.383328515291214, 0.6658369486530622, 0.38556025359365675, 0.6559380920293431, 0.3852812866369883, 0.6642227762068311, 0.4066449575954013, 0.6514636653785905, 0.40627143272647154, 0.6604824396704013, 0.43867107497321234, 0.6438274141401052, 0.43503189980983736, 0.6604360578484678, 0.4603083391984304, 0.6428062475596865, 0.46512431303660073, 0.6569643386950096, 0.4671078167579792, 0.645777922620376, 0.46593044024926644, 0.6566374747393032, 0.5056703520041925, 0.642829920599858, 0.5027260859807332, 0.6551079322894415, 0.54711339297118, 0.6299870306005081, 0.526841452607402]}