{"0": [0.0, 0.0, 0.0, 0.0, 0.0, 0.0, 0.59377983554344, 0.48015715457774977, 0.6060187024840464, 0.48317745835692794, 0.5868892377863327, 0.509426733741054, 0.6094115434214473, 0.5122825633596491, 0.5784834023565053, 0.5481770815672697, 0.6100623353073994, 0.5467255835179929, 0.5629179574549198, 0.557924309041765, 0.0, 0.0, 0.5951035168021918, 0.5865290681521098, 0.6104643904021941, 0.584884665188966, 0.5929877892757456, 0.6395448413160113, 0.6120739498486123, 0.6320138029478215, 0.5974444791674614, 0.6915030809464278, 0.6238445503016313, 0.6790408804460808], "1": [0.0, 0.0, 0.0, 0.0, 0.0, 0.0, 0.33311162441968917, 0.565615247576325, 0.3498970031738281, 0.56445368859503, 0.3276719098910689, 0.6095855739381578, 0.35603081380637985, 0.5969226378533575, 0.31400968817373115, 0.6442285339037578, 0.0, 0.0, 0.2983954696295162, 0.6434171447047481, 0.0, 0.0, 0.33648948930203915, 0.6918847313633671, 0.3540075834840536, 0.6911261944859116, 0.3359966052696109, 0.7615761068132189, 0.3494247943162918, 0.7538221617539723, 0.3539327821383873, 0.8273825181855096, 0.35357791756590207, 0.8226796512250547], "2": [0.0, 0.0, 0.0, 0.0, 0.0, 0.0, 0.0, 0.0, 0.0, 0.0, 0.0, 0.0, 0.0, 0.0, 0.0, 0.0, 0.0, 0.0, 0.3175508187462886, 0.6140492165530169, 0.0, 0.0, 0.0, 0.0, 0.0, 0.0, 0.0, 0.0, 0.0, 0.0, 0.0, 0.0, 0.0, 0.0], "3": [0.0, 0.0, 0.0, 0.0, 0.0, 0.0, 0.0, 0.0, 0.0, 0.0, 0.0, 0.0, 0.0, 0.0, 0.0, 0.0, 0.0, 0.0, 0.5831866304079691, 0.5612227077837344, 0.0, 0.0, 0.0, 0.0, 0.0, 0.0, 0.0, 0.0, 0.0, 0.0, 0.0, 0.0, 0.0, 0.0]}