{"0": [0.8632934068640074, 0.670868481695652, 0.8655247635518512, 0.6632959561767402, 0.8584587156772614, 0.6646673988412928, 0.0, 0.0, 0.8470068477715055, 0.6664417461112694, 0.8738369692737858, 0.7093179691720892, 0.8337340589612722, 0.707088435606824, 0.8728810085216538, 0.7723002739526608, 0.8135930734376111, 0.7485726901778468, 0.867821129411459, 0.8069726796061905, 0.8210033722221851, 0.7826324768640377, 0.8566747969637315, 0.8226281717971519, 0.8293977138896782, 0.8163493134357311, 0.8506351775179307, 0.893231992037208, 0.8270638440929664, 0.8932198538272469, 0.0, 0.0, 0.823910688981414, 0.9584337301276348], "1": [0.0, 0.0, 0.29247320617238687, 0.6390713275582702, 0.0, 0.0, 0.29519665439923604, 0.6393360507709009, 0.3128532295425733, 0.6362799732773392, 0.3035162527114153, 0.6832346487928319, 0.32719910075732817, 0.6659739940254776, 0.30019074156880377, 0.7404873000250922, 0.0, 0.0, 0.2824123191336791, 0.7623698525958592, 0.0, 0.0, 0.3132031033436457, 0.7743529217938583, 0.3282383752365907, 0.7738014460713774, 0.3120077893137932, 0.852855545061606, 0.31645503217975296, 0.8507498237821792, 0.32471825554966927, 0.9303333111383297, 0.3247284198800723, 0.9304169667539773]}