{"0": [0.6489838423828284, 0.49858281910419466, 0.6523953693298002, 0.49374839001231724, 0.647551154717803, 0.4938198553191291, 0.6579829066991806, 0.49730852731951963, 0.6450084432959556, 0.49552494773158323, 0.6662629062930743, 0.5285340485749421, 0.6437447366096118, 0.5245377076996698, 0.6566712873677413, 0.567979324526257, 0.6432417271348337, 0.5623828113079071, 0.6335929201294979, 0.5638900589059901, 0.6324101885159811, 0.5656198724552437, 0.6730082471234103, 0.5909682393074036, 0.6567338482787212, 0.5899703320529726, 0.6782815160850685, 0.646486124727461, 0.6417989452679952, 0.6321780046931019, 0.684910564403981, 0.7053381008130533, 0.6434923977591097, 0.6862157478376671], "1": [0.0, 0.0, 0.0, 0.0, 0.0, 0.0, 0.34639809280633926, 0.5543165191456124, 0.3625250990192096, 0.5546436663027163, 0.3360490579778949, 0.5896495697123033, 0.37033720364173256, 0.5934701252866674, 0.32549732277790705, 0.6396251368301886, 0.37693209794039534, 0.6260556763107026, 0.3201684735715389, 0.6781938585142294, 0.0, 0.0, 0.34020617039253315, 0.6834076605461262, 0.3627241053928932, 0.6849325662685766, 0.3344903033226728, 0.7463684207863278, 0.36342194899916647, 0.7464868636042983, 0.3374958769728741, 0.8158649331993528, 0.3684075097553432, 0.8053980359324703], "2": [0.0, 0.0, 0.0, 0.0, 0.0, 0.0, 0.0, 0.0, 0.0, 0.0, 0.0, 0.0, 0.0, 0.0, 0.0, 0.0, 0.0, 0.0, 0.6441722398002943, 0.47180863398092765, 0.0, 0.0, 0.0, 0.0, 0.0, 0.0, 0.0, 0.0, 0.0, 0.0, 0.0, 0.0, 0.0, 0.0], "3": [0.0, 0.0, 0.0, 0.0, 0.0, 0.0, 0.0, 0.0, 0.0, 0.0, 0.0, 0.0, 0.0, 0.0, 0.0, 0.0, 0.0, 0.0, 0.0, 0.0, 0.6434710366030534, 0.4715659069794196, 0.0, 0.0, 0.0, 0.0, 0.0, 0.0, 0.0, 0.0, 0.0, 0.0, 0.0, 0.0]}