{"0": [0.3649827907172342, 0.47444151242574056, 0.36568108772238095, 0.4690759614661888, 0.3628526695072651, 0.46998090818524363, 0.0, 0.0, 0.355294210712115, 0.46945970246085417, 0.362955916300416, 0.4918111930842752, 0.3448006833593051, 0.4951034137496242, 0.3620549629131953, 0.5272827998355583, 0.3399751157189409, 0.5292951339648829, 0.3685644148072849, 0.5546168757809533, 0.34982003743449847, 0.5544731060663859, 0.3537483392904202, 0.5637854832190055, 0.3429771109794577, 0.5622251786567547, 0.36184469486276316, 0.6116391877333324, 0.34258385598659513, 0.6171335777750722, 0.3649930815522869, 0.6644940431471225, 0.33947314592078326, 0.671627547233193], "1": [0.0, 0.0, 0.0, 0.0, 0.0, 0.0, 0.5436503499125441, 0.5381268866636135, 0.558828562994798, 0.5379579299026065, 0.5375858761370182, 0.572887866585343, 0.5702283225953579, 0.575661579878242, 0.5297820086280506, 0.6171194182501899, 0.5754760896166166, 0.6176969136352892, 0.5301436126232147, 0.6488484068049324, 0.575061793377002, 0.6556598235059667, 0.5437892548701105, 0.6591175730581637, 0.565902375181516, 0.6633345282188168, 0.5428710165744026, 0.7218157806330256, 0.574446356172363, 0.7217437532764894, 0.5421532640854517, 0.7812733190893023, 0.5754245739430189, 0.7890598580379178], "2": [0.0, 0.0, 0.0, 0.0, 0.0, 0.0, 0.0, 0.0, 0.0, 0.0, 0.0, 0.0, 0.0, 0.0, 0.0, 0.0, 0.0, 0.0, 0.0, 0.0, 0.0, 0.0, 0.0, 0.0, 0.0, 0.0, 0.0, 0.0, 0.3610202819108963, 0.6108761452414372, 0.0, 0.0, 0.3659603180984656, 0.6647072352744915]}