{"0": [0.6242689787099759, 0.480533919511018, 0.6248839360972246, 0.4760906057225333, 0.6229072297612827, 0.4775855090745069, 0.6311051952342193, 0.4703584616650241, 0.0, 0.0, 0.645763298496604, 0.4928815454520561, 0.6313850078421335, 0.49494870636198257, 0.6462892892460028, 0.5369756663149153, 0.6264684803163012, 0.5146897340814273, 0.630526965794464, 0.5631044447422028, 0.6174797182281814, 0.5307724841214992, 0.6486960228532552, 0.563900045995359, 0.6382956446458896, 0.5599859101352869, 0.6498117997000615, 0.6179552739969006, 0.6286524780094623, 0.6124908003542159, 0.6511366334433357, 0.6677282479074266, 0.6228597070245693, 0.6629592792415578], "1": [0.0, 0.0, 0.0, 0.0, 0.0, 0.0, 0.410411107717664, 0.5708196776884573, 0.42678325014809765, 0.569773257220233, 0.40053220366438225, 0.6078612283424095, 0.435234283329919, 0.6058286741927817, 0.39599075354635715, 0.6609544840123919, 0.4378319383909305, 0.6420387368511271, 0.3925244482855002, 0.7015377634101444, 0.44079880714416503, 0.6994036042028003, 0.4054336787511905, 0.707668444155543, 0.42852281431357064, 0.7064694726908648, 0.3998767130076885, 0.773404367323275, 0.43442859798669814, 0.7802074866162406, 0.39789395324575405, 0.8452585825213679, 0.4341243998457988, 0.8339188367128373], "2": [0.0, 0.0, 0.0, 0.0, 0.0, 0.0, 0.0, 0.0, 0.0, 0.0, 0.0, 0.0, 0.0, 0.0, 0.0, 0.0, 0.0, 0.0, 0.0, 0.0, 0.0, 0.0, 0.0, 0.0, 0.0, 0.0, 0.6286660842597485, 0.6134972245604904, 0.6503950580954552, 0.618629950567804, 0.6227759157617887, 0.6633250810481884, 0.6499490356693666, 0.6681187055729053]}