{"0": [0.37013902763525647, 0.5201078368557824, 0.3710091017186642, 0.5156532113198881, 0.0, 0.0, 0.3729543536474618, 0.5207754507108971, 0.0, 0.0, 0.3694306523228685, 0.5492930610974631, 0.3826202029983203, 0.5497523442462638, 0.35894567336670935, 0.5866893677963319, 0.35983314979821446, 0.5695079308969003, 0.340917191406091, 0.5886027886911674, 0.34371057313013204, 0.5824203214159718, 0.37288398677871254, 0.6310673245677242, 0.38238528544704126, 0.6273835319059867, 0.3492372783521811, 0.6834577797739594, 0.3674226606885592, 0.6790129493784022, 0.356475351502498, 0.7521919004067227, 0.3850409952923656, 0.7172832157876757], "1": [0.0, 0.0, 0.0, 0.0, 0.0, 0.0, 0.4105251387382547, 0.48256423694116096, 0.4227963300809885, 0.4870163404279285, 0.39850658774375913, 0.5033679366111755, 0.4274931068221728, 0.5129813966927705, 0.38474720492959025, 0.5199154343869951, 0.43763117007911206, 0.5465433467317511, 0.0, 0.0, 0.42666331684837744, 0.5584968449340926, 0.4061314379253114, 0.5810219564923532, 0.4202854705353578, 0.5822414157015305, 0.4041714017589887, 0.6267239329439622, 0.40978721839686233, 0.6257109837675536, 0.4071395601456364, 0.6683204869429271, 0.427125514492703, 0.6492444036183533], "2": [0.0, 0.0, 0.0, 0.0, 0.0, 0.0, 0.0, 0.0, 0.38073271556446947, 0.5242420295874278, 0.0, 0.0, 0.0, 0.0, 0.0, 0.0, 0.0, 0.0, 0.0, 0.0, 0.0, 0.0, 0.0, 0.0, 0.0, 0.0, 0.0, 0.0, 0.0, 0.0, 0.0, 0.0, 0.0, 0.0], "3": [0.0, 0.0, 0.0, 0.0, 0.0, 0.0, 0.0, 0.0, 0.0, 0.0, 0.0, 0.0, 0.0, 0.0, 0.0, 0.0, 0.36474195967117945, 0.603561716609531, 0.0, 0.0, 0.0, 0.0, 0.0, 0.0, 0.0, 0.0, 0.0, 0.0, 0.0, 0.0, 0.0, 0.0, 0.0, 0.0], "4": [0.0, 0.0, 0.0, 0.0, 0.0, 0.0, 0.0, 0.0, 0.0, 0.0, 0.0, 0.0, 0.0, 0.0, 0.0, 0.0, 0.0, 0.0, 0.0, 0.0, 0.0, 0.0, 0.0, 0.0, 0.0, 0.0, 0.0, 0.0, 0.0, 0.0, 0.38498759573946395, 0.716439950797293, 0.0, 0.0], "5": [0.0, 0.0, 0.0, 0.0, 0.0, 0.0, 0.0, 0.0, 0.0, 0.0, 0.0, 0.0, 0.0, 0.0, 0.0, 0.0, 0.0, 0.0, 0.0, 0.0, 0.0, 0.0, 0.0, 0.0, 0.0, 0.0, 0.0, 0.0, 0.0, 0.0, 0.0, 0.0, 0.406635510114332, 0.6660754654142592]}