{"0": [0.0, 0.0, 0.0, 0.0, 0.0, 0.0, 0.5592873986810446, 0.5873174107737011, 0.5764613451436162, 0.5843358914057413, 0.5495898591975371, 0.6245925338179977, 0.5854532882648831, 0.6227511935763889, 0.5376026365906, 0.6553629803436775, 0.5933446577439704, 0.668654693056036, 0.5515968563035131, 0.6697458920655427, 0.5975416533959409, 0.7019588382155807, 0.5530871232971549, 0.7085338414819152, 0.5735992470756173, 0.7124238466774976, 0.541458560153842, 0.7644228957317493, 0.5738660824174683, 0.7766093973760252, 0.5340133922795455, 0.8424766880494577, 0.5895664004822417, 0.8257778577644516], "1": [0.0, 0.0, 0.0, 0.0, 0.0, 0.0, 0.5838927714775005, 0.5607784606792309, 0.5962126202881336, 0.5618366872822796, 0.5799530898531278, 0.5795369247595468, 0.5974090747535229, 0.5853562187265466, 0.0, 0.0, 0.6176146923253933, 0.5924873418278165, 0.0, 0.0, 0.6377036894361178, 0.5788365121240969, 0.0, 0.0, 0.5923880517482758, 0.6651112949406659, 0.0, 0.0, 0.6172168550391992, 0.6993435875685127, 0.0, 0.0, 0.6156530146797498, 0.7712118025179262], "2": [0.0, 0.0, 0.0, 0.0, 0.0, 0.0, 0.0, 0.0, 0.0, 0.0, 0.0, 0.0, 0.0, 0.0, 0.0, 0.0, 0.0, 0.0, 0.0, 0.0, 0.0, 0.0, 0.0, 0.0, 0.0, 0.0, 0.6153879694640636, 0.698417611364965, 0.0, 0.0, 0.6153953884417812, 0.7688483730510429, 0.0, 0.0], "3": [0.0, 0.0, 0.0, 0.0, 0.0, 0.0, 0.0, 0.0, 0.0, 0.0, 0.0, 0.0, 0.0, 0.0, 0.0, 0.0, 0.0, 0.0, 0.0, 0.0, 0.0, 0.0, 0.0, 0.0, 0.0, 0.0, 0.0, 0.0, 0.0, 0.0, 0.0, 0.0, 0.5731645513791591, 0.7728844660299795]}