{"0": [0.2863002814352512, 0.6164870266561155, 0.2887980549285809, 0.6100517131664135, 0.28444298238803944, 0.6109288359129871, 0.29962178890903785, 0.6060353599212788, 0.0, 0.0, 0.31628680738310017, 0.6298357731766171, 0.28516352848770715, 0.6334018262793069, 0.3330378495156765, 0.6734022116219556, 0.28123044526437296, 0.6717254383696452, 0.32504902097086114, 0.7227769006181646, 0.28546760748528566, 0.7004150124611678, 0.313885857972006, 0.7224772031936381, 0.2955766310294469, 0.720569884997827, 0.3107866996588806, 0.7811142540916248, 0.29643420502543444, 0.7711475771886331, 0.31085357001672187, 0.8766840439151834, 0.3048653192818165, 0.817855046192805], "1": [0.38888601188858346, 0.5489250315560235, 0.38976639676839114, 0.5448400940056201, 0.0, 0.0, 0.3972037962948282, 0.5458700490218623, 0.0, 0.0, 0.39629720809559027, 0.5862502883981774, 0.418845204783914, 0.5681993111416146, 0.4041202560067177, 0.6337338495861601, 0.0, 0.0, 0.4016853259255489, 0.6705597049384204, 0.0, 0.0, 0.41419862387701867, 0.6645621120929718, 0.4317375526453058, 0.6552913136228368, 0.4043067617962758, 0.7048459534291867, 0.4395052231072138, 0.7145669833377556, 0.40582820574442546, 0.7522361102203529, 0.44759866095458467, 0.7860105417392872], "2": [0.0, 0.0, 0.0, 0.0, 0.0, 0.0, 0.0, 0.0, 0.0, 0.0, 0.0, 0.0, 0.0, 0.0, 0.0, 0.0, 0.0, 0.0, 0.0, 0.0, 0.0, 0.0, 0.0, 0.0, 0.0, 0.0, 0.0, 0.0, 0.30764731963475545, 0.8052388822590862, 0.0, 0.0, 0.3106787636876106, 0.8777786348792789], "3": [0.0, 0.0, 0.0, 0.0, 0.0, 0.0, 0.0, 0.0, 0.0, 0.0, 0.0, 0.0, 0.0, 0.0, 0.0, 0.0, 0.0, 0.0, 0.0, 0.0, 0.0, 0.0, 0.0, 0.0, 0.0, 0.0, 0.0, 0.0, 0.0, 0.0, 0.30599353190821904, 0.8207244616967659, 0.0, 0.0], "4": [0.0, 0.0, 0.0, 0.0, 0.0, 0.0, 0.0, 0.0, 0.0, 0.0, 0.0, 0.0, 0.0, 0.0, 0.0, 0.0, 0.0, 0.0, 0.0, 0.0, 0.0, 0.0, 0.0, 0.0, 0.0, 0.0, 0.0, 0.0, 0.0, 0.0, 0.44744709779818853, 0.7869451990833989, 0.0, 0.0]}