{"0": [0.0, 0.0, 0.0, 0.0, 0.7208064918716749, 0.6833522369464239, 0.7016942168275515, 0.6726264825573673, 0.7184035895392299, 0.6859432908671873, 0.6856402840310086, 0.6824251108699375, 0.7078244782984257, 0.7223715585139062, 0.6617649960021178, 0.6938426861056575, 0.7088415702184041, 0.7525883583007036, 0.0, 0.0, 0.0, 0.0, 0.6572627874712149, 0.7595526174262717, 0.6809628889275093, 0.7844466328620912, 0.6465747406085333, 0.7908770905600654, 0.7123290367424489, 0.7923638789742081, 0.0, 0.0, 0.705595466742913, 0.8504112616733268], "1": [0.0, 0.0, 0.0, 0.0, 0.0, 0.0, 0.5384797123571237, 0.5741537150478473, 0.554908582319816, 0.5776174779291507, 0.5245484848817189, 0.6027361711970082, 0.5590661151955525, 0.6184138457532282, 0.5098356040815513, 0.646586185031467, 0.5645210628203737, 0.6691083336317981, 0.5121523190289736, 0.6671186166780966, 0.5620817748208841, 0.7050868718712419, 0.5254996621360382, 0.6996996473658967, 0.5502812605351209, 0.7080300854312049, 0.5126031085848808, 0.7260722162546935, 0.559884974732995, 0.7539919005499945, 0.49517681486904613, 0.7867307088993214, 0.5660613911847273, 0.8036572158716068], "2": [0.0, 0.0, 0.0, 0.0, 0.0, 0.0, 0.0, 0.0, 0.0, 0.0, 0.0, 0.0, 0.0, 0.0, 0.644672015743951, 0.7919832017686632, 0.0, 0.0, 0.0, 0.0, 0.0, 0.0, 0.0, 0.0, 0.0, 0.0, 0.0, 0.0, 0.0, 0.0, 0.0, 0.0, 0.0, 0.0], "3": [0.0, 0.0, 0.0, 0.0, 0.0, 0.0, 0.0, 0.0, 0.0, 0.0, 0.0, 0.0, 0.0, 0.0, 0.0, 0.0, 0.0, 0.0, 0.0, 0.0, 0.0, 0.0, 0.0, 0.0, 0.0, 0.0, 0.0, 0.0, 0.0, 0.0, 0.6177657783652345, 0.8185931188778744, 0.0, 0.0]}