{"0": [0.0, 0.0, 0.0, 0.0, 0.42785872823248305, 0.4817450404167175, 0.41200613702336947, 0.4814484435099143, 0.42385945146282517, 0.4837993480541088, 0.40264529225726925, 0.5046665134253325, 0.4196817945688963, 0.5211570259597567, 0.3978101092390716, 0.5031583816916855, 0.4247826188802719, 0.5332167007305004, 0.0, 0.0, 0.0, 0.0, 0.3900857591380676, 0.5685534132851495, 0.3994295713802178, 0.5723902991524449, 0.4021135767145703, 0.6251507376631101, 0.40226655503114067, 0.6269236474125474, 0.37378269067655007, 0.6531662991753331, 0.37370311059057715, 0.6543021316881533], "1": [0.0, 0.0, 0.0, 0.0, 0.0, 0.0, 0.5818727378423015, 0.5611540977601652, 0.5957969861725966, 0.5629028028912014, 0.5715757928788662, 0.5895707453290622, 0.6030034946898619, 0.5985838207933638, 0.5574331970264514, 0.6160749980696926, 0.619924462462465, 0.6325099768462005, 0.5562940682594975, 0.6190206478039424, 0.6386997810254494, 0.6321589277850256, 0.5720360261698564, 0.6730866339471605, 0.5919765827556451, 0.6824567909593935, 0.5517274423502385, 0.7208946550333941, 0.6149153515696526, 0.7081942228807343, 0.5362299188350638, 0.7879464359195144, 0.6257244739681482, 0.7748085079921616], "2": [0.0, 0.0, 0.0, 0.0, 0.0, 0.0, 0.0, 0.0, 0.0, 0.0, 0.0, 0.0, 0.0, 0.0, 0.0, 0.0, 0.0, 0.0, 0.418624611136814, 0.5465640818631208, 0.0, 0.0, 0.0, 0.0, 0.0, 0.0, 0.0, 0.0, 0.0, 0.0, 0.0, 0.0, 0.0, 0.0], "3": [0.0, 0.0, 0.0, 0.0, 0.0, 0.0, 0.0, 0.0, 0.0, 0.0, 0.0, 0.0, 0.0, 0.0, 0.0, 0.0, 0.0, 0.0, 0.0, 0.0, 0.4211126763373613, 0.5463749925295512, 0.0, 0.0, 0.0, 0.0, 0.0, 0.0, 0.0, 0.0, 0.0, 0.0, 0.0, 0.0], "4": [0.0, 0.0, 0.0, 0.0, 0.0, 0.0, 0.0, 0.0, 0.0, 0.0, 0.0, 0.0, 0.0, 0.0, 0.0, 0.0, 0.0, 0.0, 0.0, 0.0, 0.0, 0.0, 0.0, 0.0, 0.0, 0.0, 0.0, 0.0, 0.0, 0.0, 0.4013459447150429, 0.6592110563207556, 0.0, 0.0], "5": [0.0, 0.0, 0.0, 0.0, 0.0, 0.0, 0.0, 0.0, 0.0, 0.0, 0.0, 0.0, 0.0, 0.0, 0.0, 0.0, 0.0, 0.0, 0.0, 0.0, 0.0, 0.0, 0.0, 0.0, 0.0, 0.0, 0.0, 0.0, 0.0, 0.0, 0.0, 0.0, 0.4000639776388804, 0.6605067813837969]}