{"0": [0.310839758006235, 0.39814402538317223, 0.31236686147749426, 0.3941735402301506, 0.3078302138795455, 0.395664264758428, 0.3158049834271272, 0.3991280860371059, 0.3038036188731591, 0.4011504586096163, 0.322472490121921, 0.4266243811006899, 0.29939218486348784, 0.4224923233191172, 0.3281006826087832, 0.45600943115574344, 0.28568197761972747, 0.43067623244391545, 0.323321523082753, 0.4636725197235743, 0.2721910503382484, 0.4236020436993352, 0.31860389018741747, 0.4900369449898049, 0.3059867495360474, 0.4912088079584969, 0.3166103589038054, 0.5306011936178914, 0.3115638638536135, 0.5310105193544317, 0.31636067449450433, 0.5752991154704605, 0.31539176162332294, 0.5818620964332863], "1": [0.8768884715158491, 0.6967144378909358, 0.8771951263149579, 0.6943972417601832, 0.8729762823088094, 0.6948700152061603, 0.0, 0.0, 0.8611428848778208, 0.7078636888828542, 0.8498022882575726, 0.7464803161172122, 0.8567198671710987, 0.749899442990621, 0.0, 0.0, 0.0, 0.0, 0.894746321067214, 0.6743773893073753, 0.8949397012591364, 0.6748868750201331, 0.8278798187151551, 0.8799276645536775, 0.8521501431086411, 0.886845694647895, 0.8349806870954732, 0.960165712568495, 0.8559332487173379, 0.9655902510439908, 0.0, 0.0, 0.0, 0.0], "2": [0.0, 0.0, 0.0, 0.0, 0.0, 0.0, 0.0, 0.0, 0.0, 0.0, 0.0, 0.0, 0.0, 0.0, 0.0, 0.0, 0.8831655914584796, 0.714785795862338, 0.0, 0.0, 0.0, 0.0, 0.0, 0.0, 0.0, 0.0, 0.0, 0.0, 0.0, 0.0, 0.0, 0.0, 0.0, 0.0]}