{"0": [0.0, 0.0, 0.0, 0.0, 0.0, 0.0, 0.5858971314194302, 0.5324526771351143, 0.6005603821327289, 0.5353798162054133, 0.5726541036429504, 0.5608941591448254, 0.6009633706261714, 0.5746232192825388, 0.5625116209189097, 0.6015787354222051, 0.5976577123316625, 0.6051514135466681, 0.5692822982246677, 0.6101477485012126, 0.0, 0.0, 0.5682395947165787, 0.6395229894805837, 0.5866392400115729, 0.6460823352690096, 0.5685768653949101, 0.7064857139079659, 0.5958986103534698, 0.7027577194902632, 0.5714135178675254, 0.7816455746690433, 0.5962287070850532, 0.7649681337453702], "1": [0.0, 0.0, 0.0, 0.0, 0.0, 0.0, 0.5293628276636203, 0.5669759399085134, 0.5445866465568543, 0.5711008844552217, 0.5225234395513932, 0.5864562065513047, 0.5483625763716797, 0.6078099849047484, 0.5161773034681877, 0.5672162601793254, 0.0, 0.0, 0.0, 0.0, 0.0, 0.0, 0.5200196097294489, 0.678655365826907, 0.5379551378389199, 0.6843096548760379, 0.5036669636766116, 0.7270235587049415, 0.0, 0.0, 0.49852710819492735, 0.7768706520398457, 0.0, 0.0], "2": [0.0, 0.0, 0.0, 0.0, 0.0, 0.0, 0.0, 0.0, 0.0, 0.0, 0.0, 0.0, 0.0, 0.0, 0.0, 0.0, 0.0, 0.0, 0.5242687427749236, 0.5651462473251202, 0.0, 0.0, 0.0, 0.0, 0.0, 0.0, 0.0, 0.0, 0.0, 0.0, 0.0, 0.0, 0.0, 0.0], "3": [0.0, 0.0, 0.0, 0.0, 0.0, 0.0, 0.0, 0.0, 0.0, 0.0, 0.0, 0.0, 0.0, 0.0, 0.0, 0.0, 0.0, 0.0, 0.0, 0.0, 0.0, 0.0, 0.0, 0.0, 0.0, 0.0, 0.0, 0.0, 0.5090159085889657, 0.7285410473744075, 0.0, 0.0, 0.0, 0.0]}