{"0": [0.3324023003379504, 0.4909104890293544, 0.3329264973600706, 0.48656632193812616, 0.33042178557564816, 0.48771940999560887, 0.0, 0.0, 0.32222442179918287, 0.48884750141037836, 0.33645794019103054, 0.5093242894720148, 0.3104055275102534, 0.5218464367091655, 0.34759536931912105, 0.542746791685069, 0.30198835633539906, 0.5592286771611759, 0.3603661409346387, 0.5642462635481799, 0.30325081509848434, 0.5949760522003527, 0.3358713985731204, 0.5950143716953419, 0.31602362394332884, 0.5987971632568925, 0.3450970932841301, 0.6386974451718507, 0.31444875340287887, 0.6489012587401602, 0.35363339595496657, 0.6958230683097133, 0.31649477494259676, 0.6999122446333921], "1": [0.0, 0.0, 0.0, 0.0, 0.0, 0.0, 0.6000477661689122, 0.5603204911505736, 0.6163973381121953, 0.5608891458423051, 0.5906688742339611, 0.5978825991904294, 0.6236649677157402, 0.6029880117487024, 0.5814909897744656, 0.6401646649947873, 0.6259225411961477, 0.6481890342543245, 0.5732704498805106, 0.6667347718168188, 0.6215441964566707, 0.6691214430111426, 0.596118003502488, 0.6868823013923786, 0.6168004542589187, 0.6874105751514434, 0.5897455895785242, 0.7557178711449658, 0.6136084602524837, 0.7493004664226814, 0.5823226703951756, 0.815320717184632, 0.6128671670953432, 0.8136382579803467]}