{"0": [0.5686941320891492, 0.47744384206555507, 0.5699621732036273, 0.4725463915754248, 0.5645190410432406, 0.47223204683374476, 0.0, 0.0, 0.5587298368414243, 0.47536931744328254, 0.5649220832623542, 0.5042112750035745, 0.5583069269855817, 0.503209071247666, 0.5530078484987219, 0.534470863253982, 0.5531610226879518, 0.5360195993273347, 0.0, 0.0, 0.0, 0.0, 0.5650842174577216, 0.5807747438549995, 0.5600738097603123, 0.5815671132808482, 0.5598468786105514, 0.6265915171967612, 0.0, 0.0, 0.555245457837979, 0.6626734222526903, 0.5565501456459363, 0.66334906283904], "1": [0.4667700558900833, 0.5679941994172555, 0.0, 0.0, 0.4663119168331226, 0.5626799437734816, 0.0, 0.0, 0.46093680628885825, 0.5611843382870709, 0.45345899015665053, 0.5865616306110665, 0.44583794636030993, 0.5897835514059773, 0.45905639218787353, 0.6182091984483931, 0.4325642272830009, 0.6262360394001006, 0.47559077441692355, 0.6284907451382389, 0.427521352066348, 0.6587735939908911, 0.4520703701932992, 0.6788216518031226, 0.4387292133644224, 0.6803981886969672, 0.46133221096048754, 0.7423818460217227, 0.4299074461062749, 0.7315190116564433, 0.4751984678208829, 0.8020108474625482, 0.4199793430666129, 0.7870465947522057], "2": [0.0, 0.0, 0.0, 0.0, 0.0, 0.0, 0.0, 0.0, 0.0, 0.0, 0.0, 0.0, 0.0, 0.0, 0.0, 0.0, 0.0, 0.0, 0.0, 0.0, 0.5526955358684063, 0.5860209884466949, 0.0, 0.0, 0.0, 0.0, 0.0, 0.0, 0.0, 0.0, 0.0, 0.0, 0.0, 0.0], "3": [0.0, 0.0, 0.0, 0.0, 0.0, 0.0, 0.0, 0.0, 0.0, 0.0, 0.0, 0.0, 0.0, 0.0, 0.0, 0.0, 0.0, 0.0, 0.0, 0.0, 0.0, 0.0, 0.0, 0.0, 0.0, 0.0, 0.0, 0.0, 0.559130988518397, 0.6259438576400971, 0.0, 0.0, 0.0, 0.0], "4": [0.0, 0.0, 0.0, 0.0, 0.0, 0.0, 0.0, 0.0, 0.0, 0.0, 0.0, 0.0, 0.0, 0.0, 0.0, 0.0, 0.0, 0.0, 0.0, 0.0, 0.0, 0.0, 0.0, 0.0, 0.0, 0.0, 0.0, 0.0, 0.46070204479619864, 0.7414786784737198, 0.0, 0.0, 0.47545380927622316, 0.802861503318504]}