{"0": [0.0, 0.0, 0.0, 0.0, 0.0, 0.0, 0.44086833372712136, 0.5264355125250639, 0.4543926914532979, 0.5248539926829161, 0.43840924004713694, 0.5571487561420159, 0.4615860809882482, 0.5520171284537625, 0.4343265645205974, 0.5965273446782872, 0.0, 0.0, 0.41812211175759634, 0.620084469848209, 0.0, 0.0, 0.44845470481862626, 0.6317031564535918, 0.46663080478707947, 0.627515634783992, 0.42814645990729333, 0.6478313407136335, 0.4829749467472235, 0.6658637298478021, 0.4283930951108535, 0.7162286005638264, 0.5084408827126026, 0.7035950311908016], "1": [0.0, 0.0, 0.0, 0.0, 0.0, 0.0, 0.3301580925782522, 0.5976290976559674, 0.34640716115633646, 0.5960421107709408, 0.32977380491793157, 0.6382683665664107, 0.35825276287893454, 0.629093688947183, 0.33555238813472293, 0.6923510695773142, 0.37818730970223746, 0.6490246008943629, 0.3345056273664037, 0.7385718781639028, 0.40133247766643765, 0.6535419009349963, 0.34141035775343576, 0.7355081695097464, 0.36092116152867676, 0.7283862935172187, 0.32375022415071725, 0.8041866061312181, 0.34964025082687544, 0.788999925326142, 0.31204270571470255, 0.8783868526419004, 0.35669934631635747, 0.8532527404802817], "2": [0.0, 0.0, 0.0, 0.0, 0.0, 0.0, 0.0, 0.0, 0.0, 0.0, 0.0, 0.0, 0.0, 0.0, 0.0, 0.0, 0.0, 0.0, 0.401636262734731, 0.6523559799900761, 0.0, 0.0, 0.0, 0.0, 0.0, 0.0, 0.0, 0.0, 0.0, 0.0, 0.0, 0.0, 0.0, 0.0]}