{"0": [0.0, 0.0, 0.0, 0.0, 0.0, 0.0, 0.4677903227508068, 0.5334937475345752, 0.4812183747688929, 0.5297852098803829, 0.46139265689998865, 0.5602727447394972, 0.49192801540096603, 0.5564032128563634, 0.4537465192377567, 0.5941165615011145, 0.5011251513535778, 0.6021649281183878, 0.45887526745597523, 0.5918587393230862, 0.5173567468921344, 0.6282469078346535, 0.4712319108347098, 0.6455978362648576, 0.49193332642316817, 0.6459910233815511, 0.46019050292670727, 0.7064682917462456, 0.49415377611294387, 0.6951074414783055, 0.45359726970394454, 0.7738252485515896, 0.4911519385874271, 0.7506972662828587], "1": [0.0, 0.0, 0.0, 0.0, 0.0, 0.0, 0.34571634208162627, 0.5334715891767431, 0.3589777786284685, 0.5272342341917532, 0.34697339540968336, 0.5700889525590119, 0.3741386676828066, 0.5575549633414657, 0.3432375242312749, 0.610200597566587, 0.3844343259309728, 0.5907841561017213, 0.3434558805388709, 0.6409422240185517, 0.3735028449445963, 0.5971186669336425, 0.36088853711262353, 0.644809204560739, 0.3809538684474925, 0.6412344345891917, 0.34985080858071643, 0.694058417170136, 0.376739004192253, 0.7034646809101105, 0.33855340965092184, 0.7441026057358141, 0.37681886870414016, 0.7615775435059159]}