{"0": [0.6356010286758342, 0.5680611703130934, 0.6374897425373395, 0.5631837809527361, 0.6316207797576984, 0.5628935787412855, 0.0, 0.0, 0.6225433620313804, 0.5681249384526854, 0.6418538942933083, 0.6066227851090608, 0.6110219481090705, 0.6081144880365442, 0.6420918037494024, 0.6551417270192393, 0.598316578163455, 0.6480330555251351, 0.6449137440572182, 0.6963524597662466, 0.5915595330297947, 0.6927629531119709, 0.630380544004341, 0.7044572366608514, 0.6112021270518502, 0.7007197087009748, 0.6189704344918331, 0.7706988323617865, 0.6183092243038119, 0.7684793954646146, 0.6083916102846464, 0.8199795322285758, 0.6020479738595895, 0.819667617369581], "1": [0.2830852247774601, 0.4603054799415447, 0.2846582470461726, 0.45542233177909147, 0.2795421009262403, 0.4568642191312931, 0.2859041173942387, 0.45773716966311134, 0.27288216578696545, 0.4611781919444049, 0.2919266900668542, 0.4833530081642999, 0.2664361211160819, 0.4922864936568119, 0.2961790526906649, 0.5138385657910948, 0.2640470885361234, 0.5276726276786239, 0.2988159790635109, 0.5368987369040649, 0.27423743878801665, 0.5506519054925, 0.291923763230443, 0.5554771189336425, 0.276209032908082, 0.5583728480670187, 0.30039056924482194, 0.6022724337048001, 0.27612213746955006, 0.6072341561317444, 0.304164348791043, 0.653585887838293, 0.2784794100870689, 0.6577493872907426]}