{"0": [0.42098141660292937, 0.474354800913069, 0.4233068636308114, 0.4676569746600257, 0.4186353805940598, 0.46890501777331034, 0.43000780915220577, 0.4642650754363449, 0.0, 0.0, 0.43910415479913356, 0.4943206215346302, 0.416157931337754, 0.4931053149479407, 0.44678248949348925, 0.526721246374978, 0.41453059874475, 0.5255954609976874, 0.4451307784765958, 0.5672062800438316, 0.41475834242689114, 0.5592438096542739, 0.43551786337047815, 0.5665255924341855, 0.4218942419936259, 0.5667816460477533, 0.43316496349871153, 0.6143827926229548, 0.4269494903429101, 0.6140083480764318, 0.4401506571099162, 0.6644967661963569, 0.4341024447232485, 0.6632725330138648], "1": [0.7341519056508938, 0.49515220037213076, 0.7369538019100824, 0.490460279473552, 0.0, 0.0, 0.739101847478499, 0.4917378826825707, 0.0, 0.0, 0.7504217059661946, 0.5202154563532935, 0.738541404157877, 0.5189788326069161, 0.7519187383664151, 0.566320110388376, 0.7352621335381021, 0.5559862551865754, 0.7456546558688084, 0.6042680804376249, 0.7264316830163201, 0.5698637796772851, 0.7428839545076092, 0.6042020492531636, 0.7356989222578705, 0.6008535438113742, 0.7367444486667712, 0.6532653084507695, 0.0, 0.0, 0.743120837646226, 0.7104554505259902, 0.7418608402212461, 0.7077747554966697], "2": [0.0, 0.0, 0.0, 0.0, 0.0, 0.0, 0.0, 0.0, 0.7438263124941538, 0.4903719785036864, 0.0, 0.0, 0.0, 0.0, 0.0, 0.0, 0.0, 0.0, 0.0, 0.0, 0.0, 0.0, 0.0, 0.0, 0.0, 0.0, 0.0, 0.0, 0.0, 0.0, 0.0, 0.0, 0.0, 0.0], "3": [0.0, 0.0, 0.0, 0.0, 0.0, 0.0, 0.0, 0.0, 0.0, 0.0, 0.0, 0.0, 0.0, 0.0, 0.0, 0.0, 0.0, 0.0, 0.0, 0.0, 0.0, 0.0, 0.0, 0.0, 0.0, 0.0, 0.0, 0.0, 0.7356789199635386, 0.652170126305686, 0.0, 0.0, 0.0, 0.0]}