{"0": [0.5327093084653218, 0.3966398291841701, 0.5351342205889523, 0.39237099047060364, 0.5320737366875012, 0.3921422165853005, 0.5413328488667806, 0.39469160216825977, 0.0, 0.0, 0.5476712839057049, 0.41743567652172514, 0.5298271204034487, 0.4185759841705914, 0.5571077797561884, 0.44621114797062345, 0.5283734768629074, 0.4486237792505158, 0.5620000816881656, 0.4695753287937906, 0.5239820343752702, 0.4729201427212468, 0.0, 0.0, 0.0, 0.0, 0.0, 0.0, 0.0, 0.0, 0.0, 0.0, 0.0, 0.0], "1": [0.4675772414853176, 0.5646435494776125, 0.4682194759448369, 0.5600930143285681, 0.0, 0.0, 0.4701620515435935, 0.5594037963008439, 0.4799320824444294, 0.5529239579483315, 0.48203551334639383, 0.5835475257149451, 0.4855855300091207, 0.5770365973313649, 0.4876154019186894, 0.627418683966001, 0.48349177166819574, 0.6231364292127115, 0.46968474268648863, 0.6459338357381388, 0.46305215507745745, 0.6271845710498315, 0.5022498210271199, 0.6522117111417982, 0.5049173027878158, 0.6497176956887132, 0.4655847390492757, 0.679714243500321, 0.4663205082217852, 0.6776125020175069, 0.4831055683394273, 0.7357645476305926, 0.48421135457853476, 0.7336976912286548], "2": [0.0, 0.0, 0.0, 0.0, 0.0, 0.0, 0.0, 0.0, 0.0, 0.0, 0.5308016488949457, 0.4205458605730975, 0.5497348311046759, 0.4178675987102367, 0.5294004901001851, 0.44857918940208574, 0.5574428848922253, 0.4465864111979803, 0.5257280918459097, 0.47207895936789335, 0.5630664113909006, 0.4701005408609355, 0.534945433648924, 0.47537180097014814, 0.5438594590018814, 0.47514708903100755, 0.5292669430375099, 0.5107457907111557, 0.5419118431707223, 0.5123969009629002, 0.533585513021467, 0.546432406911544, 0.5451358556747437, 0.5484812957269174], "3": [0.0, 0.0, 0.0, 0.0, 0.0, 0.0, 0.0, 0.0, 0.0, 0.0, 0.0, 0.0, 0.0, 0.0, 0.0, 0.0, 0.0, 0.0, 0.0, 0.0, 0.0, 0.0, 0.0, 0.0, 0.0, 0.0, 0.0, 0.0, 0.49007398743803304, 0.6823069234689076, 0.0, 0.0, 0.0, 0.0], "4": [0.0, 0.0, 0.0, 0.0, 0.0, 0.0, 0.0, 0.0, 0.0, 0.0, 0.0, 0.0, 0.0, 0.0, 0.0, 0.0, 0.0, 0.0, 0.0, 0.0, 0.0, 0.0, 0.0, 0.0, 0.0, 0.0, 0.0, 0.0, 0.0, 0.0, 0.5230606543210645, 0.738769648582847, 0.0, 0.0], "5": [0.0, 0.0, 0.0, 0.0, 0.0, 0.0, 0.0, 0.0, 0.0, 0.0, 0.0, 0.0, 0.0, 0.0, 0.0, 0.0, 0.0, 0.0, 0.0, 0.0, 0.0, 0.0, 0.0, 0.0, 0.0, 0.0, 0.0, 0.0, 0.0, 0.0, 0.0, 0.0, 0.5232491968820493, 0.7404699193106757]}