{"0": [0.7453452941030264, 0.5025850218755228, 0.7462419358392557, 0.4993577734739692, 0.7441176631487906, 0.49958847573509924, 0.7552802731593449, 0.4961522195074293, 0.0, 0.0, 0.7635454557215174, 0.5165479520956675, 0.7520885988216226, 0.5118442937179848, 0.7479097661135408, 0.5296870153707762, 0.7444823183740179, 0.5336540149317848, 0.7431620455657443, 0.5107685919161196, 0.7433071489135424, 0.5048901248861242, 0.7575661227107048, 0.5973632448249393, 0.7445722284416357, 0.5951739123574009, 0.7554805889104802, 0.6543587234285143, 0.7424194611608982, 0.6462571325125517, 0.7498086221516133, 0.71554035914165, 0.7357372502485912, 0.6975604664396357], "1": [0.0, 0.0, 0.0, 0.0, 0.0, 0.0, 0.3131017458935579, 0.6205918055993539, 0.3310170645204683, 0.6187705739228814, 0.30453780591487883, 0.6630424920055601, 0.34240754606823126, 0.6616845478614172, 0.294657774331669, 0.713419387848289, 0.3573157454530398, 0.7081444947255983, 0.3004043641189734, 0.7440071117546824, 0.3456232619782289, 0.7307237534611314, 0.3154087898011009, 0.7609279133655407, 0.3380820075670878, 0.7608070456319385, 0.3181239958231648, 0.8240773735222993, 0.3374507295588653, 0.8367070478421671, 0.3192833157877127, 0.8790398838343444, 0.33560502192315955, 0.919695559254399], "2": [0.0, 0.0, 0.0, 0.0, 0.0, 0.0, 0.0, 0.0, 0.0, 0.0, 0.0, 0.0, 0.0, 0.0, 0.0, 0.0, 0.0, 0.0, 0.0, 0.0, 0.7330213529368241, 0.5703497643823977, 0.0, 0.0, 0.0, 0.0, 0.0, 0.0, 0.0, 0.0, 0.0, 0.0, 0.0, 0.0], "3": [0.0, 0.0, 0.0, 0.0, 0.0, 0.0, 0.0, 0.0, 0.0, 0.0, 0.0, 0.0, 0.0, 0.0, 0.0, 0.0, 0.0, 0.0, 0.0, 0.0, 0.0, 0.0, 0.0, 0.0, 0.0, 0.0, 0.0, 0.0, 0.0, 0.0, 0.7360616569717725, 0.6976665827963088, 0.0, 0.0]}