{"0": [0.0, 0.0, 0.0, 0.0, 0.0, 0.0, 0.4225713469088078, 0.580331196166851, 0.43843062159915763, 0.5775830798678928, 0.4201953038573265, 0.6123960773150127, 0.4494118510435025, 0.6054118595741413, 0.40161472766970596, 0.6475798675307523, 0.46363916049400966, 0.6327541222726857, 0.0, 0.0, 0.0, 0.0, 0.43606854857256017, 0.6974684412832615, 0.4593980131049951, 0.687130108586064, 0.4102544455633809, 0.7143936669109044, 0.46648961702982583, 0.7139359879272956, 0.41923703203598656, 0.7820929984251658, 0.48026193951567014, 0.7406499800858674], "1": [0.0, 0.0, 0.0, 0.0, 0.0, 0.0, 0.3390607031683127, 0.5594917621877459, 0.3548030287027359, 0.5578820237406978, 0.3371130770693222, 0.6004803295488711, 0.36517695256819327, 0.5918267501725091, 0.34102668340007464, 0.6479982973524818, 0.3747149751832088, 0.6322591453790665, 0.33959622333447137, 0.6947182370556726, 0.0, 0.0, 0.34633665593961876, 0.683657513614054, 0.3625123160580794, 0.6785702503389782, 0.33205740408351025, 0.7364104609246607, 0.3483365837795039, 0.7479258645463873, 0.32230381307502587, 0.7728603931488813, 0.37113708506027865, 0.8057489686542089], "2": [0.0, 0.0, 0.0, 0.0, 0.0, 0.0, 0.0, 0.0, 0.0, 0.0, 0.0, 0.0, 0.0, 0.0, 0.0, 0.0, 0.0, 0.0, 0.38365783365218403, 0.6392683453216931, 0.0, 0.0, 0.0, 0.0, 0.0, 0.0, 0.0, 0.0, 0.0, 0.0, 0.0, 0.0, 0.0, 0.0], "3": [0.0, 0.0, 0.0, 0.0, 0.0, 0.0, 0.0, 0.0, 0.0, 0.0, 0.0, 0.0, 0.0, 0.0, 0.0, 0.0, 0.0, 0.0, 0.0, 0.0, 0.45624704896642165, 0.6206279900338915, 0.0, 0.0, 0.0, 0.0, 0.0, 0.0, 0.0, 0.0, 0.0, 0.0, 0.0, 0.0], "4": [0.0, 0.0, 0.0, 0.0, 0.0, 0.0, 0.0, 0.0, 0.0, 0.0, 0.0, 0.0, 0.0, 0.0, 0.0, 0.0, 0.0, 0.0, 0.0, 0.0, 0.3857645606311659, 0.627012492550744, 0.0, 0.0, 0.0, 0.0, 0.0, 0.0, 0.0, 0.0, 0.0, 0.0, 0.0, 0.0], "5": [0.0, 0.0, 0.0, 0.0, 0.0, 0.0, 0.0, 0.0, 0.0, 0.0, 0.0, 0.0, 0.0, 0.0, 0.0, 0.0, 0.0, 0.0, 0.0, 0.0, 0.0, 0.0, 0.0, 0.0, 0.0, 0.0, 0.349335598697265, 0.7505421163859191, 0.0, 0.0, 0.37086594303448994, 0.8048877044960304, 0.0, 0.0]}