{"0": [0.6841283633063237, 0.49627984408979064, 0.6872324166198571, 0.4916979658382911, 0.6823718974987667, 0.49099393586317697, 0.6948697345952193, 0.49586725654425445, 0.0, 0.0, 0.7038341902196407, 0.5316366573174796, 0.6772273185973366, 0.5258105070502669, 0.7123641130824883, 0.5701066571253316, 0.6744436793029308, 0.5579035352777552, 0.7123409780363242, 0.6113095175198935, 0.6787145438293616, 0.5807451375656657, 0.6995603760083516, 0.6018187372772782, 0.688836368980507, 0.600180361005995, 0.6868286788463592, 0.6501843333244325, 0.7016893835427861, 0.6444934363718385, 0.6813673467142507, 0.7100558771027459, 0.7208553130427996, 0.6861478160928797], "1": [0.0, 0.0, 0.0, 0.0, 0.0, 0.0, 0.34206910009185465, 0.5547291314160382, 0.3566752377897501, 0.554395815619716, 0.330475439503789, 0.5930932841919085, 0.36377909804383907, 0.596447087948521, 0.32602709035078686, 0.650543400534877, 0.36749911159276966, 0.6417545307565619, 0.32723905945507187, 0.6829925669564141, 0.37430372970799614, 0.6699673755577317, 0.3372828118503094, 0.6862602983359938, 0.35752111313243706, 0.6856672296921412, 0.34155021980404854, 0.7521005467960128, 0.3620749951650699, 0.7465623731966372, 0.3448708747824033, 0.8207401048254085, 0.3638002816587686, 0.8052927595597726], "2": [0.0, 0.0, 0.0, 0.0, 0.0, 0.0, 0.0, 0.0, 0.0, 0.0, 0.0, 0.0, 0.0, 0.0, 0.0, 0.0, 0.0, 0.0, 0.0, 0.0, 0.0, 0.0, 0.0, 0.0, 0.0, 0.0, 0.7032904545466105, 0.6483458887785674, 0.6864358345667522, 0.6498871935738457, 0.7217691791554292, 0.6867938907058151, 0.0, 0.0], "3": [0.0, 0.0, 0.0, 0.0, 0.0, 0.0, 0.0, 0.0, 0.0, 0.0, 0.0, 0.0, 0.0, 0.0, 0.0, 0.0, 0.0, 0.0, 0.0, 0.0, 0.0, 0.0, 0.0, 0.0, 0.0, 0.0, 0.0, 0.0, 0.0, 0.0, 0.0, 0.0, 0.6807104455928008, 0.7090158301371116]}