{"0": [0.23714409731328487, 0.6879434289755645, 0.23826630612214406, 0.683451019944968, 0.23631001549462477, 0.6819730047826413, 0.0, 0.0, 0.22746650374804933, 0.6762103412990217, 0.22166740127871762, 0.6952453235376713, 0.2138489513968428, 0.6939075774616665, 0.212362839281559, 0.7533036414119932, 0.20820052338143194, 0.7589064176987719, 0.0, 0.0, 0.20223779021762311, 0.8175090140766568, 0.2092779823889335, 0.7722548674654077, 0.2002356157366866, 0.7815329368728651, 0.0, 0.0, 0.2077918939292431, 0.8652675211429596, 0.0, 0.0, 0.20533815783758957, 0.9513876659450707], "1": [0.0, 0.0, 0.0, 0.0, 0.0, 0.0, 0.7616417739540339, 0.6546829535453408, 0.7790946332116921, 0.651984997148867, 0.7606937389510373, 0.6947826902071635, 0.7936393391651412, 0.6881714319741284, 0.7465119483570258, 0.7507385844433749, 0.8068116592243314, 0.7357863188893706, 0.7290630191564561, 0.7766235106521182, 0.8097811672836542, 0.7793198951968441, 0.7647736454382539, 0.8017961751531671, 0.7836854348580042, 0.8020646819361934, 0.7615523031602304, 0.8664000471433003, 0.7736267134547233, 0.8692067275444667, 0.7387927021210391, 0.8926644810026995, 0.7841690761347612, 0.9377178450977361], "2": [0.0, 0.0, 0.0, 0.0, 0.0, 0.0, 0.0, 0.0, 0.0, 0.0, 0.0, 0.0, 0.0, 0.0, 0.0, 0.0, 0.0, 0.0, 0.0, 0.0, 0.0, 0.0, 0.19343731105327605, 0.7805668342444632, 0.0, 0.0, 0.20879358251889546, 0.8634716383284993, 0.0, 0.0, 0.20529620088636874, 0.9510595532479109, 0.0, 0.0], "3": [0.0, 0.0, 0.0, 0.0, 0.0, 0.0, 0.0, 0.0, 0.0, 0.0, 0.0, 0.0, 0.0, 0.0, 0.0, 0.0, 0.0, 0.0, 0.0, 0.0, 0.0, 0.0, 0.0, 0.0, 0.0, 0.0, 0.23198297495643297, 0.8133846053370724, 0.0, 0.0, 0.22302644043229516, 0.8788512243164909, 0.0, 0.0], "4": [0.0, 0.0, 0.0, 0.0, 0.0, 0.0, 0.0, 0.0, 0.0, 0.0, 0.0, 0.0, 0.0, 0.0, 0.0, 0.0, 0.0, 0.0, 0.0, 0.0, 0.0, 0.0, 0.0, 0.0, 0.0, 0.0, 0.0, 0.0, 0.23213837345441182, 0.8127045501161505, 0.0, 0.0, 0.22112323467930162, 0.8838244347660631], "5": [0.0, 0.0, 0.0, 0.0, 0.0, 0.0, 0.0, 0.0, 0.0, 0.0, 0.0, 0.0, 0.0, 0.0, 0.0, 0.0, 0.0, 0.0, 0.0, 0.0, 0.0, 0.0, 0.0, 0.0, 0.0, 0.0, 0.0, 0.0, 0.0, 0.0, 0.7834214044113954, 0.9346481168711626, 0.0, 0.0], "6": [0.0, 0.0, 0.0, 0.0, 0.0, 0.0, 0.0, 0.0, 0.0, 0.0, 0.0, 0.0, 0.0, 0.0, 0.0, 0.0, 0.0, 0.0, 0.0, 0.0, 0.0, 0.0, 0.0, 0.0, 0.0, 0.0, 0.0, 0.0, 0.0, 0.0, 0.0, 0.0, 0.7375686618189017, 0.8899495937206127]}