{"0": [0.3269338598009199, 0.49543411555113614, 0.3282322908441226, 0.49000632277241457, 0.3247991972913345, 0.490742387926137, 0.0, 0.0, 0.3185926781812062, 0.48871640143571077, 0.3336435419817766, 0.505620182885064, 0.30800340746839844, 0.5210510558552213, 0.3381937359770139, 0.5342517309718661, 0.2986514925956726, 0.5563837930008219, 0.3471565145999193, 0.5440104973536951, 0.29884725405524176, 0.5939206297750826, 0.33023349220554027, 0.5928963453681382, 0.3137586060911417, 0.5963657096442249, 0.3392420757561922, 0.6381729364395141, 0.3124139480292797, 0.6444065489150859, 0.3497984093924364, 0.6954714750802076, 0.3140175802012284, 0.6971499624075712], "1": [0.0, 0.0, 0.5784614142030478, 0.5517992982157954, 0.0, 0.0, 0.5818326022475958, 0.5567498880404013, 0.5965302848567565, 0.5576707438186362, 0.573634418224295, 0.5939719197926698, 0.6066946163152654, 0.5963801931727816, 0.5684013289399446, 0.6411779630515311, 0.6119396178672711, 0.6473870359637119, 0.57457840492328, 0.6687637771721241, 0.6030705643196901, 0.6712849990085319, 0.5785079825669527, 0.685820225322688, 0.5987077485769987, 0.6878684597986716, 0.5777396620561679, 0.7521466075270264, 0.6029118704920013, 0.7521353602133415, 0.5754572254916032, 0.8155161890718672, 0.608864713832736, 0.8172967364390691], "2": [0.0, 0.0, 0.0, 0.0, 0.0, 0.0, 0.0, 0.0, 0.0, 0.0, 0.309155530979236, 0.5174663581230022, 0.3329348977655172, 0.5071983712690847, 0.0, 0.0, 0.0, 0.0, 0.0, 0.0, 0.0, 0.0, 0.0, 0.0, 0.0, 0.0, 0.0, 0.0, 0.0, 0.0, 0.0, 0.0, 0.0, 0.0], "3": [0.0, 0.0, 0.0, 0.0, 0.0, 0.0, 0.0, 0.0, 0.0, 0.0, 0.0, 0.0, 0.0, 0.0, 0.0, 0.0, 0.0, 0.0, 0.0, 0.0, 0.0, 0.0, 0.0, 0.0, 0.0, 0.0, 0.0, 0.0, 0.3383063369741042, 0.6387542963027955, 0.0, 0.0, 0.0, 0.0]}