{"0": [0.3402864759787917, 0.40385922505347815, 0.340416446266075, 0.4003841044726195, 0.0, 0.0, 0.344280165185531, 0.39981291647310613, 0.0, 0.0, 0.35094319954514497, 0.4178112569782469, 0.35565671070168414, 0.4135027622735059, 0.3511797974507014, 0.442572271934262, 0.3489625476300716, 0.43892799748314754, 0.33895712240288656, 0.44415024607269854, 0.34064563835660616, 0.44042702551793167, 0.3566273300287624, 0.4660990591402407, 0.35942894369363787, 0.464119060282354, 0.3441883992403746, 0.48177822121867425, 0.34529851463933786, 0.4806187912269875, 0.34602090244491895, 0.5077482396253833, 0.3491247300058603, 0.508338138350734], "1": [0.3979286453900083, 0.41074732875934356, 0.3972337352732818, 0.40704277356465657, 0.0, 0.0, 0.40010409764945504, 0.4084540954342595, 0.40776067624489465, 0.40483257295908753, 0.40298585314303637, 0.4302523052250898, 0.41040555282282487, 0.42545724555298137, 0.399137918651104, 0.46330238922878547, 0.0, 0.0, 0.38824685787161184, 0.4820975378707603, 0.0, 0.0, 0.41259405339757593, 0.4862421021417335, 0.423071338965868, 0.4849572955320279, 0.3956705837200085, 0.520402999718984, 0.42123861486713093, 0.5205873131752015, 0.3960136190056801, 0.5769459106304028, 0.434922523299853, 0.5542119631060848], "2": [0.0, 0.0, 0.0, 0.0, 0.0, 0.0, 0.0, 0.0, 0.0, 0.0, 0.0, 0.0, 0.0, 0.0, 0.367617488031586, 0.4281836105717553, 0.0, 0.0, 0.3722064677625895, 0.4486182477187227, 0.0, 0.0, 0.0, 0.0, 0.0, 0.0, 0.0, 0.0, 0.0, 0.0, 0.0, 0.0, 0.0, 0.0], "3": [0.0, 0.0, 0.0, 0.0, 0.0, 0.0, 0.0, 0.0, 0.0, 0.0, 0.0, 0.0, 0.0, 0.0, 0.0, 0.0, 0.3685617064901938, 0.43035922977659435, 0.0, 0.0, 0.3726362385166188, 0.4478114645238276, 0.0, 0.0, 0.0, 0.0, 0.0, 0.0, 0.0, 0.0, 0.0, 0.0, 0.0, 0.0], "4": [0.0, 0.0, 0.0, 0.0, 0.0, 0.0, 0.0, 0.0, 0.0, 0.0, 0.0, 0.0, 0.0, 0.0, 0.0, 0.0, 0.0, 0.0, 0.0, 0.0, 0.0, 0.0, 0.0, 0.0, 0.0, 0.0, 0.35123885261515775, 0.5152016357139305, 0.0, 0.0, 0.0, 0.0, 0.0, 0.0], "5": [0.0, 0.0, 0.0, 0.0, 0.0, 0.0, 0.0, 0.0, 0.0, 0.0, 0.0, 0.0, 0.0, 0.0, 0.0, 0.0, 0.0, 0.0, 0.0, 0.0, 0.0, 0.0, 0.0, 0.0, 0.0, 0.0, 0.0, 0.0, 0.3509057819843292, 0.5129600955380333, 0.0, 0.0, 0.0, 0.0]}