{"0": [0.773357718065381, 0.6158790873156652, 0.7770723045706593, 0.6106416926891716, 0.7701272842784722, 0.6092597898509767, 0.7818718891590833, 0.604562726120154, 0.7637778634205461, 0.5998058623737759, 0.7878507629036904, 0.6270143421711745, 0.7525605116039514, 0.6156520426273345, 0.7876267530024051, 0.669648322518225, 0.7413270467271408, 0.6486067047825566, 0.7743464792768162, 0.70812253024843, 0.7464705913017193, 0.697536415523953, 0.7684284572800001, 0.7055087718698715, 0.7469208686922987, 0.6985883158666116, 0.7628698269526164, 0.7595554794426319, 0.7445999324942628, 0.7501552527701413, 0.7627977065742015, 0.804562849358276, 0.7431605131054918, 0.8051707086739717], "1": [0.3609095760000249, 0.6677554881131208, 0.0, 0.0, 0.36059348086516063, 0.66138698304141, 0.0, 0.0, 0.3533311023066441, 0.6645371544140356, 0.32457402323683104, 0.7008914250466559, 0.35189493795235954, 0.7173048697136066, 0.32347928428401546, 0.743262603547838, 0.35790301859378815, 0.7772510784643668, 0.0, 0.0, 0.3666824546953043, 0.820566200768506, 0.3323999090741078, 0.8222824328475529, 0.351083332983156, 0.820124543927334, 0.34659570741156737, 0.8853009791423877, 0.36963631622493265, 0.8818143275048999, 0.34903675417105356, 0.9565717661822284, 0.3503539313872655, 0.9570405035107225]}