{"0": [0.0, 0.0, 0.0, 0.0, 0.0, 0.0, 0.46815603182961546, 0.533781392927523, 0.4794246330857277, 0.5342027955585056, 0.46407924968128406, 0.5609582371181911, 0.4820765722543001, 0.554945730500751, 0.4400589956281086, 0.5773306617030391, 0.0, 0.0, 0.4171511163314184, 0.5831520081670195, 0.0, 0.0, 0.4714303618917863, 0.6370305807502182, 0.49007393370072044, 0.6284940684283221, 0.45023714092870554, 0.658427522579829, 0.4917651974906524, 0.679077872413176, 0.4463122257341941, 0.7353042134532222, 0.5109644952540596, 0.7227177266721372], "1": [0.0, 0.0, 0.0, 0.0, 0.0, 0.0, 0.5930898393193881, 0.5856174186423972, 0.6082652293145656, 0.5856300424646448, 0.580846693366766, 0.6213860838501541, 0.6144895217769469, 0.6252003626690971, 0.5762842752039432, 0.655628934274945, 0.6246570053199927, 0.6765153444475598, 0.0, 0.0, 0.6291007846593856, 0.7157490358308509, 0.5857169477269053, 0.7138084410517304, 0.6085576576491198, 0.7152293638774643, 0.5754300204416116, 0.7567772807898345, 0.6124668711175522, 0.7958119463589456, 0.5696963264917334, 0.8040856550965043, 0.61957085536172, 0.865660098526213], "2": [0.0, 0.0, 0.0, 0.0, 0.0, 0.0, 0.0, 0.0, 0.0, 0.0, 0.0, 0.0, 0.0, 0.0, 0.0, 0.0, 0.0, 0.0, 0.0, 0.0, 0.0, 0.0, 0.0, 0.0, 0.0, 0.0, 0.0, 0.0, 0.0, 0.0, 0.6194574327518543, 0.8656656839229443, 0.0, 0.0], "3": [0.0, 0.0, 0.0, 0.0, 0.0, 0.0, 0.0, 0.0, 0.0, 0.0, 0.0, 0.0, 0.0, 0.0, 0.0, 0.0, 0.0, 0.0, 0.0, 0.0, 0.0, 0.0, 0.0, 0.0, 0.0, 0.0, 0.0, 0.0, 0.0, 0.0, 0.5105888649821282, 0.7225985281445362, 0.0, 0.0]}