{"0": [0.3208395135899384, 0.43960681116139455, 0.3225847315043211, 0.43341112439003254, 0.31830246476456525, 0.4358478449009083, 0.32798308146496613, 0.43020881723474574, 0.3172763374944528, 0.4368947267532349, 0.33990139868110414, 0.456182080120952, 0.3158854277183612, 0.45860765554286814, 0.34563606729110086, 0.4864424367745717, 0.31537152770906685, 0.4957633462217119, 0.34095451061924303, 0.5164360049698088, 0.3174456092218558, 0.5187055049119171, 0.3388950604945421, 0.5236983899716978, 0.32490783284107844, 0.527218755307021, 0.34497813110550246, 0.5679370268627449, 0.32571646422147743, 0.570797532134586, 0.3551479997734229, 0.6069283176351477, 0.3316653679435452, 0.6193307566422003], "1": [0.0, 0.0, 0.0, 0.0, 0.0, 0.0, 0.6032292053103447, 0.4895926676414631, 0.6162356593956549, 0.49168856684808376, 0.5913303648432096, 0.5133403911634727, 0.6211978810528914, 0.5125110939696983, 0.5845395478730401, 0.5526959340881419, 0.626179236980776, 0.5483391399736757, 0.5857894757762552, 0.5881930037781044, 0.6272778009530157, 0.5779716001616584, 0.5959540945788224, 0.5898038231664233, 0.614804983853052, 0.5905746944524624, 0.5933935101144016, 0.6423495332400004, 0.6141039710802336, 0.6444081946655557, 0.5928715633228421, 0.6979227662086488, 0.6077251287798087, 0.7019567465340649]}