{"0": [0.43759823044141133, 0.4579443958070543, 0.43835054089625675, 0.45327543925355984, 0.0, 0.0, 0.44124581739306457, 0.4527217008449413, 0.4500752091407776, 0.4479726864645878, 0.44856363081683714, 0.47345759471257526, 0.4518881143225978, 0.47031311591811203, 0.44684337489306925, 0.5091210384059837, 0.445232192799449, 0.5072715161575212, 0.43337616398930556, 0.516626657931893, 0.43390132337808607, 0.5147036574642967, 0.46223655293385185, 0.5258706640314172, 0.46669109587868063, 0.5244343139507153, 0.44430247830847897, 0.5574049938608099, 0.4670970790088177, 0.5719215801468602, 0.4505076079318921, 0.6048538857036168, 0.47347968599448603, 0.5976602411932416], "1": [0.0, 0.0, 0.0, 0.0, 0.0, 0.0, 0.4879850099484126, 0.46640163439291493, 0.499437387039264, 0.46459878981113434, 0.4830177048842112, 0.49328266785100655, 0.5087400320917368, 0.48897438402529114, 0.47215185066064197, 0.5221499731764198, 0.5177338986968001, 0.5241665882092936, 0.0, 0.0, 0.5241605470577876, 0.5507332382378755, 0.48963886060519146, 0.5655411766635047, 0.5064291468976686, 0.5661482757992214, 0.47848491234083973, 0.6136895758134348, 0.5146465455686363, 0.6197835867051725, 0.4625184729695321, 0.6636771929484827, 0.5253360792994498, 0.6705770391143031], "2": [0.0, 0.0, 0.0, 0.0, 0.0, 0.0, 0.0, 0.0, 0.0, 0.0, 0.0, 0.0, 0.0, 0.0, 0.0, 0.0, 0.4708633831391732, 0.5166128384846229, 0.0, 0.0, 0.0, 0.0, 0.0, 0.0, 0.0, 0.0, 0.0, 0.0, 0.0, 0.0, 0.0, 0.0, 0.0, 0.0], "3": [0.0, 0.0, 0.0, 0.0, 0.0, 0.0, 0.0, 0.0, 0.0, 0.0, 0.0, 0.0, 0.0, 0.0, 0.0, 0.0, 0.0, 0.0, 0.0, 0.0, 0.0, 0.0, 0.0, 0.0, 0.0, 0.0, 0.4670270845293999, 0.5724929813985471, 0.4456170832117399, 0.5555996245808071, 0.4741551445176204, 0.599376811363079, 0.45128925138463577, 0.6036274263773251]}