{"0": [0.6233359547952813, 0.4734747599672388, 0.6267578007342914, 0.4676799162670418, 0.6207179261992375, 0.4670328886420638, 0.6332122477392356, 0.46760687077486957, 0.0, 0.0, 0.6406618637343248, 0.49551737705866505, 0.6257145360112191, 0.4947676071414241, 0.6347948076824347, 0.5320499565866258, 0.6265222574273746, 0.5382813429390942, 0.6270313988245714, 0.5261443244086371, 0.6095437843973438, 0.5534110360675388, 0.6447342516854405, 0.5603024982743793, 0.632506576180458, 0.5592750260640902, 0.6462235428392887, 0.6164801809522841, 0.6180730464557807, 0.5998257058638113, 0.6484598520522317, 0.6657560728214406, 0.6209736272692681, 0.6535182489289177], "1": [0.0, 0.0, 0.0, 0.0, 0.0, 0.0, 0.41407567436496423, 0.5628396277074462, 0.43086572367077075, 0.5613129785767308, 0.40341919201115767, 0.5957978261289774, 0.43940399116836487, 0.5944757677890635, 0.3925142288208008, 0.6329544784570181, 0.4512677600607276, 0.6303416861428156, 0.3875977563361327, 0.6521364117110217, 0.0, 0.0, 0.41085162681216997, 0.6949999630451202, 0.43423863798379897, 0.6938728044430414, 0.3993186090141535, 0.7569908857345582, 0.43637211844325063, 0.7575170874595643, 0.3990499851604303, 0.8320890039205551, 0.4374092773844798, 0.8191690857211749], "2": [0.0, 0.0, 0.0, 0.0, 0.0, 0.0, 0.0, 0.0, 0.0, 0.0, 0.0, 0.0, 0.0, 0.0, 0.0, 0.0, 0.0, 0.0, 0.6085727455715338, 0.5550727835407964, 0.0, 0.0, 0.0, 0.0, 0.0, 0.0, 0.0, 0.0, 0.0, 0.0, 0.0, 0.0, 0.0, 0.0], "3": [0.0, 0.0, 0.0, 0.0, 0.0, 0.0, 0.0, 0.0, 0.0, 0.0, 0.0, 0.0, 0.0, 0.0, 0.0, 0.0, 0.0, 0.0, 0.0, 0.0, 0.454890663176775, 0.629667443257791, 0.0, 0.0, 0.0, 0.0, 0.0, 0.0, 0.0, 0.0, 0.0, 0.0, 0.0, 0.0], "4": [0.0, 0.0, 0.0, 0.0, 0.0, 0.0, 0.0, 0.0, 0.0, 0.0, 0.0, 0.0, 0.0, 0.0, 0.0, 0.0, 0.0, 0.0, 0.0, 0.0, 0.6257614334424336, 0.525439856229005, 0.0, 0.0, 0.0, 0.0, 0.0, 0.0, 0.0, 0.0, 0.0, 0.0, 0.0, 0.0]}