{"0": [0.3227847201594462, 0.5755145209806938, 0.3262296279271444, 0.5683025788377832, 0.31998942283292614, 0.5705239527755314, 0.334736611507833, 0.5677712296998061, 0.0, 0.0, 0.34432551718006527, 0.6082588103082445, 0.3231923581411441, 0.598808639579349, 0.345316952218612, 0.6527417260187643, 0.32915308537582555, 0.6482361815593861, 0.33489113052686054, 0.6834934362658748, 0.0, 0.0, 0.3453895346572002, 0.6893115215831331, 0.32744757924228907, 0.685675504417331, 0.35032365694642065, 0.7493863233813534, 0.31375938188284636, 0.7471349504258897, 0.3586325736095508, 0.807866484368289, 0.3299946447213491, 0.7992235620816549], "1": [0.5039754867553711, 0.43745130035612323, 0.0, 0.0, 0.5047113272051017, 0.4327709396680196, 0.0, 0.0, 0.50275591618071, 0.4303154764352021, 0.4865474872291088, 0.44137352103436434, 0.4937429517425092, 0.4478004918054298, 0.47487211202581725, 0.4544774207803938, 0.0, 0.0, 0.47722428723548843, 0.44681237439314525, 0.4798297507067521, 0.5141610500437243, 0.4877217534929514, 0.4976871728897095, 0.48196338148166734, 0.49818494982189604, 0.499334587653478, 0.5294009704142809, 0.4746974878013134, 0.5482625356426946, 0.5016748695634305, 0.5786074037905092, 0.4496689128379027, 0.5634766201178233], "2": [0.0, 0.0, 0.0, 0.0, 0.0, 0.0, 0.0, 0.0, 0.0, 0.0, 0.0, 0.0, 0.0, 0.0, 0.0, 0.0, 0.47510041706264017, 0.45405601848054816, 0.0, 0.0, 0.0, 0.0, 0.0, 0.0, 0.0, 0.0, 0.0, 0.0, 0.0, 0.0, 0.0, 0.0, 0.0, 0.0], "3": [0.0, 0.0, 0.0, 0.0, 0.0, 0.0, 0.0, 0.0, 0.0, 0.0, 0.0, 0.0, 0.0, 0.0, 0.0, 0.0, 0.0, 0.0, 0.0, 0.0, 0.47804213731239237, 0.44758973794954793, 0.0, 0.0, 0.0, 0.0, 0.0, 0.0, 0.0, 0.0, 0.0, 0.0, 0.0, 0.0], "4": [0.0, 0.0, 0.0, 0.0, 0.0, 0.0, 0.0, 0.0, 0.0, 0.0, 0.0, 0.0, 0.0, 0.0, 0.0, 0.0, 0.0, 0.0, 0.0, 0.0, 0.0, 0.0, 0.0, 0.0, 0.0, 0.0, 0.0, 0.0, 0.0, 0.0, 0.44994704090058807, 0.5639284155986927, 0.0, 0.0]}