{"0": [0.6352189352735877, 0.5577493436910488, 0.0, 0.0, 0.6351391620002687, 0.5512376515401735, 0.0, 0.0, 0.6290193513035774, 0.5512649482599012, 0.6106952651714285, 0.5669494822621346, 0.6142960424534977, 0.5763407384907757, 0.6177823116381963, 0.6079819054515273, 0.620214241494735, 0.6094042722825651, 0.642513648668925, 0.6255547834767236, 0.6431556137278676, 0.6271380006163209, 0.5928996231158086, 0.6439415621206707, 0.5950885048756996, 0.643162320278309, 0.6134641903142134, 0.7098906252119276, 0.6138813950742285, 0.7089745399024752, 0.6084433159480492, 0.7772676865259808, 0.6078031188497941, 0.7784430395673823], "1": [0.0, 0.0, 0.0, 0.0, 0.0, 0.0, 0.5316179826545219, 0.5374942119750712, 0.546926787806054, 0.5417380681744328, 0.520650310566028, 0.5644936859607697, 0.5490032359957695, 0.5779880148393136, 0.509130864093701, 0.6058689185866603, 0.5504648162672917, 0.6198042474411152, 0.5181109286223848, 0.6221000847993073, 0.5560719840228557, 0.6525245511973345, 0.5147651192421715, 0.6570471538437737, 0.5325880357374747, 0.6616823934846454, 0.5157874805231889, 0.7093594266308678, 0.5458517233530681, 0.7248026291529338, 0.5064236363396049, 0.7703586445914374, 0.5356050758312146, 0.8005702195344148], "2": [0.0, 0.0, 0.0, 0.0, 0.0, 0.0, 0.0, 0.0, 0.0, 0.0, 0.0, 0.0, 0.0, 0.0, 0.0, 0.0, 0.0, 0.0, 0.0, 0.0, 0.0, 0.0, 0.0, 0.0, 0.0, 0.0, 0.595401530340314, 0.6956677427998296, 0.0, 0.0, 0.5738127717127403, 0.7229195691921093, 0.0, 0.0], "3": [0.0, 0.0, 0.0, 0.0, 0.0, 0.0, 0.0, 0.0, 0.0, 0.0, 0.0, 0.0, 0.0, 0.0, 0.0, 0.0, 0.0, 0.0, 0.0, 0.0, 0.0, 0.0, 0.0, 0.0, 0.0, 0.0, 0.0, 0.0, 0.0, 0.0, 0.0, 0.0, 0.5737443130463362, 0.7235059797763824]}