{"0": [0.0, 0.0, 0.0, 0.0, 0.0, 0.0, 0.3118698654075463, 0.5358040240075852, 0.32270388840697706, 0.5277646362781525, 0.31579563406606515, 0.5598755585374655, 0.33371165990829466, 0.5423079254450621, 0.3031448390334845, 0.5859184371100532, 0.0, 0.0, 0.2901364449411631, 0.6135800734714225, 0.0, 0.0, 0.3444857982297738, 0.6133597056070964, 0.35656425735602776, 0.6103858917951583, 0.3229886124531428, 0.6689328483961247, 0.3253358479589224, 0.6637524994987029, 0.32993083025018366, 0.7303261148708838, 0.3296975089857976, 0.7286855230728785], "1": [0.0, 0.0, 0.0, 0.0, 0.0, 0.0, 0.41029078248733036, 0.49721601914476465, 0.4237433195114136, 0.49468705963205406, 0.4090371859570344, 0.5297832074678607, 0.4346746827165286, 0.5255709968231342, 0.405350754596293, 0.5749185794481525, 0.4418771496663491, 0.5649145223476268, 0.41328609709938363, 0.5948296559077723, 0.44442012601842484, 0.6003389786790918, 0.4233010014519095, 0.6022284164472863, 0.43890155088156463, 0.5988526518698092, 0.4167611293494702, 0.6593824430748269, 0.4305035372575124, 0.6482170123813881, 0.4218200040360292, 0.729796379873598, 0.4347166835450737, 0.7024233662160251]}