{"0": [0.6276865216592947, 0.4858324995747319, 0.6278656653439005, 0.47857071812506075, 0.6261690008143584, 0.4788301115786588, 0.6269750598352403, 0.47399020018400967, 0.0, 0.0, 0.6455129475643238, 0.491683065339371, 0.6400272422470152, 0.49118366539478303, 0.657851126169165, 0.5303139161180568, 0.0, 0.0, 0.658781764532129, 0.5678704159127341, 0.0, 0.0, 0.6483190048175553, 0.5656240898149986, 0.6341648772358894, 0.560823490663811, 0.652034327830188, 0.6138492652663479, 0.6282455727458001, 0.6130908217695025, 0.6638370874027412, 0.6633217660917177, 0.6221979339296619, 0.6624968242314127], "1": [0.0, 0.0, 0.0, 0.0, 0.0, 0.0, 0.3758013414839904, 0.5414817633452239, 0.3911784040431182, 0.5406131435323644, 0.3682459003602465, 0.5765437221085584, 0.39987735003232955, 0.5740172022712176, 0.3541865396002929, 0.617806588223687, 0.41219717822968954, 0.6143604364660052, 0.3444530620550116, 0.6470905821632456, 0.4074287878970305, 0.6368106691925614, 0.3765028887117902, 0.6629038566240558, 0.3959327114125093, 0.662656980642566, 0.37451770752668384, 0.7308020719775448, 0.393360901499788, 0.7057329114940432, 0.3763647144039472, 0.807130573855506, 0.39464452353616547, 0.7486107327319957], "2": [0.0, 0.0, 0.0, 0.0, 0.0, 0.0, 0.0, 0.0, 0.6309021917482217, 0.4731095110928571, 0.0, 0.0, 0.0, 0.0, 0.0, 0.0, 0.0, 0.0, 0.0, 0.0, 0.0, 0.0, 0.0, 0.0, 0.0, 0.0, 0.0, 0.0, 0.0, 0.0, 0.0, 0.0, 0.0, 0.0], "3": [0.0, 0.0, 0.0, 0.0, 0.0, 0.0, 0.0, 0.0, 0.0, 0.0, 0.0, 0.0, 0.0, 0.0, 0.0, 0.0, 0.0, 0.0, 0.0, 0.0, 0.0, 0.0, 0.0, 0.0, 0.0, 0.0, 0.6280916472276051, 0.6126618462580221, 0.6520651513012126, 0.6148049257419728, 0.6223120914772153, 0.6633444175676063, 0.6635218429068724, 0.6631801015249005], "4": [0.0, 0.0, 0.0, 0.0, 0.0, 0.0, 0.0, 0.0, 0.0, 0.0, 0.0, 0.0, 0.0, 0.0, 0.0, 0.0, 0.0, 0.0, 0.0, 0.0, 0.0, 0.0, 0.0, 0.0, 0.0, 0.0, 0.0, 0.0, 0.0, 0.0, 0.0, 0.0, 0.3761279941226045, 0.8085685111858226]}