{"0": [0.0, 0.0, 0.0, 0.0, 0.0, 0.0, 0.5204358780135712, 0.5014211673427511, 0.5329202483097712, 0.5029201105788902, 0.5113935292388002, 0.5289454684213356, 0.5394405961657563, 0.5311826672818926, 0.50062106102705, 0.5612419382289604, 0.5489485807716847, 0.5628079582143712, 0.48798439850409825, 0.5772045042779711, 0.5534933272749185, 0.5855426143716884, 0.5163732327520848, 0.608175414800644, 0.53605165630579, 0.6060069172470658, 0.4973474221304059, 0.6467564667816516, 0.5411188619832198, 0.6535327233650067, 0.4820449279000361, 0.6998538225337311, 0.5409566710392634, 0.7122973106525562], "1": [0.0, 0.0, 0.0, 0.0, 0.0, 0.0, 0.27827745079994204, 0.578741889971274, 0.29303097948431966, 0.5784960594442156, 0.2868965587268273, 0.6129724250899421, 0.29412855602179966, 0.6103316182891528, 0.27255062827219567, 0.6717429259309062, 0.27498838789761065, 0.6691711573689073, 0.25585328669597707, 0.6739387123673051, 0.2586474801103274, 0.6705765759779347, 0.29479251615703106, 0.706559735150249, 0.3031955923885107, 0.70124500769156, 0.2842226413389047, 0.7854822617989999, 0.28733428368965785, 0.7816022896104389, 0.291479142059149, 0.8505435288077766, 0.287883953443006, 0.8401238726076042]}