{"0": [0.3770503491784135, 0.5573903719584147, 0.0, 0.0, 0.37570324167609215, 0.5515587297026758, 0.0, 0.0, 0.36778966461618745, 0.5553964036482351, 0.34477449816962086, 0.5870205404581847, 0.37448700418074926, 0.5962603612078561, 0.33268823797504105, 0.6290826581142567, 0.37460118234157563, 0.6420887875336188, 0.3433306270589431, 0.6508856007346402, 0.38381991870701315, 0.6670557099360007, 0.34750604604681334, 0.6830316702524821, 0.36819145499418177, 0.685691450867388, 0.3525789322952429, 0.7491414615401515, 0.37887844132880377, 0.7437497766481506, 0.35322588632504154, 0.8102269896202616, 0.3863058235496283, 0.8073712454901801], "1": [0.738212046275536, 0.5423053893778059, 0.7385182842612267, 0.5373473673231072, 0.0, 0.0, 0.7452927624185881, 0.5374370160478132, 0.0, 0.0, 0.7541565282891194, 0.5690328017429069, 0.7579618558287621, 0.5624134944544898, 0.7578352904568116, 0.6180507444121219, 0.7486702367042501, 0.6136936265009421, 0.7473867475986481, 0.6578378286626604, 0.0, 0.0, 0.7496733983357747, 0.6578346698372451, 0.7447033402199547, 0.6548838315186677, 0.7306095090384284, 0.7076975098086729, 0.7493039175868036, 0.7123710219506865, 0.7454891939957936, 0.7726529629142196, 0.7459829109410445, 0.769710432600092], "2": [0.0, 0.0, 0.0, 0.0, 0.0, 0.0, 0.0, 0.0, 0.0, 0.0, 0.0, 0.0, 0.0, 0.0, 0.0, 0.0, 0.0, 0.0, 0.0, 0.0, 0.7363089966898163, 0.6266334529276247, 0.0, 0.0, 0.0, 0.0, 0.0, 0.0, 0.0, 0.0, 0.0, 0.0, 0.0, 0.0], "3": [0.0, 0.0, 0.0, 0.0, 0.0, 0.0, 0.0, 0.0, 0.0, 0.0, 0.0, 0.0, 0.0, 0.0, 0.0, 0.0, 0.0, 0.0, 0.0, 0.0, 0.0, 0.0, 0.0, 0.0, 0.0, 0.0, 0.0, 0.0, 0.7298287985225519, 0.7061107667507949, 0.0, 0.0, 0.0, 0.0]}