{"0": [0.4914410263299942, 0.5015838265419006, 0.4937773074004023, 0.49769993556870357, 0.4914082954327265, 0.49819790478105896, 0.501529059621195, 0.5004259539423167, 0.0, 0.0, 0.5119427226483821, 0.527477435933219, 0.4952270522713661, 0.529182848058365, 0.5172201924026013, 0.5752335081497828, 0.49299572557210924, 0.5682560709891495, 0.49678189419209956, 0.5887809489267292, 0.0, 0.0, 0.5119210679084063, 0.6091172529591454, 0.5040847815573215, 0.6087339006088398, 0.5099797224936385, 0.6630595382096038, 0.5064097445458173, 0.6636077394088108, 0.5139477327993635, 0.7238159958473447, 0.5139971193341611, 0.7155020740181599], "1": [0.4634120173752308, 0.5217926403714551, 0.4643172880945106, 0.5177265153990851, 0.0, 0.0, 0.4706835905710856, 0.5168984009159936, 0.0, 0.0, 0.47582559113701184, 0.5457260664966371, 0.4787536695599556, 0.5405235796063035, 0.4745886036505302, 0.5976621955633163, 0.4732795500506957, 0.5955923184752464, 0.45553125329315663, 0.6216863658693101, 0.4562625030239966, 0.620551238236604, 0.0, 0.0, 0.48093717709804573, 0.6161298994664791, 0.0, 0.0, 0.47687195797140397, 0.6398927663211469, 0.0, 0.0, 0.4847596523662408, 0.665633890805421], "2": [0.0, 0.0, 0.0, 0.0, 0.0, 0.0, 0.0, 0.0, 0.0, 0.0, 0.0, 0.0, 0.0, 0.0, 0.0, 0.0, 0.0, 0.0, 0.0, 0.0, 0.4927178002893925, 0.5856824230264734, 0.0, 0.0, 0.0, 0.0, 0.0, 0.0, 0.0, 0.0, 0.0, 0.0, 0.0, 0.0], "3": [0.0, 0.0, 0.0, 0.0, 0.0, 0.0, 0.0, 0.0, 0.0, 0.0, 0.0, 0.0, 0.0, 0.0, 0.0, 0.0, 0.0, 0.0, 0.0, 0.0, 0.0, 0.0, 0.4777207111939788, 0.6163423975308736, 0.0, 0.0, 0.47703343811056886, 0.6397956739973139, 0.0, 0.0, 0.4842936945458253, 0.6656679237330402, 0.0, 0.0]}