{"0": [0.0, 0.0, 0.0, 0.0, 0.0, 0.0, 0.6073569657901923, 0.5361808611838906, 0.6216337788850069, 0.5378896497465946, 0.5994046521683533, 0.5650540046117923, 0.6289969199647506, 0.5683714001267045, 0.5909552469849586, 0.6078425447146097, 0.6354485504794866, 0.6066352084830955, 0.603189775844415, 0.6085047876393354, 0.6429544949904085, 0.6358262066487912, 0.603906277070443, 0.6404709623367698, 0.6246957379082839, 0.641200372852661, 0.5890768570204575, 0.6563969383637109, 0.637626738211885, 0.6770571563613117, 0.578944111118714, 0.7117350885161647, 0.6507556740194559, 0.7311772656661493], "1": [0.0, 0.0, 0.0, 0.0, 0.0, 0.0, 0.5057404274431367, 0.5377045002248552, 0.5206334455559651, 0.5377807234172468, 0.497339390963316, 0.5689747117183827, 0.5257570888847113, 0.5730007326161421, 0.48215415378411614, 0.599057643501847, 0.5323398421208064, 0.6131926538767638, 0.47814402741690476, 0.6227042290899489, 0.5403546122213204, 0.6433884764159167, 0.5009213231503964, 0.6486251305650782, 0.5216801978647709, 0.6543169266647763, 0.485946372585992, 0.6862950937615501, 0.5326672787467639, 0.6770386340993422, 0.46674463351567586, 0.7182816761511345, 0.5334046155214309, 0.728157572724201]}