{"0": [0.652065450149045, 0.517951218728666, 0.651063100496928, 0.514438634255418, 0.0, 0.0, 0.0, 0.0, 0.6431440962478518, 0.5192273217218893, 0.0, 0.0, 0.0, 0.0, 0.0, 0.0, 0.0, 0.0, 0.0, 0.0, 0.0, 0.0, 0.0, 0.0, 0.0, 0.0, 0.0, 0.0, 0.0, 0.0, 0.0, 0.0, 0.0, 0.0], "1": [0.0, 0.0, 0.0, 0.0, 0.6500244534264008, 0.512965550246062, 0.0, 0.0, 0.0, 0.0, 0.0, 0.0, 0.0, 0.0, 0.0, 0.0, 0.0, 0.0, 0.0, 0.0, 0.0, 0.0, 0.0, 0.0, 0.0, 0.0, 0.0, 0.0, 0.0, 0.0, 0.0, 0.0, 0.0, 0.0], "2": [0.0, 0.0, 0.0, 0.0, 0.0, 0.0, 0.41569096793731053, 0.5720008408581769, 0.4322426771124205, 0.5717163136711827, 0.40504289033512275, 0.6074299571690736, 0.4413246230532726, 0.6076380425029331, 0.3902551864584287, 0.6451017340024311, 0.4518795918828497, 0.6371201391573306, 0.37466326616704465, 0.6731539364214297, 0.45211482661543406, 0.6197159144613478, 0.4091186307370663, 0.7071806451374734, 0.4343892188121875, 0.703962622306965, 0.39366442636431503, 0.7599708528982269, 0.4373314750691255, 0.7644349612571574, 0.3946317510679364, 0.836010949699967, 0.44644237582882246, 0.8294456384800099], "3": [0.0, 0.0, 0.0, 0.0, 0.0, 0.0, 0.0, 0.0, 0.0, 0.0, 0.6420971264327429, 0.5246809039621182, 0.6427650386239263, 0.5269417589145682, 0.6580634964009126, 0.5373807604942057, 0.6590881686657667, 0.538053450761018, 0.6692580713890492, 0.5234063890245225, 0.6705611858516931, 0.5238951787904457, 0.6438465676891307, 0.5824795408381356, 0.6325489511092504, 0.5790530184904734, 0.6491642069071532, 0.6315319308528193, 0.6196319332346321, 0.629037559694714, 0.6448353347678979, 0.6915860971918812, 0.6042337628702322, 0.6780356204896062], "4": [0.0, 0.0, 0.0, 0.0, 0.0, 0.0, 0.0, 0.0, 0.0, 0.0, 0.0, 0.0, 0.0, 0.0, 0.0, 0.0, 0.0, 0.0, 0.6463022326429684, 0.488379802748009, 0.0, 0.0, 0.0, 0.0, 0.0, 0.0, 0.0, 0.0, 0.0, 0.0, 0.0, 0.0, 0.0, 0.0], "5": [0.0, 0.0, 0.0, 0.0, 0.0, 0.0, 0.0, 0.0, 0.0, 0.0, 0.0, 0.0, 0.0, 0.0, 0.0, 0.0, 0.0, 0.0, 0.0, 0.0, 0.6459996613363425, 0.48882424654784024, 0.0, 0.0, 0.0, 0.0, 0.0, 0.0, 0.0, 0.0, 0.0, 0.0, 0.0, 0.0], "6": [0.0, 0.0, 0.0, 0.0, 0.0, 0.0, 0.0, 0.0, 0.0, 0.0, 0.0, 0.0, 0.0, 0.0, 0.0, 0.0, 0.0, 0.0, 0.0, 0.0, 0.0, 0.0, 0.6273658429582913, 0.5747043799470972, 0.0, 0.0, 0.6209142323583364, 0.6296367813039709, 0.6500776839752992, 0.628474130012371, 0.605261464541157, 0.6780409509109127, 0.6447153631597757, 0.6924946315103659]}