{"0": [0.4301702186465263, 0.473475338573809, 0.4332970067858696, 0.46723584863874645, 0.42735517065351203, 0.4680208192931281, 0.4386942496523261, 0.4689246380770648, 0.4243307222922643, 0.47030525852546645, 0.44656295602520313, 0.4994533220375026, 0.41873946676011353, 0.5007506457191927, 0.0, 0.0, 0.41808622765044373, 0.5401084537859316, 0.0, 0.0, 0.41799414834628507, 0.577097632266857, 0.0, 0.0, 0.42400811314582826, 0.5774448174017447, 0.0, 0.0, 0.4197813427696625, 0.622655803627438, 0.0, 0.0, 0.4166987995306651, 0.6678303299126802], "1": [0.44369284618490684, 0.5141472770108118, 0.4462070412933826, 0.5110402246316275, 0.4404599980761608, 0.5112556285328336, 0.4514764742304881, 0.5119123527297267, 0.43528523445129397, 0.5172591326413332, 0.45288593030224245, 0.5441785702274905, 0.4305888385822375, 0.5408191186410409, 0.43674270808696747, 0.5809792746548299, 0.4223085969686508, 0.5719005134370592, 0.4249760995308558, 0.574871223171552, 0.0, 0.0, 0.45223691359472773, 0.6248496072159873, 0.43637546747922895, 0.6225718564457364, 0.4522385327766339, 0.6855498070518176, 0.0, 0.0, 0.4561602186489229, 0.7569912309999819, 0.4482973444275558, 0.7375087626002453], "2": [0.0, 0.0, 0.0, 0.0, 0.0, 0.0, 0.0, 0.0, 0.0, 0.0, 0.0, 0.0, 0.0, 0.0, 0.0, 0.0, 0.0, 0.0, 0.0, 0.0, 0.4203801915049553, 0.6172425582453057, 0.0, 0.0, 0.0, 0.0, 0.0, 0.0, 0.0, 0.0, 0.0, 0.0, 0.0, 0.0], "3": [0.0, 0.0, 0.0, 0.0, 0.0, 0.0, 0.0, 0.0, 0.0, 0.0, 0.0, 0.0, 0.0, 0.0, 0.0, 0.0, 0.0, 0.0, 0.0, 0.0, 0.41613094297548137, 0.6574355171786415, 0.0, 0.0, 0.0, 0.0, 0.0, 0.0, 0.0, 0.0, 0.0, 0.0, 0.0, 0.0], "4": [0.0, 0.0, 0.0, 0.0, 0.0, 0.0, 0.0, 0.0, 0.0, 0.0, 0.0, 0.0, 0.0, 0.0, 0.0, 0.0, 0.0, 0.0, 0.0, 0.0, 0.0, 0.0, 0.4321158085018396, 0.5595407575368883, 0.0, 0.0, 0.0, 0.0, 0.0, 0.0, 0.0, 0.0, 0.0, 0.0], "5": [0.0, 0.0, 0.0, 0.0, 0.0, 0.0, 0.0, 0.0, 0.0, 0.0, 0.0, 0.0, 0.0, 0.0, 0.0, 0.0, 0.0, 0.0, 0.0, 0.0, 0.0, 0.0, 0.0, 0.0, 0.0, 0.0, 0.0, 0.0, 0.4459021095186472, 0.685267457138333, 0.0, 0.0, 0.0, 0.0]}