{"0": [0.0, 0.0, 0.0, 0.0, 0.0, 0.0, 0.32893842570483683, 0.643300923594722, 0.34740331616873543, 0.641954353010213, 0.3182969055448969, 0.6836472383251897, 0.35966875975330664, 0.6809362729390462, 0.30366583714882533, 0.741513665958687, 0.36838873621697227, 0.7373039068999114, 0.2975886953684191, 0.7862988966482657, 0.36787360478192566, 0.7744402682615652, 0.3335245961944262, 0.7937998659080929, 0.35790033079683786, 0.789483681873039, 0.3323070065428813, 0.8634423122361854, 0.346947250328958, 0.8567206644349629, 0.34130758891503016, 0.9636460483074188, 0.34934693239629266, 0.9155747789475653], "1": [0.0, 0.0, 0.0, 0.0, 0.0, 0.0, 0.440527806431055, 0.528422717253367, 0.45491221447785696, 0.5276427268981934, 0.4343698473026355, 0.5638847092787425, 0.46471481026771166, 0.5623380089247668, 0.42214106637984516, 0.6021359246086191, 0.4715344908336798, 0.6034160534264865, 0.4125153391311566, 0.6268894925161644, 0.46936771801362437, 0.6302551499119511, 0.4395651287496245, 0.6391267465220557, 0.45898587902386984, 0.6416050892737175, 0.4209742987117329, 0.6917038675037167, 0.45037589607139433, 0.6760074054753339, 0.403075011074543, 0.7439137239147114, 0.4534301309535901, 0.7224323493600996], "2": [0.0, 0.0, 0.0, 0.0, 0.0, 0.0, 0.0, 0.0, 0.0, 0.0, 0.0, 0.0, 0.0, 0.0, 0.0, 0.0, 0.0, 0.0, 0.0, 0.0, 0.0, 0.0, 0.0, 0.0, 0.0, 0.0, 0.0, 0.0, 0.0, 0.0, 0.0, 0.0, 0.3415284775197506, 0.9612494168458161], "3": [0.0, 0.0, 0.0, 0.0, 0.0, 0.0, 0.0, 0.0, 0.0, 0.0, 0.0, 0.0, 0.0, 0.0, 0.0, 0.0, 0.0, 0.0, 0.0, 0.0, 0.0, 0.0, 0.0, 0.0, 0.0, 0.0, 0.0, 0.0, 0.0, 0.0, 0.0, 0.0, 0.40250660926103593, 0.7434920496410793]}