{"0": [0.7412340372800827, 0.5010848390835303, 0.7425423793494701, 0.4958184683764422, 0.7410469775398573, 0.4973836580912272, 0.7504565050204595, 0.4950114417959143, 0.0, 0.0, 0.7605169104489808, 0.522690561193007, 0.746760220080614, 0.5230563741591242, 0.7681194553151727, 0.564474904316443, 0.7422923151403665, 0.5568419670617138, 0.7602481841109693, 0.6058972038604595, 0.7304728726545969, 0.5715090798007118, 0.7524002986960113, 0.6103158134001273, 0.7428099945187568, 0.6047852491890943, 0.7433306888056298, 0.654694120530729, 0.0, 0.0, 0.739020726956639, 0.702697949234787, 0.7488419925173123, 0.7159441716141172], "1": [0.0, 0.0, 0.0, 0.0, 0.0, 0.0, 0.3495936336616675, 0.5537649653576039, 0.3630057029426098, 0.5554616720588119, 0.3375525292009115, 0.5876904926918171, 0.370613099137942, 0.5970394323269527, 0.3283586592723926, 0.6332946287088648, 0.37635629636545975, 0.6417423358669987, 0.3328788645565509, 0.6653670889359933, 0.38067818656563757, 0.6747660279273987, 0.3400356130674482, 0.6775850300987561, 0.3610037566473086, 0.6814516562002676, 0.33275377315779525, 0.7433329086612772, 0.3623777630428473, 0.742050944213514, 0.3312654019634162, 0.8147365495010659, 0.3677986584603786, 0.8006669296158685], "2": [0.0, 0.0, 0.0, 0.0, 0.0, 0.0, 0.0, 0.0, 0.0, 0.0, 0.0, 0.0, 0.0, 0.0, 0.0, 0.0, 0.0, 0.0, 0.0, 0.0, 0.0, 0.0, 0.0, 0.0, 0.0, 0.0, 0.0, 0.0, 0.7533517073839903, 0.6659755940790529, 0.0, 0.0, 0.0, 0.0]}