{"0": [0.5446750902260343, 0.473806729581621, 0.0, 0.0, 0.5450349000593027, 0.46836913779929834, 0.5335542266567548, 0.4580585051465918, 0.5438423244515433, 0.4657654258939955, 0.5228809836514604, 0.47027211153396853, 0.5418452260394891, 0.48472681920285576, 0.5071778988465667, 0.4843978683705683, 0.5407265064616998, 0.5157469930472197, 0.4989497936641177, 0.5147430814112778, 0.5314872124853233, 0.5467134009908747, 0.5091221457968156, 0.528421234091123, 0.5233970035798847, 0.5349423947157683, 0.5131511638561884, 0.580070482691129, 0.5186262575909495, 0.58273787189413, 0.5094006882980466, 0.635071489877171, 0.5096063144266628, 0.6342453592285976], "1": [0.0, 0.0, 0.0, 0.0, 0.0, 0.0, 0.5977491199970245, 0.41007186317885364, 0.60865458038946, 0.40852450397279527, 0.595454778522253, 0.4363308352452737, 0.6167470621565977, 0.43280908106653776, 0.5903173119450609, 0.467050125863817, 0.6254454861084621, 0.460789688428243, 0.5849387785730262, 0.4748877659991935, 0.6222836011399825, 0.48155045906702676, 0.6023373763387402, 0.4976565857728322, 0.6148374582951267, 0.4953423798084259, 0.6065068925265222, 0.5402216147493434, 0.6158664063860974, 0.5378894282711877, 0.612767514338096, 0.5812092129555013, 0.6207022362699112, 0.5786681184062251]}