{"0": [0.0, 0.0, 0.0, 0.0, 0.0, 0.0, 0.3041442845016718, 0.5420210855978507, 0.31692955531179906, 0.5420926769574483, 0.2978242293465883, 0.5685422323368213, 0.32541598081588746, 0.569816870380331, 0.28870627867678794, 0.6007070700327556, 0.3377022827665011, 0.5986199968390995, 0.2778153235092759, 0.6287211226092444, 0.34245363970597587, 0.6282866230717412, 0.3094158167640368, 0.6402332952728977, 0.3236864590396484, 0.6402195486205595, 0.0, 0.0, 0.31029769452288747, 0.7099826656006001, 0.2930453230937322, 0.6946034140057034, 0.33997764786084494, 0.7202501592812715], "1": [0.0, 0.0, 0.0, 0.0, 0.0, 0.0, 0.4168914866944154, 0.49514881284148604, 0.4297262739390134, 0.4948770114669093, 0.411983305712541, 0.526326823455316, 0.4378192606071631, 0.5252352383401658, 0.40689407686392465, 0.5645680798424615, 0.4453672527025143, 0.559995066622893, 0.4007151860743761, 0.5905999705747321, 0.44127553688983123, 0.5860712424472526, 0.41892084617478154, 0.5968200620677736, 0.4353247140223781, 0.5966964232700842, 0.40703117835024993, 0.6295043949727659, 0.44404696005706984, 0.642153968192913, 0.4153976358473301, 0.6866420660857802, 0.4632471568882466, 0.6919505618788578], "2": [0.0, 0.0, 0.0, 0.0, 0.0, 0.0, 0.0, 0.0, 0.0, 0.0, 0.0, 0.0, 0.0, 0.0, 0.0, 0.0, 0.0, 0.0, 0.0, 0.0, 0.0, 0.0, 0.0, 0.0, 0.0, 0.0, 0.31029920002135136, 0.7122195217344496, 0.0, 0.0, 0.0, 0.0, 0.0, 0.0], "3": [0.0, 0.0, 0.0, 0.0, 0.0, 0.0, 0.0, 0.0, 0.0, 0.0, 0.0, 0.0, 0.0, 0.0, 0.0, 0.0, 0.0, 0.0, 0.0, 0.0, 0.0, 0.0, 0.0, 0.0, 0.0, 0.0, 0.2996532958000898, 0.6622961217606509, 0.0, 0.0, 0.0, 0.0, 0.0, 0.0], "4": [0.0, 0.0, 0.0, 0.0, 0.0, 0.0, 0.0, 0.0, 0.0, 0.0, 0.0, 0.0, 0.0, 0.0, 0.0, 0.0, 0.0, 0.0, 0.0, 0.0, 0.0, 0.0, 0.0, 0.0, 0.0, 0.0, 0.0, 0.0, 0.0, 0.0, 0.340248868179818, 0.7202783319685194, 0.0, 0.0]}