{"0": [0.4799482918033997, 0.46411526953732524, 0.4810331475300094, 0.46111055325578754, 0.47964768757422765, 0.46106000873777603, 0.4843043944487969, 0.4603803559585854, 0.0, 0.0, 0.4973987712835272, 0.47893728183375467, 0.473751037940383, 0.4818245863472974, 0.5081822082400322, 0.5114698986212413, 0.47410711869597433, 0.5102722121609582, 0.5080398467679819, 0.5465858801647469, 0.4792552975316842, 0.5357939704700753, 0.49746812355394165, 0.5490519139501784, 0.48529206796859703, 0.5497953520880805, 0.5050801503161589, 0.5936251527733273, 0.47808392060299715, 0.6048136410889802, 0.5157561476031939, 0.6350712530038974, 0.4706195165713628, 0.6531295460683328], "1": [0.6330804991225402, 0.4541917697147087, 0.6335397290686766, 0.44998550724100184, 0.0, 0.0, 0.6354863781404371, 0.4519521647029453, 0.6462057409187157, 0.4495744055068051, 0.635767585101227, 0.48077787823147244, 0.6555790805568299, 0.47732313131844556, 0.6334721354146798, 0.5191811398223596, 0.6569386705756187, 0.5162514372004403, 0.622861269050433, 0.5316548864046733, 0.6528422448163231, 0.5442528230724512, 0.6363071041802565, 0.5507957009253679, 0.649998982499043, 0.5514201541465742, 0.6328440596659977, 0.5988862090640598, 0.6458162901302179, 0.5952953045014981, 0.6344506172463298, 0.6497140275107489, 0.6532588488111893, 0.6380492115462267], "2": [0.0, 0.0, 0.0, 0.0, 0.0, 0.0, 0.0, 0.0, 0.4811011930617193, 0.46013156352219764, 0.0, 0.0, 0.0, 0.0, 0.0, 0.0, 0.0, 0.0, 0.0, 0.0, 0.0, 0.0, 0.0, 0.0, 0.0, 0.0, 0.0, 0.0, 0.0, 0.0, 0.0, 0.0, 0.0, 0.0], "3": [0.0, 0.0, 0.0, 0.0, 0.0, 0.0, 0.0, 0.0, 0.0, 0.0, 0.4740730202446381, 0.4796966199521665, 0.0, 0.0, 0.0, 0.0, 0.0, 0.0, 0.0, 0.0, 0.0, 0.0, 0.0, 0.0, 0.0, 0.0, 0.0, 0.0, 0.0, 0.0, 0.0, 0.0, 0.0, 0.0], "4": [0.0, 0.0, 0.0, 0.0, 0.0, 0.0, 0.0, 0.0, 0.0, 0.0, 0.0, 0.0, 0.0, 0.0, 0.0, 0.0, 0.0, 0.0, 0.0, 0.0, 0.0, 0.0, 0.0, 0.0, 0.0, 0.0, 0.0, 0.0, 0.505070590103666, 0.5945992369342733, 0.0, 0.0, 0.5161512310306231, 0.6349590926258653], "5": [0.0, 0.0, 0.0, 0.0, 0.0, 0.0, 0.0, 0.0, 0.0, 0.0, 0.0, 0.0, 0.0, 0.0, 0.0, 0.0, 0.0, 0.0, 0.0, 0.0, 0.0, 0.0, 0.0, 0.0, 0.0, 0.0, 0.0, 0.0, 0.0, 0.0, 0.4703726809471845, 0.65347359334981, 0.0, 0.0]}