{"0": [0.3613034776722391, 0.47866144274119976, 0.3622631217042605, 0.473782636501171, 0.35944244799514613, 0.4732519061477096, 0.0, 0.0, 0.35080278739333154, 0.47272885110643176, 0.3531814757734537, 0.4959696944113131, 0.3418318503846725, 0.4969364841779074, 0.35109753149251144, 0.531756787388413, 0.3329965084791183, 0.5330661354241548, 0.3609560968975226, 0.545006521542867, 0.33796673553685347, 0.5679660448321588, 0.3493265025317669, 0.5665179958773984, 0.340900086859862, 0.5716103695057057, 0.35756385723749795, 0.6128807710276709, 0.3362108863890171, 0.6202495174275504, 0.3652983337640762, 0.6645939270655314, 0.3363043931002418, 0.6727982390809942], "1": [0.0, 0.0, 0.0, 0.0, 0.0, 0.0, 0.6817882888639967, 0.5906127981565616, 0.695999729509155, 0.5862725337346395, 0.6881370810170969, 0.6291910860273573, 0.7052267100661993, 0.6134474153871889, 0.678795622785886, 0.6843732811234615, 0.0, 0.0, 0.6629683776448171, 0.7221217290049902, 0.0, 0.0, 0.6902544556185604, 0.7293477948617052, 0.7017844186164439, 0.7274381472004785, 0.6792238265275955, 0.7797314689115241, 0.6970867917562524, 0.792738237645891, 0.667295454069972, 0.8213095143989282, 0.7027893727645278, 0.8614627873456037], "2": [0.0, 0.0, 0.0, 0.0, 0.0, 0.0, 0.0, 0.0, 0.0, 0.0, 0.0, 0.0, 0.0, 0.0, 0.0, 0.0, 0.0, 0.0, 0.0, 0.0, 0.0, 0.0, 0.0, 0.0, 0.0, 0.0, 0.3357233134408792, 0.6223061976609406, 0.35811647747953734, 0.6133059841615183, 0.0, 0.0, 0.3656407336393992, 0.665798662547712], "3": [0.0, 0.0, 0.0, 0.0, 0.0, 0.0, 0.0, 0.0, 0.0, 0.0, 0.0, 0.0, 0.0, 0.0, 0.0, 0.0, 0.0, 0.0, 0.0, 0.0, 0.0, 0.0, 0.0, 0.0, 0.0, 0.0, 0.0, 0.0, 0.0, 0.0, 0.7031296901404858, 0.8605217319947702, 0.0, 0.0]}