{"0": [0.5413742393255234, 0.48021209725627195, 0.0, 0.0, 0.5411503069102764, 0.4767617944214079, 0.5288771815598011, 0.4701086452437771, 0.5384303399672111, 0.4750524913823163, 0.5193473339080811, 0.48898513206729183, 0.5333960254987081, 0.5019330355856154, 0.5135147824883461, 0.5290495464647258, 0.5279835202420752, 0.5405989589514556, 0.5115669066707293, 0.5640342478398924, 0.5304732687150439, 0.577779049343533, 0.5163669291883707, 0.5727262685696284, 0.5255460374057292, 0.5735212244921261, 0.5302073908348878, 0.6232771054462151, 0.533348132049044, 0.6227372955392907, 0.5108622029400366, 0.6627458683478825, 0.5225051675612727, 0.6740932601469535], "1": [0.0, 0.0, 0.0, 0.0, 0.0, 0.0, 0.5693652341142297, 0.3983200369057832, 0.5794344805181026, 0.39822702407836913, 0.5632469135026136, 0.4231213218635983, 0.5850552470112841, 0.424958610424289, 0.5565416312155624, 0.4349896208003715, 0.5900562545905511, 0.4514413661426968, 0.0, 0.0, 0.0, 0.0, 0.5665525302290917, 0.48350847297244604, 0.581070579495281, 0.4833716543736281, 0.5648502139995496, 0.5276195254590776, 0.5816834392026067, 0.5187830324526186, 0.5645807320872943, 0.5750390077078784, 0.5818473371987541, 0.5529638246253685]}