{"0": [0.405715424567461, 0.511784737419199, 0.4066215326388677, 0.5068539988663462, 0.0, 0.0, 0.41155882899959884, 0.5088322391112645, 0.4221537833412488, 0.504776289065679, 0.4101869989031305, 0.5363085624796373, 0.43728157579898835, 0.5264823445567378, 0.4066176100944479, 0.5747240872294814, 0.4489888571202755, 0.5642619759948165, 0.39636659969886145, 0.5900044818719227, 0.44618201938768226, 0.5988583789931403, 0.4214349261174599, 0.620367835296525, 0.4412627205252647, 0.617287955902241, 0.4192136539456745, 0.6712528352936109, 0.44965393170714385, 0.6642235947979821, 0.4218704109390576, 0.7253736248722783, 0.46372657815615337, 0.7226890451930187], "1": [0.0, 0.0, 0.0, 0.0, 0.0, 0.0, 0.2751889827350775, 0.6346676623379742, 0.0, 0.0, 0.29066362269222734, 0.6390759610467487, 0.2861880131686727, 0.6394458639400976, 0.29497424848377707, 0.6777144442346913, 0.291783115764459, 0.6770966889129745, 0.2761282013729215, 0.7067368417978287, 0.2768695199551682, 0.7040803057176096, 0.32148410951097806, 0.6842688797248734, 0.3340506148835024, 0.6818176384325381, 0.28904836246122917, 0.7344928935722068, 0.31894129027302065, 0.7564246341034219, 0.2808177478301028, 0.8093993941942851, 0.331470687687397, 0.8106897269134168], "2": [0.0, 0.0, 0.0, 0.0, 0.0, 0.0, 0.0, 0.0, 0.0, 0.0, 0.0, 0.0, 0.0, 0.0, 0.0, 0.0, 0.0, 0.0, 0.0, 0.0, 0.0, 0.0, 0.0, 0.0, 0.0, 0.0, 0.31927293638388315, 0.7586109648148218, 0.28957021663081833, 0.7338329209221734, 0.3308150742513438, 0.8110660371025681, 0.28059730579455694, 0.8090837443316424]}