{"0": [0.0, 0.0, 0.0, 0.0, 0.0, 0.0, 0.44320502045253907, 0.5512673380750197, 0.45707140446951, 0.5493588844935099, 0.437314660102129, 0.5848463405061651, 0.46666171302398046, 0.5737683673975644, 0.4201879582057397, 0.6216165087841174, 0.4831024227042993, 0.5401702757234926, 0.40037612468004224, 0.6443738319255687, 0.4904032848775387, 0.49876245039480704, 0.44493874621888, 0.6749743260719158, 0.46532586030662065, 0.6771705605917506, 0.4281152796621124, 0.7313168882219879, 0.4738994037732482, 0.7303594341984502, 0.4073948830366135, 0.7908146412284287, 0.4865999591847261, 0.8062902203312626], "1": [0.0, 0.0, 0.0, 0.0, 0.0, 0.0, 0.4888465505714218, 0.555506729638135, 0.5029917163153489, 0.5624363718209443, 0.48082065836836896, 0.5924028515815736, 0.5105123044767728, 0.5976903002571177, 0.0, 0.0, 0.5143894044837604, 0.6325184835327995, 0.0, 0.0, 0.0, 0.0, 0.48824472290774185, 0.6704841732495913, 0.5067715600132943, 0.6716476803576504, 0.0, 0.0, 0.499311912804842, 0.7059399961321442, 0.0, 0.0, 0.5015108269912496, 0.739920553879517], "2": [0.0, 0.0, 0.0, 0.0, 0.0, 0.0, 0.0, 0.0, 0.0, 0.0, 0.0, 0.0, 0.0, 0.0, 0.482236269240578, 0.5389979545716886, 0.0, 0.0, 0.49040237764517464, 0.49940089765522216, 0.0, 0.0, 0.0, 0.0, 0.0, 0.0, 0.0, 0.0, 0.0, 0.0, 0.0, 0.0, 0.0, 0.0], "3": [0.0, 0.0, 0.0, 0.0, 0.0, 0.0, 0.0, 0.0, 0.0, 0.0, 0.0, 0.0, 0.0, 0.0, 0.0, 0.0, 0.0, 0.0, 0.0, 0.0, 0.0, 0.0, 0.0, 0.0, 0.0, 0.0, 0.4749508542319138, 0.7316159062915378, 0.0, 0.0, 0.0, 0.0, 0.0, 0.0], "4": [0.0, 0.0, 0.0, 0.0, 0.0, 0.0, 0.0, 0.0, 0.0, 0.0, 0.0, 0.0, 0.0, 0.0, 0.0, 0.0, 0.0, 0.0, 0.0, 0.0, 0.0, 0.0, 0.0, 0.0, 0.0, 0.0, 0.0, 0.0, 0.0, 0.0, 0.4856116122100502, 0.8053404579559962, 0.0, 0.0]}