{"0": [0.5971359008302292, 0.5255010008811952, 0.6004715653757254, 0.5210425544668127, 0.5962432944526275, 0.5214253587303338, 0.6091043141980966, 0.5220486700810768, 0.0, 0.0, 0.6217410859962305, 0.5412637606815055, 0.5990760850409667, 0.5469415086287039, 0.6247658227880796, 0.5718500163820055, 0.6044998566309611, 0.581705199347602, 0.6077406274775664, 0.5695360360322175, 0.6179911591733496, 0.5738800668054157, 0.6343201120694478, 0.5988332198725806, 0.6185454677324742, 0.6005249169137743, 0.6482272827376921, 0.6622962452747204, 0.5948037055631478, 0.6325435176491737, 0.675111077229182, 0.6989698466327455, 0.593432094125698, 0.6922834850571773], "1": [0.0, 0.0, 0.0, 0.0, 0.0, 0.0, 0.33924371575315787, 0.5504459546671974, 0.35568849444389344, 0.549910608265135, 0.3332409914582968, 0.5887259560602682, 0.36495379274711015, 0.5843454378622549, 0.32843570671975614, 0.6330638945102691, 0.36742402861515683, 0.6150443273561972, 0.32381695633133256, 0.6527284019523196, 0.0, 0.0, 0.3407854316135248, 0.6703133162007564, 0.3610507416228454, 0.6697129484679963, 0.32912703628341355, 0.735564876044238, 0.3667442955076694, 0.7300055819805021, 0.3245251978437106, 0.8026581403281954, 0.37828950807452194, 0.7907477392090693]}