{"0": [0.6626892184217771, 0.4744758051854593, 0.0, 0.0, 0.6616672784090042, 0.47048982024468755, 0.0, 0.0, 0.6563594012598818, 0.47253098885218303, 0.6474924919505914, 0.49457230656235307, 0.6473491787289579, 0.4985573758681615, 0.6508021039267381, 0.5283202881062472, 0.6539886238674323, 0.530190384277591, 0.676263049369057, 0.5353325749988909, 0.6757714240501325, 0.5368905268747497, 0.6351551110545794, 0.5656748911848775, 0.6418185057739417, 0.5676019903686311, 0.6310841589389989, 0.6139584457432782, 0.6455628331750631, 0.6272341799956781, 0.6173095906774203, 0.6635359383291669, 0.6415778612097104, 0.6858957205105711], "1": [0.0, 0.0, 0.0, 0.0, 0.0, 0.0, 0.4166660326222579, 0.5710796788886742, 0.43392548002302644, 0.5694720235135821, 0.40612141548190267, 0.6056820933465604, 0.44175910577178007, 0.6053052416554203, 0.39363291087405133, 0.6498509553847489, 0.4525225947300593, 0.642748299130687, 0.39338952383647363, 0.6458382562354759, 0.4652844872325659, 0.6548024951859757, 0.4116578433662653, 0.7049560478440038, 0.43610751057664554, 0.6998435358620353, 0.40055761809150375, 0.7674738094762519, 0.43681385591626165, 0.7619569886613776, 0.40173785959680874, 0.8432959889924085, 0.4380714040249586, 0.8192884097496669], "2": [0.0, 0.0, 0.0, 0.0, 0.0, 0.0, 0.0, 0.0, 0.0, 0.0, 0.0, 0.0, 0.0, 0.0, 0.0, 0.0, 0.0, 0.0, 0.0, 0.0, 0.0, 0.0, 0.0, 0.0, 0.0, 0.0, 0.6468204046289127, 0.6246598816580242, 0.0, 0.0, 0.0, 0.0, 0.0, 0.0]}