{"0": [0.42019892608126, 0.5550150407685174, 0.42095289131005603, 0.5502622686050557, 0.0, 0.0, 0.428147957722346, 0.5517638200342103, 0.0, 0.0, 0.4432089812432726, 0.5824081577636577, 0.4308837249875069, 0.5834641202732368, 0.45414675449331604, 0.6233594291739993, 0.43399393521249297, 0.6182445223684664, 0.44194089323282243, 0.6533543487389882, 0.42789321616292003, 0.6438174435385952, 0.45674901151408753, 0.659704022054319, 0.44677953732510406, 0.659867446952396, 0.4443290786196788, 0.7268776432231621, 0.4412268711874882, 0.7274401326974232, 0.45736472569406034, 0.7830591078157778, 0.44922033126155536, 0.7675922578131711], "1": [0.0, 0.0, 0.0, 0.0, 0.0, 0.0, 0.5017382394832869, 0.5486773649851481, 0.5167529997726281, 0.5464128801116237, 0.4951379319032033, 0.5814776379688367, 0.5285704019169013, 0.5790999960016321, 0.48992861630395057, 0.628522453263954, 0.5417875399192175, 0.6193851847891454, 0.49227813432614004, 0.6570531095619555, 0.5410621626923482, 0.6580024233570805, 0.5063941715129961, 0.6699617093635931, 0.5253108167399962, 0.6681920974342912, 0.5122341906030973, 0.741495273731373, 0.5167593804498514, 0.7406151367558373, 0.5262448944151401, 0.8139118386639489, 0.5277776098499696, 0.8149659492351391]}