{"0": [0.0, 0.0, 0.0, 0.0, 0.0, 0.0, 0.5351450761159261, 0.5758918790905564, 0.5508073594421148, 0.5773409922917684, 0.5252399442096551, 0.6067872868643867, 0.5589817482978106, 0.6121681257530495, 0.51400317363441, 0.652212467458513, 0.5695066351443528, 0.6510079386057677, 0.5153386076912284, 0.6864998386965857, 0.577085698084314, 0.6938222499909225, 0.5282562197496493, 0.6983414411544799, 0.5546084510783355, 0.7021733297242059, 0.525617453828454, 0.7482634637090895, 0.560276459188511, 0.7739747959706519, 0.5241321619600058, 0.8078087338694818, 0.5696867860853672, 0.8489570629265574], "1": [0.0, 0.0, 0.0, 0.0, 0.0, 0.0, 0.43435269718368846, 0.5519573405729952, 0.44714291592439015, 0.5477776796729477, 0.44543428582449757, 0.5810817371363993, 0.4551191907376051, 0.57034061021275, 0.4453852624942859, 0.6273969032146313, 0.4469506666064262, 0.6266939181420538, 0.4303856055562695, 0.6475465946175434, 0.4320776956776778, 0.6463763225961614, 0.46170504403611023, 0.6608632591035631, 0.47258753028387823, 0.655756714195013, 0.4458504952490329, 0.7141882458218822, 0.46078354694570106, 0.7071636975639395, 0.4587082669138909, 0.7601459195216497, 0.4775146982011695, 0.7520816280748005], "2": [0.0, 0.0, 0.0, 0.0, 0.0, 0.0, 0.0, 0.0, 0.0, 0.0, 0.0, 0.0, 0.0, 0.0, 0.0, 0.0, 0.0, 0.0, 0.0, 0.0, 0.0, 0.0, 0.0, 0.0, 0.0, 0.0, 0.0, 0.0, 0.0, 0.0, 0.477262323598067, 0.753214642184752, 0.0, 0.0], "3": [0.0, 0.0, 0.0, 0.0, 0.0, 0.0, 0.0, 0.0, 0.0, 0.0, 0.0, 0.0, 0.0, 0.0, 0.0, 0.0, 0.0, 0.0, 0.0, 0.0, 0.0, 0.0, 0.0, 0.0, 0.0, 0.0, 0.0, 0.0, 0.0, 0.0, 0.570424311608076, 0.8506410810682509, 0.0, 0.0]}