{"0": [0.0, 0.0, 0.0, 0.0, 0.0, 0.0, 0.40401379639903706, 0.5359203790073042, 0.41842473425591986, 0.5333395971192254, 0.404616475229462, 0.5718006542435399, 0.42819476500153536, 0.5630895398281238, 0.4016026271817585, 0.6194845110177993, 0.4418275230874618, 0.5794394546084933, 0.3911954733232657, 0.6502827759142276, 0.0, 0.0, 0.41913634780794384, 0.6465170284112295, 0.4364863183349371, 0.6447786426102674, 0.39477888817588486, 0.681455523217166, 0.44301101391514147, 0.6809527043943052, 0.4018408755461375, 0.7430579664530578, 0.46568356193602084, 0.7187592841960766], "1": [0.0, 0.0, 0.0, 0.0, 0.0, 0.0, 0.3569489091013869, 0.5358332817201261, 0.3690903440117836, 0.5300241875151793, 0.35650055947092674, 0.5662809289439961, 0.38372317577401793, 0.5509959514494296, 0.3580425752947728, 0.604371207676552, 0.39790457469838053, 0.5633629712793562, 0.35086794731517634, 0.6313589592774709, 0.0, 0.0, 0.3711257971823215, 0.6327668732515088, 0.3871604421486457, 0.6302094216699954, 0.34850714734445015, 0.6701659364556825, 0.38628952006498973, 0.6797005088241012, 0.32987486670414606, 0.7258391331743311, 0.402068808923165, 0.7430938487803493], "2": [0.0, 0.0, 0.0, 0.0, 0.0, 0.0, 0.0, 0.0, 0.0, 0.0, 0.0, 0.0, 0.0, 0.0, 0.0, 0.0, 0.0, 0.0, 0.0, 0.0, 0.3916198036322991, 0.6511061992910173, 0.0, 0.0, 0.0, 0.0, 0.0, 0.0, 0.0, 0.0, 0.0, 0.0, 0.0, 0.0], "3": [0.0, 0.0, 0.0, 0.0, 0.0, 0.0, 0.0, 0.0, 0.0, 0.0, 0.0, 0.0, 0.0, 0.0, 0.0, 0.0, 0.0, 0.0, 0.0, 0.0, 0.4396077586221509, 0.6087119557239391, 0.0, 0.0, 0.0, 0.0, 0.0, 0.0, 0.0, 0.0, 0.0, 0.0, 0.0, 0.0]}