{"0": [0.0, 0.0, 0.0, 0.0, 0.0, 0.0, 0.3380680506428083, 0.5861666648476213, 0.3501634879658619, 0.5798070562106592, 0.3399700639769435, 0.6096113986439176, 0.3635843691105644, 0.599439686978305, 0.33622388727962965, 0.6473599363256384, 0.37995113705595335, 0.6220055288738675, 0.333582312365373, 0.671795673613195, 0.0, 0.0, 0.35943430867046117, 0.6753282577903182, 0.37608236707746984, 0.6710463688881309, 0.33354077947636446, 0.6822375240149321, 0.37204597070813183, 0.7181290017233954, 0.3225859513816734, 0.7502357220208205, 0.4008805247644584, 0.7536166182270756], "1": [0.0, 0.0, 0.0, 0.0, 0.0, 0.0, 0.41588018635908763, 0.555683410829968, 0.4311635052164395, 0.5527968538028223, 0.41000571958720683, 0.5965248431872439, 0.4439457058440894, 0.5822013067426505, 0.3952235589424769, 0.6184573012300664, 0.4659970513234536, 0.5999813753145712, 0.3945135208467642, 0.6194872235810314, 0.4644165126296381, 0.6347018333496871, 0.42610877652963003, 0.6699837325899689, 0.44623911703626323, 0.6646240875676827, 0.41016165621889134, 0.6965496809394273, 0.45707138733317454, 0.7024743358294169, 0.41867270671452084, 0.7624763320993494, 0.4742559015750885, 0.7422702930591725], "2": [0.0, 0.0, 0.0, 0.0, 0.0, 0.0, 0.0, 0.0, 0.0, 0.0, 0.0, 0.0, 0.0, 0.0, 0.0, 0.0, 0.0, 0.0, 0.0, 0.0, 0.392307236045599, 0.6206999549159298, 0.0, 0.0, 0.0, 0.0, 0.0, 0.0, 0.0, 0.0, 0.0, 0.0, 0.0, 0.0], "3": [0.0, 0.0, 0.0, 0.0, 0.0, 0.0, 0.0, 0.0, 0.0, 0.0, 0.0, 0.0, 0.0, 0.0, 0.0, 0.0, 0.0, 0.0, 0.0, 0.0, 0.0, 0.0, 0.0, 0.0, 0.0, 0.0, 0.0, 0.0, 0.0, 0.0, 0.4006797567009926, 0.7537315280349166, 0.0, 0.0]}