{"0": [0.0, 0.0, 0.0, 0.0, 0.0, 0.0, 0.4002783910681804, 0.6030891271101104, 0.4159217894077301, 0.6010179457841096, 0.3948025253911813, 0.6463745365540187, 0.4306316207473477, 0.6332201901616321, 0.38694611315925914, 0.699385907528577, 0.44660993640621505, 0.6705612310518821, 0.38446954085181156, 0.7425954961114459, 0.4561528360160689, 0.6964343247590241, 0.4091818331430356, 0.743642546457273, 0.4288364330927531, 0.7439128754315553, 0.4072601056347291, 0.8073961465447037, 0.0, 0.0, 0.4149434716751178, 0.8700662684937317, 0.41548661862810454, 0.8694031240763489], "1": [0.0, 0.0, 0.0, 0.0, 0.0, 0.0, 0.3764150768518448, 0.5365639835596084, 0.3879646974305312, 0.5333156885924163, 0.39227570841709775, 0.565586605226552, 0.38633877616375684, 0.5629552514464767, 0.3912402528027694, 0.6092140290472241, 0.38787133370836574, 0.609556860725085, 0.3695451552669207, 0.6399696342371128, 0.3707048900425434, 0.6376045125502127, 0.0, 0.0, 0.39017799571156503, 0.6384674730124297, 0.0, 0.0, 0.0, 0.0, 0.0, 0.0, 0.0, 0.0], "2": [0.0, 0.0, 0.0, 0.0, 0.0, 0.0, 0.0, 0.0, 0.0, 0.0, 0.0, 0.0, 0.0, 0.0, 0.0, 0.0, 0.0, 0.0, 0.0, 0.0, 0.0, 0.0, 0.392545942713817, 0.6330303858551715, 0.0, 0.0, 0.0, 0.0, 0.0, 0.0, 0.0, 0.0, 0.0, 0.0], "3": [0.0, 0.0, 0.0, 0.0, 0.0, 0.0, 0.0, 0.0, 0.0, 0.0, 0.0, 0.0, 0.0, 0.0, 0.0, 0.0, 0.0, 0.0, 0.0, 0.0, 0.0, 0.0, 0.0, 0.0, 0.0, 0.0, 0.0, 0.0, 0.4091611581544081, 0.8090674808731785, 0.0, 0.0, 0.0, 0.0]}