{"0": [0.0, 0.0, 0.0, 0.0, 0.0, 0.0, 0.48671355346838635, 0.553204239849691, 0.4996061326315005, 0.5520536416520675, 0.48221321689585844, 0.5836039059691959, 0.5104548438529795, 0.5806750544243389, 0.4665802996605634, 0.6096451924906837, 0.5231503964712223, 0.6141934944523706, 0.45355598578850426, 0.6245414010904453, 0.524998680750529, 0.6440272808074952, 0.5021527744286384, 0.6582156819325905, 0.5182669048818449, 0.6563240662769035, 0.47930989836653076, 0.7111547818890325, 0.5266430554290613, 0.6998726649554792, 0.4794418655335903, 0.7817280334730943, 0.5330240617195765, 0.7107677954214591], "1": [0.0, 0.0, 0.0, 0.0, 0.0, 0.0, 0.6075914703309536, 0.5606705565143515, 0.6206607436140378, 0.5624151724356192, 0.610253031287963, 0.6017407905172418, 0.6245013597110908, 0.598419913759938, 0.6093071438372135, 0.6526182576462075, 0.6278569743037223, 0.6423863237654721, 0.5914097025990486, 0.6839849667416679, 0.0, 0.0, 0.6140214138353864, 0.6970064273586981, 0.6288617830723524, 0.6917576594485177, 0.6124516975134611, 0.7689839296870763, 0.6238725998128454, 0.7612344264984131, 0.621712327376008, 0.8451374318864611, 0.6352211462644239, 0.8047787207144278], "2": [0.0, 0.0, 0.0, 0.0, 0.0, 0.0, 0.0, 0.0, 0.0, 0.0, 0.0, 0.0, 0.0, 0.0, 0.0, 0.0, 0.0, 0.0, 0.0, 0.0, 0.5931709562117855, 0.6820259297335589, 0.0, 0.0, 0.0, 0.0, 0.0, 0.0, 0.0, 0.0, 0.0, 0.0, 0.0, 0.0], "3": [0.0, 0.0, 0.0, 0.0, 0.0, 0.0, 0.0, 0.0, 0.0, 0.0, 0.0, 0.0, 0.0, 0.0, 0.0, 0.0, 0.0, 0.0, 0.0, 0.0, 0.0, 0.0, 0.0, 0.0, 0.0, 0.0, 0.0, 0.0, 0.4829882053037485, 0.7070235755432535, 0.0, 0.0, 0.47961181985835233, 0.7804002229814176], "4": [0.0, 0.0, 0.0, 0.0, 0.0, 0.0, 0.0, 0.0, 0.0, 0.0, 0.0, 0.0, 0.0, 0.0, 0.0, 0.0, 0.0, 0.0, 0.0, 0.0, 0.0, 0.0, 0.0, 0.0, 0.0, 0.0, 0.0, 0.0, 0.0, 0.0, 0.0, 0.0, 0.6225939522186915, 0.846591971428306]}