{"0": [0.0, 0.0, 0.0, 0.0, 0.0, 0.0, 0.7012201664348443, 0.5095348338286082, 0.7153036264081796, 0.5086631994556498, 0.6969929724310835, 0.5396705256568061, 0.7244120775411527, 0.5417806274361081, 0.69007790464287, 0.581106215439461, 0.7368994873017073, 0.5781951712237463, 0.6859619318197171, 0.5949909967404825, 0.7292127504944801, 0.5987401595822087, 0.700224977483352, 0.6230280549437911, 0.7164124362170696, 0.6241382648547491, 0.699324790512522, 0.6768701475527551, 0.7125133369117975, 0.6712579071521759, 0.7018224515641729, 0.7301689671145545, 0.7166019919017951, 0.7227986344584711], "1": [0.0, 0.0, 0.0, 0.0, 0.0, 0.0, 0.40976684043804806, 0.5714542629542174, 0.4268995491011689, 0.5732253080716839, 0.39683171038826315, 0.608203974035051, 0.43369370537499585, 0.6116544982901326, 0.3900371264666319, 0.6593264818191529, 0.4373346714923779, 0.6539392280357855, 0.3997141158829133, 0.6828962277483057, 0.43085349093501774, 0.6866459467896708, 0.39984630097945534, 0.7056997208683579, 0.4212794413169225, 0.706102082574809, 0.39267453451951345, 0.7691482051655099, 0.42590646433333557, 0.7687012946164167, 0.39153974093496796, 0.8443414705770987, 0.428373916943868, 0.8332852775851884]}