{"0": [0.4792988749841849, 0.5355592405354536, 0.0, 0.0, 0.47839914622406166, 0.5313446437871014, 0.4625228437284629, 0.5327142503526475, 0.4739513551195463, 0.5348129842016432, 0.4516062621958554, 0.5530879184051797, 0.47590513303875925, 0.5743872793736281, 0.0, 0.0, 0.48045269617189956, 0.6180094543982435, 0.0, 0.0, 0.48745459094643595, 0.6519328629529034, 0.4531141561766466, 0.6226691466790658, 0.46328977718949316, 0.6248479605824859, 0.0, 0.0, 0.0, 0.0, 0.0, 0.0, 0.0, 0.0], "1": [0.0, 0.0, 0.0, 0.0, 0.0, 0.0, 0.43871466517448426, 0.5893223436618292, 0.46136715734998385, 0.601863557321054, 0.42884362675249577, 0.6328427284955979, 0.4660785144815842, 0.6335399790218583, 0.41771865064899133, 0.6720681786537172, 0.4777485489224394, 0.6778495523526713, 0.41297384575009344, 0.6933616430119233, 0.473613216727972, 0.7048733671506245, 0.4369704561928908, 0.7252803897416151, 0.4607807370834052, 0.7248559609607413, 0.4305602026482423, 0.7860365390777588, 0.4676517399648825, 0.7766535686122048, 0.0, 0.0, 0.47042488207419714, 0.8442133885842783], "2": [0.0, 0.0, 0.0, 0.0, 0.0, 0.0, 0.0, 0.0, 0.0, 0.0, 0.0, 0.0, 0.0, 0.0, 0.0, 0.0, 0.0, 0.0, 0.0, 0.0, 0.0, 0.0, 0.0, 0.0, 0.4660892296582461, 0.6614439654129523, 0.0, 0.0, 0.0, 0.0, 0.0, 0.0, 0.0, 0.0]}