{"0": [0.667355922361215, 0.47493743697802226, 0.6680603695412477, 0.47051254305298684, 0.0, 0.0, 0.673056551317374, 0.47269582748413086, 0.0, 0.0, 0.6786263898015022, 0.5001050658799983, 0.6848799360916018, 0.49522784021165633, 0.6774118414459129, 0.5417933457427555, 0.6839978694915771, 0.5428527762492498, 0.6728459354955703, 0.5802112372937026, 0.0, 0.0, 0.6811431209323928, 0.5825671945457105, 0.6856914669585724, 0.5809621498540596, 0.6804352737342317, 0.6399052725897895, 0.6818728973468144, 0.6389800422721439, 0.6843160991867382, 0.7005086057715946, 0.6833413993318875, 0.698355633020401], "1": [0.0, 0.0, 0.0, 0.0, 0.0, 0.0, 0.3482724487471084, 0.5688784409452368, 0.365203824142615, 0.5680842518806457, 0.3380312521010637, 0.6070000045829349, 0.3725586925322811, 0.6109624632806689, 0.326894088787958, 0.6437236662264223, 0.3789688594639301, 0.6618134860639218, 0.3387298078586658, 0.6492577428067172, 0.3852486580455055, 0.702391211633329, 0.34559725361565746, 0.7003932143802996, 0.3664266295731068, 0.7022540134412271, 0.34334732641776405, 0.7616513817398637, 0.36746743197242415, 0.7688119758058477, 0.3403198813398679, 0.8263658894432916, 0.3672710982461771, 0.831625281771024]}