{"0": [0.5179935410618782, 0.5720197136755342, 0.5197825208306313, 0.5644646880803285, 0.5158038567751646, 0.5668776998779288, 0.5293260591725508, 0.5589106204333129, 0.0, 0.0, 0.5440358853278061, 0.5834989521238539, 0.5243657631178696, 0.5876286503341462, 0.5507176528374355, 0.6333553103937043, 0.0, 0.0, 0.5305950293938319, 0.6153090605029353, 0.0, 0.0, 0.5442258577172955, 0.6710391363060033, 0.527983256864051, 0.6706437798009979, 0.544397848409911, 0.7325965219073827, 0.5277637778470914, 0.7315292766800633, 0.5586690342674653, 0.7536859875475918, 0.5290217203398545, 0.7905130062942152], "1": [0.5036805295695861, 0.6874978273003189, 0.5084327682852745, 0.6791998495658239, 0.5002180648346741, 0.6777915735358234, 0.5143771893189599, 0.66844152741962, 0.49471973478794096, 0.6682364594053338, 0.5210066260149081, 0.6819841727062508, 0.4765625711840888, 0.6836718677370636, 0.525840110083421, 0.72752016098411, 0.4650861369756361, 0.7090411319776818, 0.5159317041436832, 0.7527480868829621, 0.4611153708770871, 0.7498659833713814, 0.5033104584862789, 0.7831652671098709, 0.47920366202791526, 0.7812797722441179, 0.5013573542237283, 0.8475060478404716, 0.47841594181954866, 0.8526447503655045, 0.491569243495663, 0.9080475760830773, 0.4688276635638128, 0.909614372694934], "2": [0.0, 0.0, 0.0, 0.0, 0.0, 0.0, 0.0, 0.0, 0.0, 0.0, 0.0, 0.0, 0.0, 0.0, 0.0, 0.0, 0.0, 0.0, 0.0, 0.0, 0.0, 0.0, 0.0, 0.0, 0.0, 0.0, 0.5284346992770831, 0.7352157875343606, 0.0, 0.0, 0.0, 0.0, 0.0, 0.0], "3": [0.0, 0.0, 0.0, 0.0, 0.0, 0.0, 0.0, 0.0, 0.0, 0.0, 0.0, 0.0, 0.0, 0.0, 0.0, 0.0, 0.0, 0.0, 0.0, 0.0, 0.0, 0.0, 0.0, 0.0, 0.0, 0.0, 0.0, 0.0, 0.0, 0.0, 0.5297337306042512, 0.788610687079253, 0.0, 0.0]}