{"0": [0.4670841901252667, 0.5033071102919402, 0.0, 0.0, 0.4650659078421692, 0.4983226043206674, 0.0, 0.0, 0.45900316014885906, 0.5013721585273744, 0.44061732341845833, 0.5301282819774414, 0.4644667075170824, 0.542122632044333, 0.42825061169763406, 0.560396550099055, 0.4686675812583417, 0.5801979592552892, 0.4341296670337517, 0.5690187663943679, 0.4744300664712986, 0.6212158174426466, 0.43955413733880655, 0.6061602256916188, 0.4572556679447492, 0.608825558644754, 0.43701223681370416, 0.660607984772435, 0.47452830063800017, 0.6559085633743693, 0.4270096471396784, 0.7106038650722438, 0.4773768348308901, 0.714183871337661], "1": [0.6287976277371248, 0.73752777311537, 0.0, 0.0, 0.6297409072518348, 0.7323437333106995, 0.0, 0.0, 0.6258310337861379, 0.7280676745706134, 0.6137750409543514, 0.7148327897320053, 0.6141413095096747, 0.7529240764953472, 0.0, 0.0, 0.6315974198592206, 0.7889080122113228, 0.0, 0.0, 0.6522532476577908, 0.7844421413209703, 0.5679168078427513, 0.758158110247718, 0.568639876631399, 0.7586615769399537, 0.5930773503457506, 0.8330047933591737, 0.5924531367917856, 0.833018190137766, 0.5952632817129294, 0.9077679913904932, 0.5957782673339049, 0.9111416359742482], "2": [0.0, 0.0, 0.0, 0.0, 0.0, 0.0, 0.0, 0.0, 0.0, 0.0, 0.6163024572034677, 0.7539523967990168, 0.0, 0.0, 0.6318225557605426, 0.7869400388664669, 0.0, 0.0, 0.6511555698389808, 0.7842876783123722, 0.0, 0.0, 0.0, 0.0, 0.0, 0.0, 0.0, 0.0, 0.0, 0.0, 0.0, 0.0, 0.0, 0.0], "3": [0.0, 0.0, 0.0, 0.0, 0.0, 0.0, 0.0, 0.0, 0.0, 0.0, 0.0, 0.0, 0.0, 0.0, 0.0, 0.0, 0.0, 0.0, 0.0, 0.0, 0.0, 0.0, 0.0, 0.0, 0.0, 0.0, 0.473132197605446, 0.6547766574554973, 0.0, 0.0, 0.0, 0.0, 0.0, 0.0]}