{"0": [0.0, 0.0, 0.0, 0.0, 0.0, 0.0, 0.4666296407580376, 0.5492324228639955, 0.48034067067007225, 0.5504317747222053, 0.4575268667191267, 0.5801389913868021, 0.4907088136921327, 0.5823758646845818, 0.44812128897756337, 0.6207945832499752, 0.5003279015421868, 0.62245324783855, 0.0, 0.0, 0.49847021953513226, 0.644817112993311, 0.4645500214654021, 0.6645559677371271, 0.4822739307458202, 0.6686459012605526, 0.4641529558226466, 0.7187736983652468, 0.47243590165550514, 0.7164429708763406, 0.4650320161754886, 0.766803838726547, 0.4646222476886275, 0.7691779825422499], "1": [0.0, 0.0, 0.0, 0.0, 0.0, 0.0, 0.39482242166996, 0.4456865597654272, 0.40418159862359365, 0.4417157646682528, 0.40282690009723104, 0.46790540063822716, 0.4112760446965694, 0.46245410828678696, 0.39272906966507437, 0.4986871831946903, 0.4093790610631307, 0.494279314632769, 0.37645707322905453, 0.5158972528245714, 0.0, 0.0, 0.41396571788936853, 0.529628775586456, 0.42290003507126434, 0.5293297304599374, 0.3986855794365207, 0.5676826294925478, 0.4108318379148841, 0.5705736341299833, 0.39960904295245814, 0.6213794288811859, 0.42613804973661895, 0.6071656469945554], "2": [0.0, 0.0, 0.0, 0.0, 0.0, 0.0, 0.0, 0.0, 0.0, 0.0, 0.0, 0.0, 0.0, 0.0, 0.0, 0.0, 0.0, 0.0, 0.0, 0.0, 0.0, 0.0, 0.0, 0.0, 0.0, 0.0, 0.0, 0.0, 0.0, 0.0, 0.4261824972306689, 0.6087757150332133, 0.0, 0.0]}