{"0": [0.0, 0.0, 0.0, 0.0, 0.0, 0.0, 0.39347026720643036, 0.5033769830509468, 0.40639033416906994, 0.501446783984149, 0.38720895275473594, 0.5330019337159616, 0.4149932229891419, 0.5309537591757598, 0.3831869495411714, 0.5703545939039301, 0.42526728808879855, 0.5715682831075456, 0.0, 0.0, 0.4309367141065498, 0.6020526144239637, 0.39075564543406166, 0.6160138253812437, 0.4152155779923002, 0.6253493461895872, 0.3919757179915905, 0.6709797262041657, 0.408187926808993, 0.6554175082180235, 0.4034510540764314, 0.7235397273381206, 0.4167052283883095, 0.6738670221081487], "1": [0.0, 0.0, 0.0, 0.0, 0.0, 0.0, 0.0, 0.0, 0.0, 0.0, 0.0, 0.0, 0.0, 0.0, 0.0, 0.0, 0.0, 0.0, 0.0, 0.0, 0.0, 0.0, 0.0, 0.0, 0.0, 0.0, 0.0, 0.0, 0.0, 0.0, 0.0, 0.0, 0.4041446879506111, 0.7334713103594603]}