{"0": [0.36767044949034855, 0.35887754106963116, 0.3678196234007676, 0.3552843698748836, 0.0, 0.0, 0.3716852725793918, 0.3538990089186916, 0.0, 0.0, 0.37955390214920043, 0.3715106030305227, 0.3826159334431092, 0.36799990788654047, 0.38391168788075447, 0.3997843225797017, 0.3795120266576608, 0.40098635885450573, 0.37902642675018666, 0.42265593589802297, 0.3712233026822408, 0.4157801866531372, 0.38583482137570774, 0.42403080154348305, 0.3887974353507161, 0.4207833660973443, 0.3824360046535731, 0.46032969973705434, 0.3833751748005549, 0.45956710201722606, 0.38408541642129423, 0.4955506099594964, 0.3936409684053312, 0.484550406590656], "1": [0.8740201277037462, 0.7231045450325365, 0.874623627960682, 0.7184842301739587, 0.8714481378595035, 0.7172533854290292, 0.0, 0.0, 0.8655164385214448, 0.723753622063884, 0.8536555690069993, 0.7471321836665824, 0.0, 0.0, 0.8780493466183543, 0.6996691633429792, 0.0, 0.0, 0.8945533563072484, 0.662562175453813, 0.0, 0.0, 0.0, 0.0, 0.0, 0.0, 0.0, 0.0, 0.0, 0.0, 0.0, 0.0, 0.0, 0.0], "2": [0.0, 0.0, 0.0, 0.0, 0.0, 0.0, 0.0, 0.0, 0.0, 0.0, 0.8858956808845202, 0.7646239569893589, 0.855781128598998, 0.7498929765489366, 0.0, 0.0, 0.8781025100539223, 0.7060537217427341, 0.0, 0.0, 0.8947997699181239, 0.6626767352775291, 0.8672901860127846, 0.880272960221326, 0.8479217262618477, 0.8731201999717288, 0.0, 0.0, 0.0, 0.0, 0.0, 0.0, 0.0, 0.0], "3": [0.0, 0.0, 0.0, 0.0, 0.0, 0.0, 0.0, 0.0, 0.0, 0.0, 0.0, 0.0, 0.0, 0.0, 0.8815971644595265, 0.8190409035594375, 0.0, 0.0, 0.0, 0.0, 0.0, 0.0, 0.0, 0.0, 0.0, 0.0, 0.0, 0.0, 0.0, 0.0, 0.0, 0.0, 0.0, 0.0]}