{"0": [0.3610096370180448, 0.47608493754157316, 0.36169115379452704, 0.4724635362625122, 0.35932476048668227, 0.4724289006657071, 0.0, 0.0, 0.35356352031230925, 0.47308498047016284, 0.36246809661388396, 0.4982318389194983, 0.34443053491413594, 0.49527998191339, 0.3646392023578907, 0.5296339563262235, 0.3373478879531225, 0.5213926999657242, 0.3685207180057963, 0.5655919568406211, 0.3487026380375028, 0.536388279221676, 0.3581161384781202, 0.5613546126418644, 0.3434156191535294, 0.5596477238392389, 0.3646177397381204, 0.6109771115084489, 0.3453759523729483, 0.6202088648522341, 0.36752619991699853, 0.6607411333808193, 0.34029974093039833, 0.6729212427580799], "1": [0.0, 0.0, 0.0, 0.0, 0.0, 0.0, 0.5333896746238073, 0.5299256117255601, 0.548836953441302, 0.5299527868076607, 0.5269271329200517, 0.5640712481957895, 0.5590830713510513, 0.5626122326762588, 0.5169621045390765, 0.609281110101276, 0.5673088476061822, 0.6084034332522639, 0.5117592448989551, 0.6477440490214913, 0.5686893462358663, 0.6449728440355371, 0.5354662053985522, 0.6551312898044233, 0.5576101689289014, 0.6543906545197522, 0.5352410989037405, 0.7144169003323272, 0.5609714453419049, 0.7126232886755907, 0.5365268965562184, 0.7753834477177373, 0.5678803741931915, 0.7794387790891858]}