{"0": [0.0, 0.0, 0.0, 0.0, 0.0, 0.0, 0.3482281123598416, 0.5745808786264173, 0.36275439175466695, 0.5727150346393939, 0.3462471553434929, 0.61358850090592, 0.37243419311319786, 0.60282141947084, 0.3181810067345699, 0.6451907542016772, 0.0, 0.0, 0.29566603203614555, 0.6547248609088085, 0.0, 0.0, 0.3581990055739879, 0.7031428703555356, 0.37429392946263146, 0.7008030063576167, 0.3420400179922581, 0.7585795669643968, 0.36407501886909205, 0.7444528764294874, 0.3604417260949655, 0.8263350647080827, 0.37878742851316927, 0.7935048701586547], "1": [0.0, 0.0, 0.0, 0.0, 0.0, 0.0, 0.5896740744511286, 0.4929771428582845, 0.6013757430016995, 0.49158054678528396, 0.5920846821119388, 0.5238805985009228, 0.6063924249572058, 0.521170648711699, 0.587926651040713, 0.5618474975780204, 0.6054968622823557, 0.5539196656809913, 0.5743768146882453, 0.5726794045280527, 0.0, 0.0, 0.5998307161033153, 0.5966503047004894, 0.6121254576991002, 0.5945687768635927, 0.5832135210434596, 0.6457100916791846, 0.61329134379824, 0.6437006605996027, 0.592782242409885, 0.7002428714323927, 0.6282428666949273, 0.6870769677338777], "2": [0.0, 0.0, 0.0, 0.0, 0.0, 0.0, 0.0, 0.0, 0.0, 0.0, 0.0, 0.0, 0.0, 0.0, 0.0, 0.0, 0.0, 0.0, 0.0, 0.0, 0.575542530665795, 0.571235743716911, 0.0, 0.0, 0.0, 0.0, 0.0, 0.0, 0.0, 0.0, 0.0, 0.0, 0.0, 0.0]}