{"0": [0.4086591549217701, 0.430794550092132, 0.40871686935424806, 0.4268118819704762, 0.4057496334736546, 0.42630325321246076, 0.0, 0.0, 0.3992186065763235, 0.42901220719019567, 0.3940748108861347, 0.4533647991992809, 0.40090213480095066, 0.4583601503460496, 0.38457696611682574, 0.49304018335209954, 0.4020800415385262, 0.5055499873779438, 0.37713936240567514, 0.518515971854881, 0.4038786146789789, 0.535560683298994, 0.39821447037781277, 0.5350833605836939, 0.4015404971937338, 0.534835010987741, 0.40339295255641144, 0.5777751088142395, 0.40795114785432823, 0.5748946352689354, 0.39695586064189015, 0.617122747316177, 0.3976984806204926, 0.6179409493727462], "1": [0.6976617267044882, 0.5385868681801689, 0.7003027287622292, 0.5345853392724638, 0.694786522227029, 0.5341600122275177, 0.7021613804002603, 0.5259304457240636, 0.6881548884014289, 0.5274521706280885, 0.7049321123709281, 0.5402128091564886, 0.6771935696480795, 0.5446746826999718, 0.7218059659004211, 0.556287125746409, 0.6553171325474978, 0.5662256127982228, 0.7377930980175733, 0.5827565983489706, 0.6399305065783362, 0.5956895101401541, 0.6901334756364425, 0.6177560952526552, 0.6710888252904018, 0.6176042806219172, 0.6989756060143312, 0.6633608496575444, 0.6658523163447777, 0.6712940410883338, 0.6904795988773308, 0.71732584922402, 0.6620094536493222, 0.7276427529476306], "2": [0.0, 0.0, 0.0, 0.0, 0.0, 0.0, 0.0, 0.0, 0.0, 0.0, 0.0, 0.0, 0.0, 0.0, 0.40438813554743924, 0.5052627687101011, 0.0, 0.0, 0.40418763731916746, 0.535250018481855, 0.0, 0.0, 0.0, 0.0, 0.0, 0.0, 0.0, 0.0, 0.0, 0.0, 0.0, 0.0, 0.0, 0.0], "3": [0.0, 0.0, 0.0, 0.0, 0.0, 0.0, 0.0, 0.0, 0.0, 0.0, 0.0, 0.0, 0.0, 0.0, 0.0, 0.0, 0.3849865697324276, 0.4918960862689548, 0.0, 0.0, 0.3777334688852231, 0.5177615854475234, 0.0, 0.0, 0.0, 0.0, 0.0, 0.0, 0.0, 0.0, 0.0, 0.0, 0.0, 0.0]}