{"0": [0.6490507291009029, 0.5916114793883429, 0.0, 0.0, 0.6499655657758315, 0.5881338190149378, 0.6378527572999398, 0.5795676158534155, 0.6488554713626703, 0.5854741714618824, 0.6282335586845875, 0.5869477914439307, 0.6426191759606202, 0.5992796937624613, 0.6144590138768157, 0.5995289990195521, 0.6462688350429138, 0.6277669544573183, 0.0, 0.0, 0.0, 0.0, 0.6072389472275972, 0.622322388931557, 0.6208981363723676, 0.6385230057769351, 0.0, 0.0, 0.0, 0.0, 0.5701067492365837, 0.6828463655930977, 0.0, 0.0], "1": [0.0, 0.0, 0.0, 0.0, 0.0, 0.0, 0.46294593786199884, 0.516311032904519, 0.4761300902813673, 0.5174527384616711, 0.45266382911552977, 0.5416048105116243, 0.48206333598742884, 0.5489336676067778, 0.4339497028539578, 0.560276061296463, 0.4926961737374465, 0.5875288129956634, 0.43102218757073085, 0.5778287631494028, 0.4923554229239622, 0.6164199467058535, 0.45468938772877066, 0.6189301974795482, 0.4737976601968209, 0.6192603886679366, 0.44856513738632203, 0.6574756803335967, 0.4877375977734725, 0.6533855255003329, 0.45242595445985595, 0.7040035437654565, 0.4959983038405578, 0.7054190774758656], "2": [0.0, 0.0, 0.0, 0.0, 0.0, 0.0, 0.0, 0.0, 0.0, 0.0, 0.0, 0.0, 0.0, 0.0, 0.0, 0.0, 0.0, 0.0, 0.0, 0.0, 0.0, 0.0, 0.0, 0.0, 0.0, 0.0, 0.5907795419295628, 0.6543247641236694, 0.6481894915302594, 0.6280992695578822, 0.0, 0.0, 0.637283880263567, 0.6808432671758863], "3": [0.0, 0.0, 0.0, 0.0, 0.0, 0.0, 0.0, 0.0, 0.0, 0.0, 0.0, 0.0, 0.0, 0.0, 0.0, 0.0, 0.0, 0.0, 0.0, 0.0, 0.0, 0.0, 0.0, 0.0, 0.0, 0.0, 0.6438252833904698, 0.6282477895418803, 0.0, 0.0, 0.0, 0.0, 0.0, 0.0], "4": [0.0, 0.0, 0.0, 0.0, 0.0, 0.0, 0.0, 0.0, 0.0, 0.0, 0.0, 0.0, 0.0, 0.0, 0.0, 0.0, 0.0, 0.0, 0.0, 0.0, 0.0, 0.0, 0.0, 0.0, 0.0, 0.0, 0.0, 0.0, 0.5920324145505825, 0.6574779453100982, 0.0, 0.0, 0.0, 0.0], "5": [0.0, 0.0, 0.0, 0.0, 0.0, 0.0, 0.0, 0.0, 0.0, 0.0, 0.0, 0.0, 0.0, 0.0, 0.0, 0.0, 0.0, 0.0, 0.0, 0.0, 0.0, 0.0, 0.0, 0.0, 0.0, 0.0, 0.0, 0.0, 0.0, 0.0, 0.0, 0.0, 0.5714961553613345, 0.6818895832256034]}