{"0": [0.49164511313041054, 0.503233630348135, 0.4927160055066148, 0.49961650297045707, 0.0, 0.0, 0.4969440637777249, 0.5020299231564557, 0.5081765390932559, 0.5024475124147203, 0.48854377766450247, 0.528259720073806, 0.516842495650053, 0.5338802024170205, 0.47988919243216516, 0.5669968442508468, 0.5241335873802503, 0.5754457747494733, 0.4691399476490915, 0.5706620490109479, 0.5129972447951635, 0.5858767591140889, 0.49078744488457837, 0.6163794115737633, 0.5092060667773087, 0.6187772160878888, 0.48593034449343875, 0.6684103539696447, 0.5000350962082545, 0.6755222457426565, 0.48744259445585325, 0.7301168329344262, 0.4910545699298382, 0.7420003484796595], "1": [0.0, 0.0, 0.26076817950233816, 0.6243091252115037, 0.0, 0.0, 0.26422962921982013, 0.6287689877880944, 0.2789936803281307, 0.6272602255697604, 0.2709170450766881, 0.6615203285658801, 0.28276682359476885, 0.6595063562746402, 0.2726154283930858, 0.7329929060406155, 0.27432323234776657, 0.7263987263043722, 0.25005608834326265, 0.7497229311201308, 0.2518322102880726, 0.7480873637729221, 0.28482646277795237, 0.7582702808909946, 0.2884737678644782, 0.7549757380195616, 0.25338600215812523, 0.8283248609966702, 0.2756210864832004, 0.7980915862101096, 0.2656558704872926, 0.9123629313928109, 0.2771708329285805, 0.8234012480135318], "2": [0.0, 0.0, 0.0, 0.0, 0.0, 0.0, 0.0, 0.0, 0.0, 0.0, 0.0, 0.0, 0.0, 0.0, 0.25405195355415344, 0.6941483169794083, 0.0, 0.0, 0.0, 0.0, 0.0, 0.0, 0.0, 0.0, 0.0, 0.0, 0.0, 0.0, 0.0, 0.0, 0.0, 0.0, 0.0, 0.0], "3": [0.0, 0.0, 0.0, 0.0, 0.0, 0.0, 0.0, 0.0, 0.0, 0.0, 0.0, 0.0, 0.0, 0.0, 0.0, 0.0, 0.2540169092516104, 0.6939173011868088, 0.0, 0.0, 0.0, 0.0, 0.0, 0.0, 0.0, 0.0, 0.0, 0.0, 0.0, 0.0, 0.0, 0.0, 0.0, 0.0], "4": [0.0, 0.0, 0.0, 0.0, 0.0, 0.0, 0.0, 0.0, 0.0, 0.0, 0.0, 0.0, 0.0, 0.0, 0.0, 0.0, 0.0, 0.0, 0.26075396221131086, 0.7022282655592318, 0.0, 0.0, 0.0, 0.0, 0.0, 0.0, 0.0, 0.0, 0.0, 0.0, 0.0, 0.0, 0.0, 0.0], "5": [0.0, 0.0, 0.0, 0.0, 0.0, 0.0, 0.0, 0.0, 0.0, 0.0, 0.0, 0.0, 0.0, 0.0, 0.0, 0.0, 0.0, 0.0, 0.0, 0.0, 0.2667370597521464, 0.705167829769629, 0.0, 0.0, 0.0, 0.0, 0.0, 0.0, 0.0, 0.0, 0.0, 0.0, 0.0, 0.0], "6": [0.0, 0.0, 0.0, 0.0, 0.0, 0.0, 0.0, 0.0, 0.0, 0.0, 0.0, 0.0, 0.0, 0.0, 0.0, 0.0, 0.0, 0.0, 0.0, 0.0, 0.0, 0.0, 0.0, 0.0, 0.0, 0.0, 0.0, 0.0, 0.2542245599130789, 0.8254384690964663, 0.0, 0.0, 0.2662015529970328, 0.9146519110434586], "7": [0.0, 0.0, 0.0, 0.0, 0.0, 0.0, 0.0, 0.0, 0.0, 0.0, 0.0, 0.0, 0.0, 0.0, 0.0, 0.0, 0.0, 0.0, 0.0, 0.0, 0.0, 0.0, 0.0, 0.0, 0.0, 0.0, 0.0, 0.0, 0.0, 0.0, 0.27088441674908004, 0.8220948768986596, 0.0, 0.0]}