{"0": [0.2623729387919108, 0.7949799368778865, 0.26143820900470016, 0.7879699583406802, 0.0, 0.0, 0.26903403472776216, 0.7807770701470198, 0.0, 0.0, 0.280398118433853, 0.8054587567294086, 0.2996185436844826, 0.7771497090657552, 0.27917287188271683, 0.86975883797363, 0.0, 0.0, 0.27206268546481926, 0.910553816292021, 0.2557037662093838, 0.8883614080923575, 0.3258495641251405, 0.8702289161444815, 0.33634078955898683, 0.8647722759732493, 0.0, 0.0, 0.291396526992321, 0.9283126888451753, 0.0, 0.0, 0.0, 0.0], "1": [0.4447776727378368, 0.5279317092012477, 0.4448575608432293, 0.5227720797613815, 0.0, 0.0, 0.4482143849134445, 0.5271781698421195, 0.4615738143523534, 0.5233685590602734, 0.44651323904593787, 0.5577487135374988, 0.47455781859656176, 0.5526505374246173, 0.43865072845170894, 0.5947704205910365, 0.4858811599512895, 0.5926692075199551, 0.43479019310325384, 0.6101504122769391, 0.4858814309351146, 0.6219251021190926, 0.45385382212698466, 0.6374028976316805, 0.4730351719306782, 0.6364837498576553, 0.4430647879218062, 0.6871639231840769, 0.4676147778828939, 0.685038177434493, 0.4370445414135854, 0.7488636043336656, 0.46873494834580925, 0.741919885079066], "2": [0.0, 0.0, 0.0, 0.0, 0.0, 0.0, 0.0, 0.0, 0.0, 0.0, 0.0, 0.0, 0.0, 0.0, 0.0, 0.0, 0.0, 0.0, 0.2544173071781794, 0.8903781625959608, 0.0, 0.0, 0.0, 0.0, 0.0, 0.0, 0.0, 0.0, 0.0, 0.0, 0.0, 0.0, 0.0, 0.0], "3": [0.0, 0.0, 0.0, 0.0, 0.0, 0.0, 0.0, 0.0, 0.0, 0.0, 0.0, 0.0, 0.0, 0.0, 0.0, 0.0, 0.0, 0.0, 0.0, 0.0, 0.0, 0.0, 0.0, 0.0, 0.31806008592247964, 0.8669857137733036, 0.28415216381351155, 0.9357773489422267, 0.0, 0.0, 0.0, 0.0, 0.2936708987380067, 0.9322779341980263], "4": [0.0, 0.0, 0.0, 0.0, 0.0, 0.0, 0.0, 0.0, 0.0, 0.0, 0.0, 0.0, 0.0, 0.0, 0.0, 0.0, 0.0, 0.0, 0.0, 0.0, 0.0, 0.0, 0.0, 0.0, 0.0, 0.0, 0.0, 0.0, 0.0, 0.0, 0.29274627988537155, 0.9333272439462167, 0.0, 0.0], "5": [0.0, 0.0, 0.0, 0.0, 0.0, 0.0, 0.0, 0.0, 0.0, 0.0, 0.0, 0.0, 0.0, 0.0, 0.0, 0.0, 0.0, 0.0, 0.0, 0.0, 0.0, 0.0, 0.0, 0.0, 0.0, 0.0, 0.0, 0.0, 0.0, 0.0, 0.27389201999952395, 0.9803300144495788, 0.0, 0.0]}