{"0": [0.4853798542326937, 0.5112160786434456, 0.487115474541982, 0.5064171899248052, 0.0, 0.0, 0.49392707978064815, 0.5104097229463083, 0.0, 0.0, 0.4878250006586313, 0.5438406570642083, 0.5103523257033279, 0.5407913724581399, 0.4840142010400693, 0.583379773961173, 0.5171279774357875, 0.5779110365443758, 0.47009943090379236, 0.5965983956776283, 0.5138615122064948, 0.6038067596240176, 0.49251384983460106, 0.6185645387163042, 0.5075611297041178, 0.618909191340208, 0.4740278229117393, 0.6756643105436254, 0.5041822423537572, 0.661618000820831, 0.4693930184468627, 0.7422858494299429, 0.520551768441995, 0.7039322148870539], "1": [0.3460368069509665, 0.6669918444421556, 0.34800841234003504, 0.6594743609428406, 0.3429027150074641, 0.6628817526968541, 0.3545780597875516, 0.6536049739078239, 0.0, 0.0, 0.3717197811851899, 0.6722539049607736, 0.3478828080347739, 0.6845443272480258, 0.38418892460564774, 0.7148843437295269, 0.3477275261345009, 0.733844882912106, 0.36247057355940343, 0.7003382937775717, 0.3311911031603813, 0.7355162785009102, 0.3861629288643599, 0.7521412967255822, 0.3686948358469333, 0.7473842702530048, 0.35953178523729246, 0.811850821364809, 0.3408858812103669, 0.7974104132917192, 0.36428873168552134, 0.8543878720269721, 0.37002926245331763, 0.8385302457544538]}