{"0": [0.0, 0.0, 0.0, 0.0, 0.0, 0.0, 0.5002103220671416, 0.5692217813597785, 0.5159269074598948, 0.5716449048784044, 0.4896661018021405, 0.5966339486892577, 0.5186212255076195, 0.608830088156241, 0.47444605429967246, 0.6231114069620768, 0.5266322627663612, 0.6517676605118645, 0.4614101754501462, 0.6345812889160933, 0.5401678870121638, 0.6660525103410085, 0.4852165239242216, 0.6821366749427936, 0.5059217412956059, 0.6867764173834412, 0.4685418286671241, 0.7065560117915825, 0.5328820576270421, 0.6994514324598842, 0.44540502342085037, 0.7686198102103339, 0.5426448578635852, 0.7820272958389035], "1": [0.0, 0.0, 0.0, 0.0, 0.0, 0.0, 0.3140818273027738, 0.6019297925410447, 0.3329059491554896, 0.6047279152605268, 0.30297924714783825, 0.6383715713465656, 0.33367219132681686, 0.6443360990948146, 0.28456130884587766, 0.6797490965437006, 0.3658538633336624, 0.6465814866401531, 0.2833497755229473, 0.7213057478820836, 0.37955581396818155, 0.6130884016001666, 0.2997945573180914, 0.7326141540650968, 0.320962967723608, 0.7347739034228855, 0.2829000136504571, 0.8145943248713458, 0.3335819254318873, 0.7886915726380216, 0.2699035716553529, 0.8898068297792364, 0.319404507925113, 0.8686512751711739]}