{"0": [0.0, 0.0, 0.0, 0.0, 0.0, 0.0, 0.42204403951764113, 0.542770786748992, 0.4369456627716621, 0.5391347944736481, 0.41954237055033444, 0.5786209865852638, 0.4500979629655679, 0.5665003563656851, 0.41090695799017946, 0.6201197720236249, 0.46116922292858364, 0.6068953041677123, 0.39655015940467525, 0.6379254508901525, 0.45905500265459226, 0.6327922623466562, 0.43509099800139667, 0.6538272465820666, 0.45520164221525194, 0.6483662636743651, 0.41630151495337486, 0.6924243734666594, 0.4654170061772068, 0.6930240210559633, 0.4098320517068108, 0.75494925821269, 0.48535810550674796, 0.7576015282560278], "1": [0.0, 0.0, 0.0, 0.0, 0.0, 0.0, 0.29646527816851936, 0.6113335678698839, 0.3099598648026586, 0.6025030423093725, 0.3129490566750368, 0.6306619973094375, 0.31855833558365704, 0.6231407637949344, 0.3235830948377649, 0.6694521393488954, 0.32393647183974583, 0.6659529957506393, 0.31711472769578297, 0.7154230182921445, 0.0, 0.0, 0.34322889025012654, 0.6910905460516612, 0.3524590401289363, 0.6860555285656894, 0.3016940332017839, 0.7077191222321104, 0.33977965931408105, 0.7280177269820814, 0.3040147083501021, 0.7660810062730755, 0.36885557116474954, 0.7418126075356095], "2": [0.0, 0.0, 0.0, 0.0, 0.0, 0.0, 0.0, 0.0, 0.0, 0.0, 0.0, 0.0, 0.0, 0.0, 0.0, 0.0, 0.0, 0.0, 0.0, 0.0, 0.0, 0.0, 0.0, 0.0, 0.0, 0.0, 0.3395595826247397, 0.7289968167190198, 0.0, 0.0, 0.36974485317866007, 0.7430880219848067, 0.0, 0.0], "3": [0.0, 0.0, 0.0, 0.0, 0.0, 0.0, 0.0, 0.0, 0.0, 0.0, 0.0, 0.0, 0.0, 0.0, 0.0, 0.0, 0.0, 0.0, 0.0, 0.0, 0.0, 0.0, 0.0, 0.0, 0.0, 0.0, 0.0, 0.0, 0.0, 0.0, 0.0, 0.0, 0.30419817144672073, 0.7647702762374171]}