{"0": [0.7380857696135839, 0.5726630922820833, 0.0, 0.0, 0.7383242631951968, 0.5668340626690123, 0.0, 0.0, 0.7381090344240268, 0.5605756257419233, 0.7229092895839131, 0.5505241694273773, 0.7288472879678011, 0.5563452605847959, 0.0, 0.0, 0.0, 0.0, 0.0, 0.0, 0.0, 0.0, 0.6854529341023105, 0.579151780296255, 0.6980361047200858, 0.5825512040544439, 0.6902853060513735, 0.632215682775886, 0.6997895071903864, 0.6393685460090637, 0.6885575930277507, 0.6832102713761505, 0.6975987929540376, 0.6924061824740083], "1": [0.0, 0.0, 0.0, 0.0, 0.0, 0.0, 0.30975636721899114, 0.6362761658650857, 0.32802369991938274, 0.6266697958663657, 0.31414642482995986, 0.6759196296886162, 0.3438698220454777, 0.6563218361801572, 0.31559127407769366, 0.736928293157231, 0.0, 0.0, 0.3125106838842233, 0.77777661063053, 0.0, 0.0, 0.32444905787706374, 0.7805722032432203, 0.34497898668050764, 0.774389392082338, 0.31410576238607374, 0.8490810601799575, 0.3489437721048792, 0.8338148864331069, 0.30445626775423684, 0.9148686541382361, 0.3592179959019025, 0.9008364547182012], "2": [0.0, 0.0, 0.0, 0.0, 0.0, 0.0, 0.0, 0.0, 0.0, 0.0, 0.0, 0.0, 0.0, 0.0, 0.0, 0.0, 0.7331371596703927, 0.5645749906698863, 0.0, 0.0, 0.0, 0.0, 0.0, 0.0, 0.0, 0.0, 0.0, 0.0, 0.0, 0.0, 0.0, 0.0, 0.0, 0.0], "3": [0.0, 0.0, 0.0, 0.0, 0.0, 0.0, 0.0, 0.0, 0.0, 0.0, 0.0, 0.0, 0.0, 0.0, 0.0, 0.0, 0.0, 0.0, 0.0, 0.0, 0.7413643438369035, 0.5695558340461165, 0.0, 0.0, 0.0, 0.0, 0.0, 0.0, 0.0, 0.0, 0.0, 0.0, 0.0, 0.0]}