{"0": [0.0, 0.0, 0.0, 0.0, 0.0, 0.0, 0.4414701876540979, 0.5625834356855464, 0.4539369840174914, 0.5546926085595731, 0.44802036229521036, 0.588110093386085, 0.4654125453904271, 0.5715339141863364, 0.4355517984367907, 0.6257479224492002, 0.48198448040833075, 0.5940029828636735, 0.4322941083461046, 0.6253244907767684, 0.0, 0.0, 0.4788665879517794, 0.6440195765760209, 0.49169487605492274, 0.6394527781892706, 0.4557853124414881, 0.6980743865172069, 0.4833917411665121, 0.6982707311709722, 0.4632660452276468, 0.7652804052388227, 0.0, 0.0], "1": [0.0, 0.0, 0.0, 0.0, 0.0, 0.0, 0.6382672034204007, 0.6195147598231279, 0.6543449841439724, 0.6179562219867, 0.6388002133617798, 0.6575621158988386, 0.6635389448453982, 0.6537073348407392, 0.6338653527200222, 0.7010217370810333, 0.6686205013344685, 0.6967194102428578, 0.6185532866045833, 0.7255874982586613, 0.0, 0.0, 0.6615599416196346, 0.7419754434514929, 0.6783597182482481, 0.7379723876714707, 0.6581958749641975, 0.81194335249839, 0.6680451260775607, 0.8053146063593053, 0.6799964752048254, 0.8828415067107588, 0.6887365043596694, 0.8606750166930811], "2": [0.0, 0.0, 0.0, 0.0, 0.0, 0.0, 0.0, 0.0, 0.0, 0.0, 0.0, 0.0, 0.0, 0.0, 0.0, 0.0, 0.0, 0.0, 0.6286434415727854, 0.683400297164917, 0.0, 0.0, 0.0, 0.0, 0.0, 0.0, 0.0, 0.0, 0.0, 0.0, 0.0, 0.0, 0.0, 0.0], "3": [0.0, 0.0, 0.0, 0.0, 0.0, 0.0, 0.0, 0.0, 0.0, 0.0, 0.0, 0.0, 0.0, 0.0, 0.0, 0.0, 0.0, 0.0, 0.0, 0.0, 0.4920351256926854, 0.6153664456473457, 0.0, 0.0, 0.0, 0.0, 0.0, 0.0, 0.0, 0.0, 0.0, 0.0, 0.0, 0.0], "4": [0.0, 0.0, 0.0, 0.0, 0.0, 0.0, 0.0, 0.0, 0.0, 0.0, 0.0, 0.0, 0.0, 0.0, 0.0, 0.0, 0.0, 0.0, 0.0, 0.0, 0.6199935171753168, 0.7244108153714074, 0.0, 0.0, 0.0, 0.0, 0.0, 0.0, 0.0, 0.0, 0.0, 0.0, 0.0, 0.0], "5": [0.0, 0.0, 0.0, 0.0, 0.0, 0.0, 0.0, 0.0, 0.0, 0.0, 0.0, 0.0, 0.0, 0.0, 0.0, 0.0, 0.0, 0.0, 0.0, 0.0, 0.0, 0.0, 0.0, 0.0, 0.0, 0.0, 0.0, 0.0, 0.0, 0.0, 0.0, 0.0, 0.5042493132253488, 0.7019051046283157]}