{"0": [0.33351697561641536, 0.46857895387543574, 0.33436694207290807, 0.4628777327843838, 0.32957115794221553, 0.4664197829034593, 0.33745703746875133, 0.46156522432963054, 0.3251302386323612, 0.46996462000189004, 0.3444094613815347, 0.48447223206361134, 0.3241012579451004, 0.49692350890901354, 0.35085547392567007, 0.51546429036944, 0.32377030147860447, 0.5365145272678801, 0.36003994240115084, 0.531163638719806, 0.3385272391140461, 0.5573119315836165, 0.3460934946934382, 0.5610276906578628, 0.3351967157330364, 0.5667418890253261, 0.3587322042634089, 0.606770435527519, 0.34214319437742235, 0.6169258012815758, 0.3444161335006356, 0.66741926934984, 0.3448386506487926, 0.6697769193185701], "1": [0.0, 0.0, 0.0, 0.0, 0.0, 0.0, 0.7069151540597279, 0.5769025826895678, 0.7222574294234315, 0.5748110764004566, 0.7028481121485431, 0.6092096867384734, 0.7358129436460634, 0.6063976146556713, 0.699914048363765, 0.6571754628861392, 0.7562038649572059, 0.6274148827349698, 0.6911099345733723, 0.6972247507837084, 0.7779967818409205, 0.6492229930780552, 0.7056317715595166, 0.7072353957289899, 0.7268585904346158, 0.7118005692958832, 0.6874645968278249, 0.7640872714696108, 0.7302914828062057, 0.7794239181059377, 0.6731233326097329, 0.830194197319172, 0.7379833839833736, 0.8472244197019825], "2": [0.0, 0.0, 0.0, 0.0, 0.0, 0.0, 0.0, 0.0, 0.0, 0.0, 0.0, 0.0, 0.0, 0.0, 0.0, 0.0, 0.0, 0.0, 0.0, 0.0, 0.0, 0.0, 0.0, 0.0, 0.0, 0.0, 0.341516147678097, 0.6199652901402226, 0.3581017640729745, 0.6059793198550188, 0.0, 0.0, 0.0, 0.0]}