{"0": [0.5909185147533814, 0.47581977358570804, 0.5924220168342192, 0.47253101622616805, 0.5905856211980184, 0.4734623705899274, 0.5988553735117118, 0.4734517380043312, 0.0, 0.0, 0.6108867346619566, 0.49697577092382655, 0.5935380060691386, 0.49958975720736715, 0.6059133809991181, 0.5363464119809646, 0.0, 0.0, 0.5865081337591013, 0.5537644827807391, 0.5866980410466905, 0.5444619216195975, 0.6185145286377519, 0.5596657008760505, 0.6073668417831262, 0.5593688379766213, 0.6251975130289793, 0.6178866415664002, 0.5937621318900104, 0.60251446057249, 0.6442089842632411, 0.6566513096844708, 0.5875622988988956, 0.6571127669678793], "1": [0.0, 0.0, 0.0, 0.0, 0.0, 0.0, 0.3881627876311541, 0.5601522058800414, 0.4042995364715655, 0.5596472349983674, 0.3821942122653127, 0.6019261597483246, 0.4127773940563202, 0.5941962133955071, 0.3633347460379203, 0.6463178685417882, 0.4150603647033374, 0.6401427261255406, 0.3454393322269122, 0.6729097856415642, 0.0, 0.0, 0.39060998558998106, 0.6925919395423046, 0.4121727829178175, 0.6922664908347307, 0.37088009839256597, 0.738245318002171, 0.415372771397233, 0.7533710369357357, 0.3693856803079446, 0.8127206026403992, 0.42619638157387574, 0.8101912244050591], "2": [0.0, 0.0, 0.0, 0.0, 0.0, 0.0, 0.0, 0.0, 0.0, 0.0, 0.0, 0.0, 0.0, 0.0, 0.38515630395462114, 0.5419312461658761, 0.0, 0.0, 0.37912476311127347, 0.5210242150006471, 0.0, 0.0, 0.0, 0.0, 0.0, 0.0, 0.0, 0.0, 0.0, 0.0, 0.0, 0.0, 0.0, 0.0], "3": [0.0, 0.0, 0.0, 0.0, 0.0, 0.0, 0.0, 0.0, 0.0, 0.0, 0.0, 0.0, 0.0, 0.0, 0.0, 0.0, 0.587657363464435, 0.5220539345509476, 0.0, 0.0, 0.0, 0.0, 0.0, 0.0, 0.0, 0.0, 0.0, 0.0, 0.0, 0.0, 0.0, 0.0, 0.0, 0.0], "4": [0.0, 0.0, 0.0, 0.0, 0.0, 0.0, 0.0, 0.0, 0.0, 0.0, 0.0, 0.0, 0.0, 0.0, 0.0, 0.0, 0.0, 0.0, 0.0, 0.0, 0.37898704695204893, 0.520517196920183, 0.0, 0.0, 0.0, 0.0, 0.0, 0.0, 0.0, 0.0, 0.0, 0.0, 0.0, 0.0], "5": [0.0, 0.0, 0.0, 0.0, 0.0, 0.0, 0.0, 0.0, 0.0, 0.0, 0.0, 0.0, 0.0, 0.0, 0.0, 0.0, 0.0, 0.0, 0.0, 0.0, 0.0, 0.0, 0.0, 0.0, 0.0, 0.0, 0.0, 0.0, 0.6256556736926238, 0.6180088400288865, 0.0, 0.0, 0.6443010551234086, 0.6573015491167703]}