{"0": [0.515649724751711, 0.4997435411369359, 0.517069423943758, 0.49631391013110127, 0.0, 0.0, 0.5224396412260831, 0.4989736990796195, 0.0, 0.0, 0.5264617320150137, 0.5239622384309769, 0.5274829946147899, 0.5202454633182949, 0.5307447536538045, 0.5612803838871143, 0.5335321253786485, 0.5596550770931774, 0.5258665657418623, 0.6002492672817096, 0.524704783409834, 0.5778629574510786, 0.5447360658397277, 0.5886744865388782, 0.5502220020939906, 0.5880739773313205, 0.5267184729377429, 0.6363680517231975, 0.5326789356768131, 0.6333453342232301, 0.5355769074832399, 0.6812794159959864, 0.5354785070094901, 0.6783570318310349], "1": [0.0, 0.0, 0.0, 0.0, 0.0, 0.0, 0.345004174982508, 0.5307077180456232, 0.3595092294737697, 0.5314591897858514, 0.3382564925899108, 0.5650206257899602, 0.3657700321326653, 0.5623927889046846, 0.319748555496335, 0.6031282793040629, 0.38068749668697516, 0.5667030157176433, 0.2985268666719397, 0.6328181942303976, 0.3851361422489087, 0.5701705579404478, 0.34009802313521503, 0.6477585644909629, 0.3584357944627603, 0.6490996061651795, 0.3333583348741133, 0.7090550427083616, 0.3397600945706169, 0.706992352284767, 0.34574144443818344, 0.761304728085338, 0.35538521061340966, 0.7673590960877913]}