{"0": [0.4637707058340311, 0.49575613339742025, 0.0, 0.0, 0.46304314943651353, 0.49092527407187003, 0.0, 0.0, 0.45695374632875124, 0.491105079319742, 0.4393239812925458, 0.5111399911068105, 0.45285067105044924, 0.5201725209200824, 0.43152075648928684, 0.5448142725284453, 0.4689707883944114, 0.5626478839803624, 0.0, 0.0, 0.4880503832052152, 0.5831217102430485, 0.43218343239277607, 0.5944973015122944, 0.44332640869542955, 0.5980603892494131, 0.4383668298522631, 0.6521749372835512, 0.4506798678388198, 0.6489694004809416, 0.4260798513268431, 0.7054579973220826, 0.4582566031565269, 0.7023642579714459], "1": [0.0, 0.0, 0.0, 0.0, 0.0, 0.0, 0.6864575409640868, 0.5465530978308784, 0.7005301937460899, 0.5505320992734697, 0.6743412523219983, 0.5672838641537561, 0.7010857093458375, 0.5863330902876678, 0.6653450302779674, 0.6047663976748784, 0.7065033174585551, 0.6236395336963513, 0.0, 0.0, 0.7073169716944298, 0.6479201283995752, 0.6672769792377948, 0.656185615780177, 0.6848279763634006, 0.6605093465911017, 0.655470476920406, 0.7239586553087941, 0.700212037190795, 0.7170727994706896, 0.6396398576092907, 0.780000071172361, 0.7117061474670966, 0.7691808802110177], "2": [0.0, 0.0, 0.0, 0.0, 0.0, 0.0, 0.0, 0.0, 0.0, 0.0, 0.0, 0.0, 0.0, 0.0, 0.0, 0.0, 0.0, 0.0, 0.0, 0.0, 0.0, 0.0, 0.0, 0.0, 0.0, 0.0, 0.0, 0.0, 0.0, 0.0, 0.4579389338692029, 0.7022337639773334, 0.0, 0.0], "3": [0.0, 0.0, 0.0, 0.0, 0.0, 0.0, 0.0, 0.0, 0.0, 0.0, 0.0, 0.0, 0.0, 0.0, 0.0, 0.0, 0.0, 0.0, 0.0, 0.0, 0.0, 0.0, 0.0, 0.0, 0.0, 0.0, 0.0, 0.0, 0.0, 0.0, 0.4288006228705247, 0.6654523893638894, 0.0, 0.0], "4": [0.0, 0.0, 0.0, 0.0, 0.0, 0.0, 0.0, 0.0, 0.0, 0.0, 0.0, 0.0, 0.0, 0.0, 0.0, 0.0, 0.0, 0.0, 0.0, 0.0, 0.0, 0.0, 0.0, 0.0, 0.0, 0.0, 0.0, 0.0, 0.0, 0.0, 0.0, 0.0, 0.4260205325980981, 0.7057132802627705]}