{"0": [0.357650517548124, 0.5695237009613602, 0.3582820733388265, 0.5648174344389527, 0.0, 0.0, 0.36175588245193163, 0.5637108275183925, 0.0, 0.0, 0.37851896037658056, 0.5903527803994991, 0.36275836875041334, 0.5939149730735355, 0.37730292502480256, 0.6380776959436911, 0.368161982173721, 0.6277782373958164, 0.3584506429731846, 0.6481940880728264, 0.3572468923404813, 0.6357400004510526, 0.3855771937252332, 0.6633483327649258, 0.3823096800595521, 0.6583198103639814, 0.0, 0.0, 0.34844504402329524, 0.7074581647015832, 0.0, 0.0, 0.3301267632593711, 0.7658812450038062], "1": [0.0, 0.0, 0.0, 0.0, 0.0, 0.0, 0.4186098985839635, 0.5411485453446706, 0.4344688251614571, 0.5344825636457514, 0.4174135739604632, 0.5782296149818986, 0.44527769883473717, 0.5591996103180228, 0.41968404439588386, 0.6294447161533213, 0.45050162499149643, 0.5540618037735975, 0.42016998964051405, 0.6624042849849772, 0.0, 0.0, 0.43560702400282025, 0.6542914851948067, 0.4542720121641954, 0.643185097420657, 0.439521122754862, 0.7149426482203934, 0.4651920084531109, 0.6990480420766053, 0.450905059898893, 0.7718313155350862, 0.48401881257692975, 0.7601707716230993], "2": [0.0, 0.0, 0.0, 0.0, 0.0, 0.0, 0.0, 0.0, 0.3690812346835931, 0.5617503130877459, 0.0, 0.0, 0.0, 0.0, 0.0, 0.0, 0.0, 0.0, 0.0, 0.0, 0.0, 0.0, 0.0, 0.0, 0.0, 0.0, 0.0, 0.0, 0.0, 0.0, 0.0, 0.0, 0.0, 0.0], "3": [0.0, 0.0, 0.0, 0.0, 0.0, 0.0, 0.0, 0.0, 0.0, 0.0, 0.0, 0.0, 0.0, 0.0, 0.0, 0.0, 0.0, 0.0, 0.0, 0.0, 0.0, 0.0, 0.0, 0.0, 0.0, 0.0, 0.34787939467156925, 0.7073661393589444, 0.3824898090213537, 0.7095896535449557, 0.3302702766532699, 0.7672857998697845, 0.4112486925596992, 0.7298373478430289], "4": [0.0, 0.0, 0.0, 0.0, 0.0, 0.0, 0.0, 0.0, 0.0, 0.0, 0.0, 0.0, 0.0, 0.0, 0.0, 0.0, 0.0, 0.0, 0.0, 0.0, 0.0, 0.0, 0.0, 0.0, 0.0, 0.0, 0.3818514011800289, 0.7099556020012608, 0.0, 0.0, 0.0, 0.0, 0.0, 0.0], "5": [0.0, 0.0, 0.0, 0.0, 0.0, 0.0, 0.0, 0.0, 0.0, 0.0, 0.0, 0.0, 0.0, 0.0, 0.0, 0.0, 0.0, 0.0, 0.0, 0.0, 0.0, 0.0, 0.0, 0.0, 0.0, 0.0, 0.0, 0.0, 0.0, 0.0, 0.4116418456037839, 0.7299783320338638, 0.0, 0.0]}