{"0": [0.5930905083194375, 0.5375009107368963, 0.0, 0.0, 0.5923340113212665, 0.5319628565399735, 0.0, 0.0, 0.5872344529877106, 0.5333334331159238, 0.5694991024831931, 0.5527030312904605, 0.5760335545986891, 0.5627510708791238, 0.5731552194183072, 0.6007858475049337, 0.5749199231465657, 0.6024232460392847, 0.0, 0.0, 0.5751031128068765, 0.6633881261503255, 0.5487868780891101, 0.6390825027668917, 0.559508521668613, 0.6416778327138336, 0.5532803458472093, 0.7054031641395002, 0.5690400513199468, 0.7065945499473147, 0.0, 0.0, 0.5652772268280387, 0.7529316109639627], "1": [0.0, 0.0, 0.0, 0.0, 0.0, 0.0, 0.5080410018563271, 0.5821697402331564, 0.52598717212677, 0.5852138428776352, 0.4957770320276419, 0.6089437308134856, 0.5283656698962053, 0.6291468384089294, 0.4788375306874514, 0.6500474274158478, 0.5294683905939261, 0.6758867705309832, 0.48509175578753155, 0.6853375321737042, 0.5296479252477487, 0.7179190236109275, 0.4881482347846031, 0.7139861583157822, 0.5120842600862185, 0.7175792934717955, 0.4894448962528258, 0.7947515955677739, 0.5154327532276511, 0.7855892338134625, 0.48418848936756453, 0.8666833950413599, 0.4979900484982257, 0.8612322390079499], "2": [0.0, 0.0, 0.0, 0.0, 0.0, 0.0, 0.0, 0.0, 0.0, 0.0, 0.0, 0.0, 0.0, 0.0, 0.0, 0.0, 0.0, 0.0, 0.0, 0.0, 0.0, 0.0, 0.0, 0.0, 0.0, 0.0, 0.5719306103264292, 0.701726160226045, 0.0, 0.0, 0.5616877573231857, 0.7518767349094291, 0.0, 0.0]}