{"0": [0.3282155009607474, 0.5885702031078162, 0.32865682505071164, 0.5836053605432864, 0.0, 0.0, 0.33168649747967727, 0.5853532073674379, 0.0, 0.0, 0.3574371673166752, 0.6112867445443515, 0.3336850418398777, 0.6200357182158365, 0.3659353783975045, 0.6599709223817896, 0.3390738134893278, 0.661207937863138, 0.34714913548280796, 0.6833095923618034, 0.3409577322502931, 0.6825482929194415, 0.3653895748779178, 0.6898722140877336, 0.355024466663599, 0.6895343740781148, 0.3516897790133953, 0.744707900478884, 0.3449571695178747, 0.7449308656432011, 0.3659848317503929, 0.7863883897110269, 0.3566806529312713, 0.7793475390361929], "1": [0.0, 0.0, 0.0, 0.0, 0.0, 0.0, 0.4131316540141901, 0.5522572001373326, 0.4292190020283063, 0.549969858372653, 0.4088137862583002, 0.5886824918565927, 0.4416997661193212, 0.5796593088794637, 0.41013451445226873, 0.6397718675710536, 0.4498704319198926, 0.6199917218199483, 0.41111449444045617, 0.6764758635450292, 0.44315973073244097, 0.6399047427155353, 0.42095267747839293, 0.6789280223625678, 0.4426250639061132, 0.6758012239579801, 0.41567191084225974, 0.7290472134947776, 0.45242469323178125, 0.7396015800811627, 0.42258694072564446, 0.7798627380971556, 0.46205523038903873, 0.8034278936960079], "2": [0.0, 0.0, 0.0, 0.0, 0.0, 0.0, 0.0, 0.0, 0.34466760102659466, 0.5794692913691203, 0.0, 0.0, 0.0, 0.0, 0.0, 0.0, 0.0, 0.0, 0.0, 0.0, 0.0, 0.0, 0.0, 0.0, 0.0, 0.0, 0.0, 0.0, 0.0, 0.0, 0.0, 0.0, 0.0, 0.0], "3": [0.0, 0.0, 0.0, 0.0, 0.0, 0.0, 0.0, 0.0, 0.0, 0.0, 0.3348697483539581, 0.6161520931455824, 0.0, 0.0, 0.0, 0.0, 0.0, 0.0, 0.0, 0.0, 0.0, 0.0, 0.0, 0.0, 0.0, 0.0, 0.0, 0.0, 0.0, 0.0, 0.0, 0.0, 0.0, 0.0]}