{"0": [0.5616134836028019, 0.5269448964684098, 0.0, 0.0, 0.5604126181572308, 0.5214717285500632, 0.5439715450629592, 0.5207159923182594, 0.555039722720782, 0.5236534705868474, 0.5327162084480127, 0.5422586935537833, 0.5553062198683619, 0.5653068762134623, 0.5167031983534495, 0.5712602831699229, 0.5477864575572312, 0.6072007589870028, 0.0, 0.0, 0.5498533931871256, 0.6387436767419179, 0.5241719685494899, 0.6230307069089678, 0.5377576671540737, 0.6265036159091526, 0.5269399069560071, 0.6730642905941716, 0.5496047984808683, 0.6813265389866298, 0.5173021485408147, 0.7278372085756726, 0.5464950858304898, 0.7418932996414326], "1": [0.6816085080305735, 0.6504758216716625, 0.0, 0.0, 0.6822110009690125, 0.6455652376015981, 0.0, 0.0, 0.6781528218338887, 0.6416278442850819, 0.6592293577889602, 0.6406928139842218, 0.66409914859881, 0.6570308819965079, 0.0, 0.0, 0.6785666445891062, 0.7274654112480304, 0.0, 0.0, 0.6979126654565333, 0.7523176451524097, 0.6339839381476243, 0.717531047043977, 0.6419046367208163, 0.7208460886169363, 0.6739937153955301, 0.7631903489430746, 0.6727237805724144, 0.7679718603690465, 0.6834707970420519, 0.8276026332819904, 0.6842074923217296, 0.8299188238603098], "2": [0.0, 0.0, 0.0, 0.0, 0.0, 0.0, 0.0, 0.0, 0.0, 0.0, 0.0, 0.0, 0.0, 0.0, 0.0, 0.0, 0.0, 0.0, 0.6957743216305972, 0.750567352551001, 0.0, 0.0, 0.0, 0.0, 0.0, 0.0, 0.0, 0.0, 0.0, 0.0, 0.0, 0.0, 0.0, 0.0], "3": [0.0, 0.0, 0.0, 0.0, 0.0, 0.0, 0.0, 0.0, 0.0, 0.0, 0.0, 0.0, 0.0, 0.0, 0.0, 0.0, 0.0, 0.0, 0.0, 0.0, 0.0, 0.0, 0.0, 0.0, 0.0, 0.0, 0.6329655195275943, 0.7448459440359363, 0.0, 0.0, 0.0, 0.0, 0.0, 0.0], "4": [0.0, 0.0, 0.0, 0.0, 0.0, 0.0, 0.0, 0.0, 0.0, 0.0, 0.0, 0.0, 0.0, 0.0, 0.0, 0.0, 0.0, 0.0, 0.0, 0.0, 0.0, 0.0, 0.0, 0.0, 0.0, 0.0, 0.0, 0.0, 0.0, 0.0, 0.6179935457184911, 0.7474872235898619, 0.0, 0.0]}