{"0": [0.4134683219095071, 0.3973536224276931, 0.41357221255699794, 0.3940373244108977, 0.4139165460442503, 0.3935648379502473, 0.4184677565159897, 0.3948043631182777, 0.0, 0.0, 0.42315555848181247, 0.4145211890891746, 0.42310260866458216, 0.41213173844196177, 0.4257995729645093, 0.44760028631598864, 0.4233435056172311, 0.44642703190997796, 0.41663970115284127, 0.46681927442550664, 0.41655347185830277, 0.46516021887461345, 0.42563918965558206, 0.4772481151753002, 0.42539254700144136, 0.47388543596974125, 0.42022224391500157, 0.5194606352735449, 0.41978414232532185, 0.5192426158322229, 0.42691778660130997, 0.5592098595333044, 0.42783250386516253, 0.5525110872807326], "1": [0.626925740763545, 0.502177545317897, 0.6288185795148213, 0.4962696812770985, 0.6255965985357761, 0.4965307081187213, 0.0, 0.0, 0.621727230399847, 0.4930037339528402, 0.6299128320068121, 0.5187403440475464, 0.6079937634368737, 0.5186261929847577, 0.0, 0.0, 0.5944535982484619, 0.5472372562796981, 0.0, 0.0, 0.6028832000990708, 0.5781321861125804, 0.6228544904695202, 0.5915306378293921, 0.6139783625801406, 0.5913892013055307, 0.6190213707275689, 0.6442388587527805, 0.0, 0.0, 0.6158810126284758, 0.7001076929754129, 0.6153153710067272, 0.7017099663063332], "2": [0.0, 0.0, 0.0, 0.0, 0.0, 0.0, 0.6158422559499741, 0.4926706599899464, 0.0, 0.0, 0.6071583307037751, 0.5156344745998029, 0.6285830939809481, 0.5183989697032505, 0.5934417878588041, 0.5470936706772557, 0.0, 0.0, 0.0, 0.0, 0.0, 0.0, 0.0, 0.0, 0.0, 0.0, 0.0, 0.0, 0.0, 0.0, 0.0, 0.0, 0.0, 0.0], "3": [0.0, 0.0, 0.0, 0.0, 0.0, 0.0, 0.0, 0.0, 0.0, 0.0, 0.0, 0.0, 0.0, 0.0, 0.0, 0.0, 0.0, 0.0, 0.0, 0.0, 0.0, 0.0, 0.0, 0.0, 0.0, 0.0, 0.0, 0.0, 0.6193960169951122, 0.643839854001999, 0.0, 0.0, 0.0, 0.0], "4": [0.0, 0.0, 0.0, 0.0, 0.0, 0.0, 0.0, 0.0, 0.0, 0.0, 0.0, 0.0, 0.0, 0.0, 0.0, 0.0, 0.0, 0.0, 0.0, 0.0, 0.0, 0.0, 0.0, 0.0, 0.0, 0.0, 0.0, 0.0, 0.0, 0.0, 0.5995532808204492, 0.6588723820668679, 0.0, 0.0], "5": [0.0, 0.0, 0.0, 0.0, 0.0, 0.0, 0.0, 0.0, 0.0, 0.0, 0.0, 0.0, 0.0, 0.0, 0.0, 0.0, 0.0, 0.0, 0.0, 0.0, 0.0, 0.0, 0.0, 0.0, 0.0, 0.0, 0.0, 0.0, 0.0, 0.0, 0.0, 0.0, 0.5985159198443095, 0.6604267040888468]}