{"0": [0.36681517710288364, 0.559159439270971, 0.3671057450274626, 0.5544460669711784, 0.0, 0.0, 0.37102059784034885, 0.5553062015109592, 0.3821853266408046, 0.5491372161441379, 0.3728704025076392, 0.5759347169487564, 0.39284796236703795, 0.5696701047597108, 0.35632107411511243, 0.6080712168305008, 0.40153301153331994, 0.6106630834440391, 0.34206742582221833, 0.6367120288036487, 0.40014376267790797, 0.6158117965415671, 0.39064832987884673, 0.6449582755565643, 0.40237183185915154, 0.6439408448007373, 0.359876890356342, 0.6712292245140782, 0.39215743926664187, 0.6971445551625004, 0.36331525531907877, 0.7388925706898725, 0.0, 0.0], "1": [0.0, 0.0, 0.0, 0.0, 0.0, 0.0, 0.4201192989945412, 0.5355773761316582, 0.4335960461447636, 0.5342630326747895, 0.41518086890379585, 0.5722889385841511, 0.444727440054218, 0.5648772461546792, 0.403746201346318, 0.6131069631488235, 0.4578699577599764, 0.5967595824488887, 0.0, 0.0, 0.4591574886192878, 0.6240661214899134, 0.4284835156053305, 0.649350620309512, 0.4474157394220431, 0.642976380939837, 0.43040470449874796, 0.7163384447495142, 0.4530605343480905, 0.6840516698581202, 0.4462966978549957, 0.7671621884460802, 0.47065635174512865, 0.7313256791344396], "2": [0.0, 0.0, 0.0, 0.0, 0.0, 0.0, 0.0, 0.0, 0.0, 0.0, 0.0, 0.0, 0.0, 0.0, 0.0, 0.0, 0.0, 0.0, 0.0, 0.0, 0.0, 0.0, 0.0, 0.0, 0.0, 0.0, 0.0, 0.0, 0.43221997159222764, 0.7151109291723481, 0.0, 0.0, 0.4466702605287234, 0.7664362378694393], "3": [0.0, 0.0, 0.0, 0.0, 0.0, 0.0, 0.0, 0.0, 0.0, 0.0, 0.0, 0.0, 0.0, 0.0, 0.0, 0.0, 0.0, 0.0, 0.0, 0.0, 0.0, 0.0, 0.0, 0.0, 0.0, 0.0, 0.0, 0.0, 0.0, 0.0, 0.41893713374932606, 0.7210642995657746, 0.0, 0.0]}