{"0": [0.4175938982516527, 0.48302585195612024, 0.41846390226855873, 0.4793787161509196, 0.0, 0.0, 0.4222474617883563, 0.48422980926654957, 0.43189392735560733, 0.4841567726046951, 0.418016456750532, 0.5161277428821283, 0.4405627278611064, 0.5107235118194864, 0.41679546621938546, 0.5558394780865422, 0.4459020011126995, 0.5504953534514816, 0.4187153567598822, 0.592787053849962, 0.45106566256533065, 0.5810848025260148, 0.4270611433525725, 0.5861998187171088, 0.4416845305512348, 0.5862190774193515, 0.42103522146741545, 0.627656662133005, 0.44678652162353194, 0.6415408739337216, 0.4218880049884319, 0.672251843743854, 0.467562777052323, 0.6865496855091167], "1": [0.3427897248417139, 0.5715551493344484, 0.3425078853964806, 0.5651692072550456, 0.0, 0.0, 0.3465200398117304, 0.570438202663704, 0.0, 0.0, 0.35707192110518615, 0.5963693797381387, 0.34733402580022815, 0.5969272770263531, 0.37905072383582594, 0.634545048850554, 0.33999699366589387, 0.6309001525243123, 0.3830592669546604, 0.6773869742673856, 0.32654015223185223, 0.6514262852845368, 0.36890452574007215, 0.6643175520278789, 0.3623128704726696, 0.6629823488717967, 0.0, 0.0, 0.35711914747953416, 0.6996057522793611, 0.3399908390206595, 0.7826987047990164, 0.3400332766585052, 0.781596706331604], "2": [0.0, 0.0, 0.0, 0.0, 0.0, 0.0, 0.0, 0.0, 0.0, 0.0, 0.0, 0.0, 0.0, 0.0, 0.0, 0.0, 0.0, 0.0, 0.32606247812509537, 0.6520370620268362, 0.0, 0.0, 0.0, 0.0, 0.0, 0.0, 0.0, 0.0, 0.0, 0.0, 0.0, 0.0, 0.0, 0.0], "3": [0.0, 0.0, 0.0, 0.0, 0.0, 0.0, 0.0, 0.0, 0.0, 0.0, 0.0, 0.0, 0.0, 0.0, 0.0, 0.0, 0.0, 0.0, 0.0, 0.0, 0.0, 0.0, 0.0, 0.0, 0.0, 0.0, 0.3576594656954209, 0.6990288944156081, 0.0, 0.0, 0.0, 0.0, 0.0, 0.0], "4": [0.0, 0.0, 0.0, 0.0, 0.0, 0.0, 0.0, 0.0, 0.0, 0.0, 0.0, 0.0, 0.0, 0.0, 0.0, 0.0, 0.0, 0.0, 0.0, 0.0, 0.0, 0.0, 0.0, 0.0, 0.0, 0.0, 0.0, 0.0, 0.0, 0.0, 0.37566248526175816, 0.7134746498531765, 0.0, 0.0], "5": [0.0, 0.0, 0.0, 0.0, 0.0, 0.0, 0.0, 0.0, 0.0, 0.0, 0.0, 0.0, 0.0, 0.0, 0.0, 0.0, 0.0, 0.0, 0.0, 0.0, 0.0, 0.0, 0.0, 0.0, 0.0, 0.0, 0.0, 0.0, 0.0, 0.0, 0.46708110397060715, 0.6868856792096738, 0.0, 0.0], "6": [0.0, 0.0, 0.0, 0.0, 0.0, 0.0, 0.0, 0.0, 0.0, 0.0, 0.0, 0.0, 0.0, 0.0, 0.0, 0.0, 0.0, 0.0, 0.0, 0.0, 0.0, 0.0, 0.0, 0.0, 0.0, 0.0, 0.0, 0.0, 0.0, 0.0, 0.0, 0.0, 0.37551855643590293, 0.7142215199492595]}