{"0": [0.6100090146996081, 0.39825262979224874, 0.6114044378201167, 0.3938927451769511, 0.6074865341186524, 0.3934981332884894, 0.6133186973631382, 0.3941393490190859, 0.6020900570598314, 0.3956132294955077, 0.6109838609894117, 0.42010274098979106, 0.5998889014124871, 0.42172845690338695, 0.606841769007345, 0.4573177577168853, 0.5981171879762163, 0.45985914071400963, 0.0, 0.0, 0.5969325819984078, 0.4913504778235047, 0.6089943124602238, 0.4781529739223145, 0.5998331317057212, 0.47909276452329425, 0.6120681670804818, 0.5212100747558805, 0.5960078482826552, 0.519805927850582, 0.6163231854637464, 0.5612607428321132, 0.5838332692782084, 0.5551122230512125], "1": [0.36678731019298244, 0.5201185952734064, 0.37020497048894563, 0.5144694465453977, 0.3655375879257917, 0.514711542379249, 0.37882906074325245, 0.5157231554940894, 0.0, 0.0, 0.3885897904013594, 0.5513485627041923, 0.3621655421952407, 0.5470689104663001, 0.3920461591333151, 0.5964045252375029, 0.3627125062048435, 0.5898937100613558, 0.38436965110401305, 0.6389727233736603, 0.3596583322311442, 0.6243685906683956, 0.38360473737120626, 0.6355753406330391, 0.36415316046526036, 0.6350834485557344, 0.3910064180692037, 0.6840402040216657, 0.36058353832922874, 0.6954050300297914, 0.39582992605865003, 0.7364102468998344, 0.3552547707532842, 0.7644020455854911]}