{"0": [0.0, 0.0, 0.0, 0.0, 0.0, 0.0, 0.5706069650749366, 0.5276479374479366, 0.5847448036695521, 0.5300178632968002, 0.558078707754612, 0.5599848588307699, 0.588316718240579, 0.5652456048462126, 0.5484267044502, 0.6032142641367736, 0.5923197891563177, 0.604258506110421, 0.5423362635076046, 0.6394911662296012, 0.5950513230015834, 0.6373121270426998, 0.5579451932261388, 0.6424753210058919, 0.5783675167709589, 0.6421993085631617, 0.5583126919964949, 0.7114034136136372, 0.5859284012888869, 0.7079711710413297, 0.5555487537756563, 0.7707967623516365, 0.5923498356093962, 0.7753078023592632], "1": [0.0, 0.0, 0.0, 0.0, 0.0, 0.0, 0.4405190162360668, 0.6043054085638789, 0.4561125082274278, 0.5960798516455623, 0.446260137980183, 0.635377664036221, 0.4714819168051083, 0.6104906025860045, 0.44026168274382754, 0.6698490558950989, 0.4918820891529322, 0.637122031494423, 0.4270460409267495, 0.6682951847712199, 0.509485505335033, 0.6577656540605757, 0.4773545300588012, 0.6900344146622551, 0.4926041203240554, 0.6857881111127359, 0.4375563157971616, 0.7226754001946165, 0.4964744331936041, 0.7000702783672346, 0.42830632204810776, 0.7840814533057037, 0.5091488675524791, 0.73523369288003]}