{"0": [0.0, 0.0, 0.0, 0.0, 0.0, 0.0, 0.4674009207636118, 0.5130157756584662, 0.4804508867984017, 0.5169067360736705, 0.45578131477038064, 0.5321981103331953, 0.4830516094962755, 0.5491125919200756, 0.4403427209705114, 0.5613988304579699, 0.485771044002225, 0.5896745597874677, 0.43002325743436814, 0.5845711041379859, 0.48406175449490546, 0.6065903659220095, 0.44793236050075697, 0.6108051282388193, 0.4669668102016052, 0.615082464615504, 0.43573416660850245, 0.652909126105132, 0.4861103885496656, 0.6551141510131182, 0.4114799338082473, 0.6978047883069074, 0.49093720441063243, 0.7183230620843393], "1": [0.0, 0.0, 0.0, 0.0, 0.0, 0.0, 0.6671844501048326, 0.5638906028535631, 0.6802821181093653, 0.5678528792328305, 0.6583100683987141, 0.5942636017446165, 0.673319724140068, 0.6071735320267855, 0.6452958519260089, 0.6028589271836811, 0.6841176461428404, 0.6592597656779821, 0.6557349083634715, 0.5830478137290036, 0.7060327548533679, 0.6960661839555811, 0.6517474653199316, 0.6789859954957609, 0.6636643217876553, 0.6823195322796151, 0.6611381286755205, 0.7325060950385199, 0.6782901604970296, 0.7448567768213925, 0.645774569734931, 0.7831191806881516, 0.6770911565656813, 0.8173980134504814], "2": [0.0, 0.0, 0.0, 0.0, 0.0, 0.0, 0.0, 0.0, 0.0, 0.0, 0.0, 0.0, 0.0, 0.0, 0.6834741555154323, 0.6576288695688601, 0.0, 0.0, 0.0, 0.0, 0.0, 0.0, 0.0, 0.0, 0.0, 0.0, 0.0, 0.0, 0.0, 0.0, 0.0, 0.0, 0.0, 0.0], "3": [0.0, 0.0, 0.0, 0.0, 0.0, 0.0, 0.0, 0.0, 0.0, 0.0, 0.0, 0.0, 0.0, 0.0, 0.0, 0.0, 0.6462709195911884, 0.6022769491981577, 0.0, 0.0, 0.6584495830039183, 0.5847377247280545, 0.0, 0.0, 0.0, 0.0, 0.0, 0.0, 0.0, 0.0, 0.0, 0.0, 0.0, 0.0], "4": [0.0, 0.0, 0.0, 0.0, 0.0, 0.0, 0.0, 0.0, 0.0, 0.0, 0.0, 0.0, 0.0, 0.0, 0.0, 0.0, 0.0, 0.0, 0.0, 0.0, 0.0, 0.0, 0.0, 0.0, 0.0, 0.0, 0.0, 0.0, 0.0, 0.0, 0.4270878332856228, 0.6676924480332269, 0.0, 0.0]}