{"0": [0.27553481484452885, 0.46172261745841414, 0.2773116853553802, 0.4547457820287457, 0.2729825288367768, 0.45734310426093916, 0.28370770141482354, 0.44979467910748944, 0.0, 0.0, 0.2944657741114497, 0.4760918026721036, 0.27497826566298805, 0.47599556435037543, 0.3018415021710098, 0.5112160042480186, 0.2635319924602906, 0.48900309050524676, 0.2927966040869554, 0.5287733206042537, 0.2494992452363173, 0.47887412596631934, 0.297061543725431, 0.5426327809139533, 0.28276849488417305, 0.543618929165381, 0.2979595382271024, 0.5937913912313956, 0.2799654869983594, 0.6002501236067876, 0.29758700300008056, 0.6394604678507205, 0.2759797910849253, 0.6525995236855966], "1": [0.0, 0.0, 0.0, 0.0, 0.0, 0.0, 0.605959098568807, 0.5336005436049567, 0.6213745144506295, 0.5389397433510533, 0.5942260154833398, 0.5615406246097, 0.6243251339842876, 0.5772320926189423, 0.5776535746951897, 0.5979194431393234, 0.6302899554992716, 0.6247464154605512, 0.5879696562886239, 0.6204069872697194, 0.6307839513445894, 0.6672884963176868, 0.5947330779085557, 0.6540578431553311, 0.6118030262490114, 0.6564849876695209, 0.6040093757212162, 0.7158500767416425, 0.6072186547021071, 0.715731026949706, 0.596519264827172, 0.790542894160306, 0.5959586938222249, 0.7922650438767891], "2": [0.0, 0.0, 0.0, 0.0, 0.0, 0.0, 0.0, 0.0, 0.0, 0.0, 0.0, 0.0, 0.0, 0.0, 0.0, 0.0, 0.0, 0.0, 0.0, 0.0, 0.5917656470090151, 0.6226208355691698, 0.0, 0.0, 0.0, 0.0, 0.0, 0.0, 0.0, 0.0, 0.0, 0.0, 0.0, 0.0], "3": [0.0, 0.0, 0.0, 0.0, 0.0, 0.0, 0.0, 0.0, 0.0, 0.0, 0.0, 0.0, 0.0, 0.0, 0.0, 0.0, 0.0, 0.0, 0.0, 0.0, 0.0, 0.0, 0.0, 0.0, 0.0, 0.0, 0.0, 0.0, 0.0, 0.0, 0.6091511403520902, 0.7503109538996661, 0.0, 0.0], "4": [0.0, 0.0, 0.0, 0.0, 0.0, 0.0, 0.0, 0.0, 0.0, 0.0, 0.0, 0.0, 0.0, 0.0, 0.0, 0.0, 0.0, 0.0, 0.0, 0.0, 0.0, 0.0, 0.0, 0.0, 0.0, 0.0, 0.0, 0.0, 0.0, 0.0, 0.0, 0.0, 0.6092529691755771, 0.749949128318716]}