{"0": [0.41658772851030024, 0.5381419786700496, 0.0, 0.0, 0.4152506713444988, 0.5350338847548873, 0.4005664159854253, 0.5380565035122412, 0.412052150691549, 0.5387043802826493, 0.392120573669672, 0.5663059089194845, 0.41856812179709474, 0.5788177251815797, 0.38299137353897095, 0.6010742006478486, 0.4195362344384194, 0.6209334097526692, 0.0, 0.0, 0.42360761538147934, 0.6466597735881805, 0.39358108276501297, 0.647078009004946, 0.4115389669934908, 0.6518591507717415, 0.3853432495612651, 0.7144020262691709, 0.42446104250848293, 0.7001746900241684, 0.36708612963557236, 0.773481189487157, 0.4294940195977688, 0.7687063841908066], "1": [0.0, 0.0, 0.0, 0.0, 0.0, 0.0, 0.5407914278407892, 0.580296743799139, 0.5524530456090967, 0.5809286581145392, 0.5429623369127512, 0.6081975124500416, 0.5435835003542403, 0.6133252512525629, 0.0, 0.0, 0.5313583764946088, 0.6629379904863459, 0.565445559968551, 0.6646465723161344, 0.5465831007808447, 0.6834048172941914, 0.5356780949359139, 0.6883233509681843, 0.527435610195001, 0.6930611686022193, 0.0, 0.0, 0.5563908683446547, 0.7410130703890764, 0.0, 0.0, 0.5480301275461291, 0.8162527556772586], "2": [0.0, 0.0, 0.0, 0.0, 0.0, 0.0, 0.0, 0.0, 0.0, 0.0, 0.0, 0.0, 0.0, 0.0, 0.0, 0.0, 0.0, 0.0, 0.0, 0.0, 0.0, 0.0, 0.0, 0.0, 0.0, 0.0, 0.5600958112937708, 0.744622596298103, 0.0, 0.0, 0.5480111504361654, 0.8162880325758899, 0.0, 0.0]}