{"0": [0.7104624931739333, 0.49401946663856505, 0.7131755878527959, 0.490287431522652, 0.7103291173775991, 0.4901310181176221, 0.7218522390971581, 0.49313629655926317, 0.0, 0.0, 0.7304167150830229, 0.524038995857592, 0.7121174520502488, 0.5190535721955476, 0.7407197249432405, 0.5621534318835647, 0.7035427628705899, 0.5478817895606712, 0.7414005239804585, 0.6016059970414197, 0.6913679577410221, 0.5721569423322325, 0.7256096082429091, 0.5986048797766368, 0.7155686305214961, 0.5947860470524541, 0.7131200078885063, 0.6480684826649765, 0.7225138785324634, 0.644299542570663, 0.6971176834776998, 0.710919361644321, 0.7339387449125448, 0.6976849719330117], "1": [0.0, 0.0, 0.0, 0.0, 0.36651710892717043, 0.5476798816963478, 0.34952547773718834, 0.5487317385496917, 0.3639988119403521, 0.5494634804902253, 0.3386183039595683, 0.582067348614887, 0.3721178088337183, 0.5874860718294427, 0.33444008106986683, 0.6205884302103961, 0.38220868272085984, 0.6237700603626393, 0.3370902735739946, 0.6745127713238751, 0.3858435910815994, 0.6463523617497197, 0.34289206514755877, 0.6751590918611597, 0.3637796639154355, 0.6754811624685924, 0.3421328286329905, 0.737600553256494, 0.36833536258588234, 0.7404622925652398, 0.34215425128738086, 0.8102627101871702, 0.37135891802608967, 0.8008296443356409], "2": [0.0, 0.0, 0.0, 0.0, 0.0, 0.0, 0.0, 0.0, 0.0, 0.0, 0.0, 0.0, 0.0, 0.0, 0.0, 0.0, 0.0, 0.0, 0.0, 0.0, 0.0, 0.0, 0.0, 0.0, 0.0, 0.0, 0.0, 0.0, 0.0, 0.0, 0.7340677281220754, 0.6992207318544388, 0.0, 0.0], "3": [0.0, 0.0, 0.0, 0.0, 0.0, 0.0, 0.0, 0.0, 0.0, 0.0, 0.0, 0.0, 0.0, 0.0, 0.0, 0.0, 0.0, 0.0, 0.0, 0.0, 0.0, 0.0, 0.0, 0.0, 0.0, 0.0, 0.0, 0.0, 0.0, 0.0, 0.0, 0.0, 0.6970354957506061, 0.7099471639703822]}