{"0": [0.6598610143487652, 0.4242088962484289, 0.6619641708830992, 0.42124735470171326, 0.659490821386377, 0.4182537017321145, 0.0, 0.0, 0.6544285558164121, 0.41249826914734306, 0.6522600478492677, 0.4274507623027872, 0.647382173438867, 0.4247598075204425, 0.6437823137831098, 0.4547117727774161, 0.6432768341464302, 0.4554179562186753, 0.6418705162902673, 0.4827375054359436, 0.6425196804106235, 0.48325097295973035, 0.626777212197582, 0.4711797918986391, 0.6277179855232438, 0.4713919621926767, 0.6232640098780393, 0.5115723113218943, 0.6324042923748493, 0.517333378173687, 0.6092214237898588, 0.5471294323603312, 0.6272799909580499, 0.5652122681891477], "1": [0.0, 0.0, 0.0, 0.0, 0.0, 0.0, 0.2966373230020205, 0.4534287715399707, 0.30954267693062626, 0.45245016791202397, 0.29273067936301234, 0.48759208939693593, 0.317589196562767, 0.4827331178718143, 0.2903961734225352, 0.5306865391907869, 0.32298775895033033, 0.5207994092393804, 0.28873569667339327, 0.5657823138214924, 0.3185397698699186, 0.5378339655421398, 0.29947621921698253, 0.5549273234826547, 0.31513154742618404, 0.5523587467493835, 0.29924740803738437, 0.608380479724319, 0.31678916613260905, 0.5965134843218106, 0.2976253094772498, 0.6672618865966797, 0.32576675539215405, 0.6375533585195188], "2": [0.0, 0.0, 0.0, 0.0, 0.0, 0.0, 0.0, 0.0, 0.0, 0.0, 0.0, 0.0, 0.0, 0.0, 0.0, 0.0, 0.0, 0.0, 0.0, 0.0, 0.0, 0.0, 0.0, 0.0, 0.0, 0.0, 0.0, 0.0, 0.0, 0.0, 0.6279532132049401, 0.5628499593999651, 0.0, 0.0], "3": [0.0, 0.0, 0.0, 0.0, 0.0, 0.0, 0.0, 0.0, 0.0, 0.0, 0.0, 0.0, 0.0, 0.0, 0.0, 0.0, 0.0, 0.0, 0.0, 0.0, 0.0, 0.0, 0.0, 0.0, 0.0, 0.0, 0.0, 0.0, 0.0, 0.0, 0.0, 0.0, 0.6093912596503893, 0.5467594073878395]}