{"0": [0.3345734562103947, 0.446848252526036, 0.33522189074816805, 0.44209800594382814, 0.33273068790634475, 0.44335552763055874, 0.3397144162561744, 0.43752209213044907, 0.0, 0.0, 0.34949864000082015, 0.44507827206894207, 0.34586961964766183, 0.4470620971035074, 0.37091552490989366, 0.45452461342016853, 0.37215970798085135, 0.45515185986404066, 0.3786437557389339, 0.48571539416357323, 0.3766942709684372, 0.4827828990088569, 0.37151689529418946, 0.4943119614212601, 0.3706075054903825, 0.5051928021289684, 0.37050621286034585, 0.5436939264889117, 0.3700509650011857, 0.5434849001743175, 0.3695818079148602, 0.5819351601552001, 0.3775119746414324, 0.57005098440029], "1": [0.7200720753520727, 0.5483406088970325, 0.7209389644364516, 0.544904038199672, 0.7187680316332262, 0.5451245873614594, 0.0, 0.0, 0.7135366381456455, 0.5407150235440996, 0.7174637923638026, 0.5625232219696045, 0.6985396113867561, 0.5614273680580988, 0.7244868154327074, 0.5991029768078415, 0.7129581580559413, 0.582286454792376, 0.7344873219107588, 0.6279672220901207, 0.0, 0.0, 0.7152098122363288, 0.6415432408452034, 0.7044613709052403, 0.6419024575639654, 0.7135348007082939, 0.7026392965405076, 0.7113103991995254, 0.7039642638630337, 0.7120675258338451, 0.7710549588556643, 0.7118719130754471, 0.7721385823355781], "2": [0.0, 0.0, 0.0, 0.0, 0.0, 0.0, 0.0, 0.0, 0.0, 0.0, 0.6989901871730884, 0.5566395022250988, 0.0, 0.0, 0.0, 0.0, 0.0, 0.0, 0.722597392834723, 0.561711319287618, 0.0, 0.0, 0.0, 0.0, 0.0, 0.0, 0.0, 0.0, 0.0, 0.0, 0.0, 0.0, 0.0, 0.0], "3": [0.0, 0.0, 0.0, 0.0, 0.0, 0.0, 0.0, 0.0, 0.0, 0.0, 0.0, 0.0, 0.0, 0.0, 0.0, 0.0, 0.0, 0.0, 0.0, 0.0, 0.7190562706751128, 0.5612268759144677, 0.0, 0.0, 0.0, 0.0, 0.0, 0.0, 0.0, 0.0, 0.0, 0.0, 0.0, 0.0], "4": [0.0, 0.0, 0.0, 0.0, 0.0, 0.0, 0.0, 0.0, 0.0, 0.0, 0.0, 0.0, 0.0, 0.0, 0.0, 0.0, 0.0, 0.0, 0.0, 0.0, 0.7344302715733647, 0.6267156425449584, 0.0, 0.0, 0.0, 0.0, 0.0, 0.0, 0.0, 0.0, 0.0, 0.0, 0.0, 0.0], "5": [0.0, 0.0, 0.0, 0.0, 0.0, 0.0, 0.0, 0.0, 0.0, 0.0, 0.0, 0.0, 0.0, 0.0, 0.0, 0.0, 0.0, 0.0, 0.0, 0.0, 0.0, 0.0, 0.0, 0.0, 0.0, 0.0, 0.0, 0.0, 0.0, 0.0, 0.6850362338746587, 0.7202087702574553, 0.0, 0.0], "6": [0.0, 0.0, 0.0, 0.0, 0.0, 0.0, 0.0, 0.0, 0.0, 0.0, 0.0, 0.0, 0.0, 0.0, 0.0, 0.0, 0.0, 0.0, 0.0, 0.0, 0.0, 0.0, 0.0, 0.0, 0.0, 0.0, 0.0, 0.0, 0.0, 0.0, 0.0, 0.0, 0.6844016031672557, 0.7209809699544201]}