{"0": [0.0, 0.0, 0.0, 0.0, 0.0, 0.0, 0.5473865449428559, 0.5520269029118396, 0.5639262232929468, 0.5551285439067417, 0.5355492527596653, 0.585664854226289, 0.5705983615169923, 0.5954992254023199, 0.5225623428511122, 0.634245039081132, 0.5773891191308697, 0.6470342502549843, 0.5211235406498115, 0.6716189957327313, 0.5920152624448141, 0.6830723720568198, 0.5366178813079993, 0.6856758394727, 0.5601596833982815, 0.6876624659255699, 0.5369126446545124, 0.7456048644251294, 0.556671714844803, 0.7522792747727146, 0.5372747079779704, 0.8313218410368319, 0.5430535594622294, 0.8340940817086785], "1": [0.0, 0.0, 0.0, 0.0, 0.0, 0.0, 0.0, 0.0, 0.0, 0.0, 0.0, 0.0, 0.0, 0.0, 0.0, 0.0, 0.0, 0.0, 0.0, 0.0, 0.0, 0.0, 0.0, 0.0, 0.0, 0.0, 0.0, 0.0, 0.0, 0.0, 0.0, 0.0, 0.56780869991829, 0.7838251703315311]}