{"0": [0.6868978150188922, 0.5054549217224121, 0.6899923736229538, 0.5002045188789015, 0.6857825493750472, 0.4996210433818676, 0.698394981585443, 0.5017655677265591, 0.0, 0.0, 0.7064535890240222, 0.5319628335811474, 0.6848293932154774, 0.5244975814112911, 0.7113706668217977, 0.5743663987903683, 0.6814318163786084, 0.551541489003985, 0.7059260894233982, 0.6115625070752921, 0.681415750955542, 0.5667250503751414, 0.7042576586206754, 0.606404244016718, 0.6946719991664093, 0.6066163661303344, 0.7088995359838008, 0.6454323004793238, 0.691690095514059, 0.6511190050178104, 0.7279524306456248, 0.6896319762424187, 0.6862213944395383, 0.7112924650863365], "1": [0.0, 0.0, 0.0, 0.0, 0.0, 0.0, 0.3441833187825978, 0.5570045870763284, 0.3594255387783051, 0.5577305739676511, 0.3324003484100103, 0.5937730773731514, 0.36708924161891143, 0.5999414735370212, 0.3189541593349228, 0.637283663837998, 0.37506470767160255, 0.6418534366069016, 0.3241063324113687, 0.6713888263260877, 0.36862592757679524, 0.6584113008446164, 0.3367511300990979, 0.6829482407481582, 0.35770109643538794, 0.6843837123226236, 0.33168313999970755, 0.7504721378838575, 0.3598696858311693, 0.7499827327551665, 0.32941159680485727, 0.825601317981879, 0.36121897449096046, 0.8118917417195108], "2": [0.0, 0.0, 0.0, 0.0, 0.0, 0.0, 0.0, 0.0, 0.0, 0.0, 0.0, 0.0, 0.0, 0.0, 0.0, 0.0, 0.0, 0.0, 0.0, 0.0, 0.0, 0.0, 0.0, 0.0, 0.0, 0.0, 0.691283518075943, 0.6510182268089717, 0.7104989467111106, 0.6484768726207591, 0.6859494993463159, 0.7118926761326966, 0.7277993186066548, 0.6877654369230624]}