{"0": [0.0, 0.0, 0.0, 0.0, 0.0, 0.0, 0.3977845030526321, 0.5947544357290975, 0.412690536181132, 0.592722741983555, 0.39191608540713785, 0.6298351212784096, 0.4260444186006983, 0.624279405452587, 0.38698589901129404, 0.6824737562073603, 0.43389162669579195, 0.6695705337656869, 0.39007808845490216, 0.7291435640167307, 0.0, 0.0, 0.4011754320313533, 0.7276622820783546, 0.41967999991029503, 0.7231631911463208, 0.0, 0.0, 0.4208818270514409, 0.7708194628909782, 0.0, 0.0, 0.4332680309812228, 0.8042735620781227], "1": [0.0, 0.0, 0.0, 0.0, 0.0, 0.0, 0.32853110606471697, 0.5833716120984819, 0.3424069443096717, 0.5757429279662944, 0.35332245913644633, 0.6046967911499518, 0.34314009311298527, 0.6088362941035518, 0.3629877485334873, 0.6475202957789102, 0.3456140509496132, 0.6550254801909129, 0.3470927401135365, 0.6678779008211913, 0.3365951411426067, 0.6782400131225585, 0.36381249576807023, 0.6892799161098623, 0.3563172552268952, 0.6881631990273794, 0.33597259459396206, 0.7443896919005999, 0.33609638797740143, 0.7440336232935941, 0.3172003095348676, 0.8134999849178172, 0.3170952779551347, 0.8120528983849067], "2": [0.0, 0.0, 0.0, 0.0, 0.0, 0.0, 0.0, 0.0, 0.0, 0.0, 0.0, 0.0, 0.0, 0.0, 0.0, 0.0, 0.0, 0.0, 0.0, 0.0, 0.33658794512351353, 0.6338515000210868, 0.0, 0.0, 0.0, 0.0, 0.0, 0.0, 0.0, 0.0, 0.0, 0.0, 0.0, 0.0], "3": [0.0, 0.0, 0.0, 0.0, 0.0, 0.0, 0.0, 0.0, 0.0, 0.0, 0.0, 0.0, 0.0, 0.0, 0.0, 0.0, 0.0, 0.0, 0.0, 0.0, 0.0, 0.0, 0.0, 0.0, 0.0, 0.0, 0.3734486599763234, 0.7327959049631048, 0.0, 0.0, 0.0, 0.0, 0.0, 0.0], "4": [0.0, 0.0, 0.0, 0.0, 0.0, 0.0, 0.0, 0.0, 0.0, 0.0, 0.0, 0.0, 0.0, 0.0, 0.0, 0.0, 0.0, 0.0, 0.0, 0.0, 0.0, 0.0, 0.0, 0.0, 0.0, 0.0, 0.0, 0.0, 0.3731857266277075, 0.7322884700916431, 0.0, 0.0, 0.0, 0.0], "5": [0.0, 0.0, 0.0, 0.0, 0.0, 0.0, 0.0, 0.0, 0.0, 0.0, 0.0, 0.0, 0.0, 0.0, 0.0, 0.0, 0.0, 0.0, 0.0, 0.0, 0.0, 0.0, 0.0, 0.0, 0.0, 0.0, 0.0, 0.0, 0.0, 0.0, 0.4330197001496951, 0.8064613351115474, 0.0, 0.0]}