{"0": [0.5243315453330676, 0.5678874971690001, 0.0, 0.0, 0.5231752352944264, 0.5622986674308776, 0.0, 0.0, 0.5147922956229498, 0.5619103932822191, 0.4939267386992772, 0.5790179588176586, 0.5178132863715291, 0.6055690047917542, 0.4774038056532542, 0.6036114375762366, 0.5180196455990275, 0.6486651213080795, 0.0, 0.0, 0.5247494822988907, 0.6745416786935594, 0.4868691559880972, 0.6673507604334089, 0.5060122900797676, 0.6716645342332346, 0.48749605466922125, 0.7322456538677216, 0.5108772961422801, 0.7148077434493677, 0.4754605732858181, 0.7931583634129277, 0.513803139825662, 0.754338280359904], "1": [0.6590678508083025, 0.7192815124988556, 0.0, 0.0, 0.6589857297639052, 0.7131941020488738, 0.0, 0.0, 0.6512459591031075, 0.7098914603392283, 0.6333917041619619, 0.7121581452864187, 0.6379573918879032, 0.7196158782199576, 0.0, 0.0, 0.0, 0.0, 0.0, 0.0, 0.0, 0.0, 0.6123910762165764, 0.7944860917450874, 0.611521185686191, 0.7971025912298096, 0.6402638562644521, 0.8537197212378184, 0.6406100710853935, 0.8537868077004397, 0.651341445495685, 0.9301863883380537, 0.6518850097898394, 0.9319352134510324], "2": [0.0, 0.0, 0.0, 0.0, 0.0, 0.0, 0.0, 0.0, 0.0, 0.0, 0.0, 0.0, 0.4971503119915724, 0.5812707156770759, 0.0, 0.0, 0.0, 0.0, 0.0, 0.0, 0.0, 0.0, 0.0, 0.0, 0.0, 0.0, 0.0, 0.0, 0.0, 0.0, 0.0, 0.0, 0.0, 0.0]}