{"0": [0.691830430428187, 0.4882916549841563, 0.6944795020545522, 0.48465803221420006, 0.6901647105192145, 0.48180754096419726, 0.0, 0.0, 0.6838938860843579, 0.4755673936119786, 0.6807029174019893, 0.4977071594308924, 0.6775297746372719, 0.49875435685669933, 0.6781780183315277, 0.537811600389304, 0.6686086236964911, 0.5383008815624096, 0.6831976309418678, 0.5545342922210693, 0.6791524308423202, 0.5648155916620184, 0.6762382303054134, 0.5749790957128561, 0.673873057278494, 0.5766873706270147, 0.6706046976149083, 0.6272492327072002, 0.6703676501909892, 0.6270647348077208, 0.6617628448578252, 0.6727288501052388, 0.6677711243430772, 0.6840658819233929], "1": [0.32967117528120676, 0.5545055349667867, 0.0, 0.0, 0.3272677912997703, 0.5485041737556459, 0.0, 0.0, 0.3196371308838328, 0.5524809691641066, 0.3061167552135885, 0.578660973796138, 0.31084300760800637, 0.5885523776489275, 0.0, 0.0, 0.3144482276712855, 0.6448133486288565, 0.31885820974906287, 0.6829314192136129, 0.31906407730033, 0.6834803997366516, 0.3052100998039047, 0.6834448497604441, 0.31233878768980505, 0.6834009181570123, 0.3105267500427241, 0.7445159100341024, 0.3275481133721769, 0.7392675430686384, 0.29825706680615743, 0.8071524973268862, 0.33918646108359096, 0.7833476572125047], "2": [0.0, 0.0, 0.0, 0.0, 0.0, 0.0, 0.0, 0.0, 0.0, 0.0, 0.0, 0.0, 0.0, 0.0, 0.0, 0.0, 0.0, 0.0, 0.0, 0.0, 0.0, 0.0, 0.0, 0.0, 0.0, 0.0, 0.3277803627153238, 0.7378971950875388, 0.31126381158828736, 0.7456217615692704, 0.0, 0.0, 0.29887472993383807, 0.8061277135654732]}