{"0": [0.645151297127207, 0.4687816502871337, 0.6466289675484101, 0.4646309400046314, 0.6435838014973948, 0.46499536081596654, 0.6537308722734452, 0.46315731727690607, 0.0, 0.0, 0.6628590366492669, 0.49138902999736644, 0.6468725497523944, 0.4837104691399468, 0.6587673199673493, 0.5354343247634393, 0.0, 0.0, 0.6497234724462032, 0.568173869561266, 0.6365056882301966, 0.4720230089293586, 0.6549413746843735, 0.5644314333244607, 0.642920944901804, 0.5593320970595986, 0.6540022940685352, 0.6152608231261923, 0.6344297326480349, 0.6089805647178933, 0.6523652120182911, 0.6679443509490401, 0.628369415178895, 0.6567788636242902], "1": [0.0, 0.0, 0.0, 0.0, 0.0, 0.0, 0.34488661512732505, 0.5650756545640804, 0.36109109912067655, 0.5636287845947124, 0.3357251078511278, 0.6024381949945733, 0.37124554241697, 0.5973429010974036, 0.33016383225719126, 0.6540347197541484, 0.3824919942766428, 0.638248849135858, 0.0, 0.0, 0.36850115520258747, 0.6548031827365911, 0.34619772993028164, 0.6967829980232098, 0.3674502740303675, 0.6917364559239811, 0.3374782073001067, 0.760447120114609, 0.3686221571949621, 0.7573233059159031, 0.3550496861338616, 0.8330043230619696, 0.3703841760754585, 0.8260316740238557], "2": [0.0, 0.0, 0.0, 0.0, 0.0, 0.0, 0.0, 0.0, 0.0, 0.0, 0.0, 0.0, 0.0, 0.0, 0.0, 0.0, 0.6330370948960383, 0.47624913387828405, 0.0, 0.0, 0.0, 0.0, 0.0, 0.0, 0.0, 0.0, 0.0, 0.0, 0.0, 0.0, 0.0, 0.0, 0.0, 0.0], "3": [0.0, 0.0, 0.0, 0.0, 0.0, 0.0, 0.0, 0.0, 0.0, 0.0, 0.0, 0.0, 0.0, 0.0, 0.0, 0.0, 0.0, 0.0, 0.6518169799509148, 0.48433401214855687, 0.0, 0.0, 0.0, 0.0, 0.0, 0.0, 0.0, 0.0, 0.0, 0.0, 0.0, 0.0, 0.0, 0.0], "4": [0.0, 0.0, 0.0, 0.0, 0.0, 0.0, 0.0, 0.0, 0.0, 0.0, 0.0, 0.0, 0.0, 0.0, 0.0, 0.0, 0.0, 0.0, 0.31645760325094063, 0.6531042185094621, 0.0, 0.0, 0.0, 0.0, 0.0, 0.0, 0.0, 0.0, 0.0, 0.0, 0.0, 0.0, 0.0, 0.0]}