{"0": [0.623946766431133, 0.4783977716057389, 0.6242072264353434, 0.4747300026593385, 0.0, 0.0, 0.627222893278425, 0.4746183602898209, 0.6351163294787209, 0.47000061234942186, 0.6449033185839654, 0.4958549799742522, 0.6349907811110218, 0.49413614957420915, 0.647695618495345, 0.5395153186939381, 0.6294597364962101, 0.5249302917056613, 0.6339679540445408, 0.568142412547712, 0.6221051536500453, 0.5478710152484753, 0.6486116122454405, 0.56550739661411, 0.6400936509793004, 0.5617012191701818, 0.6487689677005013, 0.617015462009995, 0.6272491925085585, 0.6074040565225813, 0.6481759596460809, 0.6673825400846976, 0.6211547152449687, 0.6555067437976875], "1": [0.0, 0.0, 0.0, 0.0, 0.0, 0.0, 0.408453361193339, 0.5654858303290826, 0.42562093945840995, 0.5651193496253756, 0.39858361973116796, 0.6006126099162632, 0.4334203449388345, 0.6026992551706456, 0.39268921042482063, 0.6487844028958568, 0.43767359467844175, 0.6419879555702209, 0.38952950954359644, 0.6852552570678568, 0.44179004728794097, 0.688575648378443, 0.40478993554910025, 0.6912887812764557, 0.426930794880415, 0.6915372087999626, 0.4023356954101473, 0.7636499585928739, 0.43113432874282204, 0.7540488128308896, 0.4015205420553684, 0.8433820967321043, 0.43014953124026456, 0.8193689180193124], "2": [0.0, 0.0, 0.0, 0.0, 0.0, 0.0, 0.0, 0.0, 0.0, 0.0, 0.0, 0.0, 0.0, 0.0, 0.0, 0.0, 0.0, 0.0, 0.0, 0.0, 0.0, 0.0, 0.0, 0.0, 0.0, 0.0, 0.627259212018301, 0.6078630888903582, 0.6492456850906213, 0.6190044994707461, 0.6209763122101625, 0.655435873195529, 0.6483559497632086, 0.6669762267006768]}