{"0": [0.0, 0.0, 0.0, 0.0, 0.0, 0.0, 0.5681459432467818, 0.48830944299697876, 0.5807590792576472, 0.4920766556152591, 0.5589838979144891, 0.5113607172612791, 0.5825661537547906, 0.5270461038306907, 0.5437862480602538, 0.5580694652265973, 0.5796412499000628, 0.567462287236143, 0.5396317020058632, 0.5684504971460059, 0.5898586238423983, 0.5958241337979281, 0.551016232992212, 0.6095102239538122, 0.5674837867418925, 0.6055185991304892, 0.5459959057470163, 0.67561469718262, 0.5742077651123206, 0.6495943403906292, 0.5459361856182416, 0.7309823442388463, 0.5747782328476508, 0.6970403953834816], "1": [0.0, 0.0, 0.0, 0.0, 0.0, 0.0, 0.0, 0.0, 0.0, 0.0, 0.5828158314029376, 0.5266618635919359, 0.5585294794291258, 0.5136338736172076, 0.5808420782287915, 0.5639172825548384, 0.0, 0.0, 0.5915305120249589, 0.5947095550872662, 0.0, 0.0, 0.0, 0.0, 0.5515220003823439, 0.6141075575793231, 0.0, 0.0, 0.5592406405756871, 0.6757920797224398, 0.0, 0.0, 0.5556960818668206, 0.728892596176377], "2": [0.0, 0.0, 0.0, 0.0, 0.0, 0.0, 0.0, 0.0, 0.0, 0.0, 0.0, 0.0, 0.0, 0.0, 0.0, 0.0, 0.0, 0.0, 0.0, 0.0, 0.0, 0.0, 0.0, 0.0, 0.0, 0.0, 0.5727708346986522, 0.6482124362554815, 0.0, 0.0, 0.5749617940435807, 0.6942182172227789, 0.0, 0.0]}