{"0": [0.30510193755229315, 0.47278745637999636, 0.30612231940031054, 0.4680980490313636, 0.30347534405688437, 0.46801138277407045, 0.0, 0.0, 0.29600090930859246, 0.46609411570760945, 0.3047949388623238, 0.48608081694002503, 0.284900774806738, 0.49113615685039097, 0.3130382902920246, 0.5052618631610164, 0.27017049441734947, 0.5234946061063697, 0.3213737823069095, 0.4962373444327602, 0.2805503308773041, 0.550816320600333, 0.3043883579472701, 0.5599562449035821, 0.29089343796173733, 0.564037889904446, 0.30501415592928727, 0.614235708448622, 0.2932933459368845, 0.6159216507717415, 0.30433244792123637, 0.6743087293925109, 0.28081467502440016, 0.65146782707285], "1": [0.5172530935456355, 0.6352461448422184, 0.5161268901079893, 0.6310994024629946, 0.0, 0.0, 0.5177917957305909, 0.6259483293302495, 0.0, 0.0, 0.5243001821140448, 0.6428197032875483, 0.5438212633831426, 0.6110784446441189, 0.5293034009635449, 0.6820738562831172, 0.0, 0.0, 0.5304358770449956, 0.7161646753549575, 0.0, 0.0, 0.5669244127968948, 0.6537488732073042, 0.5737333564087749, 0.6520593259069655, 0.542095726604263, 0.708610917462243, 0.5603667317423969, 0.7082343961353655, 0.5423121166725954, 0.768021019299825, 0.5586539049943288, 0.7636392180566435], "2": [0.0, 0.0, 0.0, 0.0, 0.0, 0.0, 0.0, 0.0, 0.0, 0.0, 0.0, 0.0, 0.0, 0.0, 0.0, 0.0, 0.0, 0.0, 0.0, 0.0, 0.0, 0.0, 0.0, 0.0, 0.0, 0.0, 0.0, 0.0, 0.5430092903474967, 0.703193928135766, 0.0, 0.0, 0.0, 0.0], "3": [0.0, 0.0, 0.0, 0.0, 0.0, 0.0, 0.0, 0.0, 0.0, 0.0, 0.0, 0.0, 0.0, 0.0, 0.0, 0.0, 0.0, 0.0, 0.0, 0.0, 0.0, 0.0, 0.0, 0.0, 0.0, 0.0, 0.0, 0.0, 0.0, 0.0, 0.2810731652037551, 0.650971402724584, 0.0, 0.0], "4": [0.0, 0.0, 0.0, 0.0, 0.0, 0.0, 0.0, 0.0, 0.0, 0.0, 0.0, 0.0, 0.0, 0.0, 0.0, 0.0, 0.0, 0.0, 0.0, 0.0, 0.0, 0.0, 0.0, 0.0, 0.0, 0.0, 0.0, 0.0, 0.0, 0.0, 0.0, 0.0, 0.30355908125638964, 0.6753086566925048]}