{"0": [0.703535174826781, 0.5560486091507806, 0.7030409556503098, 0.5505184030091322, 0.7016570269751052, 0.5533853944804933, 0.7082819359997908, 0.5436693999502394, 0.0, 0.0, 0.7209423005580902, 0.5496218608485327, 0.7185788568730156, 0.5495014069256959, 0.7278334747999906, 0.5815280470790134, 0.7243463899940252, 0.5813753909258931, 0.7134085011978945, 0.6065753698348999, 0.7136170678461592, 0.6052749516787352, 0.7523327196482569, 0.5979278227797261, 0.7555354837396423, 0.5969669826483777, 0.7381873959054549, 0.6479925421377023, 0.7382348481565714, 0.6532749902319025, 0.7316447746629516, 0.7049756714591273, 0.7318963972230752, 0.7010996881458493], "1": [0.0, 0.0, 0.0, 0.0, 0.0, 0.0, 0.3407245413710674, 0.5550824759183106, 0.3549935934444269, 0.5545154765800193, 0.32987126347919304, 0.5934715902363813, 0.3639333648607135, 0.5941268468344653, 0.3203116036951542, 0.6429422023119749, 0.370785736416777, 0.6416940579811732, 0.3114961394419272, 0.6840459130428456, 0.3747370923558871, 0.6821335112607038, 0.338276598478357, 0.6791549094297268, 0.35920432992279533, 0.6816189172091308, 0.33228518528242906, 0.7474193040971403, 0.36565889914830524, 0.7415121173417126, 0.33239170561234155, 0.8187423734615247, 0.37526087251802287, 0.803840704538204], "2": [0.0, 0.0, 0.0, 0.0, 0.0, 0.0, 0.0, 0.0, 0.0, 0.0, 0.0, 0.0, 0.0, 0.0, 0.0, 0.0, 0.0, 0.0, 0.7356546837836503, 0.6251210501900426, 0.0, 0.0, 0.0, 0.0, 0.0, 0.0, 0.0, 0.0, 0.0, 0.0, 0.0, 0.0, 0.0, 0.0]}