{"0": [0.0, 0.0, 0.0, 0.0, 0.0, 0.0, 0.35229663364589214, 0.5371947423313502, 0.3667175347606341, 0.5346934188295295, 0.34773958864000937, 0.5745502797541795, 0.37940394108494124, 0.5672924119565222, 0.34271270943184695, 0.6213534050517613, 0.38853442246715225, 0.6126411335335837, 0.3425463875134786, 0.6627582772738403, 0.39593518848220505, 0.6529266635576884, 0.35854847095906733, 0.6618292993969389, 0.3769845273423319, 0.6581346326404147, 0.3636913442984223, 0.7235962861114078, 0.374792805314064, 0.7247430971375218, 0.3661114367345969, 0.789558842447069, 0.3659379734347264, 0.7894558433581282], "1": [0.0, 0.0, 0.0, 0.0, 0.0, 0.0, 0.42585825398564336, 0.562497263263773, 0.43761079671482245, 0.5555363518220408, 0.4330716020117204, 0.5914098234088332, 0.44708934767792624, 0.5779059677212327, 0.4183952572134634, 0.6311298622025384, 0.0, 0.0, 0.4002215494712194, 0.6536179716940279, 0.0, 0.0, 0.4556665239855647, 0.6587896826090636, 0.4698464726408323, 0.6524027559492324, 0.4350524716389676, 0.7062349618585021, 0.4799785643815994, 0.7090130548786234, 0.4488763744011522, 0.7540001171606558, 0.5127498039354881, 0.7257694332687943], "2": [0.0, 0.0, 0.0, 0.0, 0.0, 0.0, 0.0, 0.0, 0.0, 0.0, 0.0, 0.0, 0.0, 0.0, 0.0, 0.0, 0.0, 0.0, 0.42422303433219594, 0.664265301933995, 0.0, 0.0, 0.0, 0.0, 0.0, 0.0, 0.0, 0.0, 0.0, 0.0, 0.0, 0.0, 0.0, 0.0], "3": [0.0, 0.0, 0.0, 0.0, 0.0, 0.0, 0.0, 0.0, 0.0, 0.0, 0.0, 0.0, 0.0, 0.0, 0.0, 0.0, 0.0, 0.0, 0.0, 0.0, 0.0, 0.0, 0.0, 0.0, 0.0, 0.0, 0.47968691773712635, 0.7115002398137693, 0.0, 0.0, 0.5127359093477328, 0.7254348768128289, 0.0, 0.0]}