{"0": [0.0, 0.0, 0.0, 0.0, 0.0, 0.0, 0.4395475376669007, 0.5217672086700246, 0.45529742812116947, 0.5202224972071471, 0.43258807783325515, 0.5545703477329678, 0.4611469884713491, 0.5456445376078288, 0.4127755485475063, 0.5868627426800904, 0.4760287703325351, 0.5229387485870609, 0.3985967412590981, 0.5645301066063069, 0.48211774645994104, 0.48867685353314433, 0.4370290726423264, 0.6340431207308063, 0.45388791027168435, 0.6334060853002248, 0.4284075131018957, 0.7003059305250645, 0.45686510981371004, 0.6824609244311297, 0.42751642133419715, 0.7617686371008555, 0.0, 0.0], "1": [0.0, 0.0, 0.0, 0.0, 0.0, 0.0, 0.4781753947337469, 0.557036081287596, 0.4929715625941753, 0.5548452511981682, 0.47552899904549123, 0.5919016367859311, 0.495924984663725, 0.5893420926398701, 0.47074308805167675, 0.6265489291813638, 0.0, 0.0, 0.0, 0.0, 0.0, 0.0, 0.478157676756382, 0.6615528530544705, 0.4919523497422536, 0.6576962963298515, 0.46736172027885914, 0.7232952365168819, 0.49152347495158516, 0.7044889048293784, 0.4781351521204611, 0.7710454741539514, 0.5128626922766367, 0.7365158650058287], "2": [0.0, 0.0, 0.0, 0.0, 0.0, 0.0, 0.0, 0.0, 0.0, 0.0, 0.0, 0.0, 0.0, 0.0, 0.0, 0.0, 0.0, 0.0, 0.48122062434752777, 0.4885920445124308, 0.0, 0.0, 0.0, 0.0, 0.0, 0.0, 0.0, 0.0, 0.0, 0.0, 0.0, 0.0, 0.0, 0.0], "3": [0.0, 0.0, 0.0, 0.0, 0.0, 0.0, 0.0, 0.0, 0.0, 0.0, 0.0, 0.0, 0.0, 0.0, 0.0, 0.0, 0.0, 0.0, 0.0, 0.0, 0.0, 0.0, 0.0, 0.0, 0.0, 0.0, 0.0, 0.0, 0.4693739704787731, 0.7213025635591259, 0.0, 0.0, 0.48893328383564955, 0.7685818661142279], "4": [0.0, 0.0, 0.0, 0.0, 0.0, 0.0, 0.0, 0.0, 0.0, 0.0, 0.0, 0.0, 0.0, 0.0, 0.0, 0.0, 0.0, 0.0, 0.0, 0.0, 0.0, 0.0, 0.0, 0.0, 0.0, 0.0, 0.0, 0.0, 0.0, 0.0, 0.0, 0.0, 0.4268136927547554, 0.7649639763213971]}