{"0": [0.7613031207894285, 0.6107175000839763, 0.762628685683012, 0.6064916341393082, 0.7600173713018497, 0.6052326043446858, 0.0, 0.0, 0.7510709900408983, 0.5993470284673904, 0.7627618023504813, 0.6223261274673321, 0.7361747955282529, 0.6225730052700749, 0.7629489478965602, 0.664102374624323, 0.7203579418361187, 0.6688874497457787, 0.7623478518178065, 0.7017561795534911, 0.7268928325579812, 0.7149960430683913, 0.7416646310438713, 0.7087213177371908, 0.7273046116810292, 0.7065220101564019, 0.7309387378084163, 0.7610955318918935, 0.7276051088546713, 0.7604009998065454, 0.7337260104715824, 0.840681419238724, 0.7122954754674635, 0.7929832552905626], "1": [0.0, 0.0, 0.0, 0.0, 0.0, 0.0, 0.3988739791015784, 0.5553487720312895, 0.4147735954262316, 0.5547549185929475, 0.39097850484152635, 0.5910668898511816, 0.42534910614291827, 0.590586773885621, 0.377436906658113, 0.6331261593710493, 0.4355757163992772, 0.6361767748991648, 0.38655866992970306, 0.6681880354881287, 0.43644516381124654, 0.6688964160504165, 0.3975039806837837, 0.6725004134354768, 0.4188758074538782, 0.6753295139030174, 0.3918734407673279, 0.7302550116622889, 0.4191544306154052, 0.7406293027930789, 0.39907704616586376, 0.7994248880280388, 0.41990989396969475, 0.807334425052007], "2": [0.0, 0.0, 0.0, 0.0, 0.0, 0.0, 0.0, 0.0, 0.0, 0.0, 0.0, 0.0, 0.0, 0.0, 0.0, 0.0, 0.0, 0.0, 0.0, 0.0, 0.0, 0.0, 0.0, 0.0, 0.0, 0.0, 0.0, 0.0, 0.0, 0.0, 0.7095340617001057, 0.7878164034198831, 0.0, 0.0], "3": [0.0, 0.0, 0.0, 0.0, 0.0, 0.0, 0.0, 0.0, 0.0, 0.0, 0.0, 0.0, 0.0, 0.0, 0.0, 0.0, 0.0, 0.0, 0.0, 0.0, 0.0, 0.0, 0.0, 0.0, 0.0, 0.0, 0.0, 0.0, 0.0, 0.0, 0.0, 0.0, 0.7342129006981851, 0.8417174512589419]}