{"0": [0.0, 0.0, 0.0, 0.0, 0.0, 0.0, 0.3849779160693288, 0.5140487535132302, 0.3991271408895652, 0.510936129755444, 0.37965894093116126, 0.5475151764021979, 0.4103897008986678, 0.5404217713409, 0.3796966628481944, 0.5825078266638296, 0.419818056623141, 0.5807667120187371, 0.0, 0.0, 0.41855596050930516, 0.6099729941950904, 0.3860385435943802, 0.6402223651055935, 0.4103172129485756, 0.6261396815379461, 0.3812845356490773, 0.7210089847997382, 0.4091829627752304, 0.6803738152539288, 0.39772108669082323, 0.7770930941458101, 0.4032526488354004, 0.7511364395076534], "1": [0.0, 0.0, 0.0, 0.0, 0.0, 0.0, 0.3529676618054509, 0.5467294233816641, 0.3664395771920681, 0.5412856082121531, 0.36449725163790087, 0.5790890402264065, 0.37567041379710037, 0.5645235101381938, 0.36642583198845385, 0.6128381910147491, 0.0, 0.0, 0.0, 0.0, 0.0, 0.0, 0.0, 0.0, 0.0, 0.0, 0.0, 0.0, 0.0, 0.0, 0.0, 0.0, 0.0, 0.0], "2": [0.0, 0.0, 0.0, 0.0, 0.0, 0.0, 0.0, 0.0, 0.0, 0.0, 0.0, 0.0, 0.0, 0.0, 0.0, 0.0, 0.0, 0.0, 0.0, 0.0, 0.0, 0.0, 0.0, 0.0, 0.0, 0.0, 0.3954451034466426, 0.6804822659050975, 0.0, 0.0, 0.0, 0.0, 0.0, 0.0], "3": [0.0, 0.0, 0.0, 0.0, 0.0, 0.0, 0.0, 0.0, 0.0, 0.0, 0.0, 0.0, 0.0, 0.0, 0.0, 0.0, 0.0, 0.0, 0.0, 0.0, 0.0, 0.0, 0.0, 0.0, 0.0, 0.0, 0.0, 0.0, 0.3832607489079237, 0.7178545691348888, 0.0, 0.0, 0.0, 0.0]}