{"0": [0.33650269558032353, 0.6628839866775605, 0.33767648339271544, 0.6572211389188414, 0.0, 0.0, 0.34659031927585604, 0.6567503905958599, 0.0, 0.0, 0.36899356537808975, 0.6749032987488641, 0.34517754167318343, 0.6870039714707269, 0.3902089374760787, 0.722208861892836, 0.3518191833669941, 0.7261219874576286, 0.37328092924629647, 0.7619122593491165, 0.0, 0.0, 0.3924229306479295, 0.7348253749035023, 0.37540180372695126, 0.7325646418112296, 0.37577066868543624, 0.8095231259310687, 0.3493204765021801, 0.7901612298356162, 0.3955657793829838, 0.831910761418166, 0.3689412733074278, 0.8377638525433011], "1": [0.41639523978034654, 0.5060037165880203, 0.4174734026193619, 0.5003456122621343, 0.0, 0.0, 0.42297140834853053, 0.5027062619173968, 0.0, 0.0, 0.4212340691437324, 0.5379968627735421, 0.4427013314018647, 0.52179301880576, 0.41973572069158155, 0.58462191246174, 0.0, 0.0, 0.40627328789560124, 0.6043736075913465, 0.0, 0.0, 0.43810960203409194, 0.6083982302082911, 0.4538753263652324, 0.5983936537195135, 0.4355913558974862, 0.6625169612191342, 0.45491193756461146, 0.6480776907876133, 0.43534817838420475, 0.7188414149814182, 0.47258575664212304, 0.7025242485381938], "2": [0.0, 0.0, 0.0, 0.0, 0.0, 0.0, 0.0, 0.0, 0.0, 0.0, 0.0, 0.0, 0.0, 0.0, 0.0, 0.0, 0.0, 0.0, 0.0, 0.0, 0.3595403550192714, 0.725336225386019, 0.0, 0.0, 0.0, 0.0, 0.0, 0.0, 0.0, 0.0, 0.0, 0.0, 0.0, 0.0], "3": [0.0, 0.0, 0.0, 0.0, 0.0, 0.0, 0.0, 0.0, 0.0, 0.0, 0.0, 0.0, 0.0, 0.0, 0.0, 0.0, 0.0, 0.0, 0.0, 0.0, 0.36645304361979164, 0.760592426304464, 0.0, 0.0, 0.0, 0.0, 0.0, 0.0, 0.0, 0.0, 0.0, 0.0, 0.0, 0.0], "4": [0.0, 0.0, 0.0, 0.0, 0.0, 0.0, 0.0, 0.0, 0.0, 0.0, 0.0, 0.0, 0.0, 0.0, 0.0, 0.0, 0.0, 0.0, 0.0, 0.0, 0.0, 0.0, 0.0, 0.0, 0.0, 0.0, 0.35068162766595684, 0.78920642617676, 0.0, 0.0, 0.36929665418962637, 0.8376859104191816, 0.0, 0.0], "5": [0.0, 0.0, 0.0, 0.0, 0.0, 0.0, 0.0, 0.0, 0.0, 0.0, 0.0, 0.0, 0.0, 0.0, 0.0, 0.0, 0.0, 0.0, 0.0, 0.0, 0.0, 0.0, 0.0, 0.0, 0.0, 0.0, 0.0, 0.0, 0.37402494164804617, 0.8088740984598796, 0.0, 0.0, 0.3954368155449629, 0.8304561676802458]}