{"0": [0.1772218167471389, 0.6320835128978447, 0.18062609676271674, 0.623803953771238, 0.1732078655312459, 0.6265029518692582, 0.1890440927197536, 0.6161353490970753, 0.17008328884840013, 0.6250891482388532, 0.20483456328511238, 0.6485736782076182, 0.16998523337145646, 0.6535563142211349, 0.21240262662370998, 0.7030523141225179, 0.16653507053852082, 0.6987432463301553, 0.20130594422419865, 0.739741607286312, 0.16675580603381, 0.7447028445424857, 0.20657649775967002, 0.7448812185614198, 0.18243996923168498, 0.7453504685450483, 0.21067266922133665, 0.8105972817650547, 0.18239403106272217, 0.8173049164039118, 0.20948702171444894, 0.8742573066993996, 0.1913967524965604, 0.8790582523301795], "1": [0.799894463767608, 0.6924747724086047, 0.0, 0.0, 0.7960435715814432, 0.6857949275661398, 0.0, 0.0, 0.7855376397414754, 0.6930104324111233, 0.7845278652247942, 0.7315544304753803, 0.7869304027408361, 0.7369964366226837, 0.0, 0.0, 0.8122815325856209, 0.7364759705684804, 0.8429851869121194, 0.6997372839185927, 0.8438114170101472, 0.6992034074332978, 0.7873299320538839, 0.8465651381898809, 0.7786326398452122, 0.8469846378873895, 0.7999965177228053, 0.9313017718217991, 0.0, 0.0, 0.0, 0.0, 0.7549939246227344, 0.9932101594077216], "2": [0.0, 0.0, 0.0, 0.0, 0.0, 0.0, 0.0, 0.0, 0.0, 0.0, 0.0, 0.0, 0.0, 0.0, 0.7982059282871584, 0.7786262306902144, 0.0, 0.0, 0.0, 0.0, 0.0, 0.0, 0.0, 0.0, 0.0, 0.0, 0.0, 0.0, 0.0, 0.0, 0.0, 0.0, 0.0, 0.0], "3": [0.0, 0.0, 0.0, 0.0, 0.0, 0.0, 0.0, 0.0, 0.0, 0.0, 0.0, 0.0, 0.0, 0.0, 0.0, 0.0, 0.0, 0.0, 0.8102315045117091, 0.8046705881754558, 0.0, 0.0, 0.0, 0.0, 0.0, 0.0, 0.0, 0.0, 0.0, 0.0, 0.0, 0.0, 0.0, 0.0], "4": [0.0, 0.0, 0.0, 0.0, 0.0, 0.0, 0.0, 0.0, 0.0, 0.0, 0.0, 0.0, 0.0, 0.0, 0.0, 0.0, 0.0, 0.0, 0.0, 0.0, 0.0, 0.0, 0.7689579774004717, 0.8409863443010384, 0.0, 0.0, 0.7593140662958224, 0.928729122435605, 0.8013346216951808, 0.9340057827808239, 0.7539902477214734, 0.99522049691942, 0.0, 0.0]}