{"0": [0.3096910150721669, 0.5727350531904786, 0.31045678216420736, 0.5677933638846433, 0.0, 0.0, 0.315869760264953, 0.5709078316335325, 0.0, 0.0, 0.3267716022518774, 0.6036837982841664, 0.31774626653641463, 0.6008919583426581, 0.0, 0.0, 0.31121265230079487, 0.6415246629604587, 0.0, 0.0, 0.2970096601794163, 0.6622514930588228, 0.34262819091478985, 0.6776759698642073, 0.33572373467807964, 0.6735139292699319, 0.0, 0.0, 0.3178592602411906, 0.7423321260346307, 0.3620459812382857, 0.7370837902788211, 0.31308720000088214, 0.8188369075457255], "1": [0.0, 0.0, 0.0, 0.0, 0.0, 0.0, 0.39030895655353864, 0.5492750902970632, 0.40448181169728437, 0.5492959411055953, 0.3819368955368797, 0.5848557202904313, 0.4160277691980203, 0.5835624286422023, 0.3759308031449715, 0.6280703036873428, 0.42812943210204446, 0.6255574404641434, 0.3793806796272596, 0.6685510251257155, 0.425336192548275, 0.6549335644752889, 0.39205098723371823, 0.6707820325262017, 0.4134698033332825, 0.6726269675625696, 0.3953169364482164, 0.7315090530448489, 0.41375870307286583, 0.739347157213423, 0.3999953786532084, 0.7884059205099389, 0.4196397741014758, 0.8136639566333206], "2": [0.0, 0.0, 0.0, 0.0, 0.0, 0.0, 0.0, 0.0, 0.0, 0.0, 0.0, 0.0, 0.0, 0.0, 0.0, 0.0, 0.0, 0.0, 0.0, 0.0, 0.0, 0.0, 0.0, 0.0, 0.0, 0.0, 0.3178979996591806, 0.742041520498417, 0.0, 0.0, 0.31323966955145205, 0.8193124876530082, 0.0, 0.0], "3": [0.0, 0.0, 0.0, 0.0, 0.0, 0.0, 0.0, 0.0, 0.0, 0.0, 0.0, 0.0, 0.0, 0.0, 0.0, 0.0, 0.0, 0.0, 0.0, 0.0, 0.0, 0.0, 0.0, 0.0, 0.0, 0.0, 0.0, 0.0, 0.34686389441291493, 0.7126304233515705, 0.0, 0.0, 0.36123068127781155, 0.7361962074482883]}