{"0": [0.0, 0.0, 0.0, 0.0, 0.0, 0.0, 0.4926534886161486, 0.5577886100168581, 0.5092120002955199, 0.5592285402809029, 0.4807404002174735, 0.5835190733273824, 0.5152457416678469, 0.5983628529089469, 0.4678473714739084, 0.6223741975095537, 0.5175234116613866, 0.6414672936554309, 0.0, 0.0, 0.0, 0.0, 0.47943860329687593, 0.6840906892661697, 0.5015376754105092, 0.68584575134295, 0.48426930209000907, 0.749890555717327, 0.5062362753184667, 0.7540934253621985, 0.4801309313625097, 0.8157991572662636, 0.4959664709866047, 0.8194878056093499], "1": [0.0, 0.0, 0.0, 0.0, 0.0, 0.0, 0.4544511824846268, 0.4657011115992511, 0.4659303734699885, 0.465290860776548, 0.4480632048410674, 0.4924851231139014, 0.47442672463754815, 0.495608584527616, 0.435753075654308, 0.5166269811215224, 0.47721435450948774, 0.5301094355406585, 0.43180210832506416, 0.5220340317460122, 0.46703073667983214, 0.5369899106039493, 0.45197147455376885, 0.5643586227187404, 0.4700532248864571, 0.5674599598955224, 0.44557904029885925, 0.6123500031453591, 0.4624361827969551, 0.623968595707858, 0.45210158047693966, 0.6726544923405645, 0.457995546857516, 0.6730147310981044], "2": [0.0, 0.0, 0.0, 0.0, 0.0, 0.0, 0.0, 0.0, 0.0, 0.0, 0.0, 0.0, 0.0, 0.0, 0.0, 0.0, 0.0, 0.0, 0.0, 0.0, 0.0, 0.0, 0.0, 0.0, 0.0, 0.0, 0.0, 0.0, 0.0, 0.0, 0.0, 0.0, 0.518122598528862, 0.693118413179009]}