{"0": [0.38468678612262003, 0.43933585639353157, 0.38505595733101167, 0.435202548680482, 0.0, 0.0, 0.3881840127209822, 0.4315755313193357, 0.0, 0.0, 0.3945360907663902, 0.4436444885200924, 0.39814162189140917, 0.44051491298057416, 0.3992760454614957, 0.4700629999792134, 0.3990321363011996, 0.47005314057072006, 0.4000910765180985, 0.5005437485045857, 0.39433342845489583, 0.49140749993147675, 0.4145310661406256, 0.4797242016703994, 0.41553453778227173, 0.4800300962395138, 0.40826714808742204, 0.5158660640319188, 0.41124210618436335, 0.5112271498750758, 0.0, 0.0, 0.0, 0.0], "1": [0.0, 0.0, 0.0, 0.0, 0.0, 0.0, 0.41991599226991333, 0.49827268962506893, 0.4315891919036706, 0.4933483005121902, 0.4184821377818783, 0.5217107416854965, 0.443786127329804, 0.518360745023798, 0.41378828436136245, 0.559393937761585, 0.45227980776689947, 0.5554723187729165, 0.4116415992379189, 0.5930300050311619, 0.4558965044096112, 0.5831071677031341, 0.42986373876531914, 0.5854104558626811, 0.44688913555194937, 0.5835834871839594, 0.42247958006337283, 0.6226740097558057, 0.4630824916064739, 0.6352716578377618, 0.41420523766428236, 0.6643241732208816, 0.4684724385539691, 0.6977098760781465], "2": [0.0, 0.0, 0.0, 0.0, 0.0, 0.0, 0.0, 0.0, 0.0, 0.0, 0.0, 0.0, 0.0, 0.0, 0.0, 0.0, 0.0, 0.0, 0.0, 0.0, 0.0, 0.0, 0.0, 0.0, 0.0, 0.0, 0.0, 0.0, 0.0, 0.0, 0.4058724634659787, 0.5267676514607889, 0.0, 0.0]}