{"0": [0.5029539418717226, 0.47385238276587593, 0.5032035036633412, 0.4692494913383766, 0.49984164237976075, 0.4699172204015431, 0.0, 0.0, 0.4921221458663544, 0.4731132447719574, 0.498539826584359, 0.49792010099799544, 0.4890302455673615, 0.5012255954521674, 0.5008473140498002, 0.531549863241337, 0.4862733927865823, 0.5452292426868721, 0.5096573092043399, 0.541837669301916, 0.48911534979318577, 0.576114062026695, 0.4973049476121862, 0.5765882929166158, 0.4920736199865739, 0.5797844717899958, 0.499494668841362, 0.6301644351747302, 0.49943932965397836, 0.6306695582690063, 0.48705420703032254, 0.6781998167052443, 0.4905097414524012, 0.6809341696115746], "1": [0.736722597728173, 0.7069806699399594, 0.0, 0.0, 0.7371915314346552, 0.7014273480132776, 0.0, 0.0, 0.732542831202348, 0.6933813113305304, 0.7197436912977804, 0.686137881644144, 0.7204477553688565, 0.6985212599158146, 0.7080945464471977, 0.7613729017752188, 0.7073708511888981, 0.7625103091752088, 0.7125736467540263, 0.8150402647477609, 0.7125633793572584, 0.8166006935967339, 0.685556793250765, 0.7344092304078724, 0.686862363666296, 0.7329602067117339, 0.6999105734129747, 0.8127746339197512, 0.0, 0.0, 0.7006780557334423, 0.8853377469987782, 0.7009282180418572, 0.8866472630589096], "2": [0.0, 0.0, 0.0, 0.0, 0.0, 0.0, 0.0, 0.0, 0.0, 0.0, 0.0, 0.0, 0.0, 0.0, 0.0, 0.0, 0.0, 0.0, 0.0, 0.0, 0.0, 0.0, 0.0, 0.0, 0.0, 0.0, 0.6889492191374302, 0.7930093685785928, 0.0, 0.0, 0.6716790802776813, 0.8212332180252782, 0.0, 0.0], "3": [0.0, 0.0, 0.0, 0.0, 0.0, 0.0, 0.0, 0.0, 0.0, 0.0, 0.0, 0.0, 0.0, 0.0, 0.0, 0.0, 0.0, 0.0, 0.0, 0.0, 0.0, 0.0, 0.0, 0.0, 0.0, 0.0, 0.0, 0.0, 0.699589669207732, 0.8131085212583895, 0.0, 0.0, 0.0, 0.0], "4": [0.0, 0.0, 0.0, 0.0, 0.0, 0.0, 0.0, 0.0, 0.0, 0.0, 0.0, 0.0, 0.0, 0.0, 0.0, 0.0, 0.0, 0.0, 0.0, 0.0, 0.0, 0.0, 0.0, 0.0, 0.0, 0.0, 0.0, 0.0, 0.0, 0.0, 0.7116426467895508, 0.8202761111436067, 0.0, 0.0], "5": [0.0, 0.0, 0.0, 0.0, 0.0, 0.0, 0.0, 0.0, 0.0, 0.0, 0.0, 0.0, 0.0, 0.0, 0.0, 0.0, 0.0, 0.0, 0.0, 0.0, 0.0, 0.0, 0.0, 0.0, 0.0, 0.0, 0.0, 0.0, 0.0, 0.0, 0.0, 0.0, 0.6719942152500152, 0.8230047049345793]}