{"0": [0.7262249466031789, 0.5030218826399909, 0.7290051897366842, 0.49687792945791165, 0.7229591184179298, 0.49666902290450204, 0.7332195300608874, 0.4974600774270517, 0.7174558163930972, 0.49695384546562466, 0.7374753134946028, 0.525671590478332, 0.7102952863477792, 0.524362337368506, 0.7398085173219442, 0.562913735707601, 0.6932370793695252, 0.550028963331823, 0.7350524361866216, 0.5939241709532561, 0.6970337299630046, 0.5753765557651167, 0.7254861978193125, 0.6019410955685157, 0.7096393402665854, 0.5997138645913866, 0.7236602637295921, 0.6484666155168304, 0.7110895787676176, 0.6553084792362319, 0.7319981349011262, 0.6784615311909605, 0.712142962962389, 0.7138579039661973], "1": [0.5650319000706077, 0.6169004944739518, 0.5668912236889203, 0.6102454351606192, 0.5623856005569299, 0.6116993034879367, 0.5698074412842592, 0.6071434144620542, 0.0, 0.0, 0.5776396846398711, 0.6258679572561825, 0.5474466220786174, 0.6408810299441771, 0.0, 0.0, 0.5433845100924373, 0.6828091731777898, 0.0, 0.0, 0.5544384074707825, 0.7137771638455215, 0.5738607436418534, 0.7177088035477532, 0.0, 0.0, 0.5827143094191949, 0.7743773687768866, 0.0, 0.0, 0.5744675781577826, 0.8109093829989432, 0.0, 0.0], "2": [0.0, 0.0, 0.0, 0.0, 0.0, 0.0, 0.5524334720646341, 0.6086044349052288, 0.5689005954501529, 0.6060712359569691, 0.5478920184114637, 0.639223677582211, 0.5785622641444206, 0.6288061521671435, 0.5435254171180228, 0.6824810727878853, 0.0, 0.0, 0.5523920571741958, 0.7104069323451431, 0.0, 0.0, 0.5582559841374556, 0.7163706478145387, 0.5738996755331754, 0.7147793833787243, 0.0, 0.0, 0.5727668986433462, 0.7751100156176282, 0.0, 0.0, 0.5649000684730708, 0.8153730315190775], "3": [0.0, 0.0, 0.0, 0.0, 0.0, 0.0, 0.0, 0.0, 0.0, 0.0, 0.0, 0.0, 0.0, 0.0, 0.0, 0.0, 0.0, 0.0, 0.0, 0.0, 0.0, 0.0, 0.0, 0.0, 0.0, 0.0, 0.0, 0.0, 0.0, 0.0, 0.0, 0.0, 0.7313424308085814, 0.6765305248675523]}