{"0": [0.0, 0.0, 0.0, 0.0, 0.0, 0.0, 0.32962991868456204, 0.47316936629789846, 0.3367716722190381, 0.46982031646702027, 0.3291170666615168, 0.48816189699702794, 0.3470483411103487, 0.47767221133604093, 0.32308882734117417, 0.5171558479468028, 0.35811107953389487, 0.49489906783457155, 0.31970062870532273, 0.5517389280031677, 0.3631351884454489, 0.5198485054351666, 0.34151273059348264, 0.521702228596917, 0.3536175182710091, 0.5199497481187184, 0.33800863126913705, 0.5454447589538716, 0.34282562086979546, 0.5519621658794306, 0.3376198324064414, 0.5666996539535898, 0.35626398398987175, 0.5770157995047392], "1": [0.0, 0.0, 0.0, 0.0, 0.0, 0.0, 0.45623410389428803, 0.44786614819809245, 0.4663279910882314, 0.4500022466535922, 0.45045205180843667, 0.46606867843204075, 0.4674242913722992, 0.47607606318261886, 0.4394983431634803, 0.47878023595721636, 0.46797887049615383, 0.5075719339014203, 0.0, 0.0, 0.4765746988976995, 0.5353485734374435, 0.4416429169476032, 0.5270450757609474, 0.45515952259302145, 0.5301192722938679, 0.42849278412759306, 0.5706786221928066, 0.47434394185741735, 0.5713791842813846, 0.40564622667928535, 0.5943790784588566, 0.4658559570709864, 0.6237497994193324], "2": [0.0, 0.0, 0.0, 0.0, 0.0, 0.0, 0.0, 0.0, 0.0, 0.0, 0.0, 0.0, 0.0, 0.0, 0.0, 0.0, 0.0, 0.0, 0.0, 0.0, 0.3516878296931585, 0.49914209842681884, 0.0, 0.0, 0.0, 0.0, 0.0, 0.0, 0.0, 0.0, 0.0, 0.0, 0.0, 0.0], "3": [0.0, 0.0, 0.0, 0.0, 0.0, 0.0, 0.0, 0.0, 0.0, 0.0, 0.0, 0.0, 0.0, 0.0, 0.0, 0.0, 0.0, 0.0, 0.0, 0.0, 0.0, 0.0, 0.0, 0.0, 0.0, 0.0, 0.0, 0.0, 0.0, 0.0, 0.0, 0.0, 0.341060034558177, 0.5587996116390934]}