{"0": [0.4852736159383009, 0.4847337827914291, 0.0, 0.0, 0.48400389477610584, 0.4813584530795062, 0.46977436188608407, 0.482903477218416, 0.48130326500783366, 0.4849090257452594, 0.4599717179623743, 0.5080008234690737, 0.48633317624529204, 0.5199615330607803, 0.44413129578654964, 0.5375869505935243, 0.49065116855005425, 0.5559840301672617, 0.45526125592490035, 0.5555526667171055, 0.4829686716198921, 0.559696964505646, 0.4612500177075466, 0.5884473837084241, 0.4759768015394608, 0.5890404109463647, 0.4702682281533877, 0.6388603806495666, 0.49158241351445514, 0.6357176100766218, 0.47100352545579277, 0.6896690183215672, 0.4954441209634145, 0.6975604562847703], "1": [0.9461426752309005, 0.06415721310509576, 0.9471839372068643, 0.06239113984284578, 0.9454875209679205, 0.0623415090419628, 0.0, 0.0, 0.0, 0.0, 0.9511807530497511, 0.07273367488825763, 0.9419255098948877, 0.07169109715355768, 0.0, 0.0, 0.9401682821412882, 0.08170727270620841, 0.0, 0.0, 0.0, 0.0, 0.9482020484283566, 0.09960612649167025, 0.943329005719473, 0.10059683825130816, 0.9479158800031049, 0.11689333805331477, 0.9446767454966902, 0.1173066567491602, 0.947555910050869, 0.13519748018847572, 0.9445516946415108, 0.13439135794286375], "2": [0.0, 0.0, 0.0, 0.0, 0.0, 0.0, 0.6622608573486407, 0.5724947479036119, 0.6777937571828564, 0.5782353189256456, 0.6562418523564701, 0.595233635880329, 0.678114832068483, 0.6185893601979371, 0.6452441222965717, 0.6017986728085412, 0.6896773542355125, 0.6470800229796657, 0.0, 0.0, 0.701981061603874, 0.6273027221361797, 0.6562490408105683, 0.684568740648252, 0.6777067481229703, 0.6879056195418038, 0.6441113769387206, 0.7316433959537082, 0.6971088993052642, 0.7334667536947461, 0.6161431573331356, 0.7839132366357028, 0.6944568973655502, 0.8061890295258275], "3": [0.0, 0.0, 0.0, 0.0, 0.0, 0.0, 0.0, 0.0, 0.0, 0.0, 0.0, 0.0, 0.0, 0.0, 0.0, 0.0, 0.0, 0.0, 0.6435272400888304, 0.5972332978690112, 0.0, 0.0, 0.0, 0.0, 0.0, 0.0, 0.0, 0.0, 0.0, 0.0, 0.0, 0.0, 0.0, 0.0], "4": [0.0, 0.0, 0.0, 0.0, 0.0, 0.0, 0.0, 0.0, 0.0, 0.0, 0.0, 0.0, 0.0, 0.0, 0.0, 0.0, 0.0, 0.0, 0.699224715307355, 0.6278867374967646, 0.0, 0.0, 0.0, 0.0, 0.0, 0.0, 0.0, 0.0, 0.0, 0.0, 0.0, 0.0, 0.0, 0.0], "5": [0.0, 0.0, 0.0, 0.0, 0.0, 0.0, 0.0, 0.0, 0.0, 0.0, 0.0, 0.0, 0.0, 0.0, 0.0, 0.0, 0.0, 0.0, 0.9513108853250741, 0.07777064205794078, 0.0, 0.0, 0.0, 0.0, 0.0, 0.0, 0.0, 0.0, 0.0, 0.0, 0.0, 0.0, 0.0, 0.0], "6": [0.0, 0.0, 0.0, 0.0, 0.0, 0.0, 0.0, 0.0, 0.0, 0.0, 0.0, 0.0, 0.0, 0.0, 0.0, 0.0, 0.0, 0.0, 0.0, 0.0, 0.0, 0.0, 0.0, 0.0, 0.0, 0.0, 0.6970339460298419, 0.731581371139597, 0.6438140504993498, 0.7318548957506816, 0.0, 0.0, 0.6159712790201107, 0.7836092098995492]}