{"0": [0.5245232351124287, 0.4919766445954641, 0.5261577945823471, 0.4896824907373499, 0.0, 0.0, 0.5308750031515956, 0.49424962279973206, 0.0, 0.0, 0.5291046820580959, 0.5294005810524578, 0.5442204516381025, 0.5245178741437417, 0.5283180084079504, 0.5733592902620633, 0.0, 0.0, 0.5125635697195927, 0.5818879980455947, 0.0, 0.0, 0.5374957089622815, 0.6038897366435438, 0.5469691404451926, 0.5991578099904237, 0.5230000583454967, 0.6555326920830541, 0.5270020335912704, 0.6539721790287231, 0.5329918657739957, 0.6993466734886168, 0.5442223560685913, 0.6860436000757747], "1": [0.0, 0.0, 0.0, 0.0, 0.0, 0.0, 0.3197973703344663, 0.594419824635541, 0.33185028911878667, 0.5924007495244344, 0.3232634160046776, 0.626023446333905, 0.33722731011609236, 0.6178039372519211, 0.3037277809033791, 0.6457178243884334, 0.0, 0.0, 0.28939214036799965, 0.6282745023568471, 0.2916492665807406, 0.6265159342575958, 0.3296445466578007, 0.7136116496942662, 0.3401530807216962, 0.7098626337669515, 0.0, 0.0, 0.314780056461071, 0.7880628205559872, 0.3065711713085572, 0.7794739577505324, 0.3548883820573489, 0.8128010311612376], "2": [0.0, 0.0, 0.0, 0.0, 0.0, 0.0, 0.0, 0.0, 0.0, 0.0, 0.0, 0.0, 0.0, 0.0, 0.0, 0.0, 0.5304032336299618, 0.5727854297116951, 0.0, 0.0, 0.0, 0.0, 0.0, 0.0, 0.0, 0.0, 0.0, 0.0, 0.0, 0.0, 0.0, 0.0, 0.0, 0.0], "3": [0.0, 0.0, 0.0, 0.0, 0.0, 0.0, 0.0, 0.0, 0.0, 0.0, 0.0, 0.0, 0.0, 0.0, 0.0, 0.0, 0.0, 0.0, 0.0, 0.0, 0.0, 0.0, 0.0, 0.0, 0.0, 0.0, 0.3149650674623748, 0.7898092388554856, 0.3054065791269143, 0.7141913694915948, 0.3564346977509558, 0.814019239611096, 0.0, 0.0], "4": [0.0, 0.0, 0.0, 0.0, 0.0, 0.0, 0.0, 0.0, 0.0, 0.0, 0.0, 0.0, 0.0, 0.0, 0.0, 0.0, 0.0, 0.0, 0.0, 0.0, 0.0, 0.0, 0.0, 0.0, 0.0, 0.0, 0.3052689763406912, 0.714375182599933, 0.0, 0.0, 0.0, 0.0, 0.0, 0.0], "5": [0.0, 0.0, 0.0, 0.0, 0.0, 0.0, 0.0, 0.0, 0.0, 0.0, 0.0, 0.0, 0.0, 0.0, 0.0, 0.0, 0.0, 0.0, 0.0, 0.0, 0.0, 0.0, 0.0, 0.0, 0.0, 0.0, 0.0, 0.0, 0.0, 0.0, 0.0, 0.0, 0.305743983729432, 0.7787081917126973]}