{"0": [0.8712449150780837, 0.4062250969586549, 0.0, 0.0, 0.0, 0.0, 0.0, 0.0, 0.0, 0.0, 0.0, 0.0, 0.0, 0.0, 0.0, 0.0, 0.0, 0.0, 0.0, 0.0, 0.0, 0.0, 0.0, 0.0, 0.0, 0.0, 0.0, 0.0, 0.0, 0.0, 0.0, 0.0, 0.0, 0.0], "1": [0.8734550938010217, 0.35919989836574706, 0.8837107400099437, 0.3211008214288288, 0.0, 0.0, 0.0, 0.0, 0.0, 0.0, 0.0, 0.0, 0.0, 0.0, 0.0, 0.0, 0.0, 0.0, 0.0, 0.0, 0.0, 0.0, 0.0, 0.0, 0.0, 0.0, 0.0, 0.0, 0.0, 0.0, 0.0, 0.0, 0.0, 0.0], "2": [0.0, 0.0, 0.0, 0.0, 0.0, 0.0, 0.44351728924860556, 0.3893035159894714, 0.4537785517672698, 0.38755050169097055, 0.44003433687612414, 0.4142798856452659, 0.46222414361933867, 0.4100528114371829, 0.4396480504462185, 0.4443560066046538, 0.4693115541090568, 0.4340849487869828, 0.44562774561345575, 0.46787290705574885, 0.46940022545556226, 0.4486075587846615, 0.4497383867700895, 0.4730613178677029, 0.4631369772056738, 0.471056437768318, 0.4525827635079623, 0.5100113698729764, 0.46346495635807516, 0.5107231137929139, 0.45604705542015533, 0.5433988209123964, 0.4715314969420433, 0.5483716150124868], "3": [0.0, 0.0, 0.0, 0.0, 0.0, 0.0, 0.5370226840178172, 0.43719331467593164, 0.546951124134163, 0.43618511182290537, 0.5331518679857254, 0.45352400872442455, 0.5538117252290249, 0.44992832651844733, 0.5269242162661006, 0.4751758624006201, 0.5589259892702102, 0.47632195011333184, 0.5299766898155213, 0.4943522271182802, 0.5587977378318707, 0.49413048934053494, 0.5378372105459372, 0.5027867164876727, 0.5521820033512389, 0.5014672098336397, 0.5366349996378025, 0.5402955854380572, 0.5550927352160215, 0.5388401626436797, 0.5363321879257759, 0.5830700040967376, 0.5569188441460331, 0.5956238656684204], "4": [0.0, 0.0, 0.0, 0.0, 0.0, 0.0, 0.0, 0.0, 0.0, 0.0, 0.0, 0.0, 0.0, 0.0, 0.0, 0.0, 0.0, 0.0, 0.0, 0.0, 0.0, 0.0, 0.0, 0.0, 0.0, 0.0, 0.0, 0.0, 0.0, 0.0, 0.0, 0.0, 0.5542944041391213, 0.5478643417358399]}