{"0": [0.44774484178051355, 0.37460670117978695, 0.44814560463031133, 0.37014522773248176, 0.4471635923410455, 0.37206977517516526, 0.45298728868365296, 0.3678438440517142, 0.0, 0.0, 0.46137168891727925, 0.3823565813126387, 0.4507296801855167, 0.38361504166214555, 0.46475721400541564, 0.4130348759668845, 0.4480942223065843, 0.40491244682559263, 0.44936202242970474, 0.4208905575452027, 0.4431980117534597, 0.4149135629336039, 0.45898723813394704, 0.4333593946139984, 0.4523534166937073, 0.4327238027696256, 0.450526124984026, 0.4712227260624921, 0.45106795591612664, 0.471130574522195, 0.4538543171835964, 0.5043172998377218, 0.45712113062775755, 0.4980272974846053], "1": [0.37793554812669755, 0.4061049077245924, 0.3777019210159779, 0.40201657944255403, 0.0, 0.0, 0.3803077363098661, 0.4006828354464637, 0.3861233996848266, 0.3975125004847844, 0.3868511080741882, 0.42089178186875803, 0.39150430262088776, 0.41674616568618356, 0.38786106047530977, 0.4574823796749115, 0.39573671519756315, 0.45139007148919275, 0.3780348920573791, 0.4804740616568813, 0.0, 0.0, 0.0, 0.0, 0.3953279756009579, 0.48455257255721973, 0.0, 0.0, 0.39518791250884533, 0.5282261264544946, 0.0, 0.0, 0.4016298670632144, 0.5745126205461997], "2": [0.0, 0.0, 0.0, 0.0, 0.0, 0.0, 0.0, 0.0, 0.0, 0.0, 0.0, 0.0, 0.0, 0.0, 0.0, 0.0, 0.0, 0.0, 0.0, 0.0, 0.0, 0.0, 0.39066902523239455, 0.4857763927291941, 0.0, 0.0, 0.39374318854873613, 0.5286627510079631, 0.0, 0.0, 0.4002248244980971, 0.5745519920631691, 0.0, 0.0]}