{"0": [0.6590902820229532, 0.4753406899946707, 0.6597876908257604, 0.4714736455016666, 0.0, 0.0, 0.664041820106407, 0.46972384187910293, 0.0, 0.0, 0.6722423603137334, 0.4913266949079655, 0.6737926868100961, 0.48942437878361456, 0.654248358309269, 0.4980117974457917, 0.6540552725394567, 0.49769464907822786, 0.6573763124644756, 0.4824554337395562, 0.6557563016812007, 0.4773530582586924, 0.6661706574261188, 0.564145851135254, 0.6663667889932792, 0.5613584383770271, 0.6606265785172581, 0.6146288754763427, 0.6616757967004291, 0.6132536284020764, 0.6633018963038921, 0.6669549972922715, 0.6630131882925828, 0.6661274267567528], "1": [0.0, 0.0, 0.0, 0.0, 0.0, 0.0, 0.4074832112838825, 0.5673181378179126, 0.4246581946810087, 0.5671381895740827, 0.3968610542515913, 0.6033595727273712, 0.4322824353973071, 0.6049246552917692, 0.3888934694851438, 0.6541884572417649, 0.43637367108215896, 0.6396051114356077, 0.37971351904173695, 0.7026208330083776, 0.0, 0.0, 0.4012112448612849, 0.7000511473286207, 0.4237611756970485, 0.6999805107885212, 0.3918252535164356, 0.7557948542965783, 0.4282308243215084, 0.7542286923638096, 0.395927394926548, 0.8281550327936809, 0.42884303629398346, 0.8173530014576735]}