{"0": [0.5138591650873422, 0.5370388687997883, 0.5144690139995267, 0.5306350195849383, 0.5116432424634696, 0.5311863489724972, 0.0, 0.0, 0.5037501661727826, 0.5315873406551502, 0.5068355695654948, 0.5677120354440477, 0.4878765245278676, 0.5481271730528937, 0.5104836993617937, 0.610498755176862, 0.46980526136855283, 0.5744236978391807, 0.5161889022837082, 0.6184707558955307, 0.47805878035724164, 0.6023627637713044, 0.4992066495120525, 0.6358133380059843, 0.0, 0.0, 0.5088413547724485, 0.6830342394334299, 0.4869412881632646, 0.694479168565185, 0.0, 0.0, 0.0, 0.0], "1": [0.6148791695634522, 0.6804409420048748, 0.6163490840544303, 0.6758893772407815, 0.6133105523884297, 0.6739257660177019, 0.0, 0.0, 0.603518869355321, 0.6685090612482142, 0.6124064192175864, 0.6867634875906838, 0.5855950479395687, 0.6834351726152279, 0.6172257726391156, 0.7032905062039693, 0.5760192181915045, 0.704604399866528, 0.6244105979800224, 0.722806143650302, 0.5725378742751975, 0.7401176936096615, 0.5963224699099858, 0.750860783788893, 0.5773314435655873, 0.7498827554561475, 0.6177003989617031, 0.7991278206860578, 0.570925772190094, 0.7873712600381287, 0.6266862319161495, 0.8498444946827712, 0.5669822782278061, 0.8129373421271642], "2": [0.0, 0.0, 0.0, 0.0, 0.0, 0.0, 0.0, 0.0, 0.0, 0.0, 0.4862040327861905, 0.5446720957756043, 0.507370458667477, 0.5670397579118057, 0.4683764138879875, 0.5746508794802206, 0.510960361113151, 0.6017252952964218, 0.4762644454836845, 0.6024852945848748, 0.0, 0.0, 0.4822366586575905, 0.6373727173716933, 0.4946518752103051, 0.6379781561869162, 0.48583995423590143, 0.6950586652314221, 0.5091126012305419, 0.6840432861336956, 0.48014359648029015, 0.7573724419982345, 0.5171034257858992, 0.7389091279771592]}