{"0": [0.0, 0.0, 0.0, 0.0, 0.0, 0.0, 0.4332570798695088, 0.5775908741686079, 0.44590621801714103, 0.5724327279461755, 0.43673150986433024, 0.6072338166060273, 0.4565283024373154, 0.5980859387803961, 0.4411191469679277, 0.6499440881941053, 0.0, 0.0, 0.42793299654788913, 0.6891225077994777, 0.0, 0.0, 0.4614730271200339, 0.6874650608610224, 0.4736468584587177, 0.6848452485545918, 0.42743632923811675, 0.7135797052471727, 0.4303671297306816, 0.7090344780021244, 0.4368144848694404, 0.7741524264975278, 0.4359957470869025, 0.773102636690493], "1": [0.0, 0.0, 0.0, 0.0, 0.0, 0.0, 0.6047894875208537, 0.6010808721736626, 0.6216099282105764, 0.6004372497399648, 0.5977882744899641, 0.6411549311821108, 0.6326267258574565, 0.6381422086998269, 0.5874381106346845, 0.6855207766095798, 0.6503781743347645, 0.6865027120819798, 0.5882530162731806, 0.6894250130211865, 0.6539230222503343, 0.7250360939237807, 0.6108390524052083, 0.7314193958485568, 0.6317725182200472, 0.7314770270276952, 0.6200900627921025, 0.8113280560407373, 0.6221342893317342, 0.8105088572811198, 0.6368917297571898, 0.8875484128793081, 0.6373744669059912, 0.8887446957605856], "2": [0.0, 0.0, 0.0, 0.0, 0.0, 0.0, 0.0, 0.0, 0.0, 0.0, 0.0, 0.0, 0.0, 0.0, 0.0, 0.0, 0.0, 0.0, 0.0, 0.0, 0.0, 0.0, 0.0, 0.0, 0.0, 0.0, 0.0, 0.0, 0.0, 0.0, 0.0, 0.0, 0.47637170168260734, 0.7584936214817894]}