{"0": [0.6855500975313286, 0.4912365823984146, 0.0, 0.0, 0.6852395470875005, 0.4857230411635505, 0.0, 0.0, 0.6801163032650948, 0.4847144071150709, 0.6722326066344978, 0.5054412561434286, 0.6693127108737826, 0.5047730375219275, 0.6799061694492896, 0.5300944239453033, 0.6658319316804409, 0.5529635751688923, 0.6924631581952174, 0.5439513237388046, 0.6842980592201152, 0.5696714387999641, 0.650716216613849, 0.5681004621364453, 0.6553006053591768, 0.5706494282793115, 0.6567388636991381, 0.6251423189485514, 0.6634276596208414, 0.6296565620987503, 0.6486502354964615, 0.6696254649096065, 0.6576582966615386, 0.6883027298235953], "1": [0.0, 0.0, 0.0, 0.0, 0.0, 0.0, 0.38547037388586136, 0.5472167023906002, 0.4018155050774415, 0.5494963840202048, 0.373854315529267, 0.5775025089581808, 0.4064523770939559, 0.5841606420499308, 0.3689995224277179, 0.6208813691580737, 0.41368896178901193, 0.6273705698825696, 0.3780787925546368, 0.6373975855332834, 0.4131223113586505, 0.6584461150345979, 0.37655333417157333, 0.6674006256792281, 0.3965682214746872, 0.6694947356979052, 0.37057675843437504, 0.733334669360408, 0.39790025197241147, 0.7365570467379358, 0.3692659906111658, 0.813046512559608, 0.39996963168183963, 0.7957275496036919]}