{"0": [0.0, 0.0, 0.0, 0.0, 0.0, 0.0, 0.5096675356229147, 0.6228056410948436, 0.5261243099346757, 0.623235449746803, 0.5022386942990125, 0.6606964164310032, 0.5363411751886209, 0.6606915610807913, 0.4940846249150733, 0.7098742674898217, 0.5469272568821907, 0.7055461170496764, 0.49542941600084306, 0.7583554846269113, 0.5525981167641779, 0.75665310687489, 0.5104168870206043, 0.753997144654945, 0.5325889475643634, 0.7578879574934642, 0.5064767305118342, 0.8211520446671381, 0.5261837786684433, 0.8201566361718707, 0.5057504135494431, 0.8929989609729361, 0.5210101969540119, 0.8928689430985186], "1": [0.0, 0.0, 0.0, 0.0, 0.0, 0.0, 0.4982348471259078, 0.49200246659693897, 0.5105614656272033, 0.49572779315489307, 0.4889219634855787, 0.5139310799263141, 0.5121774947891633, 0.5292085682628331, 0.4762266488124927, 0.5379078319227254, 0.5235418101772666, 0.557991968150492, 0.4768547667035212, 0.5715203263141491, 0.5249088414013385, 0.5806558026759713, 0.48066815696656706, 0.5833546843793657, 0.4976433592538039, 0.5884239877263705, 0.4711472066740195, 0.6387430575158861, 0.4981097141280771, 0.635418826562387, 0.4572677157819271, 0.6764985001749463, 0.48907146348307523, 0.6838624151768509], "2": [0.0, 0.0, 0.0, 0.0, 0.0, 0.0, 0.0, 0.0, 0.0, 0.0, 0.0, 0.0, 0.0, 0.0, 0.0, 0.0, 0.0, 0.0, 0.0, 0.0, 0.0, 0.0, 0.0, 0.0, 0.0, 0.0, 0.0, 0.0, 0.0, 0.0, 0.4863961006204287, 0.6831876238187155, 0.0, 0.0]}