{"0": [0.28887547329068186, 0.46712252983340513, 0.2912727853904168, 0.4613930688963996, 0.285938987818857, 0.46140299494619724, 0.29392381423773867, 0.4612799851982682, 0.2786913412312667, 0.4600593116548326, 0.2970096040517092, 0.4854782902256206, 0.2703361098965009, 0.49243171181943673, 0.3026710567995906, 0.5141867776711782, 0.2628879114985466, 0.5263563279752378, 0.30634421672051154, 0.5126127558725851, 0.27726362926575043, 0.5426723963684505, 0.295525707428654, 0.5568053594341984, 0.27932665422558783, 0.5595825764592047, 0.2990787544598182, 0.6093590277212637, 0.2792507383972406, 0.610933443752152, 0.30466653952995937, 0.6619791854310919, 0.27904791372517745, 0.6562698338318754], "1": [0.0, 0.0, 0.0, 0.0, 0.0, 0.0, 0.5327103996028504, 0.5366158995639395, 0.54712206851691, 0.5363304255737199, 0.523767578912278, 0.5654101878404617, 0.556524732367446, 0.5647619048754374, 0.5125957809388638, 0.5983853975931803, 0.5624548628926277, 0.6116186880403095, 0.5118786907444398, 0.6110420763975493, 0.5648586433380842, 0.6430791038054008, 0.5299311085293691, 0.6550140748973245, 0.552280644622321, 0.6541527601303878, 0.5306535292416811, 0.7081446730980167, 0.5597283603002627, 0.7128131959173415, 0.5282658858845631, 0.7732374954554769, 0.565902620429794, 0.7805976366003354]}