{"0": [0.5157635287692149, 0.4956063089547334, 0.5192483240117629, 0.49058726716924594, 0.5137694918860992, 0.49047722882694667, 0.5253863217929999, 0.4943722975474817, 0.5110266695419947, 0.49536446465386286, 0.5297353915870189, 0.5264090061187744, 0.5101707777939737, 0.5244448880354563, 0.5335386509696642, 0.5690816634231144, 0.5037014885495106, 0.5621276319026948, 0.5219713737567265, 0.5999919831752777, 0.49608047840495906, 0.5971254241135385, 0.526022973905007, 0.6042950934833949, 0.5138261104623476, 0.6052494549089008, 0.5210208637018999, 0.6576055142614577, 0.5180695199097196, 0.6574939178095923, 0.5215021505951881, 0.7220166335365286, 0.5203231992820899, 0.716698333731404], "1": [0.0, 0.0, 0.0, 0.0, 0.0, 0.0, 0.419980551302433, 0.6438591985790818, 0.4327671250949303, 0.6459208035910571, 0.41035939727056153, 0.6854048072325963, 0.4134853067497412, 0.6897062710037938, 0.0, 0.0, 0.4051933642476797, 0.7497323552767435, 0.0, 0.0, 0.4157321877777576, 0.8020138294608503, 0.4232022237032652, 0.7880291655659676, 0.41192823511858784, 0.7886270574397513, 0.0, 0.0, 0.4050186869998773, 0.847890744165138, 0.0, 0.0, 0.3932432470222314, 0.9171472569306691], "2": [0.0, 0.0, 0.0, 0.0, 0.0, 0.0, 0.0, 0.0, 0.0, 0.0, 0.0, 0.0, 0.0, 0.0, 0.0, 0.0, 0.0, 0.0, 0.0, 0.0, 0.0, 0.0, 0.0, 0.0, 0.0, 0.0, 0.40524007541437945, 0.8470809597659994, 0.0, 0.0, 0.39390309907806415, 0.9210242774751451, 0.0, 0.0], "3": [0.0, 0.0, 0.0, 0.0, 0.0, 0.0, 0.0, 0.0, 0.0, 0.0, 0.0, 0.0, 0.0, 0.0, 0.0, 0.0, 0.0, 0.0, 0.0, 0.0, 0.0, 0.0, 0.0, 0.0, 0.0, 0.0, 0.0, 0.0, 0.0, 0.0, 0.0, 0.0, 0.4404778987790147, 0.9302394602585722]}