{"0": [0.7262055893118183, 0.4948999568268105, 0.7278712648898364, 0.49010625238771793, 0.7248950051764648, 0.4910776835900766, 0.7343126025050879, 0.48855760097503664, 0.0, 0.0, 0.7428061913698911, 0.5180739329920875, 0.7301155036936203, 0.5168625590977846, 0.7471771453196804, 0.5594914121484315, 0.7266328757007918, 0.5564793476351985, 0.7358417840053638, 0.5865210895185117, 0.7173129164924225, 0.5673853839989061, 0.7352939342691873, 0.5968979764315817, 0.7277293898165226, 0.5945624641798161, 0.728611458837986, 0.6464693150034657, 0.726920677550758, 0.6457067714797126, 0.7390810218329231, 0.7001229934532334, 0.7370406571775675, 0.6959945678710937], "1": [0.3758951958268881, 0.5558105830793028, 0.0, 0.0, 0.3751702138533195, 0.5506832481534393, 0.357311125472188, 0.5524091931956786, 0.37030881146589917, 0.5539426900722363, 0.3433521489612758, 0.583605968952179, 0.3761794539789359, 0.5960247655433637, 0.32531430299083386, 0.6200217451210375, 0.3821414090692997, 0.639672052970639, 0.333974226936698, 0.6492076639775878, 0.38233730805416904, 0.6614810017523942, 0.34321552055577437, 0.6763172382557834, 0.3644299407023937, 0.6829578739625436, 0.3388268816595277, 0.7426666865746181, 0.3660927305618922, 0.7438868455864766, 0.33905580565333365, 0.8170050642004719, 0.36833350934709114, 0.8051102170237788]}