{"0": [0.3859314076602459, 0.4894523110654619, 0.3875875244537989, 0.4860599544313219, 0.3853333092682684, 0.4850246831084843, 0.0, 0.0, 0.37925556326905885, 0.4776867969030583, 0.37568385563790796, 0.49324221274367086, 0.36452937811845915, 0.4951129233395611, 0.36958237874011196, 0.5325491695492356, 0.3564499178280433, 0.5367990232176251, 0.37874738151828446, 0.5477981900727308, 0.36152909919619564, 0.5714512326099254, 0.35875920628507935, 0.563567234189422, 0.34973995015025133, 0.5622458749347263, 0.36585044898092745, 0.6114634243978394, 0.34842682390784224, 0.6172340454878631, 0.3679105741282304, 0.6634190000593663, 0.33970172711803265, 0.6721830447514852], "1": [0.0, 0.0, 0.0, 0.0, 0.0, 0.0, 0.5657601227362951, 0.5409285205381889, 0.5817668507496516, 0.5431980002809453, 0.5530244814231992, 0.5733105839402587, 0.5870302663495143, 0.5798616521888309, 0.5398340716026724, 0.6102055166054655, 0.5888745327169697, 0.6245143557036364, 0.5359362138745686, 0.6422596477799946, 0.5794184816380342, 0.6397403415706423, 0.5544900760054589, 0.6617208626535204, 0.577979838103056, 0.6639425331795658, 0.5439428938552737, 0.7179192732881615, 0.5858489541026454, 0.7151140480405754, 0.5380162021766106, 0.7745963864856296, 0.5991826514403026, 0.7783976897045418], "2": [0.0, 0.0, 0.0, 0.0, 0.0, 0.0, 0.0, 0.0, 0.0, 0.0, 0.0, 0.0, 0.0, 0.0, 0.0, 0.0, 0.0, 0.0, 0.0, 0.0, 0.0, 0.0, 0.0, 0.0, 0.0, 0.0, 0.34840919425090155, 0.6170581863986121, 0.36557275454203286, 0.6111499437786363, 0.3402677891155084, 0.6734849947470206, 0.3675008361538251, 0.6639694718299088]}