{"0": [0.5990021716803312, 0.5151281860415582, 0.5992290635903676, 0.5096955206659106, 0.5979228897728414, 0.5118775754063217, 0.6036193856348593, 0.5045063910660921, 0.0, 0.0, 0.6179484347502391, 0.5118350110672139, 0.6117871690541505, 0.5158637605331562, 0.6335209322472414, 0.5442152044287434, 0.6110938961928091, 0.5399352894888982, 0.635629788103203, 0.5755844325930984, 0.60703043465813, 0.5622405471625151, 0.6435567657463254, 0.5512552245899484, 0.6342317084471385, 0.5534373550503342, 0.637594751516978, 0.6150929596689013, 0.6238671516378722, 0.6106486848934933, 0.6398478889216981, 0.6676993239808966, 0.6217800444612901, 0.6541165494256549], "1": [0.0, 0.0, 0.0, 0.0, 0.0, 0.0, 0.4065376569516957, 0.5679807205994923, 0.4237856221695741, 0.5683244932580876, 0.3980463184338684, 0.6015519722744271, 0.43292881014446416, 0.6039202314284112, 0.39016350532571475, 0.6474455545897837, 0.43815269420544306, 0.6364377136583681, 0.0, 0.0, 0.0, 0.0, 0.40542218716194234, 0.6852738375327101, 0.42466674794753395, 0.6852026630037774, 0.4006241189936796, 0.761604732937283, 0.4308683971563975, 0.7547300391727023, 0.40147652129332223, 0.8428984105587006, 0.43195619340986013, 0.8146448788819489], "2": [0.0, 0.0, 0.0, 0.0, 0.0, 0.0, 0.0, 0.0, 0.0, 0.0, 0.0, 0.0, 0.0, 0.0, 0.0, 0.0, 0.0, 0.0, 0.6072419391945004, 0.5629704144265917, 0.0, 0.0, 0.0, 0.0, 0.0, 0.0, 0.0, 0.0, 0.0, 0.0, 0.0, 0.0, 0.0, 0.0]}