{"0": [0.6832831341773271, 0.4925912345844726, 0.6824588887393475, 0.4876663347085317, 0.0, 0.0, 0.6857106485093634, 0.48705695139037236, 0.6968647758165996, 0.4819886397432398, 0.6874730211993059, 0.5124711049927606, 0.7095194627841314, 0.5077442146561764, 0.6859263487781088, 0.5552849807121135, 0.718929497571662, 0.539306209705494, 0.6707079444080591, 0.5757266674880628, 0.7094515416150292, 0.563146471535718, 0.6925468054910501, 0.5881947705039272, 0.7060257900506258, 0.5886615642518909, 0.684343903635939, 0.6435391649051949, 0.6878392737358808, 0.6411128886871867, 0.6937391334977995, 0.6897356974295007, 0.6930771914071371, 0.6881214052152317], "1": [0.0, 0.0, 0.0, 0.0, 0.0, 0.0, 0.30283458257714907, 0.6638137810208179, 0.32135991640388967, 0.6669684750062449, 0.2918892086793979, 0.6973263204097748, 0.3281945906579494, 0.7177824472939527, 0.2839430479953686, 0.7529348186872623, 0.3413261391222477, 0.7747244019751196, 0.2925227115551631, 0.8023481828195077, 0.3576496332883835, 0.8186891219682164, 0.30295285290728013, 0.8242921363424371, 0.3235780958707134, 0.8249053393249158, 0.3201439015567303, 0.8805462578932445, 0.3262786549826463, 0.8825588901837667, 0.3198335430274407, 0.9504405007318214, 0.31933257716397445, 0.9512798548848541]}