{"0": [0.606457632003973, 0.5480448303399262, 0.0, 0.0, 0.6036388107885917, 0.5443035864995586, 0.0, 0.0, 0.5961264003068208, 0.5479146652751499, 0.5940615237690509, 0.56932466228803, 0.5931387755398949, 0.5711832333494116, 0.0, 0.0, 0.5883088839550813, 0.6378535630526366, 0.0, 0.0, 0.0, 0.0, 0.5916661468644937, 0.6508256729002352, 0.5863915535415369, 0.6509306107929851, 0.5936398133945961, 0.7076701351889858, 0.6012552557749069, 0.7104404744487098, 0.5701598215848207, 0.7688122519740352, 0.5798441693731138, 0.7650587204789576], "1": [0.4090155365566412, 0.43761258897957983, 0.0, 0.0, 0.4068750522409877, 0.43462417214005084, 0.0, 0.0, 0.4015575222671031, 0.43852071916615526, 0.3969004262859623, 0.4604274829228719, 0.40062700559695563, 0.46401218882313483, 0.400212903569142, 0.4985311037964291, 0.40096957695980867, 0.5012676712539461, 0.0, 0.0, 0.40615401793426525, 0.5370930960160438, 0.3930262052143613, 0.5255465101312708, 0.39742619075501956, 0.5267436835500929, 0.3996620398014784, 0.5700221108065711, 0.4006781258930763, 0.5702168387395364, 0.3948897451162338, 0.6101773295137617, 0.3939229384530336, 0.6119814677370919], "2": [0.0, 0.0, 0.0, 0.0, 0.0, 0.0, 0.0, 0.0, 0.0, 0.0, 0.0, 0.0, 0.0, 0.0, 0.0, 0.0, 0.0, 0.0, 0.0, 0.0, 0.5849984508628646, 0.6751544846428765, 0.0, 0.0, 0.0, 0.0, 0.0, 0.0, 0.0, 0.0, 0.0, 0.0, 0.0, 0.0], "3": [0.0, 0.0, 0.0, 0.0, 0.0, 0.0, 0.0, 0.0, 0.0, 0.0, 0.0, 0.0, 0.0, 0.0, 0.0, 0.0, 0.0, 0.0, 0.0, 0.0, 0.5974321856473883, 0.562092125415802, 0.0, 0.0, 0.0, 0.0, 0.0, 0.0, 0.0, 0.0, 0.0, 0.0, 0.0, 0.0], "4": [0.0, 0.0, 0.0, 0.0, 0.0, 0.0, 0.0, 0.0, 0.0, 0.0, 0.0, 0.0, 0.0, 0.0, 0.0, 0.0, 0.0, 0.0, 0.0, 0.0, 0.0, 0.0, 0.0, 0.0, 0.0, 0.0, 0.0, 0.0, 0.0, 0.0, 0.5922436395039161, 0.758497945467631, 0.0, 0.0]}