{"0": [0.0, 0.0, 0.0, 0.0, 0.0, 0.0, 0.26190968540807563, 0.5465458898632616, 0.2769361173423628, 0.5488501977037501, 0.24880584714313347, 0.5825179681733802, 0.2806111623222629, 0.5900294418688173, 0.23631922639906408, 0.6308115263779958, 0.28754647870858513, 0.6273949634145808, 0.22572696767747405, 0.6690708083135111, 0.2961939888695876, 0.6472970863183338, 0.25729433372616767, 0.6689369166338885, 0.2752688847482204, 0.6651580357993091, 0.2700391454001268, 0.7309988615689454, 0.27427476023634273, 0.7303548485592559, 0.26852816343307495, 0.8114732673322713, 0.2754877413312594, 0.7665882415724573], "1": [0.0, 0.0, 0.0, 0.0, 0.0, 0.0, 0.6654182789226373, 0.5985084056854248, 0.6807161888728539, 0.5916767725238093, 0.6745902632673582, 0.6342557541750096, 0.6936764692577223, 0.6176234893776752, 0.6681832746913036, 0.6832241250409019, 0.0, 0.0, 0.6578684332470099, 0.721030248315246, 0.0, 0.0, 0.6721010599285364, 0.7233309637617182, 0.6851574369240552, 0.7220024808689401, 0.6648639837279916, 0.7803123429969505, 0.67581731043756, 0.775795622225161, 0.6637999112407368, 0.847302584570867, 0.6932769837168355, 0.8299625476201374], "2": [0.0, 0.0, 0.0, 0.0, 0.0, 0.0, 0.0, 0.0, 0.0, 0.0, 0.0, 0.0, 0.0, 0.0, 0.0, 0.0, 0.0, 0.0, 0.0, 0.0, 0.0, 0.0, 0.0, 0.0, 0.0, 0.0, 0.0, 0.0, 0.0, 0.0, 0.27422773018479346, 0.7678279902096148, 0.0, 0.0], "3": [0.0, 0.0, 0.0, 0.0, 0.0, 0.0, 0.0, 0.0, 0.0, 0.0, 0.0, 0.0, 0.0, 0.0, 0.0, 0.0, 0.0, 0.0, 0.0, 0.0, 0.0, 0.0, 0.0, 0.0, 0.0, 0.0, 0.0, 0.0, 0.0, 0.0, 0.0, 0.0, 0.2684031008432309, 0.8122313615348604]}