{"0": [0.6520206948509439, 0.4530805870338723, 0.6540486564238867, 0.44844314616035535, 0.6511971895272534, 0.44836318492889404, 0.6620068701605003, 0.4528099607538294, 0.0, 0.0, 0.6623779894163211, 0.48466398853946613, 0.6676874368141095, 0.48118190986138804, 0.6691831412104269, 0.5283612942254102, 0.6615685796986024, 0.5302644779284795, 0.6684223194917043, 0.564213526248932, 0.6676289021968842, 0.5635642563855207, 0.6611684532215197, 0.5650717182291879, 0.660152131691575, 0.5640990511134819, 0.6614277341713508, 0.6105013957730046, 0.6617306180298328, 0.6104396184837376, 0.663762768978874, 0.6599924001428816, 0.6633340325206518, 0.6576684733231862], "1": [0.42670461619272826, 0.5080598558540698, 0.4280134836211801, 0.5022777177669384, 0.4235036530842384, 0.5041714893447028, 0.4331804716338714, 0.4950615101390415, 0.0, 0.0, 0.44549076346059646, 0.5183265608769875, 0.425837362681826, 0.5167978990961004, 0.44714358759423095, 0.5611097409769341, 0.43160428302362563, 0.5597724251725056, 0.43621110934764146, 0.5913484361436632, 0.4249210886657238, 0.5883691143658426, 0.4419266683359941, 0.5926948225056684, 0.42871896823247274, 0.5909097214539846, 0.44129869639873504, 0.641864647909447, 0.4210926279425621, 0.6300242609447904, 0.4422665048390627, 0.6957483214360697, 0.4346455509463946, 0.6986082520749833], "2": [0.0, 0.0, 0.0, 0.0, 0.0, 0.0, 0.0, 0.0, 0.0, 0.0, 0.0, 0.0, 0.0, 0.0, 0.0, 0.0, 0.0, 0.0, 0.0, 0.0, 0.0, 0.0, 0.0, 0.0, 0.0, 0.0, 0.0, 0.0, 0.43923077878231803, 0.6412690291250194, 0.0, 0.0, 0.0, 0.0], "3": [0.0, 0.0, 0.0, 0.0, 0.0, 0.0, 0.0, 0.0, 0.0, 0.0, 0.0, 0.0, 0.0, 0.0, 0.0, 0.0, 0.0, 0.0, 0.0, 0.0, 0.0, 0.0, 0.0, 0.0, 0.0, 0.0, 0.0, 0.0, 0.0, 0.0, 0.0, 0.0, 0.421538191785415, 0.655063660884345]}