{"0": [0.0, 0.0, 0.0, 0.0, 0.0, 0.0, 0.2832580973704656, 0.5448990521883523, 0.29829545095562937, 0.5456220461262598, 0.27911628484725953, 0.5781583271644732, 0.3043326213955879, 0.5838818534656808, 0.2736778829867641, 0.620973284818508, 0.3128448540965716, 0.6305019820177996, 0.2629543735335271, 0.6636522679417222, 0.3196550791462263, 0.663810325772674, 0.28496708360811074, 0.6709516205169537, 0.30035623783866566, 0.6700198999433605, 0.2781840847184261, 0.7396907298653215, 0.28401950423916184, 0.7381266096123943, 0.2884099817355281, 0.8027188681085126, 0.29287178817703236, 0.8017386790609019], "1": [0.0, 0.0, 0.0, 0.0, 0.0, 0.0, 0.47845706207056843, 0.5055862884830545, 0.491563535730044, 0.5088753337109531, 0.4669814267506202, 0.5314504315455755, 0.4952875379472971, 0.539148602662263, 0.4558288782524566, 0.5628941041451914, 0.5123252402991056, 0.5727497983861852, 0.4496697192390759, 0.596086526951856, 0.5073202402641376, 0.5972161768763153, 0.4655956116815408, 0.6136808042173032, 0.48437260240316393, 0.6151259117656285, 0.4525274995093545, 0.670717900218787, 0.5001169058183829, 0.6438150721567647, 0.4391099262672166, 0.7166409064222267, 0.49586885298291844, 0.7063409135297493]}