{"0": [0.1839955409367879, 0.6140400164657169, 0.18743611723184586, 0.6051720322282226, 0.1811143234372139, 0.6076124217775133, 0.19597558702031775, 0.5989516587169083, 0.0, 0.0, 0.2106349821978559, 0.6325487456939839, 0.17577752098441124, 0.6237086636048778, 0.2180126601830125, 0.6860478650088664, 0.1517350853420794, 0.615336623235985, 0.21054695004907747, 0.7384642119760867, 0.13349988237023352, 0.5942615520071101, 0.20995469248543183, 0.7233977610314334, 0.19090489670634267, 0.7278514838880962, 0.2139337496832013, 0.7773872229788038, 0.19755171931659182, 0.7995582470187435, 0.22348099450270334, 0.816300423277749, 0.20279429281751316, 0.8738181385729048], "1": [0.6983242078063389, 0.43426850548496954, 0.7000267560283343, 0.42987987288722285, 0.6951532358924547, 0.43060279952155217, 0.7026999274889628, 0.4309421292057744, 0.6899045170284808, 0.4340965753904095, 0.7097506280988455, 0.4580063188517535, 0.683916209389766, 0.45924639657691674, 0.7141152296215296, 0.49296951542298, 0.6772789083731671, 0.4924066179466468, 0.7161851694186528, 0.5250648041566213, 0.6747131464382012, 0.5235213613068616, 0.7010760992765427, 0.5285039724023254, 0.6860678921764095, 0.5270813114113277, 0.6949493538588285, 0.5765827651377078, 0.6865240670740606, 0.5760090463691289, 0.6868059184402228, 0.6257232321771207, 0.687060404320558, 0.6254615417785114], "2": [0.0, 0.0, 0.0, 0.0, 0.0, 0.0, 0.0, 0.0, 0.0, 0.0, 0.0, 0.0, 0.0, 0.0, 0.0, 0.0, 0.0, 0.0, 0.0, 0.0, 0.0, 0.0, 0.0, 0.0, 0.0, 0.0, 0.19862600987156231, 0.7997667445076837, 0.0, 0.0, 0.20314516151944798, 0.873982619356226, 0.0, 0.0], "3": [0.0, 0.0, 0.0, 0.0, 0.0, 0.0, 0.0, 0.0, 0.0, 0.0, 0.0, 0.0, 0.0, 0.0, 0.0, 0.0, 0.0, 0.0, 0.0, 0.0, 0.0, 0.0, 0.0, 0.0, 0.0, 0.0, 0.0, 0.0, 0.0, 0.0, 0.0, 0.0, 0.2233864408917725, 0.8138218837755697]}