{"0": [0.7295674989620845, 0.49428142132582487, 0.7309015012967089, 0.48954573229507165, 0.7291288442909718, 0.49031993437696386, 0.7381516493856907, 0.48851366881971003, 0.0, 0.0, 0.7479678223414036, 0.517921550627108, 0.7366302646696568, 0.5163689592370281, 0.7521876149422799, 0.560029188129637, 0.7323284840832154, 0.5607918284557484, 0.7434321652476986, 0.5954262155625555, 0.7194335435206691, 0.5684922288965296, 0.7384342142691215, 0.6015342385680588, 0.7292448329428832, 0.5976134320100148, 0.7316533694354198, 0.6467666696619104, 0.0, 0.0, 0.7341575117910853, 0.703355755657997, 0.7254905973871549, 0.6972357447500582], "1": [0.0, 0.0, 0.0, 0.0, 0.0, 0.0, 0.2550768164296945, 0.5750631392002106, 0.2708060175180435, 0.5731447865565618, 0.25503819261988003, 0.6222030361493428, 0.2826422262936831, 0.6084640997427481, 0.2521650917129591, 0.6726502968205346, 0.28765234413246316, 0.6534521197831189, 0.24244886015852293, 0.6610315676088686, 0.0, 0.0, 0.2694673374916116, 0.7075513228636097, 0.28505173077185947, 0.7000248409307527, 0.25870017732183137, 0.7783559657909253, 0.2682976385578513, 0.772177787842574, 0.27804041672497987, 0.82949160778964, 0.279764033233126, 0.8268279897394004], "2": [0.0, 0.0, 0.0, 0.0, 0.0, 0.0, 0.0, 0.0, 0.0, 0.0, 0.0, 0.0, 0.0, 0.0, 0.0, 0.0, 0.0, 0.0, 0.0, 0.0, 0.244911727309227, 0.6581889068638836, 0.0, 0.0, 0.0, 0.0, 0.0, 0.0, 0.0, 0.0, 0.0, 0.0, 0.0, 0.0], "3": [0.0, 0.0, 0.0, 0.0, 0.0, 0.0, 0.0, 0.0, 0.0, 0.0, 0.0, 0.0, 0.0, 0.0, 0.0, 0.0, 0.0, 0.0, 0.0, 0.0, 0.0, 0.0, 0.0, 0.0, 0.0, 0.0, 0.0, 0.0, 0.7320100928967198, 0.6467968675825331, 0.0, 0.0, 0.7448030492911736, 0.7105800575680203]}