{"0": [0.7057301353352765, 0.6253230898468582, 0.0, 0.0, 0.7068986372401317, 0.621337185965644, 0.690067739225924, 0.6073919693628947, 0.7038293424993755, 0.6192786488820006, 0.676349553776284, 0.6090649792441616, 0.6919555801898241, 0.6509113044650466, 0.6549914117902517, 0.6158840298652649, 0.7025173011546334, 0.6890323921486183, 0.0, 0.0, 0.7188112893180612, 0.7148343956356661, 0.644403166634341, 0.677993679239794, 0.6593845224628846, 0.6864383101463318, 0.0, 0.0, 0.6925267757227024, 0.701964411912141, 0.0, 0.0, 0.7002830054610968, 0.7585278714696566], "1": [0.0, 0.0, 0.0, 0.0, 0.0, 0.0, 0.5845650032783548, 0.5361699574523502, 0.5994714098672073, 0.542715612936903, 0.5710050148268541, 0.5581519654503575, 0.6022044078990196, 0.5769941199708868, 0.5562057227129117, 0.5942692352665795, 0.6031946199635665, 0.6211731888629773, 0.5589572298030059, 0.6239982706529122, 0.6029564427211881, 0.6631606465136564, 0.5641009711970886, 0.6420225582740925, 0.5856337417848408, 0.6504795798548946, 0.5588660197953383, 0.6975524142936423, 0.5927499058966835, 0.7037905044025844, 0.0, 0.0, 0.5985743904486298, 0.7646509018209245], "2": [0.0, 0.0, 0.0, 0.0, 0.0, 0.0, 0.0, 0.0, 0.0, 0.0, 0.0, 0.0, 0.0, 0.0, 0.0, 0.0, 0.0, 0.0, 0.6452763641873995, 0.6438020949010496, 0.0, 0.0, 0.0, 0.0, 0.0, 0.0, 0.0, 0.0, 0.0, 0.0, 0.0, 0.0, 0.0, 0.0], "3": [0.0, 0.0, 0.0, 0.0, 0.0, 0.0, 0.0, 0.0, 0.0, 0.0, 0.0, 0.0, 0.0, 0.0, 0.0, 0.0, 0.0, 0.0, 0.0, 0.0, 0.0, 0.0, 0.0, 0.0, 0.0, 0.0, 0.6907059155404568, 0.6999606388345084, 0.0, 0.0, 0.0, 0.0, 0.0, 0.0], "4": [0.0, 0.0, 0.0, 0.0, 0.0, 0.0, 0.0, 0.0, 0.0, 0.0, 0.0, 0.0, 0.0, 0.0, 0.0, 0.0, 0.0, 0.0, 0.0, 0.0, 0.0, 0.0, 0.0, 0.0, 0.0, 0.0, 0.638085376471281, 0.7021481255690257, 0.0, 0.0, 0.0, 0.0, 0.0, 0.0], "5": [0.0, 0.0, 0.0, 0.0, 0.0, 0.0, 0.0, 0.0, 0.0, 0.0, 0.0, 0.0, 0.0, 0.0, 0.0, 0.0, 0.0, 0.0, 0.0, 0.0, 0.0, 0.0, 0.0, 0.0, 0.0, 0.0, 0.5595818425218264, 0.6663283628446085, 0.0, 0.0, 0.557545081526041, 0.6953286742722546, 0.0, 0.0]}