{"0": [0.4870398509005706, 0.5673769159449471, 0.0, 0.0, 0.48620797507464886, 0.562168609433704, 0.46878957010339944, 0.5629985692324462, 0.48081216067075727, 0.5640966578766152, 0.4566146826992432, 0.5932284988738873, 0.48530213223615043, 0.6064188113919012, 0.4431502853209774, 0.6322671448742901, 0.4879192965726057, 0.6485223866171307, 0.0, 0.0, 0.48997689029201863, 0.6727198655958528, 0.45663214527691404, 0.6839154917884755, 0.4755399911353985, 0.6844691773807562, 0.46431757506603993, 0.7345554338561164, 0.48482826513548694, 0.7283807808602297, 0.46129726599901916, 0.7939725714701193, 0.473253150905172, 0.7900691167072014], "1": [0.0, 0.0, 0.0, 0.0, 0.0, 0.0, 0.6499451274673144, 0.651718431490439, 0.6659990454713504, 0.6556375099621989, 0.641068717216452, 0.6822782816710296, 0.658794108654062, 0.6831172046837983, 0.6194895220920443, 0.7306313143836127, 0.0, 0.0, 0.0, 0.0, 0.0, 0.0, 0.626121110158662, 0.7584604895225278, 0.6314728610993673, 0.7590706300266363, 0.0, 0.0, 0.6615374342848858, 0.8273399201808153, 0.0, 0.0, 0.6834843198458354, 0.8981797382787422], "2": [0.0, 0.0, 0.0, 0.0, 0.0, 0.0, 0.0, 0.0, 0.0, 0.0, 0.0, 0.0, 0.0, 0.0, 0.0, 0.0, 0.0, 0.0, 0.0, 0.0, 0.0, 0.0, 0.0, 0.0, 0.0, 0.0, 0.0, 0.0, 0.0, 0.0, 0.6834612901012103, 0.8971564279662239, 0.0, 0.0], "3": [0.0, 0.0, 0.0, 0.0, 0.0, 0.0, 0.0, 0.0, 0.0, 0.0, 0.0, 0.0, 0.0, 0.0, 0.0, 0.0, 0.0, 0.0, 0.0, 0.0, 0.0, 0.0, 0.0, 0.0, 0.0, 0.0, 0.0, 0.0, 0.0, 0.0, 0.5755611091852189, 0.7927499035994212, 0.0, 0.0], "4": [0.0, 0.0, 0.0, 0.0, 0.0, 0.0, 0.0, 0.0, 0.0, 0.0, 0.0, 0.0, 0.0, 0.0, 0.0, 0.0, 0.0, 0.0, 0.0, 0.0, 0.0, 0.0, 0.0, 0.0, 0.0, 0.0, 0.0, 0.0, 0.0, 0.0, 0.0, 0.0, 0.5759407156457503, 0.7932395228633174]}