{"0": [0.31704403162002565, 0.7190886788898044, 0.31792077658077084, 0.7131956436015942, 0.3143910043252011, 0.7163073167756752, 0.3217391485969225, 0.6997691468922076, 0.0, 0.0, 0.3400870982557535, 0.6914928673594086, 0.0, 0.0, 0.3645124095193436, 0.7028814480861475, 0.0, 0.0, 0.37207119298339997, 0.7537318443714149, 0.0, 0.0, 0.0, 0.0, 0.0, 0.0, 0.0, 0.0, 0.0, 0.0, 0.0, 0.0, 0.0, 0.0], "1": [0.43319010163346927, 0.49024213949839274, 0.43385763466358185, 0.4853182295130359, 0.0, 0.0, 0.4387283543124794, 0.48777996323726797, 0.44874678179621696, 0.487082952481729, 0.4366723721226056, 0.5196991196385137, 0.4580972873916229, 0.5152956874834167, 0.4403422951698303, 0.5613281051317851, 0.46086972085759037, 0.5527419288953145, 0.4362287369867166, 0.5995378681906948, 0.0, 0.0, 0.448512325125436, 0.5971895315029003, 0.46530187254150707, 0.5939320961634318, 0.44064104395608106, 0.6427054113811917, 0.46754008444647, 0.6467046478280315, 0.4449554889152447, 0.701141807547322, 0.48232386459906895, 0.7016074529400578], "2": [0.0, 0.0, 0.0, 0.0, 0.0, 0.0, 0.0, 0.0, 0.0, 0.0, 0.0, 0.0, 0.3195054265360037, 0.7144827696184317, 0.0, 0.0, 0.31126127392053604, 0.7364149800605245, 0.0, 0.0, 0.30408527875940006, 0.7668273139882971, 0.36011821115389464, 0.7059308180102596, 0.336548325419426, 0.7187967591815525, 0.0, 0.0, 0.327755068987608, 0.7414249404712959, 0.0, 0.0, 0.3292171431084474, 0.8011928434725161], "3": [0.0, 0.0, 0.0, 0.0, 0.0, 0.0, 0.0, 0.0, 0.0, 0.0, 0.0, 0.0, 0.0, 0.0, 0.0, 0.0, 0.0, 0.0, 0.0, 0.0, 0.0, 0.0, 0.0, 0.0, 0.0, 0.0, 0.3452350317190091, 0.7583934820360607, 0.0, 0.0, 0.0, 0.0, 0.0, 0.0], "4": [0.0, 0.0, 0.0, 0.0, 0.0, 0.0, 0.0, 0.0, 0.0, 0.0, 0.0, 0.0, 0.0, 0.0, 0.0, 0.0, 0.0, 0.0, 0.0, 0.0, 0.0, 0.0, 0.0, 0.0, 0.0, 0.0, 0.3647400744414578, 0.7154797318908903, 0.0, 0.0, 0.36816242213050526, 0.7581085869559535, 0.0, 0.0], "5": [0.0, 0.0, 0.0, 0.0, 0.0, 0.0, 0.0, 0.0, 0.0, 0.0, 0.0, 0.0, 0.0, 0.0, 0.0, 0.0, 0.0, 0.0, 0.0, 0.0, 0.0, 0.0, 0.0, 0.0, 0.0, 0.0, 0.0, 0.0, 0.0, 0.0, 0.4294235892593861, 0.6584171209070417, 0.0, 0.0]}