{"0": [0.0, 0.0, 0.0, 0.0, 0.0, 0.0, 0.4801833167672157, 0.4835692553608506, 0.49101875672737755, 0.4826823146254928, 0.4766868834073345, 0.5071978642570751, 0.49600823062161603, 0.505359724274388, 0.474434852351745, 0.5438271885116895, 0.49966390877962114, 0.5355698925477487, 0.0, 0.0, 0.0, 0.0, 0.4942839051907261, 0.5730231412031033, 0.5050897346188625, 0.5683590458499062, 0.48973526113356153, 0.6263576295088839, 0.5056128749623895, 0.6106670618333199, 0.5154179965456327, 0.6553296124355661, 0.5217477491488837, 0.6378988596960147], "1": [0.0, 0.0, 0.0, 0.0, 0.0, 0.0, 0.4458764985203743, 0.46664989060825773, 0.4579617271820704, 0.46418066720167794, 0.4468817975372076, 0.49547506747422393, 0.46918715783373083, 0.5007172481870857, 0.4480878237169236, 0.5345910478521276, 0.4727533310651779, 0.5395488310743262, 0.4393032705411315, 0.5669343723467103, 0.0, 0.0, 0.45074320596953227, 0.5710695483066418, 0.46558183624098703, 0.5724960457395625, 0.44685132304827374, 0.6241472246470274, 0.4639042730132739, 0.6237600200706058, 0.45123319706569115, 0.6822454865332003, 0.465794675797224, 0.6773330941244408], "2": [0.0, 0.0, 0.0, 0.0, 0.0, 0.0, 0.0, 0.0, 0.0, 0.0, 0.0, 0.0, 0.0, 0.0, 0.0, 0.0, 0.0, 0.0, 0.0, 0.0, 0.0, 0.0, 0.0, 0.0, 0.0, 0.0, 0.0, 0.0, 0.48976803024609883, 0.6233540031645033, 0.0, 0.0, 0.0, 0.0], "3": [0.0, 0.0, 0.0, 0.0, 0.0, 0.0, 0.0, 0.0, 0.0, 0.0, 0.0, 0.0, 0.0, 0.0, 0.0, 0.0, 0.0, 0.0, 0.0, 0.0, 0.0, 0.0, 0.0, 0.0, 0.0, 0.0, 0.0, 0.0, 0.0, 0.0, 0.527198138833046, 0.6292361418406168, 0.0, 0.0]}