{"0": [0.41118186165889103, 0.522820081865346, 0.4123849110056957, 0.5192274985490022, 0.0, 0.0, 0.41680695215861, 0.5241243141668814, 0.4285507171104352, 0.5231977971615615, 0.41210338498155275, 0.5626376778991135, 0.4412825021892786, 0.5553824665369811, 0.4089885247250397, 0.6101880206002129, 0.4502642506112655, 0.5940187935475951, 0.40039077860613664, 0.6462620772697307, 0.4532373115420341, 0.6234621507150155, 0.42015265201528873, 0.6382234906708752, 0.4394412922672927, 0.6361850789299718, 0.4078888513147831, 0.7007348091514022, 0.4459285825490952, 0.6937845163875156, 0.40229064874971904, 0.765361068866871, 0.4563169235130771, 0.7495080069259362], "1": [0.3186504969839007, 0.6474005345945005, 0.31830644672736524, 0.6399467907018132, 0.0, 0.0, 0.32221299428492783, 0.636452665373131, 0.0, 0.0, 0.3410656108210484, 0.6592344067714833, 0.34264582792917886, 0.6499739108262239, 0.3330706566572189, 0.7127425176125985, 0.33015790035327275, 0.7100327756669786, 0.30740297089020413, 0.7241851669770701, 0.30702068135142324, 0.7233069413238101, 0.3709572494029999, 0.7331093920601739, 0.358002873758475, 0.7327426972212615, 0.37031233968834076, 0.8095169045307018, 0.33197730785856644, 0.7782355414496528, 0.3995423554132382, 0.8355610361805669, 0.3287932199736436, 0.851303274101681], "2": [0.0, 0.0, 0.0, 0.0, 0.0, 0.0, 0.0, 0.0, 0.33508358569815755, 0.6253286962707838, 0.0, 0.0, 0.0, 0.0, 0.0, 0.0, 0.0, 0.0, 0.0, 0.0, 0.0, 0.0, 0.0, 0.0, 0.0, 0.0, 0.0, 0.0, 0.0, 0.0, 0.0, 0.0, 0.0, 0.0], "3": [0.0, 0.0, 0.0, 0.0, 0.0, 0.0, 0.0, 0.0, 0.0, 0.0, 0.0, 0.0, 0.0, 0.0, 0.0, 0.0, 0.0, 0.0, 0.0, 0.0, 0.0, 0.0, 0.0, 0.0, 0.3778593915204207, 0.7287639471667784, 0.0, 0.0, 0.0, 0.0, 0.0, 0.0, 0.3992175926764806, 0.835218244128757]}