{"0": [0.0, 0.0, 0.0, 0.0, 0.0, 0.0, 0.3927080360551675, 0.46436823032520436, 0.4051151671757301, 0.4665142246970424, 0.38446940245727707, 0.49169954773452546, 0.40936178316672645, 0.4989183794569086, 0.36825974586730204, 0.5183627532588111, 0.409419687030216, 0.5298986601332824, 0.3628285340964794, 0.5449061494734552, 0.0, 0.0, 0.3838597420603037, 0.5640038861168756, 0.40028492448230585, 0.5652355869611104, 0.38248887086908023, 0.6249973557613514, 0.4054480925823251, 0.614988961926213, 0.37939947918057443, 0.6918929939468703, 0.4101972836224983, 0.6694426376510549], "1": [0.0, 0.0, 0.0, 0.0, 0.0, 0.0, 0.554482190310955, 0.5055613840067829, 0.5673041212062041, 0.5101149951970135, 0.5409530594944953, 0.525165844846655, 0.5658630408346653, 0.5391114727214531, 0.5231189554246763, 0.5445041605167918, 0.5740587938576936, 0.5798249674064142, 0.5055381738891204, 0.563385487485815, 0.5806457457443078, 0.6084115107854208, 0.5361713681990902, 0.5988458306701095, 0.5486451464394728, 0.6034324771828121, 0.5441186087151278, 0.6534969953550068, 0.5614662765214841, 0.6394242591328091, 0.0, 0.0, 0.5720423526441057, 0.6837429931870214], "2": [0.0, 0.0, 0.0, 0.0, 0.0, 0.0, 0.0, 0.0, 0.0, 0.0, 0.0, 0.0, 0.0, 0.0, 0.0, 0.0, 0.0, 0.0, 0.0, 0.0, 0.0, 0.0, 0.0, 0.0, 0.0, 0.0, 0.0, 0.0, 0.543021788323919, 0.6673510169541395, 0.0, 0.0, 0.0, 0.0], "3": [0.0, 0.0, 0.0, 0.0, 0.0, 0.0, 0.0, 0.0, 0.0, 0.0, 0.0, 0.0, 0.0, 0.0, 0.0, 0.0, 0.0, 0.0, 0.0, 0.0, 0.0, 0.0, 0.0, 0.0, 0.0, 0.0, 0.0, 0.0, 0.0, 0.0, 0.5135502504184842, 0.6815113577577803, 0.0, 0.0]}