{"0": [0.45048485609392325, 0.5404389226878131, 0.453267332414786, 0.5350952790843115, 0.449295648932457, 0.5344638661102012, 0.462294531861941, 0.5389698284643668, 0.0, 0.0, 0.4662368776897589, 0.5750141552201024, 0.4591985151171684, 0.5712222503291235, 0.4797125360618034, 0.6191823258444115, 0.4556344951192538, 0.6076720961817988, 0.4615885210533937, 0.6344962724932918, 0.445079879835248, 0.617912569862825, 0.4644637525624906, 0.6602263395433071, 0.45930928078790506, 0.6558830647280922, 0.45544979448119793, 0.7185020526250203, 0.4554513042171796, 0.7174999603518734, 0.4646601509923736, 0.781972788605425, 0.46444572700808445, 0.7810841824445459], "1": [0.6045631246020396, 0.3672078837951025, 0.6050670548031728, 0.36336998674604626, 0.603288023546338, 0.36265244373568783, 0.0, 0.0, 0.5983516437001526, 0.36180427206887145, 0.5986337925617894, 0.3800690057101073, 0.5920384565989176, 0.3802168232423288, 0.5969540694728493, 0.40727291747375766, 0.5870192255824804, 0.40996029686044766, 0.6024092339289685, 0.42296660476260717, 0.5977004589823385, 0.42466094074425875, 0.5949926814685266, 0.4298922525511848, 0.5879682410508394, 0.42993473145696853, 0.6046137280762196, 0.4612382616157885, 0.5869446345915397, 0.4672085112995571, 0.6046468757092953, 0.5010665605465571, 0.5711080193519592, 0.4858656824738891], "2": [0.0, 0.0, 0.0, 0.0, 0.0, 0.0, 0.0, 0.0, 0.0, 0.0, 0.0, 0.0, 0.0, 0.0, 0.0, 0.0, 0.0, 0.0, 0.0, 0.0, 0.0, 0.0, 0.0, 0.0, 0.0, 0.0, 0.0, 0.0, 0.0, 0.0, 0.475880695382754, 0.7355595756460119, 0.0, 0.0], "3": [0.0, 0.0, 0.0, 0.0, 0.0, 0.0, 0.0, 0.0, 0.0, 0.0, 0.0, 0.0, 0.0, 0.0, 0.0, 0.0, 0.0, 0.0, 0.0, 0.0, 0.0, 0.0, 0.0, 0.0, 0.0, 0.0, 0.0, 0.0, 0.0, 0.0, 0.5725465645392736, 0.48579247720815516, 0.0, 0.0], "4": [0.0, 0.0, 0.0, 0.0, 0.0, 0.0, 0.0, 0.0, 0.0, 0.0, 0.0, 0.0, 0.0, 0.0, 0.0, 0.0, 0.0, 0.0, 0.0, 0.0, 0.0, 0.0, 0.0, 0.0, 0.0, 0.0, 0.0, 0.0, 0.0, 0.0, 0.0, 0.0, 0.4771018509636633, 0.7330848406862329]}