{"0": [0.6228525600745343, 0.5240305728382535, 0.6254202554623286, 0.518603097067939, 0.6217629651228587, 0.5194224794705709, 0.6353733967950878, 0.5190562762595989, 0.0, 0.0, 0.6484677795941631, 0.5506954009886141, 0.6234740312521656, 0.5418821370160138, 0.6595552915086349, 0.5885643485519622, 0.0, 0.0, 0.6452330872416495, 0.6015805515978071, 0.0, 0.0, 0.6393109580191473, 0.6349033785087091, 0.6252010151743889, 0.6317901947983989, 0.6317402026616037, 0.6945183974725229, 0.0, 0.0, 0.6408392461637656, 0.7515400542981094, 0.634090955927968, 0.7525416446504769], "1": [0.0, 0.0, 0.0, 0.0, 0.0, 0.0, 0.3808365394671758, 0.44287564511652344, 0.39281232741971817, 0.4434577522454438, 0.3735507922247052, 0.4677621382254141, 0.3985918672134479, 0.47201581155812306, 0.36879678030187885, 0.5037054768315068, 0.40692484794805445, 0.506699125137594, 0.3642162394709885, 0.5337034035612036, 0.41131667234003544, 0.5372954576103774, 0.3785868272185325, 0.5387271702289581, 0.3947985952099164, 0.5387368363362771, 0.38210168077299994, 0.5899452793377417, 0.39604025073349475, 0.5788530362976922, 0.38896614611148833, 0.6490713481549863, 0.3953467223362175, 0.6203321734026038], "2": [0.0, 0.0, 0.0, 0.0, 0.0, 0.0, 0.0, 0.0, 0.0, 0.0, 0.0, 0.0, 0.0, 0.0, 0.0, 0.0, 0.6224171476128201, 0.5423197686672211, 0.0, 0.0, 0.0, 0.0, 0.0, 0.0, 0.0, 0.0, 0.0, 0.0, 0.0, 0.0, 0.0, 0.0, 0.0, 0.0], "3": [0.0, 0.0, 0.0, 0.0, 0.0, 0.0, 0.0, 0.0, 0.0, 0.0, 0.0, 0.0, 0.0, 0.0, 0.0, 0.0, 0.0, 0.0, 0.0, 0.0, 0.0, 0.0, 0.0, 0.0, 0.0, 0.0, 0.0, 0.0, 0.6312402609415585, 0.6947790892035874, 0.0, 0.0, 0.0, 0.0], "4": [0.0, 0.0, 0.0, 0.0, 0.0, 0.0, 0.0, 0.0, 0.0, 0.0, 0.0, 0.0, 0.0, 0.0, 0.0, 0.0, 0.0, 0.0, 0.0, 0.0, 0.0, 0.0, 0.0, 0.0, 0.0, 0.0, 0.0, 0.0, 0.0, 0.0, 0.3917508629461129, 0.608646912044949, 0.0, 0.0]}