{"0": [0.2027576057240367, 0.7536003660272669, 0.20149999248484768, 0.7455749711504689, 0.0, 0.0, 0.20876872974137467, 0.7394780278205872, 0.0, 0.0, 0.22719563917877775, 0.7684906398808514, 0.23591786362230777, 0.7493112996772484, 0.2185968750777344, 0.819769236445427, 0.21948556924859683, 0.8206029154636242, 0.20733152603109675, 0.8575057444749054, 0.20709950855622686, 0.8581468869138646, 0.2623001719514529, 0.8355330005840019, 0.2604138693738142, 0.8332581504290626, 0.22455982627967994, 0.9023403384067394, 0.22273972505241582, 0.8989781913524931, 0.2603895270692495, 0.9587436156140433, 0.26020486718043684, 0.9585663004605859], "1": [0.40090939750274024, 0.5286171394365805, 0.4021665154878671, 0.524069540699323, 0.0, 0.0, 0.4071019637087981, 0.5275385991290764, 0.4186496445365871, 0.5244567250763928, 0.40705799497663975, 0.5627745897681624, 0.43021007527907695, 0.5497405796139329, 0.4014642883092165, 0.6111689767110403, 0.4327403238664071, 0.5931437326802148, 0.38832828104496003, 0.6220815206015553, 0.0, 0.0, 0.4216902362803618, 0.6404738692497767, 0.4407069034874439, 0.6380269796759994, 0.40797265941898037, 0.692504041545369, 0.4491393065700929, 0.6851681000328864, 0.41246917843818665, 0.7540632353888618, 0.4639866371328632, 0.7441784130754294], "2": [0.0, 0.0, 0.0, 0.0, 0.0, 0.0, 0.0, 0.0, 0.0, 0.0, 0.0, 0.0, 0.0, 0.0, 0.0, 0.0, 0.0, 0.0, 0.0, 0.0, 0.0, 0.0, 0.0, 0.0, 0.0, 0.0, 0.0, 0.0, 0.0, 0.0, 0.20963793912281592, 0.9740737762384082, 0.0, 0.0], "3": [0.0, 0.0, 0.0, 0.0, 0.0, 0.0, 0.0, 0.0, 0.0, 0.0, 0.0, 0.0, 0.0, 0.0, 0.0, 0.0, 0.0, 0.0, 0.0, 0.0, 0.0, 0.0, 0.0, 0.0, 0.0, 0.0, 0.0, 0.0, 0.0, 0.0, 0.0, 0.0, 0.21015802215163906, 0.9715161734157141]}