{"0": [0.3826470494270325, 0.5720786915885078, 0.38189863314231237, 0.5677429042480611, 0.0, 0.0, 0.3865575005610784, 0.5685145420056802, 0.0, 0.0, 0.39723963443313975, 0.5925586333043489, 0.40013587292377834, 0.5899214931810838, 0.42760607407738765, 0.6189517681797345, 0.39504175061980884, 0.6332126071193704, 0.4165813125669956, 0.6458497943701568, 0.3971867229789495, 0.6484375004415159, 0.42249342470119394, 0.6491165852105176, 0.4116320038835208, 0.6496949170474653, 0.417971685466667, 0.6963282028834025, 0.3940292913777133, 0.7024866689134527, 0.42284037384670226, 0.7464758135654308, 0.40975342094898226, 0.7179743157492744], "1": [0.0, 0.0, 0.0, 0.0, 0.0, 0.0, 0.47880253319938976, 0.47085696160793306, 0.4890907671302557, 0.4670760300424363, 0.4749440292517344, 0.49720931472601715, 0.4994306052724521, 0.48702489888226547, 0.46563221936424576, 0.5292204727729162, 0.5112202925607562, 0.5149235923809033, 0.4567578854970634, 0.5383797965667866, 0.5088825599600871, 0.5386663532919354, 0.4903753625229001, 0.5618371612495846, 0.5051150391499202, 0.5583931633167797, 0.4719214462364713, 0.5980090252779148, 0.5067424772928159, 0.5888605760565648, 0.46884728545943904, 0.6570176173139503, 0.5201476936539015, 0.6248607145415412], "2": [0.0, 0.0, 0.0, 0.0, 0.0, 0.0, 0.0, 0.0, 0.396803251033028, 0.5642685214678447, 0.0, 0.0, 0.0, 0.0, 0.0, 0.0, 0.0, 0.0, 0.0, 0.0, 0.0, 0.0, 0.0, 0.0, 0.0, 0.0, 0.0, 0.0, 0.0, 0.0, 0.0, 0.0, 0.0, 0.0], "3": [0.0, 0.0, 0.0, 0.0, 0.0, 0.0, 0.0, 0.0, 0.0, 0.0, 0.0, 0.0, 0.0, 0.0, 0.0, 0.0, 0.0, 0.0, 0.0, 0.0, 0.0, 0.0, 0.0, 0.0, 0.0, 0.0, 0.0, 0.0, 0.0, 0.0, 0.0, 0.0, 0.4242068476974964, 0.7436114865320701]}