{"0": [0.0, 0.0, 0.0, 0.0, 0.0, 0.0, 0.4508939382930597, 0.5239013457739795, 0.4637841560567419, 0.5255574731915086, 0.44312479011714456, 0.5525147202390212, 0.47143852251271406, 0.5585123309934581, 0.42597176929314934, 0.5758107565067433, 0.47767807232836884, 0.5952309522363874, 0.4160699129104614, 0.5964590579547264, 0.47210981280853354, 0.6136488722430335, 0.4441535926113526, 0.6311139749156104, 0.46377643973877025, 0.6311493822821864, 0.43668585817019145, 0.6686773067271268, 0.47637183958043655, 0.6460469687426532, 0.4314552926303198, 0.6970356093512641, 0.46890412401407955, 0.7025320068553642], "1": [0.0, 0.0, 0.0, 0.0, 0.0, 0.0, 0.31527455331136783, 0.49696666377562065, 0.32528009874125324, 0.49330421724805124, 0.31486077094450593, 0.515930269492997, 0.33440964159866166, 0.5093905652010883, 0.31515404066691793, 0.5464217751114456, 0.3446908772612612, 0.5322580787870619, 0.3262623181566596, 0.6017256632999137, 0.0, 0.0, 0.3383962736775477, 0.5664508403313381, 0.3510304098327955, 0.5621783786349827, 0.0, 0.0, 0.34185660704970366, 0.6072547201757077, 0.0, 0.0, 0.3674008842557669, 0.6187332448584062], "2": [0.0, 0.0, 0.0, 0.0, 0.0, 0.0, 0.0, 0.0, 0.0, 0.0, 0.0, 0.0, 0.0, 0.0, 0.0, 0.0, 0.0, 0.0, 0.0, 0.0, 0.0, 0.0, 0.0, 0.0, 0.0, 0.0, 0.33595943469554185, 0.6093203576626601, 0.0, 0.0, 0.0, 0.0, 0.0, 0.0], "3": [0.0, 0.0, 0.0, 0.0, 0.0, 0.0, 0.0, 0.0, 0.0, 0.0, 0.0, 0.0, 0.0, 0.0, 0.0, 0.0, 0.0, 0.0, 0.0, 0.0, 0.0, 0.0, 0.0, 0.0, 0.0, 0.0, 0.0, 0.0, 0.0, 0.0, 0.32556270497540635, 0.6116345873585454, 0.0, 0.0], "4": [0.0, 0.0, 0.0, 0.0, 0.0, 0.0, 0.0, 0.0, 0.0, 0.0, 0.0, 0.0, 0.0, 0.0, 0.0, 0.0, 0.0, 0.0, 0.0, 0.0, 0.0, 0.0, 0.0, 0.0, 0.0, 0.0, 0.0, 0.0, 0.0, 0.0, 0.36778276165326435, 0.6184881833899353, 0.0, 0.0]}