{"0": [0.5842956764002641, 0.5147994383152023, 0.5857980239825944, 0.5098587033925233, 0.5838453477869431, 0.510352278859527, 0.5934689303860068, 0.5096622149149577, 0.0, 0.0, 0.607681608448426, 0.5305848079699058, 0.5936373577918858, 0.5337208114288471, 0.6080761226514977, 0.5772589787288948, 0.5833911098539829, 0.5587829647240815, 0.5980859995974849, 0.6003830741952967, 0.5749905201296012, 0.5846111083472216, 0.6264517720167836, 0.5904714554548264, 0.6117652739087741, 0.5904346669161761, 0.6331021904945373, 0.6498803739194516, 0.594103381379197, 0.6230765974080121, 0.662889114767313, 0.6841894367226848, 0.5980835606499265, 0.6835411034248493], "1": [0.0, 0.0, 0.0, 0.0, 0.0, 0.0, 0.30810787056883177, 0.5683289235388791, 0.3248636782169342, 0.567667180079001, 0.30266177157560986, 0.6109854472042234, 0.3325471643358469, 0.6035007609399381, 0.2967550647755464, 0.6589828250584779, 0.0, 0.0, 0.2852026544666539, 0.690469581551022, 0.0, 0.0, 0.30974732202788197, 0.6936351337918529, 0.3285978119820356, 0.6924779856163594, 0.3012585882097483, 0.7640953147852863, 0.33507219627499585, 0.7466934937017935, 0.30937786865979433, 0.8350361273244575, 0.35851745232939725, 0.8024216682822615], "2": [0.0, 0.0, 0.0, 0.0, 0.0, 0.0, 0.0, 0.0, 0.0, 0.0, 0.0, 0.0, 0.0, 0.0, 0.0, 0.0, 0.0, 0.0, 0.0, 0.0, 0.5964888583868742, 0.597453870817467, 0.0, 0.0, 0.0, 0.0, 0.0, 0.0, 0.0, 0.0, 0.0, 0.0, 0.0, 0.0], "3": [0.0, 0.0, 0.0, 0.0, 0.0, 0.0, 0.0, 0.0, 0.0, 0.0, 0.0, 0.0, 0.0, 0.0, 0.0, 0.0, 0.0, 0.0, 0.0, 0.0, 0.0, 0.0, 0.0, 0.0, 0.628653259575367, 0.5852228098445469, 0.0, 0.0, 0.6338167417794466, 0.6501387430561913, 0.0, 0.0, 0.6626435322066146, 0.6842579333870499], "4": [0.0, 0.0, 0.0, 0.0, 0.0, 0.0, 0.0, 0.0, 0.0, 0.0, 0.0, 0.0, 0.0, 0.0, 0.0, 0.0, 0.0, 0.0, 0.0, 0.0, 0.0, 0.0, 0.0, 0.0, 0.0, 0.0, 0.5943120421220859, 0.6245919726513051, 0.0, 0.0, 0.0, 0.0, 0.0, 0.0]}