{"0": [0.7501565746963024, 0.5285000350740221, 0.7530110871419311, 0.5222731927271794, 0.7466693972547849, 0.5223055609329431, 0.7561009709412853, 0.5215027730773997, 0.7407486396531264, 0.5218597199077959, 0.7615091202159723, 0.553178768798157, 0.7313143061862016, 0.5523741214363663, 0.764300416658322, 0.5936126909874103, 0.7231439540007462, 0.5910425621050376, 0.7640067449460427, 0.6324830353811935, 0.726097206523021, 0.6277813379411344, 0.7494528587907553, 0.6394273451081028, 0.7313190056321521, 0.6381909902449008, 0.7435329349556317, 0.6990547913092154, 0.7266758979919056, 0.6929197953806983, 0.7392341929177443, 0.7580085460786467, 0.7167497638612985, 0.7140056730972396], "1": [0.27672841424743333, 0.710318116346995, 0.27621862317125, 0.7027134886494389, 0.2727362205274403, 0.7036089137748436, 0.0, 0.0, 0.2594546703621745, 0.7089337289333344, 0.2678716767579317, 0.7457219595158542, 0.24387535558392603, 0.760460709421723, 0.2707130325337251, 0.7979144654892109, 0.23596047560373942, 0.8227889383280719, 0.28479782603681086, 0.8359204864060438, 0.25179684308047096, 0.844505066562582, 0.2668798603117466, 0.8552933434921282, 0.25267388559877874, 0.8622340829835997, 0.28196624430517353, 0.9392131827495717, 0.25931555752952895, 0.9317175595848649, 0.0, 0.0, 0.2528196265300115, 0.9890613066929358], "2": [0.0, 0.0, 0.0, 0.0, 0.0, 0.0, 0.0, 0.0, 0.0, 0.0, 0.0, 0.0, 0.0, 0.0, 0.0, 0.0, 0.0, 0.0, 0.0, 0.0, 0.0, 0.0, 0.0, 0.0, 0.0, 0.0, 0.2588408273955186, 0.933148600878539, 0.2811846606122951, 0.9406218815732884, 0.25296360707531373, 0.9866901931939301, 0.0, 0.0]}