{"0": [0.6701929821322362, 0.43973148001564866, 0.0, 0.0, 0.6698612898588181, 0.4354552251321298, 0.6564433968781184, 0.4305590351422628, 0.6667323050399621, 0.43446650184966895, 0.6466551686326663, 0.4510945876439412, 0.667450894912084, 0.4617565770943959, 0.6397248867899179, 0.48768487042850917, 0.6718990977853535, 0.5009035942179185, 0.6395151889339711, 0.5180926102179068, 0.6781015630190571, 0.5288770083475995, 0.6436448599832754, 0.5280145274268256, 0.6578152317553758, 0.5300338816311624, 0.6520533782759836, 0.5794687858334294, 0.6577683225274086, 0.579188945558336, 0.645632092286164, 0.6168899340806406, 0.6513362305898892, 0.618584031497592], "1": [0.526517060212791, 0.46092998893172654, 0.0, 0.0, 0.5260708274319769, 0.45690010002365816, 0.0, 0.0, 0.5207921999196211, 0.4577819181813134, 0.5095781143754721, 0.47828540630914546, 0.5086009223859466, 0.4972023634415391, 0.5137375191474954, 0.5143612101398132, 0.5080832116305829, 0.5362779655390315, 0.0, 0.0, 0.5126151598989963, 0.5538391731403493, 0.5044714242219925, 0.5594286828957222, 0.5098439758643508, 0.5594770500919333, 0.505413747827212, 0.6059996719713565, 0.5219723556811611, 0.6093444913625717, 0.502423410769552, 0.6536067772794653, 0.5020856909453869, 0.6564103771139074], "2": [0.0, 0.0, 0.0, 0.0, 0.0, 0.0, 0.0, 0.0, 0.0, 0.0, 0.5013627055411537, 0.5195202538260707, 0.0, 0.0, 0.0, 0.0, 0.0, 0.0, 0.5094857233266036, 0.5514857035820131, 0.0, 0.0, 0.0, 0.0, 0.0, 0.0, 0.0, 0.0, 0.0, 0.0, 0.0, 0.0, 0.0, 0.0]}