{"0": [0.6937591454867893, 0.5056620420129211, 0.6963782798498869, 0.5003814837722866, 0.6923644884179035, 0.500381612336194, 0.7036864732702574, 0.5002457332279947, 0.0, 0.0, 0.7134793865183989, 0.5305470984843043, 0.6912153877317906, 0.5206678850783242, 0.7215815853327513, 0.5710961118892387, 0.688758930688103, 0.5531418701012929, 0.7198783052464326, 0.609769947882052, 0.6869653771320979, 0.5798723849985334, 0.7113534078001976, 0.6061549224235393, 0.7020614103045469, 0.6047229307669181, 0.696025139093399, 0.653359251552158, 0.7167344721655051, 0.6507061371096858, 0.6870092743386826, 0.7126977545243722, 0.731163616773362, 0.6935809904778445], "1": [0.0, 0.0, 0.0, 0.0, 0.0, 0.0, 0.34476054894427466, 0.5570701830916933, 0.35919959855576356, 0.5554448688471758, 0.33580544867242373, 0.5938501294012423, 0.36959574036300175, 0.595399184193876, 0.3287197866787513, 0.6384031814557535, 0.3756270147860051, 0.6367090194313614, 0.3409495661656062, 0.6566852586136925, 0.37848812093337375, 0.6654104612491749, 0.3448244035243988, 0.6826617267396715, 0.36726541394988693, 0.6796122255148711, 0.34845127270867426, 0.754730263904289, 0.3718300014734268, 0.7400662695920027, 0.3524138544065257, 0.825084741137646, 0.37529852874577047, 0.7900614844428169], "2": [0.0, 0.0, 0.0, 0.0, 0.0, 0.0, 0.0, 0.0, 0.0, 0.0, 0.0, 0.0, 0.0, 0.0, 0.0, 0.0, 0.0, 0.0, 0.0, 0.0, 0.0, 0.0, 0.0, 0.0, 0.0, 0.0, 0.7150769040298959, 0.6503372088626579, 0.6967140596359969, 0.652673222400524, 0.7316372886300087, 0.69417437657162, 0.0, 0.0], "3": [0.0, 0.0, 0.0, 0.0, 0.0, 0.0, 0.0, 0.0, 0.0, 0.0, 0.0, 0.0, 0.0, 0.0, 0.0, 0.0, 0.0, 0.0, 0.0, 0.0, 0.0, 0.0, 0.0, 0.0, 0.0, 0.0, 0.0, 0.0, 0.0, 0.0, 0.0, 0.0, 0.686903074507912, 0.7118841484740929]}