{"0": [0.0, 0.0, 0.0, 0.0, 0.0, 0.0, 0.7268525667799016, 0.5203947411643134, 0.7408116164306799, 0.5187893377410041, 0.7236121753851573, 0.5525048226669983, 0.7519469352749487, 0.5498497382358268, 0.7191150884454449, 0.593023807031137, 0.758962485815088, 0.5839714193785631, 0.710260851526012, 0.6155026343133714, 0.7490592577805122, 0.6015558452517898, 0.7267851512879133, 0.6336951530917927, 0.744721545279026, 0.6346777143301787, 0.7161259030302366, 0.6848735763242951, 0.7391653343724708, 0.6984075871882616, 0.7058807619847357, 0.7258693288873743, 0.7391258417628706, 0.7590561359706852], "1": [0.0, 0.0, 0.0, 0.0, 0.0, 0.0, 0.35853719549874463, 0.6257113605737686, 0.37698737437992047, 0.6240094465238076, 0.3484078023893138, 0.6603595168502242, 0.389234837051481, 0.6650810583874032, 0.34481673811872804, 0.7127944997063389, 0.39846082826455437, 0.7046496027045781, 0.35665429147581257, 0.7283683670891656, 0.3973735454802712, 0.7403090582953559, 0.3638778350626429, 0.7730097007972223, 0.38652233568330613, 0.7725022442914822, 0.3660255946218968, 0.8246655651816616, 0.38698598618308705, 0.8305569500834854, 0.3599245824230214, 0.8917050824673087, 0.3884564906358719, 0.8963600843041032]}