{"0": [0.2986599599321683, 0.5276121033562554, 0.3014912875990073, 0.5225421359141668, 0.0, 0.0, 0.30867724195122714, 0.5259876313032927, 0.0, 0.0, 0.30903179210921133, 0.5500360650044901, 0.31254957690835, 0.5501256805879099, 0.29050138319532076, 0.5594520626796616, 0.29067371487617494, 0.5588950022779129, 0.2676960308104753, 0.5668454322274085, 0.26955067037294306, 0.5665932847945778, 0.30380541992684207, 0.6488118152375575, 0.3203449045618375, 0.6470115257634057, 0.2819923173015316, 0.7050985055941122, 0.30727399867028, 0.7201579248463666, 0.27291080450328686, 0.7651323110968978, 0.3217793608705203, 0.7781595384633101], "1": [0.0, 0.0, 0.0, 0.0, 0.0, 0.0, 0.4420826616386572, 0.45458757678667705, 0.4550813682377338, 0.45567574434810215, 0.4336302020897468, 0.4806875220051518, 0.46061017823716005, 0.4854690276362277, 0.42491042738159496, 0.5178690817621019, 0.4700604513287544, 0.5212089795757223, 0.4207079616685708, 0.5463082114855448, 0.47522871966163316, 0.5499929534064398, 0.43960124973285325, 0.5598070647981431, 0.45702207225064445, 0.5597567446805812, 0.44453496659795444, 0.6151710249759533, 0.46328445523977274, 0.6117702897500109, 0.4507379637410243, 0.6646860712104373, 0.4720640535155932, 0.6531378874072322], "2": [0.0, 0.0, 0.0, 0.0, 0.0, 0.0, 0.0, 0.0, 0.0, 0.0, 0.0, 0.0, 0.0, 0.0, 0.0, 0.0, 0.0, 0.0, 0.0, 0.0, 0.0, 0.0, 0.0, 0.0, 0.30209605346123375, 0.6439956024841026, 0.0, 0.0, 0.0, 0.0, 0.0, 0.0, 0.0, 0.0], "3": [0.0, 0.0, 0.0, 0.0, 0.0, 0.0, 0.0, 0.0, 0.0, 0.0, 0.0, 0.0, 0.0, 0.0, 0.0, 0.0, 0.0, 0.0, 0.0, 0.0, 0.0, 0.0, 0.0, 0.0, 0.0, 0.0, 0.30627278723986817, 0.7218107972156118, 0.0, 0.0, 0.32165457171698414, 0.7790512228453601, 0.0, 0.0]}