{"0": [0.6283817101269961, 0.470160347747582, 0.629549632469813, 0.46609529499654423, 0.6284758090972901, 0.46708100747179104, 0.6354696664920386, 0.4657905450573674, 0.0, 0.0, 0.6472424425805609, 0.4922818946341673, 0.6334641192108392, 0.49013349899539244, 0.6473829548805952, 0.5365207143403866, 0.627708922388653, 0.5186417288250394, 0.638544411584735, 0.5654164436790678, 0.6184150335999826, 0.5434867808112391, 0.6481785851841172, 0.5647207081317902, 0.6379588889578979, 0.5602113314248898, 0.6485245294248064, 0.6181448314752843, 0.6276923290764292, 0.6105649086060347, 0.6483694248211881, 0.6672805755226701, 0.6199493886282047, 0.6569512181811863], "1": [0.0, 0.0, 0.0, 0.0, 0.0, 0.0, 0.40101891160011294, 0.5695118749583209, 0.41779071756949027, 0.5682703788633698, 0.38959585764387156, 0.602459486215203, 0.4262500043337544, 0.6035691476806446, 0.38060477109005053, 0.641746841095112, 0.43500268176818885, 0.6399633377790451, 0.3812161373750617, 0.6482561927219784, 0.4507046823700269, 0.6805041547174807, 0.3963462594896555, 0.7041357201558572, 0.4187131121133765, 0.70390609326186, 0.3935569564656665, 0.769053594050584, 0.4221493981778622, 0.7683131316193827, 0.39420536753411095, 0.8413597204067089, 0.4254046733180682, 0.8259859731351886], "2": [0.0, 0.0, 0.0, 0.0, 0.0, 0.0, 0.0, 0.0, 0.0, 0.0, 0.0, 0.0, 0.0, 0.0, 0.0, 0.0, 0.0, 0.0, 0.0, 0.0, 0.0, 0.0, 0.0, 0.0, 0.0, 0.0, 0.627506822006156, 0.6107914654469049, 0.6493067185084025, 0.6190366216831737, 0.619803249463439, 0.6570340771366049, 0.6485226235042015, 0.6673917222906042]}