{"0": [0.41672704294323926, 0.5201588948567708, 0.41741983219981194, 0.5161558853255378, 0.0, 0.0, 0.4205298768977324, 0.5170274988368705, 0.42894948571920394, 0.5097500884974444, 0.4281780059138933, 0.5385005510515637, 0.43511389528090755, 0.5310146974192725, 0.4229568327893503, 0.5818851993591696, 0.42643787562847135, 0.5796270942246472, 0.4105954367822657, 0.581553988834774, 0.41350474394857883, 0.5786166049815991, 0.45627089429957174, 0.5951522318301378, 0.4608640130298832, 0.5924353339053966, 0.4288791303833326, 0.6365108514273609, 0.4612329120437304, 0.6453022126798277, 0.44761844857906297, 0.6949611531363593, 0.48425217345356947, 0.6613101433824609], "1": [0.0, 0.0, 0.0, 0.0, 0.0, 0.0, 0.3468195421000322, 0.50666777761998, 0.3621346532056729, 0.5033855619253935, 0.34669598552087943, 0.5424721106334969, 0.37281762844262023, 0.5327375129417137, 0.34644298925995826, 0.5853996634483337, 0.3816492624891301, 0.5726834612864035, 0.33682485570510234, 0.5987405682051623, 0.3865253328035275, 0.6060089064968956, 0.35773232790331044, 0.6167700366841422, 0.37469018747409183, 0.6143763683460377, 0.3540107005586226, 0.6733751100522499, 0.36206780051191656, 0.6717086837247566, 0.36263861979047457, 0.7326890347180544, 0.3628980817894141, 0.7328576238067062], "2": [0.0, 0.0, 0.0, 0.0, 0.0, 0.0, 0.0, 0.0, 0.0, 0.0, 0.0, 0.0, 0.0, 0.0, 0.0, 0.0, 0.0, 0.0, 0.0, 0.0, 0.0, 0.0, 0.0, 0.0, 0.0, 0.0, 0.4618567963441213, 0.6493344368758025, 0.4298723865300417, 0.6343364611819938, 0.4849553217800955, 0.6616471779567225, 0.4468898688753446, 0.691006597103896]}