{"0": [0.0, 0.0, 0.0, 0.0, 0.0, 0.0, 0.7620162162929773, 0.5470110846890344, 0.7792652616898219, 0.5455427103572421, 0.7535040197273095, 0.5805977391424002, 0.7841686128328244, 0.5751318123605517, 0.7425477740665277, 0.6224996551319405, 0.7988965444266797, 0.5400758730040656, 0.7344839560488859, 0.6564084767191498, 0.801105894210438, 0.5060153605761352, 0.7552720687662562, 0.667467639402107, 0.7775633942335844, 0.6715230544408163, 0.7449524453530709, 0.7234744309275238, 0.7672156771024068, 0.7412622191287854, 0.748407397326082, 0.7897421973722952, 0.7595895786459247, 0.8028456429640453], "1": [0.0, 0.0, 0.0, 0.0, 0.0, 0.0, 0.37073867147167516, 0.5937443322605558, 0.38514166449507076, 0.5893243799055065, 0.3651402266075214, 0.6237596182911485, 0.3998802851885557, 0.6167125424853077, 0.3587623732785384, 0.6768040015741631, 0.4094329534098506, 0.6606568312203442, 0.3677892779310544, 0.7026396373907725, 0.4061739445120717, 0.6883364489784947, 0.3792104018231233, 0.7086143355678629, 0.4008368241290251, 0.7057379844012084, 0.3843828856324157, 0.7690393492027565, 0.40531344556560117, 0.7647695565665211, 0.3869008969515562, 0.8210783123970031, 0.4112729882200559, 0.8179619181487295], "2": [0.0, 0.0, 0.0, 0.0, 0.0, 0.0, 0.0, 0.0, 0.0, 0.0, 0.0, 0.0, 0.0, 0.0, 0.0, 0.0, 0.0, 0.0, 0.8008924763649702, 0.5057937881460897, 0.0, 0.0, 0.0, 0.0, 0.0, 0.0, 0.0, 0.0, 0.0, 0.0, 0.0, 0.0, 0.0, 0.0]}