{"0": [0.39350539293761055, 0.5477914156737151, 0.3950241576880217, 0.5433113161060547, 0.0, 0.0, 0.40046224830051264, 0.5453874161949864, 0.41107996708403033, 0.5418863905800714, 0.400336830317974, 0.579986990933065, 0.4235611108442147, 0.5637431780497233, 0.40442618243396283, 0.6286829233169555, 0.0, 0.0, 0.39029095936566593, 0.6387547309751864, 0.0, 0.0, 0.4208647310733795, 0.6555040005180571, 0.4407444061090548, 0.6440720597902934, 0.41493157173196477, 0.71077423537219, 0.4471853386610746, 0.6980700718031989, 0.4195751655225953, 0.7691361047603466, 0.45772844900687537, 0.7618135732633096], "1": [0.2798042724529902, 0.6525348261550621, 0.27847757413983343, 0.645253778828515, 0.0, 0.0, 0.28412071863810223, 0.6430366505075384, 0.0, 0.0, 0.31252855223913995, 0.6569734100942258, 0.28233772441744803, 0.6775573025009146, 0.32831152267754077, 0.6953172602035381, 0.29264548843105637, 0.7162395577739786, 0.31804293170571324, 0.7363875567361161, 0.0, 0.0, 0.3254014182835817, 0.7368413114161403, 0.30311075902233525, 0.7454306828754921, 0.32372503938774266, 0.8054672263286733, 0.2932672935537994, 0.8117687366074986, 0.33332939272125567, 0.8481335485250585, 0.3065265736232201, 0.8575581283481033], "2": [0.0, 0.0, 0.0, 0.0, 0.0, 0.0, 0.0, 0.0, 0.29547333108882107, 0.637319004535675, 0.0, 0.0, 0.0, 0.0, 0.0, 0.0, 0.0, 0.0, 0.0, 0.0, 0.0, 0.0, 0.0, 0.0, 0.0, 0.0, 0.0, 0.0, 0.0, 0.0, 0.0, 0.0, 0.0, 0.0], "3": [0.0, 0.0, 0.0, 0.0, 0.0, 0.0, 0.0, 0.0, 0.0, 0.0, 0.28256441863874593, 0.6785568833351135, 0.0, 0.0, 0.0, 0.0, 0.0, 0.0, 0.0, 0.0, 0.0, 0.0, 0.0, 0.0, 0.0, 0.0, 0.0, 0.0, 0.0, 0.0, 0.0, 0.0, 0.0, 0.0], "4": [0.0, 0.0, 0.0, 0.0, 0.0, 0.0, 0.0, 0.0, 0.0, 0.0, 0.0, 0.0, 0.0, 0.0, 0.0, 0.0, 0.0, 0.0, 0.0, 0.0, 0.2979471256141551, 0.7176533431918533, 0.0, 0.0, 0.0, 0.0, 0.0, 0.0, 0.0, 0.0, 0.0, 0.0, 0.0, 0.0], "5": [0.0, 0.0, 0.0, 0.0, 0.0, 0.0, 0.0, 0.0, 0.0, 0.0, 0.0, 0.0, 0.0, 0.0, 0.0, 0.0, 0.0, 0.0, 0.0, 0.0, 0.39227339227994285, 0.6356419320459719, 0.0, 0.0, 0.0, 0.0, 0.0, 0.0, 0.0, 0.0, 0.0, 0.0, 0.0, 0.0]}