{"0": [0.22687782390664019, 0.7466045812324241, 0.0, 0.0, 0.22556509251395862, 0.7381752362957708, 0.0, 0.0, 0.2148665662234028, 0.7331393124880614, 0.20173654125004825, 0.7642605956270664, 0.19187314237157505, 0.7601460181452611, 0.21918464864914616, 0.825667438407739, 0.2220475388069948, 0.8281327293978797, 0.23265898091097675, 0.7847320070973149, 0.23245537591477236, 0.7849524539929849, 0.1922803865124782, 0.8792069067557653, 0.20276312387237946, 0.8805448986865856, 0.21236445854107538, 0.9618486733348282, 0.2133990738540888, 0.9663032772364439, 0.0, 0.0, 0.0, 0.0], "1": [0.6210784668723741, 0.4784853012473495, 0.6228598223611092, 0.47476407686869304, 0.6186740709003061, 0.47270461674089786, 0.6266844942544897, 0.4714848713742362, 0.616684844593207, 0.46872185601128474, 0.6288271295527619, 0.4796309846418875, 0.6081834374616544, 0.47880895303355325, 0.6305552149812379, 0.499029748638471, 0.6013815052807331, 0.5063967578940921, 0.6330985121428967, 0.5094042870733473, 0.6026589655627806, 0.5167607428850951, 0.6151842560619116, 0.5354074471526675, 0.6046983771026134, 0.5338556318371385, 0.6072578052679698, 0.5753462101574297, 0.6015990206661324, 0.5746848443040141, 0.6077851803835937, 0.6150838053618076, 0.6075501372567312, 0.6148498347434228]}