{"0": [0.39670403289298223, 0.47520562807718914, 0.3964987312753996, 0.4707548088221638, 0.3942467276317378, 0.47061677804147756, 0.0, 0.0, 0.38596709985286, 0.47395433805606985, 0.3897982613493999, 0.500144818811505, 0.3805288205544154, 0.5010212117875064, 0.38830361266930896, 0.5554790673432527, 0.38212867056330047, 0.5579215039809545, 0.3931692161907752, 0.5945733764657268, 0.38682751891513667, 0.5950968358251784, 0.38253835961222654, 0.5815939387858465, 0.38011736993988354, 0.581021683525156, 0.38572462188700835, 0.6291054610852842, 0.38455459717661145, 0.6285871238620193, 0.38483410645276306, 0.6722799440224966, 0.38324781879782677, 0.6774207512261691], "1": [0.0, 0.0, 0.0, 0.0, 0.0, 0.0, 0.0, 0.0, 0.6589635271579027, 0.5942936945844579, 0.6279452530046304, 0.5967188870465314, 0.6455637488514185, 0.6175945006586887, 0.0, 0.0, 0.0, 0.0, 0.0, 0.0, 0.0, 0.0, 0.6118485455711683, 0.6991833122792067, 0.6310964247211814, 0.7058993351680262, 0.61610365845263, 0.7619293241589158, 0.6343822190538048, 0.7766375384948871, 0.6129781891902287, 0.817668661751129, 0.6321681374683977, 0.8569240534747088], "2": [0.0, 0.0, 0.0, 0.0, 0.0, 0.0, 0.0, 0.0, 0.0, 0.0, 0.0, 0.0, 0.0, 0.0, 0.0, 0.0, 0.0, 0.0, 0.0, 0.0, 0.6515912423531215, 0.6344539026419321, 0.0, 0.0, 0.0, 0.0, 0.0, 0.0, 0.0, 0.0, 0.0, 0.0, 0.0, 0.0], "3": [0.0, 0.0, 0.0, 0.0, 0.0, 0.0, 0.0, 0.0, 0.0, 0.0, 0.0, 0.0, 0.0, 0.0, 0.0, 0.0, 0.0, 0.0, 0.0, 0.0, 0.0, 0.0, 0.0, 0.0, 0.0, 0.0, 0.0, 0.0, 0.0, 0.0, 0.6305488685766856, 0.8591581803781015, 0.0, 0.0]}