{"0": [0.0, 0.0, 0.0, 0.0, 0.0, 0.0, 0.3723418824374676, 0.5929563634925419, 0.38824545070528976, 0.5879215789062006, 0.36852765454289815, 0.6277252612290559, 0.40219047429660965, 0.6204192565547094, 0.3641567623242736, 0.6787627634074953, 0.41536634347091117, 0.654739375964359, 0.35414359271526336, 0.7181357834074232, 0.4195763934403658, 0.6872771896697857, 0.3840723109742006, 0.7220224446168653, 0.4002458890279134, 0.7158004725420917, 0.371640324840943, 0.797873106929991, 0.3903764296943943, 0.7808119592843233, 0.3649223416112363, 0.8779974965447629, 0.39630652591586113, 0.8457074074833482], "1": [0.0, 0.0, 0.0, 0.0, 0.0, 0.0, 0.41537205372005703, 0.5358024992324688, 0.4299247018992901, 0.5354175005797986, 0.4120299555361271, 0.5711639572072912, 0.43560863332822913, 0.5665722183262308, 0.4115741233030955, 0.6046062702382052, 0.0, 0.0, 0.0, 0.0, 0.0, 0.0, 0.4218048152824243, 0.6323135800935604, 0.4352651477170487, 0.6336291021219006, 0.4090822664399941, 0.7163203340989571, 0.0, 0.0, 0.4120467991878589, 0.7603193512669316, 0.0, 0.0], "2": [0.0, 0.0, 0.0, 0.0, 0.0, 0.0, 0.0, 0.0, 0.0, 0.0, 0.0, 0.0, 0.0, 0.0, 0.0, 0.0, 0.0, 0.0, 0.0, 0.0, 0.0, 0.0, 0.0, 0.0, 0.4123634266356627, 0.6810394653567562, 0.0, 0.0, 0.4103550001978874, 0.7204178748307405, 0.0, 0.0, 0.41232201767464477, 0.7593133529682679]}