{"0": [0.45105088030298546, 0.43693727210715966, 0.45129172758509717, 0.4329953908920288, 0.44963794859747086, 0.43167513454401935, 0.0, 0.0, 0.4419647105038165, 0.4336822366824857, 0.43623056386907894, 0.4566035347956198, 0.438689729757607, 0.46051535142792593, 0.0, 0.0, 0.44399117700134716, 0.49657549836017467, 0.4517960349097848, 0.46044465126814665, 0.4545872478435437, 0.5298600446156881, 0.4341909245898326, 0.5280261432683027, 0.4382625162601471, 0.5284577867499104, 0.4413655744244655, 0.5798214568032158, 0.44299576797833046, 0.5808446087770992, 0.43707478369275726, 0.6223813829598603, 0.4348985324303309, 0.627265218010655], "1": [0.0, 0.0, 0.0, 0.0, 0.0, 0.0, 0.5141035522023837, 0.4618808739715152, 0.5226858144626021, 0.460156821542316, 0.5129072802762191, 0.48175607014585425, 0.5277399056901534, 0.4782878165995633, 0.516246913621823, 0.5100450462765164, 0.5298325349887212, 0.5072828596526826, 0.5195069515456756, 0.537165286226405, 0.0, 0.0, 0.5303884002069632, 0.5350410015494735, 0.5418582347532114, 0.5325335524700306, 0.5232626969305177, 0.5804743770096037, 0.5262986504783232, 0.5781441280135402, 0.5352448736317456, 0.6252835666139921, 0.5351847788163772, 0.6229566715381764], "2": [0.0, 0.0, 0.0, 0.0, 0.0, 0.0, 0.0, 0.0, 0.0, 0.0, 0.0, 0.0, 0.0, 0.0, 0.0, 0.0, 0.0, 0.0, 0.0, 0.0, 0.45340422093868255, 0.46140850683053336, 0.0, 0.0, 0.0, 0.0, 0.0, 0.0, 0.0, 0.0, 0.0, 0.0, 0.0, 0.0]}