{"0": [0.6784434845050177, 0.4820477050763589, 0.0, 0.0, 0.6784800600260497, 0.4769741277451868, 0.0, 0.0, 0.673552803384761, 0.47301869569001376, 0.6649824785379072, 0.4921256685698474, 0.6630349385241667, 0.4937551315183993, 0.6619857981801034, 0.5299982511886844, 0.6541690635184447, 0.5320497552553811, 0.0, 0.0, 0.6620397272209326, 0.5664044181229891, 0.6602258717951676, 0.570787693394555, 0.6583507716655731, 0.5718525449434916, 0.6539698416965481, 0.615893497780417, 0.6602215270822248, 0.625374851182655, 0.639792571713527, 0.6663999718648416, 0.6601894381145637, 0.6846077097786797], "1": [0.0, 0.0, 0.0, 0.0, 0.0, 0.0, 0.2913359994689623, 0.5785390774408976, 0.30679780468344686, 0.5722355882326762, 0.28747367846469085, 0.6172248967267849, 0.32373900978515546, 0.606411514017317, 0.2838759974886973, 0.666423589432681, 0.3352818467343847, 0.6487834605905745, 0.29452229061474405, 0.6986159160181328, 0.32573080497483414, 0.6754757031246468, 0.3018543643411249, 0.7029666348739907, 0.3216186376909415, 0.6997680400808652, 0.3121461762736241, 0.7595750079110817, 0.3217739126334588, 0.7469478011131288, 0.32125830512754444, 0.8111579201874358, 0.3239167188604673, 0.7811090558491371], "2": [0.0, 0.0, 0.0, 0.0, 0.0, 0.0, 0.0, 0.0, 0.0, 0.0, 0.0, 0.0, 0.0, 0.0, 0.0, 0.0, 0.0, 0.0, 0.0, 0.0, 0.0, 0.0, 0.0, 0.0, 0.0, 0.0, 0.0, 0.0, 0.0, 0.0, 0.6606828710685174, 0.6841065296420344, 0.0, 0.0], "3": [0.0, 0.0, 0.0, 0.0, 0.0, 0.0, 0.0, 0.0, 0.0, 0.0, 0.0, 0.0, 0.0, 0.0, 0.0, 0.0, 0.0, 0.0, 0.0, 0.0, 0.0, 0.0, 0.0, 0.0, 0.0, 0.0, 0.0, 0.0, 0.0, 0.0, 0.0, 0.0, 0.3236854109292229, 0.8299863325224982], "4": [0.0, 0.0, 0.0, 0.0, 0.0, 0.0, 0.0, 0.0, 0.0, 0.0, 0.0, 0.0, 0.0, 0.0, 0.0, 0.0, 0.0, 0.0, 0.0, 0.0, 0.0, 0.0, 0.0, 0.0, 0.0, 0.0, 0.0, 0.0, 0.0, 0.0, 0.0, 0.0, 0.6397107577339436, 0.6661432043269829]}