{"0": [0.6092688476045928, 0.4159034188146945, 0.6106831893945733, 0.4105303104828905, 0.6067473369340102, 0.4129951070856165, 0.6142918327202399, 0.4079781205565841, 0.6037628125399351, 0.4154152896669176, 0.6236660841852426, 0.4255914852850967, 0.6057151729241014, 0.43182640627578456, 0.6344581720729668, 0.4482872741503848, 0.603608954573671, 0.45984151363372805, 0.6345314907530943, 0.4783537307271251, 0.599633560081323, 0.4818504673463327, 0.6235606045772631, 0.48918215058468006, 0.6118879279742638, 0.4905677166250017, 0.6207083668559791, 0.5339319482997612, 0.6129742162923019, 0.5336361860787427, 0.6244353603571653, 0.5795613562619244, 0.6179010766247909, 0.5764519071137464], "1": [0.0, 0.0, 0.0, 0.0, 0.0, 0.0, 0.560473308324193, 0.429280126536334, 0.5710318786402543, 0.4329546157684591, 0.5496633946895599, 0.44827302730193846, 0.5738574992244442, 0.44958991595992337, 0.5424350760877132, 0.475486695766449, 0.5763220335046451, 0.47583554144258855, 0.5470720209181309, 0.5042418592505985, 0.5767143585098287, 0.49537349343299864, 0.5529794132957856, 0.5057112106570492, 0.5670936497549216, 0.5032697790198856, 0.5539629890273015, 0.542354095865179, 0.5685455379852404, 0.5419436249468061, 0.551288302676349, 0.5819979346766816, 0.5598733701432744, 0.5695619309390033]}