{"0": [0.6288898965964715, 0.4787723008129332, 0.6299219133953253, 0.4729130259266606, 0.6277804842218757, 0.4755316197872162, 0.6369500778615474, 0.4696283008765291, 0.0, 0.0, 0.6505754421154658, 0.4907629100260911, 0.6334609252711138, 0.4917751411596934, 0.6601759842752168, 0.5246368805567424, 0.6291704061130683, 0.5207416421837276, 0.6535777803510427, 0.5579495555824704, 0.6219068561991056, 0.5452955173121559, 0.6544427229712407, 0.5613649041564376, 0.6417480740696192, 0.5592420940235671, 0.6539887933681409, 0.6169666729591512, 0.6330601930618286, 0.6102774046637394, 0.6516042601317167, 0.6679660437283691, 0.628364983201027, 0.6576553870130467], "1": [0.2535983451952537, 0.5825171449670086, 0.255461392365396, 0.5780525538656447, 0.0, 0.0, 0.26370199794570603, 0.5811089850962162, 0.0, 0.0, 0.2721365268031756, 0.6206864323880937, 0.26278347604193464, 0.5986256186900969, 0.26816606397430104, 0.6558522451531004, 0.23442404437810183, 0.585265572865804, 0.24777817741657293, 0.6827280042348085, 0.2114493355154991, 0.5818245864852711, 0.27284900766486925, 0.6993884865884428, 0.2766665313975759, 0.6952959597608154, 0.2721909812341134, 0.7688010456385436, 0.27595466847221056, 0.7666745727907658, 0.26945507507771255, 0.8423321515321731, 0.2695996324221293, 0.8421395710221043], "2": [0.0, 0.0, 0.0, 0.0, 0.0, 0.0, 0.0, 0.0, 0.0, 0.0, 0.0, 0.0, 0.0, 0.0, 0.0, 0.0, 0.0, 0.0, 0.0, 0.0, 0.0, 0.0, 0.0, 0.0, 0.0, 0.0, 0.0, 0.0, 0.0, 0.0, 0.3011305988455812, 0.7991257128892122, 0.0, 0.0], "3": [0.0, 0.0, 0.0, 0.0, 0.0, 0.0, 0.0, 0.0, 0.0, 0.0, 0.0, 0.0, 0.0, 0.0, 0.0, 0.0, 0.0, 0.0, 0.0, 0.0, 0.0, 0.0, 0.0, 0.0, 0.0, 0.0, 0.0, 0.0, 0.0, 0.0, 0.0, 0.0, 0.30042559777696926, 0.7993300939047778]}