{"0": [0.5958733742435773, 0.5186100178294711, 0.0, 0.0, 0.59597829580307, 0.5156187021070057, 0.5860486263409257, 0.507144994288683, 0.5947349222376943, 0.5152813420251564, 0.5749193470925092, 0.5119682894812689, 0.5928260823090871, 0.531671948565377, 0.5596608821923534, 0.5211415358163692, 0.5930617100248734, 0.5558817205605684, 0.559737773053348, 0.5303696147821567, 0.0, 0.0, 0.5576509768764178, 0.5530917162144625, 0.5733941615869601, 0.5598060354590416, 0.5504013878603776, 0.5785351943086696, 0.5864417624970277, 0.5516754672897083, 0.5418655724575122, 0.6036558217955408, 0.5794494191805521, 0.5871832072734834], "1": [0.0, 0.0, 0.0, 0.0, 0.0, 0.0, 0.420236690963308, 0.5357793132464092, 0.43321316651999947, 0.5374820228252146, 0.4111638336752852, 0.5621394000671528, 0.43780122573177027, 0.5693114382249339, 0.3988764531910419, 0.5920558902952406, 0.4490849837660789, 0.6119095225025106, 0.38983971780786913, 0.6242920543308611, 0.4588402210424344, 0.6445824565710846, 0.4091993447393179, 0.636767194668452, 0.4271059156996974, 0.6371543725331624, 0.0, 0.0, 0.4466779726246993, 0.6531734398117772, 0.409792095873531, 0.69407420822696, 0.45632342384196817, 0.6998696604536639], "2": [0.0, 0.0, 0.0, 0.0, 0.0, 0.0, 0.0, 0.0, 0.0, 0.0, 0.0, 0.0, 0.0, 0.0, 0.0, 0.0, 0.0, 0.0, 0.0, 0.0, 0.593157077083985, 0.5580456674098968, 0.0, 0.0, 0.0, 0.0, 0.0, 0.0, 0.0, 0.0, 0.0, 0.0, 0.0, 0.0], "3": [0.0, 0.0, 0.0, 0.0, 0.0, 0.0, 0.0, 0.0, 0.0, 0.0, 0.0, 0.0, 0.0, 0.0, 0.0, 0.0, 0.0, 0.0, 0.0, 0.0, 0.0, 0.0, 0.0, 0.0, 0.0, 0.0, 0.4090469051152468, 0.6610711748953219, 0.0, 0.0, 0.0, 0.0, 0.0, 0.0], "4": [0.0, 0.0, 0.0, 0.0, 0.0, 0.0, 0.0, 0.0, 0.0, 0.0, 0.0, 0.0, 0.0, 0.0, 0.0, 0.0, 0.0, 0.0, 0.0, 0.0, 0.0, 0.0, 0.0, 0.0, 0.0, 0.0, 0.0, 0.0, 0.0, 0.0, 0.0, 0.0, 0.4331501508752505, 0.6647871265808741]}