{"0": [0.0, 0.0, 0.0, 0.0, 0.0, 0.0, 0.3524489865017434, 0.572251002104194, 0.3680517453079422, 0.5703225579526691, 0.3494801270465056, 0.6138025405230345, 0.37607105591644846, 0.6016336260018526, 0.3302637941514453, 0.6530733717812433, 0.0, 0.0, 0.31301881360510986, 0.6784923882396133, 0.0, 0.0, 0.3586042186866204, 0.6983429776297675, 0.3797298580408096, 0.6927230740310969, 0.3364041206737359, 0.7365015305302761, 0.39077429647247003, 0.7478688984005539, 0.3396165684447624, 0.8136509268372147, 0.4195809230829279, 0.8037248998638933], "1": [0.0, 0.0, 0.0, 0.0, 0.0, 0.0, 0.5553113972147306, 0.4694266437380402, 0.565424118625621, 0.4660644169206972, 0.5546100007990996, 0.5000063328969258, 0.5717864910761515, 0.4862869121410229, 0.5611644982049863, 0.5314124013538714, 0.5872609396775563, 0.49012164959201104, 0.5659402060012023, 0.566658148204011, 0.5981093152736624, 0.48901534544097053, 0.5733298184350133, 0.5635824934200004, 0.580979185582449, 0.5604784068134095, 0.5567226132377983, 0.6073779640374359, 0.5758580598980187, 0.6094481203291151, 0.5778663260241349, 0.6562605257939409, 0.5800715030481418, 0.6558456717265977], "2": [0.0, 0.0, 0.0, 0.0, 0.0, 0.0, 0.0, 0.0, 0.0, 0.0, 0.0, 0.0, 0.0, 0.0, 0.0, 0.0, 0.5641883115284145, 0.5349796180371885, 0.0, 0.0, 0.5656682287653287, 0.565795193667765, 0.0, 0.0, 0.0, 0.0, 0.0, 0.0, 0.0, 0.0, 0.0, 0.0, 0.0, 0.0], "3": [0.0, 0.0, 0.0, 0.0, 0.0, 0.0, 0.0, 0.0, 0.0, 0.0, 0.0, 0.0, 0.0, 0.0, 0.0, 0.0, 0.0, 0.0, 0.5968127192308506, 0.4873832590050168, 0.0, 0.0, 0.0, 0.0, 0.0, 0.0, 0.0, 0.0, 0.0, 0.0, 0.0, 0.0, 0.0, 0.0], "4": [0.0, 0.0, 0.0, 0.0, 0.0, 0.0, 0.0, 0.0, 0.0, 0.0, 0.0, 0.0, 0.0, 0.0, 0.0, 0.0, 0.0, 0.0, 0.0, 0.0, 0.0, 0.0, 0.0, 0.0, 0.0, 0.0, 0.5756363878647487, 0.6100973438333582, 0.5578191813081503, 0.6071685020570402, 0.0, 0.0, 0.0, 0.0], "5": [0.0, 0.0, 0.0, 0.0, 0.0, 0.0, 0.0, 0.0, 0.0, 0.0, 0.0, 0.0, 0.0, 0.0, 0.0, 0.0, 0.0, 0.0, 0.0, 0.0, 0.0, 0.0, 0.0, 0.0, 0.0, 0.0, 0.0, 0.0, 0.0, 0.0, 0.419987379014492, 0.8036672379373123, 0.0, 0.0]}