{"0": [0.4031651406238476, 0.48603965121286885, 0.4037628699094057, 0.4816479338539971, 0.40195444363635036, 0.4817803842050058, 0.0, 0.0, 0.39540883240600433, 0.4802716257395568, 0.39407211150974036, 0.5011437285829473, 0.3860317811990778, 0.5013064349139178, 0.40032676657040916, 0.5277297545362402, 0.3879936867703994, 0.5321195357375674, 0.4147312010638416, 0.5388102625255231, 0.0, 0.0, 0.3847577075784405, 0.561626089281506, 0.374131674071153, 0.559421385590125, 0.39756154355903467, 0.6004567874802484, 0.3688353194544713, 0.6280326975716485, 0.398972071458896, 0.6561652534537845, 0.3467168749620517, 0.6655806872579787], "1": [0.0, 0.0, 0.0, 0.0, 0.0, 0.0, 0.5448756692310174, 0.5369378878286591, 0.56001627969866, 0.5386896195235076, 0.5347362119083603, 0.5674071822453428, 0.5676452086617549, 0.5764674281632459, 0.5247828722000122, 0.5998516541940194, 0.5771431727218441, 0.6136866796899725, 0.5211458782354991, 0.6230249921480814, 0.5893438882970562, 0.61640985166585, 0.5396067223511636, 0.6623369858772666, 0.561128990786771, 0.6618501325448353, 0.5346084643155337, 0.7165321522288852, 0.5798280103753011, 0.7008328887599485, 0.5243325201173624, 0.7724292496840159, 0.5844282492995262, 0.7688159812379767]}