{"0": [0.0, 0.0, 0.0, 0.0, 0.0, 0.0, 0.4518943498376757, 0.5067561526541356, 0.46771304924041035, 0.5046196493837568, 0.44704250742991763, 0.5396646519502004, 0.47968591526150706, 0.5356465106761014, 0.4485839863618215, 0.5749472217979255, 0.48489794675260783, 0.5815719812004654, 0.0, 0.0, 0.4865055851638317, 0.6137093680876272, 0.45848389503856496, 0.6230125089486439, 0.4770125023555011, 0.6208807124031914, 0.45948209147900343, 0.6753583115560037, 0.4793911340336005, 0.6684337013297611, 0.46250396594405174, 0.7325779528529556, 0.4868411909788847, 0.7224599356452625], "1": [0.0, 0.0, 0.0, 0.0, 0.0, 0.0, 0.47895095472534494, 0.397093734200354, 0.48934611440636216, 0.3978218052122328, 0.4729217182243398, 0.42238825956980386, 0.493835335636201, 0.4244787679778205, 0.4686167560983449, 0.4523763219515482, 0.4973308491210142, 0.45588240066060315, 0.0, 0.0, 0.5021157131025878, 0.4780653239676246, 0.47457228700319926, 0.4843053495442426, 0.48843999281525613, 0.4842314318374351, 0.4812681215136157, 0.5246732998777319, 0.49483486923078696, 0.521915259267445, 0.4879502132534981, 0.5645511543309247, 0.4977545853704214, 0.5686587697929806]}