{"0": [0.0, 0.0, 0.0, 0.0, 0.0, 0.0, 0.4022326850177099, 0.5474889070899398, 0.4171414870768785, 0.5471467753251394, 0.39282098654657605, 0.5810433965866213, 0.42825602106750005, 0.5774954963613439, 0.38931153531496726, 0.6273556953227079, 0.43925617119918264, 0.613375163299066, 0.39353268754978976, 0.684347074009754, 0.44228757011393705, 0.6286462505658469, 0.4027474762871861, 0.6748105046925721, 0.42441009742518265, 0.6704151675588003, 0.41347361182173087, 0.7387151119885621, 0.4406065568327904, 0.7132831395776185, 0.4197222175076603, 0.7758227784324574, 0.4486781982704997, 0.7815605634064586], "1": [0.0, 0.0, 0.0, 0.0, 0.0, 0.0, 0.3551433385660251, 0.5582992449954703, 0.36964662143339716, 0.5518429179813851, 0.3651019172432522, 0.5925458479810644, 0.3822276591633757, 0.5818832481073009, 0.37060279995203016, 0.6346706364993696, 0.0, 0.0, 0.3499909874051809, 0.6411106325961925, 0.0, 0.0, 0.38263103117545444, 0.6638552688338138, 0.38567582171720766, 0.6594188049987509, 0.35981596043954295, 0.7024024574844926, 0.3950363838424285, 0.7267950064606137, 0.3510057542473078, 0.7690308224271845, 0.0, 0.0], "2": [0.0, 0.0, 0.0, 0.0, 0.0, 0.0, 0.0, 0.0, 0.0, 0.0, 0.0, 0.0, 0.36334796796242397, 0.5930100979628387, 0.0, 0.0, 0.3659692578017711, 0.627973743059017, 0.0, 0.0, 0.3543650653213263, 0.6319683999926956, 0.0, 0.0, 0.0, 0.0, 0.0, 0.0, 0.0, 0.0, 0.0, 0.0, 0.0, 0.0], "3": [0.0, 0.0, 0.0, 0.0, 0.0, 0.0, 0.0, 0.0, 0.0, 0.0, 0.0, 0.0, 0.0, 0.0, 0.0, 0.0, 0.0, 0.0, 0.0, 0.0, 0.0, 0.0, 0.0, 0.0, 0.0, 0.0, 0.39728284602363906, 0.7280771872511617, 0.36006469558924437, 0.7001799010844142, 0.0, 0.0, 0.3517043908437093, 0.766805596884202], "4": [0.0, 0.0, 0.0, 0.0, 0.0, 0.0, 0.0, 0.0, 0.0, 0.0, 0.0, 0.0, 0.0, 0.0, 0.0, 0.0, 0.0, 0.0, 0.0, 0.0, 0.0, 0.0, 0.0, 0.0, 0.0, 0.0, 0.0, 0.0, 0.4159301072359085, 0.7291091088895445, 0.0, 0.0, 0.0, 0.0]}