{"0": [0.2986577900747458, 0.6680305858453116, 0.299070459852616, 0.6634066186845302, 0.0, 0.0, 0.30667809297641113, 0.6586662120289273, 0.0, 0.0, 0.3317677865736187, 0.6813699311680264, 0.31082103631148733, 0.68636888022776, 0.0, 0.0, 0.3030523289615909, 0.7243945296163911, 0.32539291282494864, 0.7599777233269479, 0.28874267674982546, 0.7550197636639631, 0.34955458864569666, 0.7313411657456999, 0.33524706332633886, 0.7306602565226732, 0.31693538315594194, 0.7685049562542527, 0.3102103162712107, 0.7696119368076325, 0.30250022299587725, 0.8454627906834639, 0.30243601053953173, 0.8440079788366954], "1": [0.0, 0.0, 0.0, 0.0, 0.0, 0.0, 0.4428797613208493, 0.5648776210016675, 0.45779859522978467, 0.563918752361227, 0.43696765030423806, 0.5970636127171693, 0.4703434710701307, 0.5954219884894513, 0.4252315955857436, 0.6389975516884415, 0.4817609170762201, 0.634595071055271, 0.41660432964563365, 0.6643526099346302, 0.48631363833943997, 0.666632667294255, 0.44568299340705075, 0.6805758692600108, 0.4659761133293311, 0.6844426071754208, 0.4267192427068949, 0.7146012655976746, 0.47959883995354174, 0.7148193716088793, 0.4070279548565547, 0.776445178190867, 0.49415396821374696, 0.7683664448835231], "2": [0.0, 0.0, 0.0, 0.0, 0.0, 0.0, 0.0, 0.0, 0.0, 0.0, 0.0, 0.0, 0.0, 0.0, 0.0, 0.0, 0.0, 0.0, 0.0, 0.0, 0.0, 0.0, 0.0, 0.0, 0.0, 0.0, 0.0, 0.0, 0.0, 0.0, 0.3426214210689068, 0.7778563989533318, 0.0, 0.0], "3": [0.0, 0.0, 0.0, 0.0, 0.0, 0.0, 0.0, 0.0, 0.0, 0.0, 0.0, 0.0, 0.0, 0.0, 0.0, 0.0, 0.0, 0.0, 0.0, 0.0, 0.0, 0.0, 0.0, 0.0, 0.0, 0.0, 0.0, 0.0, 0.0, 0.0, 0.0, 0.0, 0.34137466525038085, 0.7767812878997238]}