{"0": [0.5669930674135685, 0.4762008590830697, 0.5676455688973268, 0.47229831307022657, 0.0, 0.0, 0.570756429930528, 0.472245951935097, 0.0, 0.0, 0.5829654258986314, 0.4943386130862766, 0.5796022490908702, 0.49216378411209144, 0.5882334267099698, 0.5441603351246428, 0.5716925334185362, 0.5264245368816235, 0.579841042558352, 0.5786157259234675, 0.5597515154629946, 0.548769337159616, 0.5946567488834261, 0.5653080783508442, 0.6002738958845536, 0.5602465978375187, 0.5909466511259477, 0.6218442647545426, 0.0, 0.0, 0.619271329169472, 0.6493551637287494, 0.5842536335190137, 0.6597549403155292], "1": [0.0, 0.0, 0.0, 0.0, 0.0, 0.0, 0.383428826679786, 0.5775213131198176, 0.4007643613964319, 0.5772774480007313, 0.38020435012876985, 0.6229198239467764, 0.41127604761471354, 0.6113426400555505, 0.3611429998651146, 0.6577455147548958, 0.0, 0.0, 0.34019666997094944, 0.6817827410168118, 0.0, 0.0, 0.3908886929353078, 0.7076836669058711, 0.4110423114771644, 0.7066257681007738, 0.36582386034230385, 0.7585330273818087, 0.4144641547308614, 0.7604754326520142, 0.3462681139508883, 0.8201502699542929, 0.431949551589787, 0.810463659354934], "2": [0.0, 0.0, 0.0, 0.0, 0.0, 0.0, 0.0, 0.0, 0.0, 0.0, 0.0, 0.0, 0.0, 0.0, 0.0, 0.0, 0.0, 0.0, 0.5586932249367237, 0.5492895020378961, 0.0, 0.0, 0.0, 0.0, 0.0, 0.0, 0.0, 0.0, 0.0, 0.0, 0.0, 0.0, 0.0, 0.0], "3": [0.0, 0.0, 0.0, 0.0, 0.0, 0.0, 0.0, 0.0, 0.0, 0.0, 0.0, 0.0, 0.0, 0.0, 0.0, 0.0, 0.0, 0.0, 0.0, 0.0, 0.0, 0.0, 0.0, 0.0, 0.0, 0.0, 0.0, 0.0, 0.5896412849309854, 0.6194615609116024, 0.0, 0.0, 0.6188741405804952, 0.6484492591685719], "4": [0.0, 0.0, 0.0, 0.0, 0.0, 0.0, 0.0, 0.0, 0.0, 0.0, 0.0, 0.0, 0.0, 0.0, 0.0, 0.0, 0.0, 0.0, 0.0, 0.0, 0.0, 0.0, 0.0, 0.0, 0.0, 0.0, 0.0, 0.0, 0.0, 0.0, 0.5837143092105787, 0.6621519187534297, 0.0, 0.0]}