{"0": [0.5715139381587505, 0.5447418987199112, 0.0, 0.0, 0.5704648653666179, 0.539433953055629, 0.5528379211202263, 0.537475951153923, 0.5655381490165988, 0.5418635059286047, 0.5408286023885012, 0.5566203391110456, 0.5608588459901511, 0.5773629437994074, 0.5248529568314553, 0.5850541313489277, 0.5651113444939255, 0.62855136902244, 0.0, 0.0, 0.5793303750455379, 0.6423142673792661, 0.5257698761920133, 0.6460790718043291, 0.5438040699266519, 0.6548197182792205, 0.5131886180490255, 0.7001642580385561, 0.5495908954491218, 0.7068985734272887, 0.4959923192858696, 0.7585725334507448, 0.5500580073644717, 0.7626352831169411], "1": [0.0, 0.0, 0.0, 0.0, 0.0, 0.0, 0.6794809999565283, 0.6019472284449472, 0.6927846111978094, 0.6068378170331319, 0.6669569119811058, 0.6269335266616609, 0.6913411426047485, 0.628908058449074, 0.6534556706746419, 0.6578616115781996, 0.6912419619659583, 0.659679834930985, 0.6541793338954449, 0.6880533832090873, 0.6965437017381191, 0.6859527794299303, 0.6519139669214685, 0.7027026308907401, 0.6589611771206061, 0.7055016539714953, 0.6607361374733348, 0.7615677837972288, 0.6857242536420624, 0.7642448515803726, 0.6314363013332088, 0.7960763410285667, 0.6931274267534414, 0.8343777103556527], "2": [0.0, 0.0, 0.0, 0.0, 0.0, 0.0, 0.0, 0.0, 0.0, 0.0, 0.0, 0.0, 0.0, 0.0, 0.0, 0.0, 0.653808002670606, 0.6584407854963232, 0.0, 0.0, 0.0, 0.0, 0.0, 0.0, 0.0, 0.0, 0.0, 0.0, 0.0, 0.0, 0.0, 0.0, 0.0, 0.0], "3": [0.0, 0.0, 0.0, 0.0, 0.0, 0.0, 0.0, 0.0, 0.0, 0.0, 0.0, 0.0, 0.0, 0.0, 0.0, 0.0, 0.0, 0.0, 0.6956637683014075, 0.6878231189869068, 0.0, 0.0, 0.0, 0.0, 0.0, 0.0, 0.0, 0.0, 0.0, 0.0, 0.0, 0.0, 0.0, 0.0], "4": [0.0, 0.0, 0.0, 0.0, 0.0, 0.0, 0.0, 0.0, 0.0, 0.0, 0.0, 0.0, 0.0, 0.0, 0.0, 0.0, 0.0, 0.0, 0.0, 0.0, 0.6568332950274149, 0.6910746247680098, 0.0, 0.0, 0.0, 0.0, 0.0, 0.0, 0.0, 0.0, 0.0, 0.0, 0.0, 0.0], "5": [0.0, 0.0, 0.0, 0.0, 0.0, 0.0, 0.0, 0.0, 0.0, 0.0, 0.0, 0.0, 0.0, 0.0, 0.0, 0.0, 0.0, 0.0, 0.0, 0.0, 0.0, 0.0, 0.0, 0.0, 0.0, 0.0, 0.0, 0.0, 0.6596076680347324, 0.7613611431033523, 0.0, 0.0, 0.6313053169093715, 0.795862498299943]}