{"0": [0.0, 0.0, 0.0, 0.0, 0.0, 0.0, 0.6519982146332041, 0.5485228247112698, 0.665572451117138, 0.5510678831073973, 0.6418603242685398, 0.5787839931470377, 0.6712088856846095, 0.5810304032707656, 0.6278144507358472, 0.6160611755318112, 0.6755081466088693, 0.6245562839287299, 0.6369774427264928, 0.6380341079499986, 0.6873466176291309, 0.6655607338304873, 0.6425451091180245, 0.6626773183544477, 0.6611191621050239, 0.6611352809049464, 0.6704141055544217, 0.7029830389552646, 0.6852593276184051, 0.7053628813337397, 0.6738671542455753, 0.7477862503793504, 0.671700763826569, 0.7686702761385176], "1": [0.0, 0.0, 0.0, 0.0, 0.0, 0.0, 0.48987069598709543, 0.5254211794447016, 0.504417163381974, 0.5267360457667598, 0.48048961255699396, 0.5567320812631538, 0.5095657125115395, 0.5632449075027749, 0.46512431421627604, 0.5896851011448436, 0.5196400962149104, 0.6004688569792995, 0.45687280551840864, 0.616471321494491, 0.5225566935104629, 0.6255165479525372, 0.480437714792788, 0.636054973690598, 0.49864091612398626, 0.6357997541074399, 0.46366528104990723, 0.6800030911410296, 0.5197492372244596, 0.6719626588953866, 0.44756474802270524, 0.7202221941064906, 0.5243849612772464, 0.7443945714720972]}