{"0": [0.2020735732425237, 0.7349284258153703, 0.20564275936534007, 0.7288444136579831, 0.0, 0.0, 0.2180336112777392, 0.7367581017315388, 0.0, 0.0, 0.22042922886709368, 0.7962850835700347, 0.21104465412585674, 0.7610863160068351, 0.22373534565170602, 0.8629840421335152, 0.18513568378984932, 0.7493192308478885, 0.1991689498225848, 0.8783097148493484, 0.14943601104120413, 0.7454280770487256, 0.22722358421112102, 0.9002429213788775, 0.23560084169730544, 0.8968372280950899, 0.0, 0.0, 0.21842405221735434, 0.9670594687263171, 0.0, 0.0, 0.0, 0.0], "1": [0.0, 0.0, 0.0, 0.0, 0.0, 0.0, 0.7439925469458103, 0.5464303219759906, 0.7597217830518882, 0.5505333835328067, 0.7307357620447874, 0.5725718553419467, 0.7632593184709549, 0.5905004017882878, 0.715738216911753, 0.609765996756377, 0.768231307901442, 0.633730017228259, 0.7256903094549974, 0.6272184934880999, 0.7635480524351199, 0.6559348051470739, 0.7277869530643026, 0.6607137033232935, 0.7475174288265407, 0.6648124020408701, 0.7266419741945962, 0.7175939149326749, 0.7458400895198187, 0.7259310294080663, 0.7243453403313954, 0.774839327843101, 0.7418955650180579, 0.7842369265026516], "2": [0.0, 0.0, 0.0, 0.0, 0.0, 0.0, 0.0, 0.0, 0.0, 0.0, 0.0, 0.0, 0.0, 0.0, 0.0, 0.0, 0.0, 0.0, 0.0, 0.0, 0.0, 0.0, 0.0, 0.0, 0.0, 0.0, 0.2192595339069764, 0.9695685505867004, 0.0, 0.0, 0.0, 0.0, 0.0, 0.0], "3": [0.0, 0.0, 0.0, 0.0, 0.0, 0.0, 0.0, 0.0, 0.0, 0.0, 0.0, 0.0, 0.0, 0.0, 0.0, 0.0, 0.0, 0.0, 0.0, 0.0, 0.0, 0.0, 0.0, 0.0, 0.0, 0.0, 0.0, 0.0, 0.0, 0.0, 0.24983302280306816, 0.988417883934798, 0.0, 0.0], "4": [0.0, 0.0, 0.0, 0.0, 0.0, 0.0, 0.0, 0.0, 0.0, 0.0, 0.0, 0.0, 0.0, 0.0, 0.0, 0.0, 0.0, 0.0, 0.0, 0.0, 0.0, 0.0, 0.0, 0.0, 0.0, 0.0, 0.0, 0.0, 0.0, 0.0, 0.0, 0.0, 0.24960622290770212, 0.9883640571876808]}