{"0": [0.37565876096487044, 0.5093373413439151, 0.37622080085178217, 0.5038048245288708, 0.37276916202778615, 0.5039523332207291, 0.3773685949233671, 0.5017228242423799, 0.36471327492035926, 0.5051418255876612, 0.38194963882366817, 0.5187310814857482, 0.35256253387778996, 0.5266869017371425, 0.40017347534497577, 0.5161822173330519, 0.3416034969190756, 0.557633892805488, 0.41618574696282545, 0.5192279219627379, 0.34994195128480593, 0.5554716163211398, 0.36609875907500583, 0.5951281328996022, 0.3487544524172942, 0.597101800971561, 0.38144462623943887, 0.6281817557635132, 0.3389195140451193, 0.6472698152617172, 0.3904996946454048, 0.686393478733522, 0.32057771645486355, 0.6946896998970596], "1": [0.0, 0.0, 0.0, 0.0, 0.0, 0.0, 0.6206104305883249, 0.5569520910580952, 0.6354234614710246, 0.5587077860479002, 0.609102393190066, 0.5929020345211029, 0.6420249285797278, 0.5991537080870735, 0.5949837196618318, 0.6398286939771087, 0.6561205102751653, 0.6385593875690743, 0.591651260231932, 0.6448331581221686, 0.6648286158684641, 0.6673774295383029, 0.610682048741728, 0.680172433455785, 0.6298125464469194, 0.6858814292483859, 0.6074651370445887, 0.7372303734498995, 0.6199450515210629, 0.7584819799772016, 0.6059090650329987, 0.7812506780166317, 0.6121080587307612, 0.8229533230816877], "2": [0.0, 0.0, 0.0, 0.0, 0.0, 0.0, 0.0, 0.0, 0.0, 0.0, 0.0, 0.0, 0.0, 0.0, 0.0, 0.0, 0.0, 0.0, 0.0, 0.0, 0.0, 0.0, 0.0, 0.0, 0.0, 0.0, 0.0, 0.0, 0.0, 0.0, 0.6121673374126355, 0.8235368110515453, 0.0, 0.0], "3": [0.0, 0.0, 0.0, 0.0, 0.0, 0.0, 0.0, 0.0, 0.0, 0.0, 0.0, 0.0, 0.0, 0.0, 0.0, 0.0, 0.0, 0.0, 0.0, 0.0, 0.0, 0.0, 0.0, 0.0, 0.0, 0.0, 0.0, 0.0, 0.0, 0.0, 0.0, 0.0, 0.6089495507379373, 0.7822358732422194]}