{"0": [0.4534794822335243, 0.4292268753051758, 0.4545046098530292, 0.42459133951752276, 0.45097429876526196, 0.42485677114239445, 0.0, 0.0, 0.44497748725116254, 0.4239738413581142, 0.4532082801063855, 0.44339161647690667, 0.439136536916097, 0.44537795980771383, 0.45470108799636366, 0.4741076471628966, 0.4320030763124426, 0.4757803225958789, 0.46233130991458893, 0.4940937546668229, 0.4459101542830467, 0.49508860177463965, 0.45186545662581923, 0.5076662062494843, 0.4413881736497084, 0.508442171856209, 0.4561138377059251, 0.5518354786128772, 0.4432415440057715, 0.5548539444252297, 0.45752344280481333, 0.5954633811557735, 0.42994680007298786, 0.5884780237244235], "1": [0.0, 0.0, 0.0, 0.0, 0.0, 0.0, 0.5241610762973626, 0.3745750160680877, 0.5341525162259738, 0.3785845363581622, 0.5161925370494524, 0.39000406254220893, 0.5346683642516533, 0.3990207665496403, 0.5054666286334395, 0.41306900889785203, 0.5393357446572433, 0.42943723422509655, 0.5015548187618454, 0.43625525898403594, 0.5424485534429551, 0.4482947491661266, 0.5129601745555799, 0.4475278291989256, 0.5227705070128044, 0.4508047201015331, 0.5121673771490654, 0.48515782819853887, 0.5131080972651642, 0.4841274684226071, 0.4965328599015872, 0.5223344184044335, 0.49649404771625993, 0.521990647525699], "2": [0.0, 0.0, 0.0, 0.0, 0.0, 0.0, 0.0, 0.0, 0.0, 0.0, 0.0, 0.0, 0.0, 0.0, 0.0, 0.0, 0.0, 0.0, 0.0, 0.0, 0.0, 0.0, 0.0, 0.0, 0.0, 0.0, 0.0, 0.0, 0.0, 0.0, 0.5187832866523726, 0.5024666832553015, 0.0, 0.0], "3": [0.0, 0.0, 0.0, 0.0, 0.0, 0.0, 0.0, 0.0, 0.0, 0.0, 0.0, 0.0, 0.0, 0.0, 0.0, 0.0, 0.0, 0.0, 0.0, 0.0, 0.0, 0.0, 0.0, 0.0, 0.0, 0.0, 0.0, 0.0, 0.0, 0.0, 0.0, 0.0, 0.5193902086466551, 0.5024359634629002]}