{"0": [0.0, 0.0, 0.0, 0.0, 0.0, 0.0, 0.38764257207512853, 0.45160866181055703, 0.4003044518331686, 0.44764083524545034, 0.38412703238427637, 0.4744356791178385, 0.4103222068243971, 0.47168707218435074, 0.0, 0.0, 0.4196035884320735, 0.5040017044102703, 0.39131301169594124, 0.5598582950455171, 0.4241261708239714, 0.5310808374925897, 0.40031380504369735, 0.5402831806076898, 0.4142890313329796, 0.5366833991474576, 0.39924870195488144, 0.5680579962553801, 0.41354019468029335, 0.5759717830905209, 0.0, 0.0, 0.4208002390960852, 0.6141191672395777], "1": [0.0, 0.0, 0.0, 0.0, 0.0, 0.0, 0.37417078961928685, 0.4919412058260706, 0.38533855384060495, 0.49253558022901417, 0.37729187893370786, 0.5233194883222934, 0.3925231362382571, 0.5189358296217742, 0.37314241227383416, 0.565604607043443, 0.3968422138442596, 0.5610039002365537, 0.35785520896315576, 0.5939384405259733, 0.0, 0.0, 0.38462818643699087, 0.5989184790187412, 0.39691443704068663, 0.5954000526556262, 0.38370236183206247, 0.6599461330307855, 0.3896248837195648, 0.6567542981218408, 0.3917465471195936, 0.7215592724300215, 0.39213483622988904, 0.7153116887568313], "2": [0.0, 0.0, 0.0, 0.0, 0.0, 0.0, 0.0, 0.0, 0.0, 0.0, 0.0, 0.0, 0.0, 0.0, 0.0, 0.0, 0.0, 0.0, 0.0, 0.0, 0.35833506981531776, 0.5943280502601906, 0.0, 0.0, 0.0, 0.0, 0.0, 0.0, 0.0, 0.0, 0.0, 0.0, 0.0, 0.0]}