{"0": [0.7037210706621408, 0.5087086064947977, 0.7061807446569826, 0.5032465555049755, 0.7009665297965207, 0.5032540089554256, 0.7099201848730445, 0.5012264211972555, 0.6956656536708276, 0.5007950458813597, 0.713958007718126, 0.5234061450869948, 0.6889257963746787, 0.5246333645449744, 0.717833166817824, 0.5564437501960332, 0.67519158522288, 0.5530170765188005, 0.7232469955459238, 0.5888110659326669, 0.6721871185426911, 0.5881386143741785, 0.7028039203335842, 0.6018837525888726, 0.6885949912170569, 0.6013057265016768, 0.7003983919819198, 0.6580100326626389, 0.6963078401982784, 0.6588958206000152, 0.6939328814391047, 0.7120095637109545, 0.6819468033348617, 0.7008342182076261], "1": [0.2714439556002617, 0.6038524102281642, 0.2714717355867227, 0.5975192967388365, 0.0, 0.0, 0.27788952415188156, 0.5941389432659856, 0.0, 0.0, 0.2838163743416468, 0.6307960075360758, 0.3032737365613381, 0.614234283235338, 0.2864047959446907, 0.6875666262926878, 0.3182072554404537, 0.6484781045328688, 0.27117951748271785, 0.7351596048584691, 0.3312402483211675, 0.6795844902594884, 0.2965349498390822, 0.7179129152984278, 0.310272606757159, 0.7080057057517547, 0.28735667690634725, 0.7810173072196819, 0.3147613265241186, 0.7960249108296854, 0.2793706670403481, 0.8368664494267216, 0.3401702376703422, 0.8464940439771723], "2": [0.0, 0.0, 0.0, 0.0, 0.0, 0.0, 0.0, 0.0, 0.0, 0.0, 0.0, 0.0, 0.0, 0.0, 0.0, 0.0, 0.0, 0.0, 0.0, 0.0, 0.0, 0.0, 0.0, 0.0, 0.0, 0.0, 0.0, 0.0, 0.0, 0.0, 0.6736094003543258, 0.6903520555407912, 0.0, 0.0]}