{"0": [0.3134735994040965, 0.5676399349062531, 0.0, 0.0, 0.31171444170176976, 0.5617333769798278, 0.0, 0.0, 0.3057225363949934, 0.5663892557775533, 0.2841289659341176, 0.5979618370532989, 0.30546062514185907, 0.6114099998992902, 0.2750826381146908, 0.6452265505437497, 0.30725850313901903, 0.6581847978962793, 0.27085090229908626, 0.6856563259606008, 0.3165348739673694, 0.7072629188773809, 0.2853594496729784, 0.6881884742666173, 0.3018406231266757, 0.6980670902464124, 0.29984122738242147, 0.7606585005919139, 0.30512506725887456, 0.7598455693434786, 0.29296522090832394, 0.8303688095675574, 0.3047440615686251, 0.8196669551133386], "1": [0.7418731766442458, 0.504778469712646, 0.742855247296393, 0.5006425582700306, 0.0, 0.0, 0.7478859767861044, 0.49937515876911304, 0.0, 0.0, 0.760574453572432, 0.530394256832423, 0.7501913932462533, 0.5266600125365787, 0.762827729806304, 0.5735593322802472, 0.7452760296563308, 0.5615740069636592, 0.7559858739376069, 0.6087120875164315, 0.7356506667565554, 0.5709790671313251, 0.7526015045742194, 0.6113282488728011, 0.743766828981461, 0.6045756595554175, 0.7534254303822915, 0.6640028488856775, 0.738277870664994, 0.6519212241526003, 0.7480413152603432, 0.7180180865305441, 0.7379210964063908, 0.7039715753954576], "2": [0.0, 0.0, 0.0, 0.0, 0.0, 0.0, 0.0, 0.0, 0.0, 0.0, 0.0, 0.0, 0.0, 0.0, 0.0, 0.0, 0.0, 0.0, 0.0, 0.0, 0.0, 0.0, 0.0, 0.0, 0.0, 0.0, 0.0, 0.0, 0.754686863720417, 0.6673205614089965, 0.0, 0.0, 0.0, 0.0], "3": [0.0, 0.0, 0.0, 0.0, 0.0, 0.0, 0.0, 0.0, 0.0, 0.0, 0.0, 0.0, 0.0, 0.0, 0.0, 0.0, 0.0, 0.0, 0.0, 0.0, 0.0, 0.0, 0.0, 0.0, 0.0, 0.0, 0.0, 0.0, 0.0, 0.0, 0.7338323401908079, 0.6957581299322623, 0.0, 0.0]}