{"0": [0.6578381583094597, 0.498570814287221, 0.660378867884477, 0.49396522332120824, 0.6565684663752714, 0.4935579976549855, 0.6676158631841342, 0.4970565928353204, 0.0, 0.0, 0.6753626522918542, 0.525924469365014, 0.6535180165121953, 0.5235094435788967, 0.6687594290657822, 0.5728708430572791, 0.6601396480264763, 0.5688356324478433, 0.6509761268893878, 0.5759701232115428, 0.650276708851258, 0.5750459397280657, 0.6815430819988251, 0.5974282641101767, 0.6689359817033013, 0.595066898950824, 0.68062489045163, 0.650941695990386, 0.6537363963822523, 0.6380416607415235, 0.6838512698809306, 0.7023828162087334, 0.6741041501363119, 0.6766814533207152], "1": [0.0, 0.0, 0.0, 0.0, 0.0, 0.0, 0.34202750536302723, 0.5488733269550182, 0.3567001628379027, 0.5519276382608547, 0.33037635845442614, 0.5822116613388062, 0.36393610027929146, 0.5913390896938465, 0.31847708808879055, 0.6257006269362237, 0.37082264398535086, 0.6325412137088953, 0.3179629267503818, 0.6661966732254735, 0.36725775599479676, 0.6551690196549451, 0.3318242590874434, 0.671205660921556, 0.35335151441395285, 0.6710777925120459, 0.3261492847154538, 0.7405264494595705, 0.35545262675732375, 0.7374662751124965, 0.32297846175109346, 0.811077284971597, 0.36339640418688457, 0.7986391793798517], "2": [0.0, 0.0, 0.0, 0.0, 0.0, 0.0, 0.0, 0.0, 0.0, 0.0, 0.0, 0.0, 0.0, 0.0, 0.0, 0.0, 0.0, 0.0, 0.0, 0.0, 0.0, 0.0, 0.0, 0.0, 0.0, 0.0, 0.6542453393340111, 0.6396999158241131, 0.0, 0.0, 0.6745904626945655, 0.6757485681109958, 0.0, 0.0]}