{"0": [0.33771214870115124, 0.4802466626520509, 0.33768245577812195, 0.47547841491522613, 0.33371400758624076, 0.4780831468877969, 0.0, 0.0, 0.32715621386499455, 0.4881028462339332, 0.34510679754118123, 0.5077604664696588, 0.3243222975482543, 0.5239851448271009, 0.35092244024078056, 0.5437502780446299, 0.3254991490393877, 0.5653471815365332, 0.35731351748108864, 0.576376607462212, 0.33938203343811135, 0.5941868936574017, 0.3455580726265907, 0.5959613837025783, 0.3316033745494982, 0.5979966573141239, 0.34968055884043375, 0.6525014634485597, 0.32904844656586646, 0.6545751799035955, 0.3556743397687872, 0.7016130933055171, 0.3278410781174898, 0.7105148304391791], "1": [0.0, 0.0, 0.0, 0.0, 0.0, 0.0, 0.6351092623857161, 0.6813893176891186, 0.6540642552077771, 0.6860145843691297, 0.616990697880586, 0.7179096579551697, 0.6517228323966264, 0.7283934087664993, 0.6010807082056999, 0.7636362369413731, 0.6689738889380048, 0.7520912737206177, 0.5975371345567206, 0.8047371282621666, 0.0, 0.0, 0.6193286443750063, 0.831368753865913, 0.6418835391600927, 0.8342281460210129, 0.6208356183022261, 0.9053213671401694, 0.6472311702867349, 0.9194665096424244, 0.6149361466057599, 0.9771981928083632, 0.6342336282134056, 0.9906745062934028], "2": [0.0, 0.0, 0.0, 0.0, 0.0, 0.0, 0.0, 0.0, 0.0, 0.0, 0.0, 0.0, 0.0, 0.0, 0.0, 0.0, 0.0, 0.0, 0.6145815587636511, 0.776502666870753, 0.0, 0.0, 0.0, 0.0, 0.0, 0.0, 0.0, 0.0, 0.0, 0.0, 0.0, 0.0, 0.0, 0.0], "3": [0.0, 0.0, 0.0, 0.0, 0.0, 0.0, 0.0, 0.0, 0.0, 0.0, 0.0, 0.0, 0.0, 0.0, 0.0, 0.0, 0.0, 0.0, 0.0, 0.0, 0.0, 0.0, 0.0, 0.0, 0.0, 0.0, 0.32886990855137505, 0.6548723487942307, 0.3494215019047261, 0.6529404816804109, 0.3284945212304592, 0.7111160755157471, 0.3559557510539889, 0.7007571085183709]}