{"0": [0.32699437667615716, 0.5548819201963919, 0.32648372929543257, 0.5487114742950157, 0.0, 0.0, 0.3304026508703828, 0.5534379025300343, 0.0, 0.0, 0.34200719396273294, 0.5898621328451016, 0.3334504179656505, 0.5862992282266971, 0.3462409230569998, 0.6414122896613899, 0.32638666617373624, 0.618048322863049, 0.3422465704381466, 0.6856416832241747, 0.30907593841354053, 0.6364043617690051, 0.3511649793634812, 0.6686143324331001, 0.3440287987609002, 0.666267534605665, 0.33644860486189526, 0.7288304257724021, 0.3348050226767858, 0.7280850753740027, 0.34488091995957787, 0.782965586681834, 0.34425057303693596, 0.7706152463786732], "1": [0.0, 0.0, 0.0, 0.0, 0.0, 0.0, 0.39833357259631164, 0.5609329251227555, 0.4135569792240858, 0.563474773698383, 0.38815915149947006, 0.59807722027655, 0.4207783772299687, 0.6040084630802826, 0.3818571800366044, 0.6478680875290324, 0.42844191218415895, 0.6425649198117079, 0.3913756954173247, 0.6657196230358547, 0.0, 0.0, 0.3964097826431195, 0.691910222724632, 0.4153190751870473, 0.6902140140533447, 0.40671808620293937, 0.7481460950992725, 0.41967592018487027, 0.7463599591782195, 0.4104039314377587, 0.8111244462913385, 0.41233814756075543, 0.8106624010812352], "2": [0.0, 0.0, 0.0, 0.0, 0.0, 0.0, 0.0, 0.0, 0.34267713837325575, 0.5525028732639772, 0.0, 0.0, 0.0, 0.0, 0.0, 0.0, 0.0, 0.0, 0.0, 0.0, 0.0, 0.0, 0.0, 0.0, 0.0, 0.0, 0.0, 0.0, 0.0, 0.0, 0.0, 0.0, 0.0, 0.0], "3": [0.0, 0.0, 0.0, 0.0, 0.0, 0.0, 0.0, 0.0, 0.0, 0.0, 0.0, 0.0, 0.0, 0.0, 0.0, 0.0, 0.0, 0.0, 0.3090377705792586, 0.6379387692168906, 0.0, 0.0, 0.0, 0.0, 0.0, 0.0, 0.0, 0.0, 0.0, 0.0, 0.0, 0.0, 0.0, 0.0]}