{"0": [0.5969504127899806, 0.45667693085140654, 0.0, 0.0, 0.5971190808340907, 0.4506439641669944, 0.0, 0.0, 0.0, 0.0, 0.0, 0.0, 0.581663333127896, 0.45351431060720376, 0.0, 0.0, 0.572195213350157, 0.47711256543795266, 0.0, 0.0, 0.567040441930294, 0.5043358189088327, 0.0, 0.0, 0.0, 0.0, 0.0, 0.0, 0.0, 0.0, 0.0, 0.0, 0.0, 0.0], "1": [0.0, 0.0, 0.5968753637745976, 0.45225326043588143, 0.0, 0.0, 0.0, 0.0, 0.0, 0.0, 0.0, 0.0, 0.0, 0.0, 0.0, 0.0, 0.0, 0.0, 0.0, 0.0, 0.0, 0.0, 0.0, 0.0, 0.0, 0.0, 0.0, 0.0, 0.0, 0.0, 0.0, 0.0, 0.0, 0.0], "2": [0.0, 0.0, 0.0, 0.0, 0.0, 0.0, 0.6581096664071083, 0.46826692400155245, 0.6710472321758668, 0.46575630616258695, 0.6562985970289447, 0.49514406698721425, 0.6809755033502977, 0.4899196638001335, 0.653774361933271, 0.5329794570251748, 0.69079908169806, 0.520183347110395, 0.6599540390384694, 0.5358790862339514, 0.6791172072291374, 0.5372594169030586, 0.6624936285118262, 0.5643959308112109, 0.6759681147833666, 0.5625325010882485, 0.6626181664566199, 0.6196560925907559, 0.6682953065261245, 0.6180841094641774, 0.6648458745951455, 0.6756254118901712, 0.6646630429429934, 0.6737859951125251], "3": [0.0, 0.0, 0.0, 0.0, 0.0, 0.0, 0.5930394932627678, 0.44299143332022206, 0.5995035489400228, 0.4453684952523973, 0.5826879568397999, 0.4528119436016789, 0.6067919926096994, 0.45819108000508063, 0.5711855615178744, 0.4786251379383935, 0.6093591071665287, 0.48509448307255904, 0.5664218701422215, 0.5058890969664962, 0.6096891470253467, 0.5076555047322202, 0.580109287550052, 0.5147338882916503, 0.5979658048211908, 0.5166158458700887, 0.5803274988507231, 0.5623250594845526, 0.5992265226940314, 0.5615108920468224, 0.5824169437090556, 0.6114157615988343, 0.5959567752977212, 0.6123986218814497], "4": [0.0, 0.0, 0.0, 0.0, 0.0, 0.0, 0.0, 0.0, 0.0, 0.0, 0.606381927151233, 0.45942342700781647, 0.0, 0.0, 0.0, 0.0, 0.0, 0.0, 0.6103419035673141, 0.5072477850511118, 0.0, 0.0, 0.0, 0.0, 0.0, 0.0, 0.0, 0.0, 0.0, 0.0, 0.0, 0.0, 0.0, 0.0]}