{"0": [0.4357509239266317, 0.5022770232624478, 0.4361052464072903, 0.4979479882452223, 0.0, 0.0, 0.43935747146606446, 0.498492580431479, 0.45077456062038734, 0.49433835248152413, 0.4523270946616928, 0.528399313820733, 0.4529604330658913, 0.5251234591007232, 0.4532959755510092, 0.5788904324725822, 0.44921956670780977, 0.569821838317094, 0.4321972260872523, 0.5950284882828042, 0.4367466198901335, 0.5826084239615335, 0.4589335635304451, 0.6119167107674811, 0.4639543271933993, 0.6102711972815019, 0.4564696308435063, 0.6684792000022473, 0.45663042644218865, 0.6679344797492858, 0.4733223328677317, 0.7257511406033127, 0.4730297337519005, 0.7253229326672024], "1": [0.0, 0.0, 0.0, 0.0, 0.0, 0.0, 0.3572896825770536, 0.5955026730343148, 0.3740432816247145, 0.5912440381668234, 0.35193037528855103, 0.6327726488863981, 0.38778866790235045, 0.6233452311268559, 0.3421862137814362, 0.6779919386323955, 0.400202698012193, 0.6659180371849626, 0.342227653414011, 0.7021913219381263, 0.4014719630902012, 0.7037556008056358, 0.3693368622412284, 0.7223013033469518, 0.39137040761609876, 0.7202879623130516, 0.3574801911910375, 0.7941932951962506, 0.39861741748948887, 0.7696978092193604, 0.35751352248092494, 0.864445345931583, 0.4123992708822091, 0.8373310411417926], "2": [0.0, 0.0, 0.0, 0.0, 0.0, 0.0, 0.0, 0.0, 0.0, 0.0, 0.0, 0.0, 0.0, 0.0, 0.0, 0.0, 0.0, 0.0, 0.0, 0.0, 0.0, 0.0, 0.0, 0.0, 0.0, 0.0, 0.0, 0.0, 0.0, 0.0, 0.44327747356146574, 0.7068936272903725, 0.0, 0.0], "3": [0.0, 0.0, 0.0, 0.0, 0.0, 0.0, 0.0, 0.0, 0.0, 0.0, 0.0, 0.0, 0.0, 0.0, 0.0, 0.0, 0.0, 0.0, 0.0, 0.0, 0.0, 0.0, 0.0, 0.0, 0.0, 0.0, 0.0, 0.0, 0.0, 0.0, 0.0, 0.0, 0.4433523944889506, 0.7073702005807448]}