{"0": [0.3157135340074698, 0.554270750725711, 0.3190933215121428, 0.5505345002368645, 0.3154408782720566, 0.5496740113805841, 0.3264322968820731, 0.5558204820862522, 0.0, 0.0, 0.333171633630991, 0.5891889341175556, 0.31205942829449973, 0.5790169952092348, 0.3296972742925088, 0.6112425168217333, 0.2972895003855228, 0.5928024512750131, 0.0, 0.0, 0.2988933292527994, 0.585839507314894, 0.33481154007216296, 0.656161563484757, 0.3269703772307063, 0.6593056449183712, 0.0, 0.0, 0.30463518388569355, 0.7153868705034256, 0.0, 0.0, 0.29185979863007866, 0.7797216892242431], "1": [0.0, 0.0, 0.4089406929910184, 0.46337570525981764, 0.0, 0.0, 0.4115799275537332, 0.4680087506771088, 0.4229294289388539, 0.4662429131843426, 0.41010255124419925, 0.4987355334891213, 0.4311708469254275, 0.4938478273374063, 0.4113272779310743, 0.5374904705694428, 0.4345964257294933, 0.5249608271651798, 0.39748127615700163, 0.5358974372899091, 0.4275446700242658, 0.5363350478587328, 0.41530152459939323, 0.5663588018605002, 0.4311426878441125, 0.5647637693970292, 0.40616638318945963, 0.6142262123249195, 0.4360814826563001, 0.6180401838488049, 0.40094256897767383, 0.6627425293679591, 0.43888479595383006, 0.6699452789569342], "2": [0.0, 0.0, 0.0, 0.0, 0.0, 0.0, 0.0, 0.0, 0.0, 0.0, 0.0, 0.0, 0.0, 0.0, 0.0, 0.0, 0.0, 0.0, 0.0, 0.0, 0.30043810221056144, 0.6472706466361329, 0.0, 0.0, 0.0, 0.0, 0.0, 0.0, 0.0, 0.0, 0.0, 0.0, 0.0, 0.0], "3": [0.0, 0.0, 0.0, 0.0, 0.0, 0.0, 0.0, 0.0, 0.0, 0.0, 0.0, 0.0, 0.0, 0.0, 0.0, 0.0, 0.0, 0.0, 0.0, 0.0, 0.0, 0.0, 0.0, 0.0, 0.0, 0.0, 0.30529157295823095, 0.7170727904196138, 0.350398392478625, 0.6942509990047525, 0.29112160503864287, 0.7820303658092463, 0.0, 0.0], "4": [0.0, 0.0, 0.0, 0.0, 0.0, 0.0, 0.0, 0.0, 0.0, 0.0, 0.0, 0.0, 0.0, 0.0, 0.0, 0.0, 0.0, 0.0, 0.0, 0.0, 0.0, 0.0, 0.0, 0.0, 0.0, 0.0, 0.3502265699207783, 0.6948553036760401, 0.0, 0.0, 0.3795884824047486, 0.7061695324050056, 0.0, 0.0], "5": [0.0, 0.0, 0.0, 0.0, 0.0, 0.0, 0.0, 0.0, 0.0, 0.0, 0.0, 0.0, 0.0, 0.0, 0.0, 0.0, 0.0, 0.0, 0.0, 0.0, 0.0, 0.0, 0.0, 0.0, 0.0, 0.0, 0.0, 0.0, 0.0, 0.0, 0.0, 0.0, 0.37959206675489743, 0.7058751748667823]}