{"0": [0.6824013526240985, 0.43659060067600675, 0.6851198331763347, 0.4321904051083106, 0.6798550800730785, 0.43173837849387414, 0.6883569000909726, 0.4299128744337294, 0.6763324140260617, 0.429780747713866, 0.693871455732733, 0.44912733623275053, 0.6688775676613052, 0.45151119232177733, 0.6984735192110141, 0.4772071108222008, 0.6619161101679009, 0.4769575301143858, 0.6985496694222093, 0.49767474973643266, 0.6602779629640281, 0.4991634421878391, 0.6874117790410916, 0.5161042635087614, 0.671339888498187, 0.5155170973804262, 0.6876903610924879, 0.5637154861732766, 0.6705165122946102, 0.56112902296914, 0.6817785004153848, 0.5961805798527268, 0.6724818731658161, 0.6038975522749954], "1": [0.0, 0.0, 0.0, 0.0, 0.0, 0.0, 0.3158720159282287, 0.5700383914841547, 0.33135896366244805, 0.5697952133637888, 0.30497577699522177, 0.6074840130629363, 0.34126821979880334, 0.6054834089897299, 0.29535876711209613, 0.6596832602112381, 0.3539056356996298, 0.6511571718586816, 0.29196187170843285, 0.6991238685117828, 0.34742355834071836, 0.6743498528445209, 0.3143629640806466, 0.7006946606216607, 0.33720619330803553, 0.6996716791832889, 0.31988833074768386, 0.7671023033283375, 0.3518924220620344, 0.7608261499139998, 0.3229314929417645, 0.8294332989939937, 0.37077199965715407, 0.8258874512415517]}