{"0": [0.0, 0.0, 0.0, 0.0, 0.0, 0.0, 0.5731147029437125, 0.5489751230787348, 0.5877076221009095, 0.550603860395926, 0.5633571914086739, 0.582047287457519, 0.5960237806042036, 0.5881201325743287, 0.5496981320281823, 0.6157649415510672, 0.6024142010447879, 0.6404653319882022, 0.537661079565684, 0.6373886209947092, 0.6050310193250577, 0.6814657584384636, 0.5658478181809187, 0.6623931109353348, 0.5838793408125639, 0.677448685053322, 0.5512182869017124, 0.7100035473152443, 0.5868806192030509, 0.7339724823280617, 0.5416912503540516, 0.7641106724739075, 0.5816246966831387, 0.7985628468018992], "1": [0.0, 0.0, 0.0, 0.0, 0.0, 0.0, 0.4176555035014948, 0.6120181199025225, 0.4288832738995552, 0.6061807400650449, 0.43245105085273583, 0.6340782889613399, 0.43521224556801225, 0.6286234270643305, 0.4350908468477428, 0.6735522841965711, 0.4272192349502196, 0.6796361366907756, 0.0, 0.0, 0.4012094701950748, 0.682749111564071, 0.4556245756025116, 0.7045678063675208, 0.4632718489815792, 0.7009101427815578, 0.0, 0.0, 0.0, 0.0, 0.0, 0.0, 0.0, 0.0], "2": [0.0, 0.0, 0.0, 0.0, 0.0, 0.0, 0.0, 0.0, 0.0, 0.0, 0.0, 0.0, 0.0, 0.0, 0.0, 0.0, 0.0, 0.0, 0.40034595330556233, 0.6837794926431444, 0.0, 0.0, 0.0, 0.0, 0.0, 0.0, 0.0, 0.0, 0.0, 0.0, 0.0, 0.0, 0.0, 0.0], "3": [0.0, 0.0, 0.0, 0.0, 0.0, 0.0, 0.0, 0.0, 0.0, 0.0, 0.0, 0.0, 0.0, 0.0, 0.0, 0.0, 0.0, 0.0, 0.0, 0.0, 0.4250160627067089, 0.6699614015166406, 0.0, 0.0, 0.0, 0.0, 0.0, 0.0, 0.0, 0.0, 0.0, 0.0, 0.0, 0.0], "4": [0.0, 0.0, 0.0, 0.0, 0.0, 0.0, 0.0, 0.0, 0.0, 0.0, 0.0, 0.0, 0.0, 0.0, 0.0, 0.0, 0.0, 0.0, 0.0, 0.0, 0.0, 0.0, 0.0, 0.0, 0.0, 0.0, 0.41037825216772034, 0.7428393316489679, 0.45578840747475624, 0.7547421137491862, 0.4210355505347252, 0.805073576061814, 0.48947349993201594, 0.7915743291378021], "5": [0.0, 0.0, 0.0, 0.0, 0.0, 0.0, 0.0, 0.0, 0.0, 0.0, 0.0, 0.0, 0.0, 0.0, 0.0, 0.0, 0.0, 0.0, 0.0, 0.0, 0.0, 0.0, 0.0, 0.0, 0.0, 0.0, 0.5858228854524593, 0.7326678370987928, 0.0, 0.0, 0.5823985363046328, 0.7976465243984152, 0.0, 0.0], "6": [0.0, 0.0, 0.0, 0.0, 0.0, 0.0, 0.0, 0.0, 0.0, 0.0, 0.0, 0.0, 0.0, 0.0, 0.0, 0.0, 0.0, 0.0, 0.0, 0.0, 0.0, 0.0, 0.0, 0.0, 0.0, 0.0, 0.45557998952766265, 0.7564178239416192, 0.4112033065408468, 0.7427455336959273, 0.489586255367855, 0.7917970739029072, 0.4213158419976632, 0.8007112582524617]}