{"0": [0.3772033939138055, 0.47233726845847235, 0.3774919252221783, 0.4701221104021426, 0.3766849140947064, 0.46823345952563816, 0.0, 0.0, 0.371005583802859, 0.46900696434356554, 0.3781241356084744, 0.4939914887702024, 0.3568476702397068, 0.49493573241763644, 0.39014358930289744, 0.5166275215369683, 0.3480020971735939, 0.5196866031046267, 0.40747844191888966, 0.5303423502378993, 0.35852265482147533, 0.5212411271201239, 0.3669090001533429, 0.5601352421773804, 0.3548929794381062, 0.5599830724023006, 0.3806486528366804, 0.5990330217061219, 0.3520535963917306, 0.6203391159022296, 0.3885819571713606, 0.6501392711091925, 0.3396098680794239, 0.6713994605673684], "1": [0.0, 0.0, 0.0, 0.0, 0.0, 0.0, 0.5402688521891832, 0.524574750882608, 0.5553339444721739, 0.5261341980210057, 0.5312043301489514, 0.5544544899905169, 0.5641511856578291, 0.5597608544208386, 0.5226077569959064, 0.5909744187637611, 0.5743341316779454, 0.5911533558810199, 0.519611209196349, 0.6122027004206622, 0.5836349933097759, 0.5977339424468853, 0.5385545814409852, 0.6454726117628591, 0.5599271638939778, 0.6411106880340312, 0.5369095552712679, 0.707143302841319, 0.5643309672207882, 0.7008238124074759, 0.5291432349632184, 0.7690041270520952, 0.5702830102294684, 0.7592734352814862], "2": [0.0, 0.0, 0.0, 0.0, 0.0, 0.0, 0.0, 0.0, 0.0, 0.0, 0.0, 0.0, 0.0, 0.0, 0.0, 0.0, 0.0, 0.0, 0.35805304038027924, 0.5216764187371289, 0.0, 0.0, 0.0, 0.0, 0.0, 0.0, 0.0, 0.0, 0.0, 0.0, 0.0, 0.0, 0.0, 0.0]}