{"0": [0.2784479558467865, 0.6667497972647349, 0.2802890155464411, 0.6616525542956812, 0.27811854518949986, 0.6631755868593853, 0.2900914085408052, 0.6615388757652706, 0.0, 0.0, 0.31042121265345485, 0.6865355406646375, 0.2837052156527837, 0.6943718718157874, 0.0, 0.0, 0.27059503793716433, 0.7241724060641395, 0.30138165193299454, 0.7641149553987715, 0.25951713795463244, 0.7565423349539439, 0.3309687988832593, 0.738642355799675, 0.31910102277373276, 0.7394395731113576, 0.3003218244761229, 0.7875778083448056, 0.0, 0.0, 0.2966256802280744, 0.8713649732095224, 0.29660418058435123, 0.8703052764758467], "1": [0.3944861403976877, 0.4882586262844227, 0.39558467182020346, 0.4836084396750839, 0.0, 0.0, 0.400280299782753, 0.4862004126663561, 0.4098856570820013, 0.4851332358877968, 0.397413417759041, 0.5188554896248712, 0.420268339663744, 0.5098421193935253, 0.3979021787265083, 0.5590886210125906, 0.41842195969074963, 0.5461221433348126, 0.3889192771166563, 0.5825931352597696, 0.0, 0.0, 0.40976387274761994, 0.5889098300736535, 0.42620962864408884, 0.5863353062559057, 0.39722864298770827, 0.6356766638932405, 0.42945831343531615, 0.6333768210063379, 0.40075071925918265, 0.6927232560598188, 0.428530894468228, 0.6612985872560078], "2": [0.0, 0.0, 0.0, 0.0, 0.0, 0.0, 0.0, 0.0, 0.0, 0.0, 0.0, 0.0, 0.0, 0.0, 0.0, 0.0, 0.0, 0.0, 0.0, 0.0, 0.0, 0.0, 0.0, 0.0, 0.3360954051216443, 0.7412251562983901, 0.0, 0.0, 0.0, 0.0, 0.0, 0.0, 0.0, 0.0], "3": [0.0, 0.0, 0.0, 0.0, 0.0, 0.0, 0.0, 0.0, 0.0, 0.0, 0.0, 0.0, 0.0, 0.0, 0.0, 0.0, 0.0, 0.0, 0.0, 0.0, 0.0, 0.0, 0.0, 0.0, 0.0, 0.0, 0.0, 0.0, 0.0, 0.0, 0.33830376863479616, 0.7716225875748529, 0.0, 0.0]}