{"0": [0.47237247303128244, 0.5074139107238604, 0.47486520099143187, 0.5011608656909731, 0.4688782135800769, 0.5030913860709579, 0.4806295584887266, 0.5020432313283284, 0.46573882003625233, 0.5063628879962144, 0.4915639446427425, 0.5324850885956376, 0.46297527166704333, 0.5348439686828188, 0.49992213894923526, 0.5670056280714494, 0.47179200053215026, 0.5649191578229268, 0.5007703391214212, 0.6101689453478213, 0.4933128579519689, 0.56680276059994, 0.4883162207901478, 0.6220040723129555, 0.46762047248582045, 0.6198594715860155, 0.49122523578504723, 0.6775288221736749, 0.4573894842217366, 0.6826546326831535, 0.4925192688902219, 0.7355047342953859, 0.4479057424895776, 0.7380564928054809], "1": [0.5866737396766742, 0.6280379286518804, 0.0, 0.0, 0.5872750895718734, 0.6224238812923432, 0.5681198057408134, 0.6122087837369353, 0.5818005173777541, 0.6209844620139512, 0.5536613080650568, 0.6377612551053365, 0.5695947106927634, 0.649797985068074, 0.5438774009079983, 0.6780797296100194, 0.0, 0.0, 0.0, 0.0, 0.5719166456411282, 0.7274456470100968, 0.5509267977128426, 0.7458208388752408, 0.5656895936777194, 0.7492259120499645, 0.554574861874183, 0.8111739541990338, 0.5838015644500653, 0.8133871992429097, 0.545306067292889, 0.8860776359836261, 0.5696179491778215, 0.8871368798944685], "2": [0.0, 0.0, 0.0, 0.0, 0.0, 0.0, 0.0, 0.0, 0.0, 0.0, 0.0, 0.0, 0.0, 0.0, 0.0, 0.0, 0.0, 0.0, 0.49917540736496446, 0.5679146413449888, 0.0, 0.0, 0.0, 0.0, 0.0, 0.0, 0.0, 0.0, 0.0, 0.0, 0.0, 0.0, 0.0, 0.0], "3": [0.0, 0.0, 0.0, 0.0, 0.0, 0.0, 0.0, 0.0, 0.0, 0.0, 0.0, 0.0, 0.0, 0.0, 0.0, 0.0, 0.0, 0.0, 0.0, 0.0, 0.0, 0.0, 0.570962930843234, 0.7479018931035643, 0.0, 0.0, 0.5839174445718527, 0.8116536694544333, 0.553657292202115, 0.8111063721076653, 0.0, 0.0, 0.0, 0.0]}