{"0": [0.0, 0.0, 0.0, 0.0, 0.0, 0.0, 0.4435443883761764, 0.5693013096297229, 0.45839850269258015, 0.5691887906304113, 0.4355002494296059, 0.6017382061039959, 0.46969451146821173, 0.6031696470799269, 0.42588723252216976, 0.6385873249283545, 0.4785026616106431, 0.6441762195693121, 0.42372428011149166, 0.6672833864335661, 0.4807562376062076, 0.6724782725175221, 0.44341894838338103, 0.6936066844949016, 0.4625775550802549, 0.6940307044320637, 0.45591063397005194, 0.7580308698945575, 0.4590022705495358, 0.7548651313340222, 0.4390318681796392, 0.8156372414694892, 0.4620784103870392, 0.7970621552180361], "1": [0.0, 0.0, 0.0, 0.0, 0.0, 0.0, 0.5624695859849453, 0.482138200600942, 0.5748278610408306, 0.4884254051579369, 0.5501017081240813, 0.4971775288935062, 0.5720447923367222, 0.5169091606581653, 0.5335472638408343, 0.509276854108881, 0.5805264990776777, 0.5475485490428077, 0.5191532275329034, 0.5320514354440901, 0.5856307070391874, 0.5721829109721714, 0.542029254635175, 0.5679488036367628, 0.5558425644723077, 0.5709686184370959, 0.0, 0.0, 0.5592065698156754, 0.6201239905975483, 0.5437152420325826, 0.6275684728666588, 0.544999399036169, 0.6301161649050537], "2": [0.0, 0.0, 0.0, 0.0, 0.0, 0.0, 0.0, 0.0, 0.0, 0.0, 0.0, 0.0, 0.0, 0.0, 0.0, 0.0, 0.0, 0.0, 0.0, 0.0, 0.0, 0.0, 0.0, 0.0, 0.0, 0.0, 0.5560871172696352, 0.6144824180338118, 0.0, 0.0, 0.0, 0.0, 0.0, 0.0], "3": [0.0, 0.0, 0.0, 0.0, 0.0, 0.0, 0.0, 0.0, 0.0, 0.0, 0.0, 0.0, 0.0, 0.0, 0.0, 0.0, 0.0, 0.0, 0.0, 0.0, 0.0, 0.0, 0.0, 0.0, 0.0, 0.0, 0.0, 0.0, 0.0, 0.0, 0.462216983238856, 0.7981300009621515, 0.0, 0.0], "4": [0.0, 0.0, 0.0, 0.0, 0.0, 0.0, 0.0, 0.0, 0.0, 0.0, 0.0, 0.0, 0.0, 0.0, 0.0, 0.0, 0.0, 0.0, 0.0, 0.0, 0.0, 0.0, 0.0, 0.0, 0.0, 0.0, 0.0, 0.0, 0.0, 0.0, 0.0, 0.0, 0.43961277906394874, 0.8147342765772784]}