{"0": [0.0, 0.0, 0.0, 0.0, 0.0, 0.0, 0.5026303895438711, 0.5138433751132753, 0.5160606749355793, 0.5134087165196737, 0.49310829509049653, 0.5435949097077052, 0.5221769273901979, 0.5490478566399328, 0.47891979093352954, 0.5744332200675099, 0.5284070938825607, 0.591022993458642, 0.476831252546981, 0.5925978865888384, 0.530167335520188, 0.6215559425177397, 0.49756042277440427, 0.6151960218394246, 0.5157456004371246, 0.61874237128154, 0.4867957945913076, 0.6572058960243508, 0.5155431398500999, 0.6518641553543232, 0.49200718564291795, 0.7136137590364173, 0.5185917172580957, 0.6969725061345984], "1": [0.0, 0.0, 0.0, 0.0, 0.0, 0.0, 0.5759193403025468, 0.4603488255430151, 0.5869572418431441, 0.4596782679911013, 0.5674271310369173, 0.4720366927208724, 0.581319437098379, 0.48020531468921235, 0.552421496467044, 0.491018001569642, 0.5981563986744731, 0.5052827528229467, 0.5563258661267658, 0.499854900205025, 0.6121183417737484, 0.4980973956761537, 0.5599626362944643, 0.5342500841176069, 0.5703672713289658, 0.5370774824931114, 0.5734696400041381, 0.5916681236690945, 0.5734969755013783, 0.5929082614404183, 0.5545025865236918, 0.6214444427578537, 0.5547317333519459, 0.6227575136555565]}