{"0": [0.41575061877568564, 0.5396173490418328, 0.4165876810749372, 0.534850334017365, 0.0, 0.0, 0.420003372679154, 0.5378775156206554, 0.0, 0.0, 0.43051475857694943, 0.5665023655113247, 0.4324371403704087, 0.564705303200969, 0.4272594838868827, 0.6268377241713029, 0.42677891397227846, 0.6195479599414049, 0.40890203806576003, 0.6604035031266303, 0.4133195295929909, 0.6355430296173802, 0.434759386566778, 0.6515767150455051, 0.4445249356329441, 0.6496747413167248, 0.42117469025154913, 0.7019486957126193, 0.43088801999886833, 0.7001960645809218, 0.4231301501393318, 0.7529585054627171, 0.44151185067991416, 0.753808938573908], "1": [0.0, 0.0, 0.0, 0.0, 0.0, 0.0, 0.4838964549203714, 0.5534662549142484, 0.4998698646823565, 0.5534965356191, 0.4779186760385832, 0.5886172744135062, 0.5107688604233166, 0.5860356207247134, 0.4744236695269743, 0.6397084348731571, 0.5276152269293864, 0.6173640252263457, 0.4750960171222687, 0.6807739443249172, 0.5183675962500274, 0.6497170553163246, 0.4857559222417573, 0.6822682146672849, 0.5080119304358959, 0.6788920481999715, 0.4758409857749939, 0.7352849462517985, 0.5132468126714229, 0.7481977855717694, 0.4864566959440708, 0.8045172325438923, 0.5203979859749476, 0.8171978928424694], "2": [0.0, 0.0, 0.0, 0.0, 0.0, 0.0, 0.0, 0.0, 0.0, 0.0, 0.0, 0.0, 0.0, 0.0, 0.0, 0.0, 0.0, 0.0, 0.0, 0.0, 0.0, 0.0, 0.0, 0.0, 0.0, 0.0, 0.0, 0.0, 0.0, 0.0, 0.0, 0.0, 0.42191735953092574, 0.7497136844529045]}