{"0": [0.349170117576917, 0.4613727651260517, 0.34945354896287123, 0.45579935886241774, 0.3457778111100197, 0.45752571843288564, 0.0, 0.0, 0.3379026276369889, 0.4629624785295433, 0.344162060196201, 0.4879334156160001, 0.3337576944380999, 0.4924707502402641, 0.3441255176439881, 0.5336566006695783, 0.33014219142496587, 0.537581242289808, 0.3501896704236666, 0.5500538896631312, 0.331565676163882, 0.5796166475172396, 0.3415838062763214, 0.5664832093373493, 0.3346980007365346, 0.5686047275861105, 0.33954393710009756, 0.6172922469951488, 0.3387611961613099, 0.6178442409744969, 0.3379850623508294, 0.6693096314315443, 0.3378538714100917, 0.6696085429853864], "1": [0.8741298993428548, 0.7143008841408623, 0.0, 0.0, 0.8734223196903865, 0.7092760686521177, 0.8520687068502109, 0.7019279965647944, 0.8693575682739417, 0.714309261739254, 0.8341234195977449, 0.7251703962131782, 0.8690353591615955, 0.7453656964831882, 0.819697003873686, 0.7691233840253618, 0.9012315159042676, 0.7321964365464669, 0.8200350383917491, 0.8089004465827235, 0.9214201825360457, 0.696989549310119, 0.8275915590114893, 0.8399980231567665, 0.8497026706735294, 0.8489582006578092, 0.8277093251347101, 0.9216819143851501, 0.8490253522992134, 0.931176428441648, 0.8049632502098878, 0.9772264021414298, 0.0, 0.0], "2": [0.0, 0.0, 0.0, 0.0, 0.0, 0.0, 0.0, 0.0, 0.0, 0.0, 0.0, 0.0, 0.0, 0.0, 0.0, 0.0, 0.0, 0.0, 0.9208902429789305, 0.6958856483300527, 0.0, 0.0, 0.0, 0.0, 0.0, 0.0, 0.0, 0.0, 0.0, 0.0, 0.0, 0.0, 0.0, 0.0]}