{"0": [0.0, 0.0, 0.0, 0.0, 0.0, 0.0, 0.4089046375205119, 0.5175155847160905, 0.42066575586795807, 0.5108371575673422, 0.414950840982298, 0.544768044076584, 0.43043305551012356, 0.5333917867254327, 0.42650098049392304, 0.5799926039245393, 0.43163621708129846, 0.5760649226329945, 0.4234597932547331, 0.6157491048177083, 0.0, 0.0, 0.4362690101688107, 0.6046433166221336, 0.44496135115623475, 0.6003823006594623, 0.4101200918046137, 0.6413969997454573, 0.45609416496008637, 0.6488183583926271, 0.4223219852273663, 0.681110159556071, 0.461918502052625, 0.700748348236084], "1": [0.0, 0.0, 0.0, 0.0, 0.0, 0.0, 0.4561428986722603, 0.4807389188695837, 0.4682093450178702, 0.47849588454873476, 0.4563000384407739, 0.508320540300122, 0.47455402215321857, 0.5073606789663986, 0.45562724967797597, 0.543059938704526, 0.47296005391593404, 0.5466444300280677, 0.0, 0.0, 0.0, 0.0, 0.46399426385760306, 0.5883969355512548, 0.4756566183020671, 0.5828892395452216, 0.45508705377578734, 0.6497608833842807, 0.0, 0.0, 0.4540145362416903, 0.7140647969312138, 0.0, 0.0]}