{"0": [0.0, 0.0, 0.3123044895629088, 0.5417200377693883, 0.0, 0.0, 0.31344332868854197, 0.539824104309082, 0.32251759624729553, 0.5334360612763299, 0.3200563089301189, 0.5549567891491785, 0.33266506741444263, 0.5470419309757373, 0.3284632438172897, 0.5839402766139419, 0.3305672180528442, 0.5824548305184752, 0.3285107980171839, 0.6182964254170656, 0.0, 0.0, 0.35260800129423536, 0.5953270866915031, 0.36010212851688267, 0.5896192631787723, 0.0, 0.0, 0.3501534014940262, 0.6453720507798372, 0.0, 0.0, 0.0, 0.0], "1": [0.0, 0.0, 0.0, 0.0, 0.0, 0.0, 0.415241940629979, 0.5540742631311769, 0.42854971103370193, 0.5482902668140552, 0.41613771915435793, 0.5851814899179671, 0.4422239738206068, 0.5712325458173398, 0.4063526925165206, 0.6327977434352591, 0.4586483784019947, 0.598432249934585, 0.3949449554085732, 0.6591968423790402, 0.4603601592864531, 0.6267118199004067, 0.4338922609885534, 0.6564654463419208, 0.4521111544745509, 0.6490598735985933, 0.41179003889362026, 0.6769650188309175, 0.4668274140606324, 0.6925968586700038, 0.3961804050952197, 0.7399171846884268, 0.48827383567889526, 0.7468387564023335], "2": [0.0, 0.0, 0.0, 0.0, 0.0, 0.0, 0.0, 0.0, 0.0, 0.0, 0.0, 0.0, 0.0, 0.0, 0.0, 0.0, 0.0, 0.0, 0.0, 0.0, 0.0, 0.0, 0.0, 0.0, 0.0, 0.0, 0.3488140399257342, 0.6507394199018125, 0.0, 0.0, 0.0, 0.0, 0.0, 0.0], "3": [0.0, 0.0, 0.0, 0.0, 0.0, 0.0, 0.0, 0.0, 0.0, 0.0, 0.0, 0.0, 0.0, 0.0, 0.0, 0.0, 0.0, 0.0, 0.0, 0.0, 0.0, 0.0, 0.0, 0.0, 0.0, 0.0, 0.0, 0.0, 0.0, 0.0, 0.32885036418835323, 0.637086769607332, 0.0, 0.0]}