{"0": [0.48150133192539213, 0.43126235008239744, 0.0, 0.0, 0.47989721434811744, 0.4276464466695432, 0.4670936086525519, 0.4276397347450257, 0.476587721457084, 0.42795170898790713, 0.4617544715603192, 0.4547962031982563, 0.47763293503473203, 0.45308626095453897, 0.4559428861985604, 0.48307123714023165, 0.4795895131925742, 0.48834857322551595, 0.0, 0.0, 0.4870155076185862, 0.5205861902899213, 0.46258028199275336, 0.5221329356578214, 0.4774803149203459, 0.5219742967574684, 0.46135929866383474, 0.5698123591917531, 0.4899235258810222, 0.5652811917993757, 0.4555340074377609, 0.6164242318804268, 0.4872149636348089, 0.6179888957628498], "1": [0.7256965223699808, 0.833619611379173, 0.0, 0.0, 0.727469479944557, 0.8299421347953656, 0.0, 0.0, 0.7244111920396487, 0.814750212651712, 0.7021724795301755, 0.7901422891351911, 0.7065643553311626, 0.8346714769248609, 0.0, 0.0, 0.7209561253587405, 0.8821714825100369, 0.0, 0.0, 0.7527141829952597, 0.9222121453861257, 0.660060252652814, 0.8462006264262728, 0.6749296829104422, 0.8657195647557576, 0.7015186057115594, 0.8794290544810117, 0.0, 0.0, 0.7113892006377379, 0.9454525876928259, 0.0, 0.0], "2": [0.0, 0.0, 0.0, 0.0, 0.0, 0.0, 0.0, 0.0, 0.0, 0.0, 0.0, 0.0, 0.0, 0.0, 0.0, 0.0, 0.0, 0.0, 0.0, 0.0, 0.0, 0.0, 0.0, 0.0, 0.6607402358204126, 0.8407681726315921, 0.0, 0.0, 0.7015139920637011, 0.8817357800624989, 0.0, 0.0, 0.7104416032651595, 0.9476430628034803]}