{"0": [0.0, 0.0, 0.0, 0.0, 0.0, 0.0, 0.27059144116938116, 0.6234037211647739, 0.287351842969656, 0.6159813589519925, 0.26782594006508587, 0.6671979206579702, 0.30489649598797164, 0.6419669766117025, 0.265863124653697, 0.7225569213706035, 0.3316879772891601, 0.6667529733092697, 0.2705786888798078, 0.7568851153055827, 0.34873656878868736, 0.6824101355340746, 0.29644743402798973, 0.7448744340075387, 0.31876945040227533, 0.7348573135005103, 0.278914076462388, 0.8249712459467076, 0.3249799874921639, 0.7871673373160539, 0.2761984959244728, 0.906737729134383, 0.3508053701370955, 0.8474515496028794], "1": [0.0, 0.0, 0.0, 0.0, 0.0, 0.0, 0.40489284868041675, 0.5043654459494131, 0.419244695858409, 0.5047057231267293, 0.4031995906184117, 0.5414042349214907, 0.4265006570766369, 0.5361899943815337, 0.4008456442505121, 0.5818767427846238, 0.4321700600286325, 0.5719867560598585, 0.38622217314938706, 0.6055065309559858, 0.0, 0.0, 0.4109785278638204, 0.6132569202670346, 0.42802553338309135, 0.6124939332405727, 0.3905939965198438, 0.6618138886160321, 0.43668614563842617, 0.6635512514246835, 0.38783601981898147, 0.7303004789131659, 0.4542314775288105, 0.7115490229041488]}