{"0": [0.5318684617678324, 0.49897099556746305, 0.5316802290268242, 0.49495530106403207, 0.0, 0.0, 0.5351511508847276, 0.4953060053012989, 0.0, 0.0, 0.5385983507459362, 0.5065813744509662, 0.545404528081417, 0.5017367874030714, 0.5351500407171746, 0.5247832730964378, 0.0, 0.0, 0.5295597590506077, 0.548907247296086, 0.0, 0.0, 0.5438462293551614, 0.5485365708669027, 0.5525916775067647, 0.5459740388172644, 0.5295314612487952, 0.5874831736087799, 0.5464741428693135, 0.5837711184113114, 0.5415702442328135, 0.6337480542284472, 0.550166147078077, 0.6276965376403597], "1": [0.0, 0.0, 0.0, 0.0, 0.0, 0.0, 0.4639763846372565, 0.4781478162716936, 0.4764489956821005, 0.4823382415153362, 0.4610047747070591, 0.5021233675656496, 0.46788224279880525, 0.5102720353338452, 0.46861693101624646, 0.5497557631245366, 0.4648578495097657, 0.5536200637066806, 0.0, 0.0, 0.47562811623017, 0.5816435152595794, 0.4599329832009971, 0.585757417149014, 0.46554168586929645, 0.5861617675534002, 0.4681710192312797, 0.6383641163508096, 0.4694469582910339, 0.6396416433431484, 0.4751877856751283, 0.6929801381572528, 0.4752594898144404, 0.6938907887096758], "2": [0.0, 0.0, 0.0, 0.0, 0.0, 0.0, 0.0, 0.0, 0.0, 0.0, 0.0, 0.0, 0.0, 0.0, 0.0, 0.0, 0.0, 0.0, 0.0, 0.0, 0.0, 0.0, 0.5306916757797201, 0.4620366594305745, 0.0, 0.0, 0.0, 0.0, 0.0, 0.0, 0.0, 0.0, 0.0, 0.0], "3": [0.0, 0.0, 0.0, 0.0, 0.0, 0.0, 0.0, 0.0, 0.0, 0.0, 0.0, 0.0, 0.0, 0.0, 0.0, 0.0, 0.0, 0.0, 0.0, 0.0, 0.0, 0.0, 0.0, 0.0, 0.5311837442762529, 0.46211372492489994, 0.0, 0.0, 0.0, 0.0, 0.0, 0.0, 0.0, 0.0], "4": [0.0, 0.0, 0.0, 0.0, 0.0, 0.0, 0.0, 0.0, 0.0, 0.0, 0.0, 0.0, 0.0, 0.0, 0.0, 0.0, 0.0, 0.0, 0.0, 0.0, 0.0, 0.0, 0.0, 0.0, 0.0, 0.0, 0.0, 0.0, 0.0, 0.0, 0.4463622152805328, 0.655331406245629, 0.0, 0.0], "5": [0.0, 0.0, 0.0, 0.0, 0.0, 0.0, 0.0, 0.0, 0.0, 0.0, 0.0, 0.0, 0.0, 0.0, 0.0, 0.0, 0.0, 0.0, 0.0, 0.0, 0.0, 0.0, 0.0, 0.0, 0.0, 0.0, 0.0, 0.0, 0.0, 0.0, 0.0, 0.0, 0.44650247345368066, 0.6542621158891254]}