{"0": [0.45077488087117673, 0.5301511532730526, 0.45232140440493823, 0.5234041350859183, 0.4500428328911463, 0.5251682608215897, 0.4604533859528601, 0.5219982912556993, 0.0, 0.0, 0.46177196092903616, 0.5511873798237905, 0.47915878109633925, 0.5432342657336482, 0.4628495885680119, 0.5859035774513527, 0.4863653539990385, 0.5831123951408598, 0.448670367586116, 0.6022142628828685, 0.48317788504064085, 0.6024824498980133, 0.4720998290926218, 0.6334712041334973, 0.4819830692683657, 0.6331839916192823, 0.45120927163710195, 0.6842202710884588, 0.452415899032106, 0.6818661268110628, 0.4661649654308955, 0.735970021729116, 0.4669965706765652, 0.7364747790274798], "1": [0.33843557089567183, 0.7847154200077057, 0.33850351994236305, 0.7770774368886594, 0.0, 0.0, 0.34975545629858973, 0.7707547046520092, 0.0, 0.0, 0.37414251938462256, 0.774682425459226, 0.35010542819897333, 0.7977681208539892, 0.38455766160041094, 0.8317284630404578, 0.3552655249834061, 0.8334169985864449, 0.3670841523756583, 0.8631111059751776, 0.3616843774914741, 0.8604341718885634, 0.4065149966316918, 0.8011799377423746, 0.3852723740187917, 0.8097922429108055, 0.3887273530786236, 0.8805364277627733, 0.35385962389409537, 0.8625029018355741, 0.4148126991931349, 0.9629812637964884, 0.373373120247076, 0.9375975731898237], "2": [0.0, 0.0, 0.0, 0.0, 0.0, 0.0, 0.0, 0.0, 0.0, 0.0, 0.0, 0.0, 0.0, 0.0, 0.0, 0.0, 0.4656462406118711, 0.5891562589892635, 0.0, 0.0, 0.45176379435385267, 0.5995752383161475, 0.0, 0.0, 0.0, 0.0, 0.0, 0.0, 0.0, 0.0, 0.0, 0.0, 0.0, 0.0]}