{"0": [0.6184981864100944, 0.4846575065343468, 0.6187892184903224, 0.48018977068088675, 0.6176085586349169, 0.48223050898975794, 0.6251186283926168, 0.47518745351720737, 0.0, 0.0, 0.640501857486864, 0.4965464331485606, 0.6221004399160545, 0.49702630241711937, 0.6419297151267529, 0.5389120095305973, 0.6230404563558598, 0.5284032334884008, 0.6284724118808905, 0.5654502232869466, 0.6153973118091624, 0.5507844111433735, 0.6458949354787668, 0.5594763695365853, 0.6353058478872602, 0.5593719784722284, 0.6463070223728816, 0.6155780591346599, 0.6239102592070898, 0.6032202428689709, 0.647799585852772, 0.6655897502545958, 0.6210312572618325, 0.6553863574785215], "1": [0.0, 0.0, 0.0, 0.0, 0.0, 0.0, 0.40475012759367623, 0.5683335980883351, 0.4221158469095826, 0.5661837660604053, 0.3989977406958739, 0.6019731668410477, 0.43293660767376424, 0.5991048221234923, 0.39262583466867607, 0.6511178758409288, 0.4377156476179759, 0.632114491087419, 0.3879499369611343, 0.6890081025935986, 0.0, 0.0, 0.4056206957747539, 0.6926337238228707, 0.42708508309951865, 0.6928721542987557, 0.40126047488301997, 0.7653461616348338, 0.4306080985193451, 0.7593621675890905, 0.4011251876751582, 0.8426213370429145, 0.4309698939944307, 0.8165567254578625]}