{"0": [0.39214794983466467, 0.7252605155662254, 0.39284226726740606, 0.7180387243076607, 0.0, 0.0, 0.3985330148289601, 0.7155139336431467, 0.4148901663720608, 0.7103224621878731, 0.4000994775444269, 0.7438713756976304, 0.4337357595562935, 0.7470817552672492, 0.38970867260359227, 0.7911882427003648, 0.4414337252577145, 0.7905912895997365, 0.3829730841020743, 0.8383599793469464, 0.4426031159857909, 0.806652882805577, 0.41080638623485954, 0.8486136577195591, 0.43451372980354097, 0.8418617849105713, 0.4009756982326508, 0.9141416056288614, 0.4198514404396216, 0.9131056931283739, 0.4153798421223958, 0.9801243014909603, 0.41781891528517007, 0.974621609405235], "1": [0.7495763489355644, 0.507813313520617, 0.7502149326105911, 0.5046320107248095, 0.7490795464565356, 0.503463496543743, 0.0, 0.0, 0.7443388373280565, 0.5031749067483124, 0.733804251998663, 0.5203774836328294, 0.7366255598763625, 0.520181671778361, 0.7637984157229464, 0.5180045609120969, 0.7656265451262393, 0.5193956039569996, 0.7787955733637015, 0.4981740016628195, 0.7795479375869035, 0.49789072650450245, 0.7268180298929413, 0.6055338424664957, 0.7234545975923539, 0.605468370185958, 0.7120262064039707, 0.6584802517184506, 0.7203292236973842, 0.6570867542867308, 0.7086863311628502, 0.7123666833948206, 0.7202403799941143, 0.7130979211242111], "2": [0.0, 0.0, 0.0, 0.0, 0.0, 0.0, 0.9270214442318926, 0.8550296015761517, 0.0, 0.0, 0.9210965029895307, 0.9193161964416504, 0.0, 0.0, 0.0, 0.0, 0.0, 0.0, 0.0, 0.0, 0.0, 0.0, 0.0, 0.0, 0.0, 0.0, 0.0, 0.0, 0.0, 0.0, 0.0, 0.0, 0.0, 0.0], "3": [0.0, 0.0, 0.0, 0.0, 0.0, 0.0, 0.0, 0.0, 0.0, 0.0, 0.0, 0.0, 0.0, 0.0, 0.0, 0.0, 0.0, 0.0, 0.0, 0.0, 0.38288491542140635, 0.8383490513872218, 0.0, 0.0, 0.0, 0.0, 0.0, 0.0, 0.0, 0.0, 0.0, 0.0, 0.0, 0.0], "4": [0.0, 0.0, 0.0, 0.0, 0.0, 0.0, 0.0, 0.0, 0.0, 0.0, 0.0, 0.0, 0.0, 0.0, 0.0, 0.0, 0.0, 0.0, 0.0, 0.0, 0.7399501694676777, 0.5958391867026135, 0.0, 0.0, 0.0, 0.0, 0.0, 0.0, 0.0, 0.0, 0.0, 0.0, 0.0, 0.0]}