{"0": [0.7410027629385392, 0.5034926873666269, 0.7422308322042228, 0.4986726771902155, 0.0, 0.0, 0.7488772998253505, 0.4979706115192836, 0.0, 0.0, 0.76204767425855, 0.5204753631794894, 0.7482530668377876, 0.5232934936329171, 0.7509413627286752, 0.5485639196855051, 0.7435699094242106, 0.5571092495211849, 0.7459917485713958, 0.5220605559785056, 0.7331834241747857, 0.5773665604767976, 0.7568404434869687, 0.6021110173728731, 0.7431986487160125, 0.5976374955089004, 0.7533540569245816, 0.6575109044710795, 0.737141819919149, 0.6431710106355173, 0.749772910773754, 0.7163741670272968, 0.7339624710381031, 0.697306098319866], "1": [0.297898397934235, 0.6512650732640867, 0.3025137019964556, 0.6445351490268001, 0.29671146497130396, 0.6449134005440607, 0.30513312729696435, 0.6380181091803092, 0.0, 0.0, 0.32246866229300697, 0.6661216486383369, 0.2821924173583587, 0.6695203847355313, 0.3330866941561302, 0.7072289002990281, 0.27386067478607096, 0.705476247381281, 0.3398082698850582, 0.7557527087352894, 0.28229288111130396, 0.7435157038547374, 0.3138130122174819, 0.7653718851230762, 0.29875996597111226, 0.7666303591388796, 0.3154387236262361, 0.8420397486951615, 0.0, 0.0, 0.31441835716056327, 0.917511973116133, 0.0, 0.0], "2": [0.0, 0.0, 0.0, 0.0, 0.0, 0.0, 0.0, 0.0, 0.3095247374847531, 0.6347050064139896, 0.28417589142918587, 0.6686803349742183, 0.321288001537323, 0.6661959802662886, 0.2747200223306815, 0.7063358419471317, 0.33413306437432766, 0.7077506875826254, 0.2793784089386463, 0.7397902788939299, 0.3415218010544777, 0.757169434538594, 0.2946041612575451, 0.7561260060027793, 0.31913988121474784, 0.7596783979071511, 0.0, 0.0, 0.31286013809343177, 0.8423342753339697, 0.0, 0.0, 0.31407090096424023, 0.9171366775477374], "3": [0.0, 0.0, 0.0, 0.0, 0.0, 0.0, 0.0, 0.0, 0.0, 0.0, 0.0, 0.0, 0.0, 0.0, 0.0, 0.0, 0.0, 0.0, 0.0, 0.0, 0.745353950187564, 0.5227255431038362, 0.0, 0.0, 0.0, 0.0, 0.0, 0.0, 0.0, 0.0, 0.0, 0.0, 0.0, 0.0], "4": [0.0, 0.0, 0.0, 0.0, 0.0, 0.0, 0.0, 0.0, 0.0, 0.0, 0.0, 0.0, 0.0, 0.0, 0.0, 0.0, 0.0, 0.0, 0.0, 0.0, 0.0, 0.0, 0.0, 0.0, 0.0, 0.0, 0.0, 0.0, 0.752093871931235, 0.6600263875943643, 0.0, 0.0, 0.7500757490595181, 0.7165576541865314], "5": [0.0, 0.0, 0.0, 0.0, 0.0, 0.0, 0.0, 0.0, 0.0, 0.0, 0.0, 0.0, 0.0, 0.0, 0.0, 0.0, 0.0, 0.0, 0.0, 0.0, 0.0, 0.0, 0.0, 0.0, 0.0, 0.0, 0.0, 0.0, 0.0, 0.0, 0.7334666565060617, 0.696643430215341, 0.0, 0.0]}