{"0": [0.4810859557551642, 0.5204486280679703, 0.4827938345571358, 0.5140757099345878, 0.47994575574994086, 0.5153288408561989, 0.491178551564614, 0.5126015329802479, 0.0, 0.0, 0.497340660293897, 0.543940383527014, 0.5013608570851711, 0.540953753508916, 0.5021997457059721, 0.5894276724921332, 0.511985521763563, 0.5844675958156585, 0.4861214569459359, 0.616940360157578, 0.0, 0.0, 0.5061232279210041, 0.6247717529535295, 0.5174438620607058, 0.6187397370321883, 0.4993647868434588, 0.6867393419698432, 0.520038707057635, 0.6816963873527668, 0.5216386449833711, 0.7472697408111008, 0.5263986899827917, 0.7475856626475299], "1": [0.4722322017575304, 0.8077743106418186, 0.47089076079428194, 0.8000156936822114, 0.0, 0.0, 0.47819780086477603, 0.7849625770692472, 0.0, 0.0, 0.49999241059025135, 0.7815367826260626, 0.497586738950801, 0.7846590339094206, 0.517205091069142, 0.8529884576797486, 0.484499529004097, 0.860598748922348, 0.0, 0.0, 0.47335954622055093, 0.8944647323202204, 0.5470507482687632, 0.8311173609009496, 0.5433322905562818, 0.8320159548962557, 0.0, 0.0, 0.5289487486084302, 0.9140386528990887, 0.0, 0.0, 0.0, 0.0], "2": [0.0, 0.0, 0.0, 0.0, 0.0, 0.0, 0.0, 0.0, 0.0, 0.0, 0.0, 0.0, 0.0, 0.0, 0.0, 0.0, 0.0, 0.0, 0.0, 0.0, 0.0, 0.0, 0.0, 0.0, 0.0, 0.0, 0.5299970885117848, 0.9174598724753769, 0.0, 0.0, 0.5583885986357927, 0.9649864870089072, 0.0, 0.0], "3": [0.0, 0.0, 0.0, 0.0, 0.0, 0.0, 0.0, 0.0, 0.0, 0.0, 0.0, 0.0, 0.0, 0.0, 0.0, 0.0, 0.0, 0.0, 0.0, 0.0, 0.0, 0.0, 0.0, 0.0, 0.0, 0.0, 0.5003133152921995, 0.86537563668357, 0.4986760911842187, 0.8658380367137768, 0.0, 0.0, 0.0, 0.0], "4": [0.0, 0.0, 0.0, 0.0, 0.0, 0.0, 0.0, 0.0, 0.0, 0.0, 0.0, 0.0, 0.0, 0.0, 0.0, 0.0, 0.0, 0.0, 0.0, 0.0, 0.0, 0.0, 0.0, 0.0, 0.0, 0.0, 0.0, 0.0, 0.49875796275834244, 0.6843929317262437, 0.0, 0.0, 0.0, 0.0], "5": [0.0, 0.0, 0.0, 0.0, 0.0, 0.0, 0.0, 0.0, 0.0, 0.0, 0.0, 0.0, 0.0, 0.0, 0.0, 0.0, 0.0, 0.0, 0.0, 0.0, 0.0, 0.0, 0.0, 0.0, 0.0, 0.0, 0.0, 0.0, 0.0, 0.0, 0.0, 0.0, 0.49469174214949213, 0.9479459875159794]}