{"0": [0.3560912171533952, 0.49688221017519635, 0.35822743425766634, 0.4913426923531073, 0.3526562416926026, 0.49219815314367965, 0.3619166442503532, 0.488094166693864, 0.3468674731751283, 0.49073473855301186, 0.3692372594028711, 0.512407425156346, 0.3401654426008463, 0.5194653111475486, 0.37813297708829247, 0.543052331716926, 0.3350036574527621, 0.5578498279606855, 0.384720243824025, 0.5707452734311421, 0.3344882675136129, 0.5962386048260938, 0.3647103085648269, 0.5937468928319437, 0.34693309490879376, 0.5948961398115864, 0.3656065706163645, 0.6469317607305668, 0.3494904508193334, 0.6482495967919627, 0.3618839897215367, 0.7069695140752528, 0.35647706150142416, 0.6845599822701228], "1": [0.7244096988191208, 0.6748446351952023, 0.7269375902290146, 0.669677342750408, 0.7226922721446802, 0.6698105508530582, 0.0, 0.0, 0.7129405692219734, 0.6617248637808694, 0.7192788071930408, 0.6734634019710399, 0.7009452582647403, 0.6780354316587801, 0.7255796436220407, 0.67690397804534, 0.0, 0.0, 0.0, 0.0, 0.6911995142698288, 0.7982584789947227, 0.7084111829598745, 0.732375321564851, 0.6873423789938291, 0.7270813039055578, 0.7169427831967672, 0.8011662756955182, 0.6815639377571643, 0.7922935084060387, 0.728491281507768, 0.8705134066334337, 0.6684945061492423, 0.8489912917768514], "2": [0.0, 0.0, 0.0, 0.0, 0.0, 0.0, 0.0, 0.0, 0.0, 0.0, 0.0, 0.0, 0.0, 0.0, 0.0, 0.0, 0.0, 0.0, 0.0, 0.0, 0.0, 0.0, 0.0, 0.0, 0.0, 0.0, 0.0, 0.0, 0.0, 0.0, 0.0, 0.0, 0.6870573503275712, 0.7997577311816039]}