{"0": [0.5878476954996585, 0.4781914881534047, 0.5892603996520241, 0.47408021489779156, 0.5874920656283696, 0.4747317183900763, 0.5970231780782342, 0.47376036114162867, 0.0, 0.0, 0.6083599331478278, 0.4989564823883551, 0.5909353462358315, 0.5019210905940444, 0.605451802785198, 0.5346259024408129, 0.5862956675390403, 0.5266912857691447, 0.5867261531714357, 0.5468404560233296, 0.0, 0.0, 0.6147272888726244, 0.5644281093721037, 0.6027953676258524, 0.5636526021692488, 0.6232592484292885, 0.622821366124683, 0.5873066708445549, 0.6040514493430102, 0.6453752115368843, 0.6580853135497482, 0.5850829374666016, 0.6586146412072357], "1": [0.0, 0.0, 0.0, 0.0, 0.0, 0.0, 0.38703247817854086, 0.5740220448554114, 0.4038709260523319, 0.5721690522299873, 0.38054965119808914, 0.61562659740448, 0.41411453786616526, 0.6075961249846, 0.36729869643847146, 0.6636061582300398, 0.41851565370646615, 0.6690683990716935, 0.3544503086556991, 0.6983052755947465, 0.0, 0.0, 0.38706096919874355, 0.7153645282542264, 0.4104874312877655, 0.7153443797870919, 0.3697892740368844, 0.7656360490454568, 0.4164196473856767, 0.769887567891015, 0.3590284833063682, 0.8336835940402967, 0.42753127245232464, 0.8221234524691545], "2": [0.0, 0.0, 0.0, 0.0, 0.0, 0.0, 0.0, 0.0, 0.0, 0.0, 0.0, 0.0, 0.0, 0.0, 0.0, 0.0, 0.0, 0.0, 0.3789401318877935, 0.5363938065038787, 0.0, 0.0, 0.0, 0.0, 0.0, 0.0, 0.0, 0.0, 0.0, 0.0, 0.0, 0.0, 0.0, 0.0], "3": [0.0, 0.0, 0.0, 0.0, 0.0, 0.0, 0.0, 0.0, 0.0, 0.0, 0.0, 0.0, 0.0, 0.0, 0.0, 0.0, 0.0, 0.0, 0.0, 0.0, 0.5834505294760068, 0.5576985132915002, 0.0, 0.0, 0.0, 0.0, 0.0, 0.0, 0.0, 0.0, 0.0, 0.0, 0.0, 0.0], "4": [0.0, 0.0, 0.0, 0.0, 0.0, 0.0, 0.0, 0.0, 0.0, 0.0, 0.0, 0.0, 0.0, 0.0, 0.0, 0.0, 0.0, 0.0, 0.0, 0.0, 0.5894645858478422, 0.5236811613595044, 0.0, 0.0, 0.0, 0.0, 0.0, 0.0, 0.0, 0.0, 0.0, 0.0, 0.0, 0.0]}