{"0": [0.5622399091720581, 0.5253663358864961, 0.5645100274511302, 0.5192166730209632, 0.5589918568730354, 0.5182453934793119, 0.5672704157729943, 0.5173243396812015, 0.5516294269201656, 0.5142201639987805, 0.5700335825483004, 0.544432630459778, 0.5414599242309729, 0.5425493423585539, 0.5721102316553394, 0.5831343246830835, 0.5320800269022584, 0.5761687722471025, 0.5664502327640851, 0.611208308501928, 0.5382444769144058, 0.6080876129644889, 0.5631436633567015, 0.6192329865362909, 0.5453662655005852, 0.6161698544466938, 0.5603394899827738, 0.6782719849988267, 0.54531644868354, 0.6770692915276245, 0.5541452690958977, 0.7437621158030298, 0.5389727509270111, 0.7110862369890566], "1": [0.07672066058342655, 0.7347742250672094, 0.07971419406433901, 0.7276387091036196, 0.0, 0.0, 0.09348461258535584, 0.7305593139595455, 0.0, 0.0, 0.12260459338625272, 0.7658181705408627, 0.09199451270202794, 0.7624655176092077, 0.13964588592061772, 0.8307196502332336, 0.05876748251418273, 0.7351480393498032, 0.13530171209325392, 0.8697792081369293, 0.04532668615380923, 0.6945035885881494, 0.14726067334413528, 0.8601907111980297, 0.13015858369568983, 0.8712396753606972, 0.15734610073268412, 0.9437933065273144, 0.1397434344359984, 0.9379604596230718, 0.18869913226614396, 0.9685011634120235, 0.1529712775722146, 0.9879918372189557], "2": [0.0, 0.0, 0.0, 0.0, 0.0, 0.0, 0.0, 0.0, 0.0, 0.0, 0.0, 0.0, 0.0, 0.0, 0.0, 0.0, 0.0, 0.0, 0.04503697206576665, 0.692316822707653, 0.0, 0.0, 0.0, 0.0, 0.0, 0.0, 0.0, 0.0, 0.0, 0.0, 0.0, 0.0, 0.0, 0.0], "3": [0.0, 0.0, 0.0, 0.0, 0.0, 0.0, 0.0, 0.0, 0.0, 0.0, 0.0, 0.0, 0.0, 0.0, 0.0, 0.0, 0.0, 0.0, 0.0, 0.0, 0.0, 0.0, 0.0, 0.0, 0.0, 0.0, 0.13687691763043403, 0.9319343542611156, 0.0, 0.0, 0.1528272976477941, 0.991869854927063, 0.0, 0.0], "4": [0.0, 0.0, 0.0, 0.0, 0.0, 0.0, 0.0, 0.0, 0.0, 0.0, 0.0, 0.0, 0.0, 0.0, 0.0, 0.0, 0.0, 0.0, 0.0, 0.0, 0.0, 0.0, 0.0, 0.0, 0.0, 0.0, 0.0, 0.0, 0.1588871487726768, 0.9419173370908808, 0.0, 0.0, 0.19139957229296367, 0.9713069505161709]}