{"0": [0.44197140373289584, 0.5278468343946668, 0.4434582126326859, 0.5206121772527694, 0.4408521217604478, 0.5229953891149274, 0.45122057795524595, 0.5181115850254342, 0.0, 0.0, 0.45019696404536563, 0.5505311425085421, 0.4708717261751493, 0.5449319707574668, 0.44825067976489663, 0.5846970878265522, 0.4749899076918761, 0.5832094324959649, 0.43588655240212876, 0.5994814179561755, 0.0, 0.0, 0.4600550118212899, 0.6319149476510507, 0.47304182331232975, 0.632053554058075, 0.4490499446789424, 0.6856157331830925, 0.4613304413855076, 0.683618398617815, 0.4551660267015299, 0.7569258676634893, 0.4667821398625771, 0.734642584014822], "1": [0.321787187581261, 0.8098494932607369, 0.3221025309835871, 0.8027152321956775, 0.0, 0.0, 0.3327899381518364, 0.7985433079578258, 0.0, 0.0, 0.3615806560963392, 0.8026778201262156, 0.345339733517643, 0.8178678314085074, 0.40913862896462283, 0.8103397230307261, 0.34192689644793667, 0.8793521898764151, 0.0, 0.0, 0.0, 0.0, 0.4049406529714663, 0.8235610379113092, 0.38479513501127555, 0.8333951336642107, 0.38172672648603717, 0.893238385518392, 0.378009755226473, 0.8924829284488051, 0.407329847663641, 0.9635603368282318, 0.0, 0.0], "2": [0.0, 0.0, 0.0, 0.0, 0.0, 0.0, 0.0, 0.0, 0.0, 0.0, 0.0, 0.0, 0.0, 0.0, 0.0, 0.0, 0.45161680206656457, 0.5851319039309466, 0.0, 0.0, 0.437731355552872, 0.5976960351069768, 0.0, 0.0, 0.0, 0.0, 0.0, 0.0, 0.0, 0.0, 0.0, 0.0, 0.0, 0.0], "3": [0.0, 0.0, 0.0, 0.0, 0.0, 0.0, 0.0, 0.0, 0.0, 0.0, 0.0, 0.0, 0.0, 0.0, 0.0, 0.0, 0.0, 0.0, 0.0, 0.0, 0.3646653146793445, 0.8942186470384951, 0.0, 0.0, 0.0, 0.0, 0.0, 0.0, 0.0, 0.0, 0.0, 0.0, 0.0, 0.0], "4": [0.0, 0.0, 0.0, 0.0, 0.0, 0.0, 0.0, 0.0, 0.0, 0.0, 0.0, 0.0, 0.0, 0.0, 0.0, 0.0, 0.0, 0.0, 0.0, 0.0, 0.0, 0.0, 0.0, 0.0, 0.0, 0.0, 0.0, 0.0, 0.3530462351938089, 0.8837295091814465, 0.0, 0.0, 0.3559963361360133, 0.9341557423273722]}