{"0": [0.0, 0.0, 0.0, 0.0, 0.0, 0.0, 0.49170622502764066, 0.4953206600966277, 0.5051157500594855, 0.49852636423375873, 0.48245451288918656, 0.5216936993378181, 0.5094137322157621, 0.5316101842456393, 0.47016848449905707, 0.5515455377598604, 0.5230968441969405, 0.563508853426686, 0.4695963624243935, 0.5886463032552489, 0.5227185644519826, 0.5931376267362524, 0.479930156096816, 0.5999998467939871, 0.4976672035641968, 0.6034741310747685, 0.47194484857221447, 0.6559127519252124, 0.5102073695200185, 0.6416661071556585, 0.454960231979688, 0.7012000766065386, 0.505219108859698, 0.7009170252967764], "1": [0.0, 0.0, 0.0, 0.0, 0.0, 0.0, 0.28754025772213937, 0.5604714069101545, 0.30185703807510433, 0.5610954047353179, 0.2811493626407658, 0.5889285141153744, 0.3111066594099005, 0.5967571413903324, 0.25653373301029203, 0.6122857052970816, 0.32587908928593, 0.6325180292129516, 0.2273392316730072, 0.6246909269580134, 0.3384742756684621, 0.6596634851561652, 0.2820171939829985, 0.6907216778507939, 0.2987653744096557, 0.6916344003544913, 0.26807327574739853, 0.7518264102370099, 0.2745106428861618, 0.7508464628899539, 0.2797033537823768, 0.8157906208391429, 0.28481103518911927, 0.8158734249964129]}