{"0": [0.5596460454165936, 0.42798343499501545, 0.5626797496030728, 0.42322836098847566, 0.5576972807447116, 0.42345144130565504, 0.5686577404771621, 0.42429789348884867, 0.5559215943018595, 0.4253831948395128, 0.5731436244988193, 0.45267859697341917, 0.5550161148111025, 0.45247743880307234, 0.577297729983305, 0.4836327902696751, 0.5533400513231754, 0.48502695376950283, 0.5603123382975658, 0.5000736146199483, 0.5503009590009849, 0.502342379755444, 0.5707650177180768, 0.5116072692252972, 0.5586624442289273, 0.5098780828493612, 0.5662654100606839, 0.5590859826654195, 0.5436100784068306, 0.5446234137923629, 0.5608956766935687, 0.6088152399769535, 0.5614781407018502, 0.6082173771328396], "1": [0.2906804737945398, 0.4587718782601533, 0.2910500232130289, 0.45277243057886757, 0.2876400729020437, 0.45569321388999623, 0.0, 0.0, 0.27963101093967757, 0.4606884954152284, 0.29562649105985955, 0.47774344481251857, 0.27494547093907984, 0.49062881315196, 0.3011679357538621, 0.5176397851219884, 0.27894614562392234, 0.5304882767575758, 0.30788687244057655, 0.5461855516389564, 0.2931297320872545, 0.5555207983211234, 0.293444502633065, 0.5587514317697949, 0.28340958468616007, 0.5609108556199957, 0.3038916384180387, 0.6074147983833595, 0.2791827863703171, 0.6080512095380712, 0.31574329485495883, 0.6608070530273297, 0.0, 0.0], "2": [0.0, 0.0, 0.0, 0.0, 0.0, 0.0, 0.0, 0.0, 0.0, 0.0, 0.0, 0.0, 0.0, 0.0, 0.0, 0.0, 0.0, 0.0, 0.0, 0.0, 0.0, 0.0, 0.0, 0.0, 0.0, 0.0, 0.27898331433534623, 0.6084948903984494, 0.303805889810125, 0.6094110574987199, 0.2781635670612256, 0.6605543962231388, 0.3159983381628991, 0.661496235816567], "3": [0.0, 0.0, 0.0, 0.0, 0.0, 0.0, 0.0, 0.0, 0.0, 0.0, 0.0, 0.0, 0.0, 0.0, 0.0, 0.0, 0.0, 0.0, 0.0, 0.0, 0.0, 0.0, 0.0, 0.0, 0.0, 0.0, 0.5434434576580922, 0.5456430898772345, 0.5641613196581602, 0.5591920255648869, 0.0, 0.0, 0.0, 0.0], "4": [0.0, 0.0, 0.0, 0.0, 0.0, 0.0, 0.0, 0.0, 0.0, 0.0, 0.0, 0.0, 0.0, 0.0, 0.0, 0.0, 0.0, 0.0, 0.0, 0.0, 0.0, 0.0, 0.0, 0.0, 0.0, 0.0, 0.0, 0.0, 0.0, 0.0, 0.5697623538474242, 0.5686153327977216, 0.0, 0.0], "5": [0.0, 0.0, 0.0, 0.0, 0.0, 0.0, 0.0, 0.0, 0.0, 0.0, 0.0, 0.0, 0.0, 0.0, 0.0, 0.0, 0.0, 0.0, 0.0, 0.0, 0.0, 0.0, 0.0, 0.0, 0.0, 0.0, 0.0, 0.0, 0.0, 0.0, 0.0, 0.0, 0.5702724749843279, 0.5683450254025283]}