{"0": [0.0, 0.0, 0.0, 0.0, 0.0, 0.0, 0.4907700409491857, 0.5171612989019465, 0.5044600896537303, 0.5176481399271223, 0.482571500291427, 0.5445989778610292, 0.5142716606147587, 0.5493301956741898, 0.4684206183689336, 0.5832417456088242, 0.5217975462476413, 0.5911175209063071, 0.4680239874869585, 0.5802671047272505, 0.5181762689103683, 0.6155154382741009, 0.4868465474496286, 0.628119945305365, 0.5068735194702944, 0.6324100019203291, 0.47380378395318984, 0.6844941069130545, 0.5090342222402493, 0.6802970477828273, 0.46140834676722686, 0.7451607099285831, 0.49884215636799734, 0.7465522916228683], "1": [0.0, 0.0, 0.0, 0.0, 0.0, 0.0, 0.2889929724236329, 0.5924156802671927, 0.3053551323711872, 0.5916962828901079, 0.28531837471139926, 0.6292501370112102, 0.3137075756366054, 0.6298359937138028, 0.27615784263859194, 0.6740067508485582, 0.3072691211476922, 0.669998478172002, 0.0, 0.0, 0.0, 0.0, 0.2879973257581393, 0.7211062676376768, 0.3083116089304288, 0.7221302378508779, 0.2800655553738276, 0.7949692630105548, 0.30078721307218076, 0.7724646042894435, 0.28625168843815724, 0.8722185095151266, 0.30207927157801656, 0.8193045144831694], "2": [0.0, 0.0, 0.0, 0.0, 0.0, 0.0, 0.0, 0.0, 0.0, 0.0, 0.0, 0.0, 0.0, 0.0, 0.0, 0.0, 0.0, 0.0, 0.0, 0.0, 0.0, 0.0, 0.0, 0.0, 0.0, 0.0, 0.0, 0.0, 0.0, 0.0, 0.0, 0.0, 0.2865160415569941, 0.8718225349982579]}