{"0": [0.44249374245603873, 0.5398707063109787, 0.4463833000510931, 0.5338707877529992, 0.44034268576651814, 0.5346234699090323, 0.4538688232501348, 0.5354847068036044, 0.0, 0.0, 0.4657344116518895, 0.5754496993841949, 0.4334156092256307, 0.5726433217525481, 0.47450679739316304, 0.6143076472812229, 0.42728662613468865, 0.6090150197347005, 0.466822932412227, 0.6298722576212001, 0.4224191529365877, 0.6420104161456779, 0.4595575943589211, 0.6607075481503099, 0.43735312248269714, 0.6610657201872931, 0.46298852463563284, 0.7168953703509436, 0.4380534344663223, 0.7261864794625177, 0.46541026973476013, 0.7722311832286693, 0.4342603109776973, 0.8026265658714153], "1": [0.0, 0.0, 0.0, 0.0, 0.0, 0.0, 0.753643145163854, 0.5690357579125298, 0.7698490684231122, 0.5742279473968126, 0.7358541649766266, 0.5998710098089994, 0.770754369472464, 0.606986117804492, 0.7238842528313398, 0.6425650952038942, 0.7814029371986785, 0.605359771406209, 0.7267678847536445, 0.6419928348726697, 0.0, 0.0, 0.7366178980718057, 0.6916304089404919, 0.7574483525007962, 0.6993392555250062, 0.741306146979332, 0.7586331197509059, 0.75511518381536, 0.7629005633018635, 0.7425467900931835, 0.8363539600813831, 0.7419718347489834, 0.8403231184515688]}