{"0": [0.34353462345898145, 0.500738231892939, 0.34464987417062126, 0.495922346468325, 0.3408307337512573, 0.49564467469851176, 0.0, 0.0, 0.3320961946000655, 0.49606954367072503, 0.3464077563335498, 0.5185588523193643, 0.3199654464920362, 0.5212900967509658, 0.36216400923828285, 0.5403372861720898, 0.3096673079455892, 0.559039494464243, 0.3738693218678236, 0.5654094487428665, 0.3098265505706271, 0.5503508032472045, 0.3408133884270986, 0.591535989884977, 0.32286526389652864, 0.5955826126314976, 0.354914354532957, 0.6292958065315529, 0.3180657148982088, 0.6458605794994919, 0.3563478398524846, 0.6894985525696365, 0.313785043420891, 0.7022631166157899], "1": [0.0, 0.0, 0.0, 0.0, 0.0, 0.0, 0.6120124291628599, 0.5434986466610873, 0.6257355467726787, 0.5471138190340112, 0.6016704900811116, 0.5773821863863203, 0.6337334630390008, 0.5826248791482714, 0.5899357965216041, 0.6141421271695032, 0.6419164463877678, 0.6241442968448003, 0.5875494425495466, 0.6268030475135202, 0.6425968393683433, 0.6538369986746047, 0.6045491579920054, 0.6643475581098485, 0.6238776195794344, 0.6692488593083842, 0.5953751305739085, 0.7301474572331818, 0.6190770206352075, 0.7364722733696302, 0.5864631113906701, 0.7963972544780484, 0.616125651448965, 0.798354188380418]}