{"0": [0.2736535287151734, 0.6398513535658519, 0.27699614482310914, 0.6308617525630525, 0.2700072025259336, 0.6336634835435284, 0.2858635978773236, 0.6280141205699356, 0.0, 0.0, 0.29848344220469397, 0.6689392316120643, 0.26862165197574844, 0.6642805032156132, 0.30892864813407256, 0.7213167068031099, 0.2700809817761183, 0.714653176083057, 0.30722420141100887, 0.7683139861733825, 0.2626590222120285, 0.7479227556122674, 0.29621256043513616, 0.7771426134639317, 0.27358932302643857, 0.7745509861795992, 0.2951637716343006, 0.8444324519899158, 0.272004305322965, 0.8364539111102068, 0.2947000510369738, 0.9218060093069518, 0.2945512923101584, 0.921192227911066], "1": [0.5695525800188382, 0.41731782224443226, 0.5706183776259423, 0.41417302555508084, 0.56705331094563, 0.4140562852223714, 0.0, 0.0, 0.5607634875612955, 0.4151771655789128, 0.5708643464992443, 0.43065294203934845, 0.5538463535408179, 0.43762351539399885, 0.5787122532725334, 0.4399121735382963, 0.5532775595784187, 0.457965659432941, 0.5732533600491782, 0.4257770081223161, 0.5623484576741854, 0.431484838437151, 0.5640259581928452, 0.5087295203297226, 0.5577176742255687, 0.5081624925136566, 0.5673557005822658, 0.5553248747631355, 0.5487151610975464, 0.554821413534659, 0.5733525212854147, 0.5944192855446427, 0.5363134371737639, 0.589785813236678], "2": [0.0, 0.0, 0.0, 0.0, 0.0, 0.0, 0.0, 0.0, 0.0, 0.0, 0.0, 0.0, 0.0, 0.0, 0.0, 0.0, 0.0, 0.0, 0.0, 0.0, 0.5600631871260703, 0.5265840411186218, 0.0, 0.0, 0.0, 0.0, 0.0, 0.0, 0.0, 0.0, 0.0, 0.0, 0.0, 0.0], "3": [0.0, 0.0, 0.0, 0.0, 0.0, 0.0, 0.0, 0.0, 0.0, 0.0, 0.0, 0.0, 0.0, 0.0, 0.0, 0.0, 0.0, 0.0, 0.0, 0.0, 0.0, 0.0, 0.0, 0.0, 0.0, 0.0, 0.548111883799235, 0.5555070912396466, 0.567140578230222, 0.5562778219028756, 0.5370625977714857, 0.5901399374008178, 0.5737369432424505, 0.5955561890094369], "4": [0.0, 0.0, 0.0, 0.0, 0.0, 0.0, 0.0, 0.0, 0.0, 0.0, 0.0, 0.0, 0.0, 0.0, 0.0, 0.0, 0.0, 0.0, 0.0, 0.0, 0.0, 0.0, 0.0, 0.0, 0.0, 0.0, 0.0, 0.0, 0.29527848660945893, 0.8459976295630137, 0.0, 0.0, 0.0, 0.0]}