{"0": [0.2861756371955077, 0.6177833489797734, 0.28463059905916455, 0.6112753062198559, 0.0, 0.0, 0.28841549617548784, 0.5981632051644501, 0.0, 0.0, 0.3032740777979294, 0.6050647731180544, 0.2990299977362156, 0.6033001851704386, 0.3005897130817175, 0.6406427724286914, 0.30107361109306413, 0.6412143680784438, 0.2835755106061697, 0.6692495582280336, 0.28325671230753263, 0.6668842028688502, 0.33886307186136644, 0.6637547362181876, 0.32623537505666417, 0.6658497726475751, 0.3303751160701116, 0.7327510897760039, 0.3018364355588953, 0.6843760727180376, 0.36116005629301073, 0.7810156538530633, 0.30176849296937386, 0.747517153068825], "1": [0.42495854273438455, 0.5115777911963286, 0.4250611820568641, 0.5069231863375063, 0.0, 0.0, 0.4288720222810904, 0.5111202403351113, 0.4417958763738473, 0.5081640819156611, 0.42820134833455087, 0.5411023210596155, 0.4555143345147371, 0.5355814775934926, 0.41969370457033317, 0.5827703021190785, 0.46494038521001735, 0.5773615247673458, 0.41498234787335, 0.5656728472974565, 0.4569833884636561, 0.5959165853206758, 0.4378374916811784, 0.6255430904527505, 0.4586358547210693, 0.6192757583878659, 0.43286072884996735, 0.6773837974777928, 0.4667645188669363, 0.6700529790862843, 0.433744078874588, 0.7309860222869448, 0.47691503522607187, 0.727922088459686], "2": [0.0, 0.0, 0.0, 0.0, 0.0, 0.0, 0.0, 0.0, 0.0, 0.0, 0.0, 0.0, 0.0, 0.0, 0.0, 0.0, 0.0, 0.0, 0.0, 0.0, 0.0, 0.0, 0.0, 0.0, 0.34308006980766853, 0.6619443034684217, 0.0, 0.0, 0.0, 0.0, 0.0, 0.0, 0.0, 0.0], "3": [0.0, 0.0, 0.0, 0.0, 0.0, 0.0, 0.0, 0.0, 0.0, 0.0, 0.0, 0.0, 0.0, 0.0, 0.0, 0.0, 0.0, 0.0, 0.0, 0.0, 0.0, 0.0, 0.0, 0.0, 0.0, 0.0, 0.3018254203100999, 0.6843806102871894, 0.0, 0.0, 0.0, 0.0, 0.0, 0.0], "4": [0.0, 0.0, 0.0, 0.0, 0.0, 0.0, 0.0, 0.0, 0.0, 0.0, 0.0, 0.0, 0.0, 0.0, 0.0, 0.0, 0.0, 0.0, 0.0, 0.0, 0.0, 0.0, 0.0, 0.0, 0.0, 0.0, 0.0, 0.0, 0.0, 0.0, 0.3010684125125408, 0.7491204897562663, 0.0, 0.0], "5": [0.0, 0.0, 0.0, 0.0, 0.0, 0.0, 0.0, 0.0, 0.0, 0.0, 0.0, 0.0, 0.0, 0.0, 0.0, 0.0, 0.0, 0.0, 0.0, 0.0, 0.0, 0.0, 0.0, 0.0, 0.0, 0.0, 0.0, 0.0, 0.0, 0.0, 0.0, 0.0, 0.36087626746545237, 0.7814486181259983]}