{"0": [0.6110710256422559, 0.5754014520733444, 0.6109655787547429, 0.5693680504957835, 0.6085645449658235, 0.5699483970801036, 0.0, 0.0, 0.5984694647913178, 0.569797694683075, 0.6014245255539813, 0.5927591783029061, 0.5888193898523847, 0.5916469944847955, 0.6007724396884442, 0.6274718935842867, 0.5729680641282661, 0.6427446678832726, 0.607712555428346, 0.6509636892212762, 0.5787030948946873, 0.688125670839239, 0.5839357916265726, 0.6549426624068507, 0.5778989000393511, 0.6507948472463009, 0.5899858687693874, 0.7226335896110093, 0.0, 0.0, 0.5748211525380611, 0.7561692401214883, 0.5738818521921834, 0.7574091173984386], "1": [0.5643727142053346, 0.4804571160563716, 0.0, 0.0, 0.5632697011033694, 0.47616542798501477, 0.0, 0.0, 0.5579911847909291, 0.47884098732912983, 0.54896015090247, 0.4986097300494159, 0.5552681119491657, 0.5032127212595057, 0.5476567892978589, 0.539303430362984, 0.5491049375385046, 0.5438015582936782, 0.560826309894522, 0.5727601453110024, 0.5641606620823344, 0.5781254386460339, 0.5368124441554148, 0.5743384713651958, 0.5457671668380499, 0.5764606897477751, 0.5338714353740215, 0.6382751844547413, 0.559485969444116, 0.6256957621486099, 0.5146165785302098, 0.6876350791366012, 0.5512578509747982, 0.685615243817921], "2": [0.0, 0.0, 0.0, 0.0, 0.0, 0.0, 0.0, 0.0, 0.0, 0.0, 0.0, 0.0, 0.0, 0.0, 0.0, 0.0, 0.0, 0.0, 0.5679547901575764, 0.5110868250882185, 0.0, 0.0, 0.0, 0.0, 0.0, 0.0, 0.0, 0.0, 0.0, 0.0, 0.0, 0.0, 0.0, 0.0], "3": [0.0, 0.0, 0.0, 0.0, 0.0, 0.0, 0.0, 0.0, 0.0, 0.0, 0.0, 0.0, 0.0, 0.0, 0.0, 0.0, 0.0, 0.0, 0.0, 0.0, 0.5677792410055796, 0.5126062759646663, 0.0, 0.0, 0.0, 0.0, 0.0, 0.0, 0.0, 0.0, 0.0, 0.0, 0.0, 0.0], "4": [0.0, 0.0, 0.0, 0.0, 0.0, 0.0, 0.0, 0.0, 0.0, 0.0, 0.0, 0.0, 0.0, 0.0, 0.0, 0.0, 0.0, 0.0, 0.0, 0.0, 0.0, 0.0, 0.0, 0.0, 0.0, 0.0, 0.5860156488294402, 0.6736101514763302, 0.0, 0.0, 0.0, 0.0, 0.0, 0.0], "5": [0.0, 0.0, 0.0, 0.0, 0.0, 0.0, 0.0, 0.0, 0.0, 0.0, 0.0, 0.0, 0.0, 0.0, 0.0, 0.0, 0.0, 0.0, 0.0, 0.0, 0.0, 0.0, 0.0, 0.0, 0.0, 0.0, 0.0, 0.0, 0.5892544222374757, 0.7233950164582994, 0.0, 0.0, 0.0, 0.0], "6": [0.0, 0.0, 0.0, 0.0, 0.0, 0.0, 0.0, 0.0, 0.0, 0.0, 0.0, 0.0, 0.0, 0.0, 0.0, 0.0, 0.0, 0.0, 0.0, 0.0, 0.0, 0.0, 0.0, 0.0, 0.0, 0.0, 0.0, 0.0, 0.0, 0.0, 0.5517145365476608, 0.6861955731003373, 0.0, 0.0]}