{"0": [0.32041325022776923, 0.4539611879322264, 0.3203121629854043, 0.4505165956638478, 0.0, 0.0, 0.3235514437158903, 0.4482848065870779, 0.0, 0.0, 0.33295833319425583, 0.46284834211347287, 0.3334514322380224, 0.4620180567105611, 0.3457936958720287, 0.4856720729558556, 0.34665966940422854, 0.4863358468921096, 0.35724176100144783, 0.5137055150888584, 0.3584734436124563, 0.5136067008530653, 0.3468847952783108, 0.536686010879499, 0.35369476253787674, 0.5348678917796523, 0.3417528741061688, 0.5833098646667269, 0.3504063655932744, 0.5819916834433874, 0.34705864389737445, 0.6341981372347585, 0.35219666508492087, 0.6323980185720657], "1": [0.46347115313013393, 0.5052687552240159, 0.0, 0.0, 0.4631442519525687, 0.5005565263606884, 0.44691108583162226, 0.5026121832706311, 0.458874365190665, 0.501975146929423, 0.43798594002922375, 0.5308574350895705, 0.4581890826423963, 0.5405743024967334, 0.43070216675599415, 0.5632793854784083, 0.4577691706518332, 0.5853098427807844, 0.0, 0.0, 0.0, 0.0, 0.4378631139794985, 0.6092915211562757, 0.44904472269117834, 0.6097176495525573, 0.4453643816212814, 0.6554838600396006, 0.44905110013981664, 0.6593554607144109, 0.4298208005726337, 0.7017884807454216, 0.4395339263253845, 0.7079791214731005], "2": [0.0, 0.0, 0.0, 0.0, 0.0, 0.0, 0.0, 0.0, 0.0, 0.0, 0.0, 0.0, 0.0, 0.0, 0.0, 0.0, 0.0, 0.0, 0.3307418287731707, 0.5329712805924592, 0.0, 0.0, 0.0, 0.0, 0.0, 0.0, 0.0, 0.0, 0.0, 0.0, 0.0, 0.0, 0.0, 0.0], "3": [0.0, 0.0, 0.0, 0.0, 0.0, 0.0, 0.0, 0.0, 0.0, 0.0, 0.0, 0.0, 0.0, 0.0, 0.0, 0.0, 0.0, 0.0, 0.0, 0.0, 0.3300461135804653, 0.5326927052603827, 0.0, 0.0, 0.0, 0.0, 0.0, 0.0, 0.0, 0.0, 0.0, 0.0, 0.0, 0.0]}