{"0": [0.17349882051348683, 0.7396616366174485, 0.18017294071614742, 0.7300306556677377, 0.16974342757215102, 0.7317780081872587, 0.18576850537210704, 0.7138869728203173, 0.0, 0.0, 0.20353502966463566, 0.7278422769573, 0.15848737185200054, 0.7373567707284733, 0.22173472692569096, 0.7528627915514841, 0.13328181902567546, 0.7386202461189695, 0.0, 0.0, 0.10102304394046466, 0.742769734064738, 0.21635570675134658, 0.8319054862967243, 0.1883517264078061, 0.8462598997133749, 0.22525279459853967, 0.9071801612498583, 0.19543562134106954, 0.915481900561739, 0.0, 0.0, 0.0, 0.0], "1": [0.7258605937163035, 0.6228294213612874, 0.7272841204889119, 0.621334778379511, 0.7271876231379186, 0.6177110691865285, 0.0, 0.0, 0.7268442899920047, 0.6082638550687719, 0.7247230852643649, 0.6032491195808958, 0.7129257310173622, 0.600512414201703, 0.71321292668581, 0.6396870129638248, 0.6938175533587734, 0.632842117216852, 0.7137521068875988, 0.6521143584339707, 0.0, 0.0, 0.0, 0.0, 0.6867071789999802, 0.5806771225951336, 0.0, 0.0, 0.0, 0.0, 0.0, 0.0, 0.0, 0.0], "2": [0.0, 0.0, 0.0, 0.0, 0.0, 0.0, 0.0, 0.0, 0.0, 0.0, 0.0, 0.0, 0.0, 0.0, 0.0, 0.0, 0.717497464021047, 0.6337512685192956, 0.0, 0.0, 0.0, 0.0, 0.0, 0.0, 0.0, 0.0, 0.0, 0.0, 0.0, 0.0, 0.0, 0.0, 0.0, 0.0], "3": [0.0, 0.0, 0.0, 0.0, 0.0, 0.0, 0.0, 0.0, 0.0, 0.0, 0.0, 0.0, 0.0, 0.0, 0.0, 0.0, 0.0, 0.0, 0.0, 0.0, 0.0, 0.0, 0.6835498983661333, 0.5801326594970845, 0.0, 0.0, 0.0, 0.0, 0.0, 0.0, 0.0, 0.0, 0.0, 0.0], "4": [0.0, 0.0, 0.0, 0.0, 0.0, 0.0, 0.0, 0.0, 0.0, 0.0, 0.0, 0.0, 0.0, 0.0, 0.0, 0.0, 0.0, 0.0, 0.0, 0.0, 0.0, 0.0, 0.7023333868632714, 0.6363745711467884, 0.0, 0.0, 0.7026954400663574, 0.6686532603369819, 0.0, 0.0, 0.6982624436418216, 0.6949139522181617, 0.0, 0.0], "5": [0.0, 0.0, 0.0, 0.0, 0.0, 0.0, 0.0, 0.0, 0.0, 0.0, 0.0, 0.0, 0.0, 0.0, 0.0, 0.0, 0.0, 0.0, 0.0, 0.0, 0.0, 0.0, 0.0, 0.0, 0.6981690027751029, 0.6312597727334058, 0.0, 0.0, 0.6977152326454719, 0.6685340861479442, 0.0, 0.0, 0.6890714533316592, 0.6818940855838634], "6": [0.0, 0.0, 0.0, 0.0, 0.0, 0.0, 0.0, 0.0, 0.0, 0.0, 0.0, 0.0, 0.0, 0.0, 0.0, 0.0, 0.0, 0.0, 0.0, 0.0, 0.0, 0.0, 0.0, 0.0, 0.21810262445360423, 0.8315905566568728, 0.19609089518586795, 0.9179202686857294, 0.22545466845234235, 0.9104402701059977, 0.2008001380910476, 0.9892672867134765, 0.22275827831278244, 0.9692848717724836], "7": [0.0, 0.0, 0.0, 0.0, 0.0, 0.0, 0.0, 0.0, 0.0, 0.0, 0.0, 0.0, 0.0, 0.0, 0.0, 0.0, 0.0, 0.0, 0.0, 0.0, 0.0, 0.0, 0.0, 0.0, 0.0, 0.0, 0.6916273757815361, 0.6345343155993356, 0.6915925445655982, 0.6346259494622548, 0.0, 0.0, 0.0, 0.0]}