{"0": [0.0, 0.0, 0.3914017848670483, 0.44852453735139636, 0.0, 0.0, 0.39265246006349724, 0.4480180545261613, 0.40226839675257603, 0.4433110532937226, 0.4007331310460965, 0.4658825512285586, 0.40770916615923253, 0.4611941357453664, 0.38933162099371355, 0.49518739338274353, 0.0, 0.0, 0.38171415670464437, 0.4855959785481294, 0.0, 0.0, 0.4209753945469856, 0.5167110977349458, 0.42696830138253666, 0.5143267933969145, 0.40449349557360015, 0.5635300294116691, 0.4119376527766387, 0.5590953798895633, 0.4121054510275523, 0.6110216080245596, 0.4121460867424806, 0.6092253768885577], "1": [0.0, 0.0, 0.0, 0.0, 0.0, 0.0, 0.46316671793659536, 0.4716056821522889, 0.4751484754184882, 0.47016825889823616, 0.45913576806584994, 0.5004251161659206, 0.4844474524880449, 0.49686491202425076, 0.4508777172615131, 0.5359311523260893, 0.49313019930074614, 0.5326890117592282, 0.4480255787804102, 0.563084363495862, 0.49883805265029274, 0.5648985356092453, 0.46456185142354417, 0.5632037206932351, 0.4832872619231542, 0.5620869687309972, 0.46552327331155535, 0.6017727059346658, 0.48990315211315943, 0.6086395144462585, 0.4607636715906362, 0.6493756380346087, 0.48117716633714736, 0.6656835229308516], "2": [0.0, 0.0, 0.0, 0.0, 0.0, 0.0, 0.0, 0.0, 0.0, 0.0, 0.0, 0.0, 0.0, 0.0, 0.0, 0.0, 0.39344298259044685, 0.4923328458159058, 0.0, 0.0, 0.3837517727166414, 0.4832117853341279, 0.0, 0.0, 0.0, 0.0, 0.0, 0.0, 0.0, 0.0, 0.0, 0.0, 0.0, 0.0], "3": [0.0, 0.0, 0.0, 0.0, 0.0, 0.0, 0.0, 0.0, 0.0, 0.0, 0.0, 0.0, 0.0, 0.0, 0.0, 0.0, 0.0, 0.0, 0.0, 0.0, 0.0, 0.0, 0.0, 0.0, 0.0, 0.0, 0.0, 0.0, 0.0, 0.0, 0.0, 0.0, 0.4153155729795496, 0.5664534833696153]}