{"0": [0.7024974698200822, 0.5565934496897238, 0.7020232463216719, 0.5504712028635873, 0.0, 0.0, 0.7075743859012921, 0.542495498833833, 0.0, 0.0, 0.7210637097557385, 0.5519538887259033, 0.719351425083975, 0.5500145574410756, 0.7305572636425495, 0.5910052593107576, 0.7156336235503356, 0.6000333393061602, 0.7356845952570439, 0.626169314870128, 0.7093129181613524, 0.6113015952347606, 0.751292782711486, 0.598960170922456, 0.7549668945380369, 0.5984905950091688, 0.7376919281979402, 0.6510941377392523, 0.73790896050632, 0.6527604173730921, 0.7318640468642116, 0.7029904913019251, 0.7319273234034578, 0.701359604243879], "1": [0.0, 0.0, 0.0, 0.0, 0.0, 0.0, 0.2561129744940748, 0.5586531497814037, 0.27387699459989867, 0.5567270119984945, 0.2513346993674835, 0.6040193491787822, 0.28327347164352734, 0.5939724699214652, 0.2506964974105358, 0.6508848477292943, 0.2845627710223198, 0.6325584098144814, 0.2400215109810233, 0.6614280945724911, 0.0, 0.0, 0.2622186202555895, 0.6899861735326271, 0.28139100153930485, 0.6870717715334009, 0.24418075360978644, 0.7444001897376169, 0.27019610566397506, 0.7405395022145023, 0.25024967826902866, 0.8153203615435848, 0.2786868618180354, 0.8036780813174254], "2": [0.0, 0.0, 0.0, 0.0, 0.0, 0.0, 0.0, 0.0, 0.0, 0.0, 0.0, 0.0, 0.0, 0.0, 0.0, 0.0, 0.0, 0.0, 0.7081446923315525, 0.6117057440457521, 0.0, 0.0, 0.0, 0.0, 0.0, 0.0, 0.0, 0.0, 0.0, 0.0, 0.0, 0.0, 0.0, 0.0]}