{"0": [0.0, 0.0, 0.0, 0.0, 0.0, 0.0, 0.6032322062800328, 0.5355153336569115, 0.6183870868757367, 0.5421864257918464, 0.5886211276675264, 0.5596790001900108, 0.6164411102732024, 0.5796552299349397, 0.5799888856709003, 0.6051406233399004, 0.6167213723063468, 0.6244196657781249, 0.0, 0.0, 0.6239780629674594, 0.6597114682197571, 0.5832965120673179, 0.6532058155095137, 0.599063582966725, 0.655000325816649, 0.5963119742770989, 0.703065871309351, 0.6080128731826941, 0.705279732854278, 0.6004951244841019, 0.7591912772782424, 0.6000334389507771, 0.7592274363773565], "1": [0.0, 0.0, 0.0, 0.0, 0.0, 0.0, 0.564962116908282, 0.5259645682794076, 0.5802321064596375, 0.5291202860849875, 0.5522649555156628, 0.5546422137154473, 0.5830207052330176, 0.5620505193869273, 0.5353050429917251, 0.5892446358446721, 0.5784335071841876, 0.6054264937286024, 0.5377803834776084, 0.6203944340900138, 0.0, 0.0, 0.5500790650645891, 0.633496713058816, 0.5692265371481577, 0.6400924851497015, 0.5413987296322982, 0.67603662289955, 0.5655414630348484, 0.6833171641385114, 0.5307446170287827, 0.7211394018597073, 0.5599791576464971, 0.7320646802584331]}