{"0": [0.4798039286086956, 0.3967127845519119, 0.48019159709413844, 0.39343175755606763, 0.0, 0.0, 0.4844684651121497, 0.3962985035271332, 0.0, 0.0, 0.4871033148219188, 0.4191813305020332, 0.49270333386957643, 0.41604791393986457, 0.481990314523379, 0.45106906007837366, 0.48440153381476797, 0.4486649532560949, 0.4718490444123745, 0.4620074913457588, 0.47533671371638775, 0.45703774304301653, 0.49132869516809785, 0.4818117121855418, 0.49581316163142525, 0.4801640645221428, 0.4873274109015862, 0.5242786272808357, 0.49852939787560574, 0.5243534103325861, 0.47530444723864396, 0.5575188407191524, 0.5089378196746112, 0.5664898895141152], "1": [0.5355624674198528, 0.46099462111790973, 0.0, 0.0, 0.5347641580427687, 0.4558088401677432, 0.0, 0.0, 0.5301409270614384, 0.4544711533519956, 0.5322466813648741, 0.47072584549034086, 0.5181864450996121, 0.4772087495636057, 0.5328837420791388, 0.49824795513241377, 0.5108717911876738, 0.49901930413864276, 0.5396131982988057, 0.5132164306110806, 0.5229939248645679, 0.4991861841744847, 0.5283766206353903, 0.5385946218614225, 0.5208672339717547, 0.5423911149855013, 0.5331000246107579, 0.582520149813758, 0.5219353582089146, 0.5895433419280584, 0.5230286394556364, 0.6422100836480106, 0.5226978194278975, 0.6417981778030043], "2": [0.0, 0.0, 0.0, 0.0, 0.0, 0.0, 0.0, 0.0, 0.0, 0.0, 0.0, 0.0, 0.0, 0.0, 0.0, 0.0, 0.0, 0.0, 0.0, 0.0, 0.0, 0.0, 0.0, 0.0, 0.0, 0.0, 0.5024497287968795, 0.5288354025946723, 0.0, 0.0, 0.5103593636653386, 0.5662089247670439, 0.0, 0.0], "3": [0.0, 0.0, 0.0, 0.0, 0.0, 0.0, 0.0, 0.0, 0.0, 0.0, 0.0, 0.0, 0.0, 0.0, 0.0, 0.0, 0.0, 0.0, 0.0, 0.0, 0.0, 0.0, 0.0, 0.0, 0.0, 0.0, 0.0, 0.0, 0.0, 0.0, 0.0, 0.0, 0.4748609136790038, 0.5569622136928417]}