{"0": [0.3635613339021802, 0.5951682627201079, 0.3628858891626198, 0.5894661570036853, 0.36161752020319304, 0.5912763524938512, 0.3710228378574054, 0.5821430351999071, 0.0, 0.0, 0.3868724435567856, 0.6094974082929117, 0.3758005776753028, 0.611289964630096, 0.3994225482145945, 0.6610598610507117, 0.37594534320135914, 0.6556975913268548, 0.3887917061025898, 0.7033270014656915, 0.3646566417689125, 0.6762668951793953, 0.38699620539943375, 0.7080703458300344, 0.38140634234684206, 0.7031996391437672, 0.38408148773014544, 0.7651690327458911, 0.38501589934652053, 0.7643091530711562, 0.393616479402408, 0.8161091698540581, 0.39430304784327747, 0.8152515680701644], "1": [0.6384348983565966, 0.38061929565888863, 0.0, 0.0, 0.6385579711447159, 0.3771279573440552, 0.6305221606666843, 0.36934697098202174, 0.6365548231949408, 0.37483520529888287, 0.6224665833016236, 0.37496697610175167, 0.6326400658736626, 0.384350304029606, 0.6106016206399848, 0.38680707392869174, 0.6310150034880887, 0.40906770361794365, 0.0, 0.0, 0.6317127613040309, 0.42922194754635845, 0.6066064464859665, 0.4109795365344595, 0.6132448243598142, 0.4116859834503245, 0.6151681243131558, 0.444903709270336, 0.6168284869442383, 0.44532387013788577, 0.6110974570115407, 0.4835830689580352, 0.6090199178705613, 0.48629872456744866], "2": [0.0, 0.0, 0.0, 0.0, 0.0, 0.0, 0.0, 0.0, 0.0, 0.0, 0.0, 0.0, 0.0, 0.0, 0.0, 0.0, 0.0, 0.0, 0.0, 0.0, 0.6339176149417957, 0.4017928198531822, 0.0, 0.0, 0.0, 0.0, 0.0, 0.0, 0.0, 0.0, 0.0, 0.0, 0.0, 0.0], "3": [0.0, 0.0, 0.0, 0.0, 0.0, 0.0, 0.0, 0.0, 0.0, 0.0, 0.0, 0.0, 0.0, 0.0, 0.0, 0.0, 0.0, 0.0, 0.0, 0.0, 0.0, 0.0, 0.0, 0.0, 0.0, 0.0, 0.0, 0.0, 0.0, 0.0, 0.3778288096189499, 0.8531464216885742, 0.0, 0.0], "4": [0.0, 0.0, 0.0, 0.0, 0.0, 0.0, 0.0, 0.0, 0.0, 0.0, 0.0, 0.0, 0.0, 0.0, 0.0, 0.0, 0.0, 0.0, 0.0, 0.0, 0.0, 0.0, 0.0, 0.0, 0.0, 0.0, 0.0, 0.0, 0.0, 0.0, 0.0, 0.0, 0.3781435747941335, 0.8525234906761735]}