{"0": [0.0, 0.0, 0.0, 0.0, 0.0, 0.0, 0.6664644117156665, 0.5579884996016821, 0.6815902183453242, 0.5630297934567486, 0.6535413790494203, 0.5815836603856749, 0.6800727091729641, 0.6061268952157761, 0.6366338733583687, 0.6017408644711529, 0.6990345690399409, 0.6461700710985395, 0.0, 0.0, 0.7211635957161585, 0.6669128161889536, 0.6484368617025514, 0.6809419137460214, 0.6668113427857558, 0.6847227095453827, 0.6464941523969173, 0.7307818827805695, 0.6779507687315345, 0.7493976844681633, 0.6365939830740293, 0.7815855594696823, 0.6784183509647846, 0.8214208525639993], "1": [0.0, 0.0, 0.0, 0.0, 0.0, 0.0, 0.4381107863038779, 0.5009982974440963, 0.4517482602968812, 0.5072571496030799, 0.4252273934582869, 0.5119209784048575, 0.44930955121914545, 0.5384193510920913, 0.4083647035062314, 0.5321272843413882, 0.44566651023924353, 0.579279946397852, 0.3966039247810841, 0.5520756699558761, 0.44268934975067775, 0.5705559712869149, 0.4123516875008742, 0.5956602840511888, 0.4283033481488625, 0.5992064122800473, 0.41311972998082636, 0.6404471097445047, 0.4476507255497078, 0.6335962189844361, 0.39647883077462515, 0.6860587017955604, 0.44438347835093744, 0.6970284298614219], "2": [0.0, 0.0, 0.0, 0.0, 0.0, 0.0, 0.0, 0.0, 0.0, 0.0, 0.0, 0.0, 0.0, 0.0, 0.0, 0.0, 0.0, 0.0, 0.635824169528981, 0.5973131083779865, 0.0, 0.0, 0.0, 0.0, 0.0, 0.0, 0.0, 0.0, 0.0, 0.0, 0.0, 0.0, 0.0, 0.0], "3": [0.0, 0.0, 0.0, 0.0, 0.0, 0.0, 0.0, 0.0, 0.0, 0.0, 0.0, 0.0, 0.0, 0.0, 0.0, 0.0, 0.0, 0.0, 0.7198700313766798, 0.6654761702926071, 0.0, 0.0, 0.0, 0.0, 0.0, 0.0, 0.0, 0.0, 0.0, 0.0, 0.0, 0.0, 0.0, 0.0], "4": [0.0, 0.0, 0.0, 0.0, 0.0, 0.0, 0.0, 0.0, 0.0, 0.0, 0.0, 0.0, 0.0, 0.0, 0.0, 0.0, 0.0, 0.0, 0.0, 0.0, 0.0, 0.0, 0.0, 0.0, 0.0, 0.0, 0.0, 0.0, 0.0, 0.0, 0.0, 0.0, 0.42791662390033397, 0.654760939600291]}