{"0": [0.38952214130355667, 0.5455321766712047, 0.3898202162546417, 0.5402479959858788, 0.0, 0.0, 0.3966338178763787, 0.5374664321541787, 0.0, 0.0, 0.3956718884408474, 0.5687011259573477, 0.42338045462965973, 0.5535876659331498, 0.3996632674088081, 0.6091670431472637, 0.4371901571750641, 0.5870926592085096, 0.38650058085719746, 0.6426906435577957, 0.4455121072630088, 0.6201239617886367, 0.412566576898098, 0.6429663079756278, 0.4319510703906417, 0.6410205242810426, 0.40592180428405605, 0.6919676484333144, 0.44169088937342166, 0.6944011316255286, 0.40197830845136195, 0.7387553447926486, 0.45344101389249164, 0.7586533633647141], "1": [0.23854010303815207, 0.6920364653622663, 0.23882778671880564, 0.6855880970204318, 0.0, 0.0, 0.24681952533622584, 0.679968449142244, 0.0, 0.0, 0.26775071448094717, 0.6890832926992079, 0.2540013283491135, 0.7050682248892609, 0.28676938911279043, 0.7132559690210555, 0.26031875353461753, 0.7329042280161824, 0.2686153702593098, 0.7489516187597204, 0.0, 0.0, 0.30403733228643737, 0.7421976067401744, 0.2834976812203725, 0.7457182376473038, 0.2920125996073087, 0.8198149505588742, 0.2653372213244438, 0.8079025990433162, 0.3019892550694446, 0.8636256253829708, 0.27723078943478563, 0.8611651336705243], "2": [0.0, 0.0, 0.0, 0.0, 0.0, 0.0, 0.0, 0.0, 0.0, 0.0, 0.0, 0.0, 0.0, 0.0, 0.0, 0.0, 0.0, 0.0, 0.0, 0.0, 0.26496032057330016, 0.7519019375451736, 0.0, 0.0, 0.0, 0.0, 0.0, 0.0, 0.0, 0.0, 0.0, 0.0, 0.0, 0.0], "3": [0.0, 0.0, 0.0, 0.0, 0.0, 0.0, 0.0, 0.0, 0.0, 0.0, 0.0, 0.0, 0.0, 0.0, 0.0, 0.0, 0.0, 0.0, 0.0, 0.0, 0.0, 0.0, 0.0, 0.0, 0.3097327398136258, 0.738437576647158, 0.2653076455617945, 0.808670120327561, 0.29109830732146896, 0.8175959847591542, 0.27716606797960897, 0.8655046855961835, 0.30176310691361624, 0.8623538974810528], "4": [0.0, 0.0, 0.0, 0.0, 0.0, 0.0, 0.0, 0.0, 0.0, 0.0, 0.0, 0.0, 0.0, 0.0, 0.0, 0.0, 0.0, 0.0, 0.0, 0.0, 0.0, 0.0, 0.0, 0.0, 0.0, 0.0, 0.0, 0.0, 0.40764661381642026, 0.6908256025226028, 0.0, 0.0, 0.0, 0.0]}