{"0": [0.42288121070790413, 0.532774543762207, 0.4235859745492538, 0.5277523901727464, 0.0, 0.0, 0.4309283280124267, 0.528102923322607, 0.0, 0.0, 0.4263555280864239, 0.5605966161798548, 0.4543059838314851, 0.5536652234969316, 0.425217662503322, 0.6032415113791272, 0.4664823358257612, 0.5926719802397269, 0.0, 0.0, 0.4670946372052034, 0.6202571949473132, 0.4370237632344166, 0.6404383391969733, 0.4530106493582328, 0.6391367642967789, 0.4380353153993685, 0.7029128818600265, 0.4553864261135459, 0.694138882778309, 0.4483785944059491, 0.7574318204764967, 0.4631106769045194, 0.7543246088204559], "1": [0.2608718310793241, 0.6531389889893708, 0.2614225725332896, 0.6463776694403754, 0.0, 0.0, 0.2690377766887347, 0.6423839714792041, 0.0, 0.0, 0.2919616664449374, 0.6591161913341946, 0.2743844645718733, 0.6705419692590281, 0.0, 0.0, 0.2788020429511865, 0.7024509326175407, 0.0, 0.0, 0.27421524027983346, 0.7356041856386043, 0.3188528137591978, 0.7223493650969531, 0.3009268645197153, 0.7236664482840786, 0.3074314997841914, 0.7921096073256598, 0.2795475019762913, 0.790088324855875, 0.3209331742177407, 0.8399812902565356, 0.2904095965748032, 0.8451706405039187], "2": [0.0, 0.0, 0.0, 0.0, 0.0, 0.0, 0.0, 0.0, 0.0, 0.0, 0.0, 0.0, 0.0, 0.0, 0.0, 0.0, 0.0, 0.0, 0.4274211498908699, 0.5973790867461098, 0.0, 0.0, 0.0, 0.0, 0.0, 0.0, 0.0, 0.0, 0.0, 0.0, 0.0, 0.0, 0.0, 0.0]}