{"0": [0.0, 0.0, 0.0, 0.0, 0.0, 0.0, 0.5918523820737998, 0.3674397115906079, 0.6022541048160444, 0.36966636136726094, 0.5835537888109684, 0.3884026187437552, 0.6030909055843949, 0.39371931464583787, 0.5780288285265366, 0.4069457001156277, 0.6052372053886453, 0.42474525018974585, 0.0, 0.0, 0.6084762593110402, 0.4460895163041574, 0.5853552163927815, 0.4437144727618606, 0.597374499278764, 0.4458388339590143, 0.5869861071308453, 0.4825674820829321, 0.5987541094422341, 0.4836628376333802, 0.5874069299548863, 0.5261139030809756, 0.6007186912000179, 0.5205981662979832], "1": [0.0, 0.0, 0.0, 0.0, 0.0, 0.0, 0.6258589215576649, 0.46543894829573457, 0.6368263646960259, 0.4660733112582454, 0.6237083924934267, 0.4906004680527581, 0.632373532652855, 0.4992433151161229, 0.0, 0.0, 0.6370913850764434, 0.538125158349673, 0.6472586321334044, 0.5315466573944798, 0.6509723360339802, 0.5328489449289109, 0.6264597097411752, 0.572433947302677, 0.6328461531549692, 0.5724698391225603, 0.6230478520815571, 0.6185324049097727, 0.6410096384584903, 0.6116595352689426, 0.59723994632562, 0.6614882742917096, 0.6413135372102261, 0.6671795692708757], "2": [0.0, 0.0, 0.0, 0.0, 0.0, 0.0, 0.0, 0.0, 0.0, 0.0, 0.0, 0.0, 0.0, 0.0, 0.0, 0.0, 0.0, 0.0, 0.0, 0.0, 0.0, 0.0, 0.0, 0.0, 0.0, 0.0, 0.0, 0.0, 0.6223159644131859, 0.6216040341942398, 0.0, 0.0, 0.5970704257488251, 0.6613064250460378], "3": [0.0, 0.0, 0.0, 0.0, 0.0, 0.0, 0.0, 0.0, 0.0, 0.0, 0.0, 0.0, 0.0, 0.0, 0.0, 0.0, 0.0, 0.0, 0.0, 0.0, 0.0, 0.0, 0.0, 0.0, 0.0, 0.0, 0.0, 0.0, 0.0, 0.0, 0.6410014948497216, 0.6654018181341665, 0.0, 0.0]}