{"0": [0.0, 0.0, 0.0, 0.0, 0.0, 0.0, 0.5695260124281049, 0.5422704484727647, 0.5882989558080832, 0.5451538023021486, 0.5611844637741645, 0.5764501145592442, 0.5916352986047666, 0.5894229991016564, 0.5470753274237116, 0.6114730726789546, 0.5947849011048675, 0.6364160241904082, 0.0, 0.0, 0.5997900477300088, 0.6662734142056218, 0.555628102272749, 0.6639025629670532, 0.5782791937390963, 0.6678618475242898, 0.5584809081008036, 0.7103221118450165, 0.5810993348248303, 0.6997192725815153, 0.5543664326270421, 0.7595828303032451, 0.5784657263507446, 0.7380849245521758], "1": [0.0, 0.0, 0.0, 0.0, 0.0, 0.0, 0.0, 0.0, 0.6066729032744964, 0.48270252148310344, 0.5834639561673005, 0.4774464461538527, 0.5999540229638417, 0.5091941956016752, 0.5712856871386369, 0.4911591304673089, 0.601255883763297, 0.5477907296186505, 0.5693818143879373, 0.520368750890096, 0.0, 0.0, 0.0, 0.0, 0.5904606592531005, 0.5593762973944346, 0.0, 0.0, 0.0, 0.0, 0.0, 0.0, 0.0, 0.0], "2": [0.0, 0.0, 0.0, 0.0, 0.0, 0.0, 0.0, 0.0, 0.0, 0.0, 0.0, 0.0, 0.0, 0.0, 0.0, 0.0, 0.0, 0.0, 0.0, 0.0, 0.6040727602938811, 0.5758460863872811, 0.0, 0.0, 0.0, 0.0, 0.0, 0.0, 0.0, 0.0, 0.0, 0.0, 0.0, 0.0], "3": [0.0, 0.0, 0.0, 0.0, 0.0, 0.0, 0.0, 0.0, 0.0, 0.0, 0.0, 0.0, 0.0, 0.0, 0.0, 0.0, 0.0, 0.0, 0.0, 0.0, 0.0, 0.0, 0.5811707437736914, 0.5098847755679378, 0.0, 0.0, 0.0, 0.0, 0.0, 0.0, 0.0, 0.0, 0.0, 0.0]}