{"0": [0.35109303252150614, 0.4407402529738007, 0.0, 0.0, 0.0, 0.0, 0.0, 0.0, 0.0, 0.0, 0.0, 0.0, 0.34365147264519086, 0.4557285797816735, 0.0, 0.0, 0.0, 0.0, 0.0, 0.0, 0.0, 0.0, 0.0, 0.0, 0.0, 0.0, 0.0, 0.0, 0.0, 0.0, 0.0, 0.0, 0.0, 0.0], "1": [0.0, 0.0, 0.0, 0.0, 0.35045239900549247, 0.4372040622764163, 0.0, 0.0, 0.0, 0.0, 0.0, 0.0, 0.0, 0.0, 0.0, 0.0, 0.0, 0.0, 0.0, 0.0, 0.0, 0.0, 0.0, 0.0, 0.0, 0.0, 0.0, 0.0, 0.0, 0.0, 0.0, 0.0, 0.0, 0.0], "2": [0.0, 0.0, 0.0, 0.0, 0.0, 0.0, 0.6457324175784985, 0.5118636440347742, 0.6614164271702369, 0.5102178399209623, 0.6328895858178536, 0.5457988688239346, 0.6749640780190627, 0.546711696518792, 0.6261853934576114, 0.5914345690497645, 0.6832298471281926, 0.6021272886682439, 0.6242757190018893, 0.6361663970682356, 0.6866374513755243, 0.6443822436862522, 0.6392502405370275, 0.6496355278624428, 0.6666506600876649, 0.6553777538239955, 0.6392317413973312, 0.7235608656097341, 0.6698088700572649, 0.7262296477953591, 0.6401826595266659, 0.7942335777812533, 0.6682284230987231, 0.8023979502695578], "3": [0.0, 0.0, 0.0, 0.0, 0.0, 0.0, 0.0, 0.0, 0.3502641849219799, 0.43667787269309716, 0.33710446633733643, 0.504788732996601, 0.36067667429645855, 0.4860371905896399, 0.32485281030337015, 0.531475462074633, 0.38183528296649455, 0.509080692132314, 0.0, 0.0, 0.3961880847811699, 0.5368579804897309, 0.34000132940709593, 0.5781773697446894, 0.35149200558662413, 0.5698252761805499, 0.3409524401028951, 0.6318277562106098, 0.3711027577519417, 0.6148637756153389, 0.33422853437562783, 0.687293188880991, 0.35834223851561553, 0.6570073572573838], "4": [0.0, 0.0, 0.0, 0.0, 0.0, 0.0, 0.0, 0.0, 0.0, 0.0, 0.34848774975786606, 0.44999709041030317, 0.0, 0.0, 0.0, 0.0, 0.0, 0.0, 0.0, 0.0, 0.0, 0.0, 0.3572263742486636, 0.564948801530732, 0.0, 0.0, 0.3718881130218506, 0.613294635657911, 0.34101056257883705, 0.6315128446729095, 0.3582323161264261, 0.6566919936074151, 0.3335193932056427, 0.6892505782621879]}