{"0": [0.0, 0.0, 0.0, 0.0, 0.0, 0.0, 0.4723611471553644, 0.43691017671867655, 0.48596609675635893, 0.4385445548428429, 0.4641095230045418, 0.4681045801551253, 0.48853248407443367, 0.46888119600437306, 0.4565988140180707, 0.5051335003640917, 0.4963899568965038, 0.5154571626473357, 0.0, 0.0, 0.49972569147745766, 0.5523632087641293, 0.46460343385115266, 0.54496866343198, 0.4853769905671167, 0.5455484354937518, 0.46166228465735915, 0.6191595849063661, 0.4838841095566749, 0.608049648558652, 0.45415134442349275, 0.6798753265981321, 0.47533033763368926, 0.6581000030040741], "1": [0.0, 0.0, 0.0, 0.0, 0.0, 0.0, 0.0, 0.0, 0.0, 0.0, 0.0, 0.0, 0.0, 0.0, 0.0, 0.0, 0.0, 0.0, 0.0, 0.0, 0.0, 0.0, 0.0, 0.0, 0.0, 0.0, 0.0, 0.0, 0.0, 0.0, 0.47593484794100127, 0.6602077919024009, 0.0, 0.0], "2": [0.0, 0.0, 0.0, 0.0, 0.0, 0.0, 0.0, 0.0, 0.0, 0.0, 0.0, 0.0, 0.0, 0.0, 0.0, 0.0, 0.0, 0.0, 0.0, 0.0, 0.0, 0.0, 0.0, 0.0, 0.0, 0.0, 0.0, 0.0, 0.0, 0.0, 0.0, 0.0, 0.4545088979105155, 0.6799323340257009]}