{"0": [0.31904293118665616, 0.43650389424076785, 0.320576964939634, 0.43146983649995596, 0.31738254564503826, 0.4298957138149827, 0.0, 0.0, 0.3087773480763038, 0.42506258918179407, 0.31664010137319565, 0.45183805448037606, 0.2951531294733286, 0.4504586449375859, 0.3195916568860412, 0.48707362722467495, 0.28534718066609155, 0.4856017043745076, 0.32800393607467415, 0.5156454024491487, 0.29504975912471615, 0.514904264588323, 0.31463978259125724, 0.5294206527234228, 0.30221573083351055, 0.5299345637085261, 0.3119291086991628, 0.5896672587703776, 0.3085522724936406, 0.5898761701804619, 0.31086928167690836, 0.6481086167644847, 0.30976887283225857, 0.6480875595990154], "1": [0.0, 0.0, 0.0, 0.0, 0.0, 0.0, 0.6095495920628309, 0.504221217279081, 0.6242181268831094, 0.5030713180700938, 0.6007394774506489, 0.5375987727332998, 0.6355329615840067, 0.535725231965383, 0.58707921517392, 0.58312869226491, 0.6412988108893234, 0.5950058983431921, 0.5668221504737934, 0.6214395368540728, 0.6320385015880068, 0.5999321822766904, 0.6046098614732425, 0.6344042984423814, 0.6290851272642612, 0.6322512070337931, 0.5980322387535125, 0.6983300174827929, 0.6287285211185615, 0.6873898757828607, 0.5942894279335936, 0.7667069501415998, 0.6386888461187482, 0.7713367495271894], "2": [0.0, 0.0, 0.0, 0.0, 0.0, 0.0, 0.0, 0.0, 0.0, 0.0, 0.0, 0.0, 0.0, 0.0, 0.0, 0.0, 0.0, 0.0, 0.6004647485911846, 0.6553325178584567, 0.0, 0.0, 0.0, 0.0, 0.0, 0.0, 0.0, 0.0, 0.0, 0.0, 0.0, 0.0, 0.0, 0.0], "3": [0.0, 0.0, 0.0, 0.0, 0.0, 0.0, 0.0, 0.0, 0.0, 0.0, 0.0, 0.0, 0.0, 0.0, 0.0, 0.0, 0.0, 0.0, 0.0, 0.0, 0.0, 0.0, 0.0, 0.0, 0.0, 0.0, 0.0, 0.0, 0.0, 0.0, 0.6387640865519643, 0.7713952623031758, 0.0, 0.0], "4": [0.0, 0.0, 0.0, 0.0, 0.0, 0.0, 0.0, 0.0, 0.0, 0.0, 0.0, 0.0, 0.0, 0.0, 0.0, 0.0, 0.0, 0.0, 0.0, 0.0, 0.0, 0.0, 0.0, 0.0, 0.0, 0.0, 0.0, 0.0, 0.0, 0.0, 0.0, 0.0, 0.5940687539676826, 0.7658408304607427]}