{"0": [0.8265287601699431, 0.15600684881210328, 0.8280647238095601, 0.15214767091804082, 0.8239405633881688, 0.15280136764049532, 0.829990986486276, 0.15528395087630661, 0.819407500140369, 0.15598816275596616, 0.833527605732282, 0.1811507487186679, 0.8121798368791739, 0.17891603112220766, 0.8398264100619902, 0.20871270961231655, 0.8092984410623709, 0.20738638904359605, 0.8459856738646825, 0.23404466890626482, 0.0, 0.0, 0.8308857870288193, 0.23194656018857604, 0.8160512817402681, 0.22762345296365244, 0.0, 0.0, 0.0, 0.0, 0.0, 0.0, 0.0, 0.0], "1": [0.39350962887207663, 0.46719052394231153, 0.0, 0.0, 0.39145858635505043, 0.4623221856024531, 0.0, 0.0, 0.3817266483480731, 0.46564787184750595, 0.3913759688536326, 0.49239621151376656, 0.37328958250582217, 0.4957904502197548, 0.0, 0.0, 0.37232477373133105, 0.5310374029256679, 0.0, 0.0, 0.0, 0.0, 0.38706154736379783, 0.5664975171011907, 0.3727606078454604, 0.5654127883690375, 0.40477529192964234, 0.6100649615128836, 0.3610762228568395, 0.637680138040472, 0.40606133627394836, 0.6663816977430272, 0.339026997735103, 0.6869919980013812], "2": [0.0, 0.0, 0.0, 0.0, 0.0, 0.0, 0.6536788668483496, 0.514389834911735, 0.6702209775646527, 0.5146687406632635, 0.6404762029026946, 0.5503075306062344, 0.6837346977243821, 0.5545267500259259, 0.6306088232745727, 0.6012672713509313, 0.6901933118700982, 0.6029555000088833, 0.6459474963446458, 0.613456952130353, 0.6952654299636681, 0.6486973089752374, 0.6465004868805408, 0.6532812178134917, 0.6727746812316278, 0.6579312315693608, 0.6432651956565677, 0.7285766944841102, 0.6797069018085796, 0.7309132361853564, 0.6406202010810376, 0.798091110697499, 0.6799888392289479, 0.8148966665621157], "3": [0.0, 0.0, 0.0, 0.0, 0.0, 0.0, 0.0, 0.0, 0.0, 0.0, 0.0, 0.0, 0.3690686583208541, 0.5554713169733684, 0.0, 0.0, 0.0, 0.0, 0.0, 0.0, 0.0, 0.0, 0.0, 0.0, 0.0, 0.0, 0.0, 0.0, 0.0, 0.0, 0.0, 0.0, 0.0, 0.0], "4": [0.0, 0.0, 0.0, 0.0, 0.0, 0.0, 0.0, 0.0, 0.0, 0.0, 0.0, 0.0, 0.0, 0.0, 0.0, 0.0, 0.0, 0.0, 0.0, 0.0, 0.0, 0.0, 0.0, 0.0, 0.0, 0.0, 0.0, 0.0, 0.0, 0.0, 0.6794288662572702, 0.8162763436635335, 0.0, 0.0]}