{"0": [0.8967089263101418, 0.628238495853212, 0.8983268856381377, 0.6220543181454694, 0.8937939034464458, 0.6190643488808915, 0.0, 0.0, 0.8792413766185443, 0.6133084283934699, 0.8949914191341031, 0.6582282182185502, 0.860287774198999, 0.6623577600827923, 0.9084185160696505, 0.7260412602512923, 0.8579729926079859, 0.7167298104458445, 0.0, 0.0, 0.8880005337297917, 0.7334770778814951, 0.8691022110171616, 0.782380583109679, 0.8535005008180935, 0.7769947974770158, 0.8739522113154332, 0.8565764982391286, 0.8478351827633257, 0.8564800872846885, 0.872412632064273, 0.9466678497967896, 0.8275596913260718, 0.9356364404713666], "1": [0.5192785056307911, 0.47521451314290364, 0.0, 0.0, 0.0, 0.0, 0.5219772772863507, 0.4744089976504997, 0.5150088744238019, 0.47177302164060103, 0.511526271382953, 0.5115436381475305, 0.5200516141951084, 0.5120121311258387, 0.5340804511060318, 0.5582863993114895, 0.5343299792458613, 0.5598140430671198, 0.5590968358019988, 0.5470395631260342, 0.5608494303499659, 0.5479656144424722, 0.4948846826950709, 0.5968638339528332, 0.5106314603860179, 0.5974802085646878, 0.5044297327597936, 0.6535943121821792, 0.532803205649058, 0.6423387614665208, 0.4941626041817168, 0.7130227989620632, 0.5172106242428224, 0.7065016144403705], "2": [0.0, 0.0, 0.0, 0.0, 0.0, 0.0, 0.0, 0.0, 0.0, 0.0, 0.0, 0.0, 0.0, 0.0, 0.0, 0.0, 0.0, 0.0, 0.8990675785889228, 0.6525862274346529, 0.0, 0.0, 0.0, 0.0, 0.0, 0.0, 0.0, 0.0, 0.0, 0.0, 0.0, 0.0, 0.0, 0.0], "3": [0.0, 0.0, 0.0, 0.0, 0.0, 0.0, 0.0, 0.0, 0.0, 0.0, 0.0, 0.0, 0.0, 0.0, 0.0, 0.0, 0.0, 0.0, 0.8870332635939121, 0.733666408724255, 0.0, 0.0, 0.0, 0.0, 0.0, 0.0, 0.0, 0.0, 0.0, 0.0, 0.0, 0.0, 0.0, 0.0], "4": [0.0, 0.0, 0.0, 0.0, 0.0, 0.0, 0.0, 0.0, 0.0, 0.0, 0.0, 0.0, 0.0, 0.0, 0.0, 0.0, 0.0, 0.0, 0.0, 0.0, 0.0, 0.0, 0.0, 0.0, 0.0, 0.0, 0.0, 0.0, 0.0, 0.0, 0.8268070707408091, 0.9392800437079536, 0.0, 0.0], "5": [0.0, 0.0, 0.0, 0.0, 0.0, 0.0, 0.0, 0.0, 0.0, 0.0, 0.0, 0.0, 0.0, 0.0, 0.0, 0.0, 0.0, 0.0, 0.0, 0.0, 0.0, 0.0, 0.0, 0.0, 0.0, 0.0, 0.0, 0.0, 0.0, 0.0, 0.0, 0.0, 0.8715418805678685, 0.9462835446551994]}