{"0": [0.3344114772975445, 0.36196133428149757, 0.3347726590931416, 0.35821554837403474, 0.3332675130416949, 0.3566536812870591, 0.0, 0.0, 0.32783120504269997, 0.35691235683582445, 0.3241715472191572, 0.3758584862505948, 0.3226849432413777, 0.3808181132431384, 0.3243689488619566, 0.4194885587250745, 0.31880407345403605, 0.4220555424690247, 0.0, 0.0, 0.3205100025981665, 0.452045061411681, 0.3232027823726336, 0.4474058688238815, 0.32107865723470846, 0.4489411585308888, 0.3237818743412693, 0.48998092390872816, 0.32201288069287937, 0.49029795130093895, 0.3218124881386757, 0.5278694926588624, 0.31998458442588645, 0.5275149310076678], "1": [0.4421983582278093, 0.372628966084233, 0.44243318773806095, 0.36907776439631435, 0.0, 0.0, 0.4470129202430447, 0.3664122306362346, 0.0, 0.0, 0.4554842280223966, 0.38793521655930413, 0.4599608772123853, 0.38196803226515097, 0.4629823566724856, 0.4267640035461496, 0.0, 0.0, 0.46041305239583985, 0.46167848651055937, 0.0, 0.0, 0.4602419641800225, 0.4585717772995984, 0.4524078207400938, 0.45789746686264315, 0.4684377578708033, 0.49930578884151244, 0.4463039026906093, 0.5068234141226168, 0.4714247533430656, 0.5464388012886048, 0.4406144404162964, 0.557687313468368], "2": [0.0, 0.0, 0.0, 0.0, 0.0, 0.0, 0.0, 0.0, 0.0, 0.0, 0.0, 0.0, 0.0, 0.0, 0.0, 0.0, 0.0, 0.0, 0.0, 0.0, 0.44600058371822043, 0.45646041134993237, 0.0, 0.0, 0.0, 0.0, 0.0, 0.0, 0.0, 0.0, 0.0, 0.0, 0.0, 0.0], "3": [0.0, 0.0, 0.0, 0.0, 0.0, 0.0, 0.0, 0.0, 0.0, 0.0, 0.0, 0.0, 0.0, 0.0, 0.0, 0.0, 0.0, 0.0, 0.0, 0.0, 0.0, 0.0, 0.0, 0.0, 0.0, 0.0, 0.4477672790021946, 0.5067451117767228, 0.0, 0.0, 0.44069511915246645, 0.5588553746541342, 0.0, 0.0], "4": [0.0, 0.0, 0.0, 0.0, 0.0, 0.0, 0.0, 0.0, 0.0, 0.0, 0.0, 0.0, 0.0, 0.0, 0.0, 0.0, 0.0, 0.0, 0.0, 0.0, 0.0, 0.0, 0.0, 0.0, 0.0, 0.0, 0.0, 0.0, 0.4683849370107055, 0.49968531818853484, 0.0, 0.0, 0.4711642516156038, 0.5457034594482846]}