{"0": [0.31732922519246737, 0.5968269680385236, 0.32043562084436417, 0.589868520034684, 0.31343927967051666, 0.5921900281199701, 0.32599736067156, 0.5845004501166167, 0.3103465332572038, 0.5915304546002988, 0.3407030075788498, 0.6167598297198613, 0.30903923188646637, 0.6322522015483291, 0.37189698237925767, 0.6498107648558087, 0.3165203834573428, 0.6865300784508387, 0.37953910082578657, 0.7084868704831159, 0.0, 0.0, 0.3536809377372265, 0.7139168439639939, 0.33572870303566255, 0.7293288752712586, 0.0, 0.0, 0.32588156846662364, 0.8053493371716252, 0.3724553913498918, 0.7990842953876214, 0.3147438076635202, 0.8929560290442573], "1": [0.0, 0.0, 0.0, 0.0, 0.0, 0.0, 0.4698775892456373, 0.4778389678992055, 0.0, 0.0, 0.4580318527917067, 0.5212186377357554, 0.4952289688090483, 0.5118074026372698, 0.4539071759829918, 0.5607480106530366, 0.507698672513167, 0.5494210671495509, 0.451254588427643, 0.5935004037839395, 0.4938741992926225, 0.5534886449575425, 0.4690264266915619, 0.6179948787998271, 0.49268753056724873, 0.6133141647886347, 0.46689332649111753, 0.6766500061308897, 0.5038392759859561, 0.655169389921206, 0.4703074014435212, 0.7374447395404179, 0.5113504296168685, 0.7258812692430284], "2": [0.0, 0.0, 0.0, 0.0, 0.0, 0.0, 0.0, 0.0, 0.0, 0.0, 0.0, 0.0, 0.0, 0.0, 0.0, 0.0, 0.0, 0.0, 0.0, 0.0, 0.31789791950335106, 0.649660857076998, 0.0, 0.0, 0.0, 0.0, 0.0, 0.0, 0.0, 0.0, 0.0, 0.0, 0.0, 0.0], "3": [0.0, 0.0, 0.0, 0.0, 0.0, 0.0, 0.0, 0.0, 0.0, 0.0, 0.0, 0.0, 0.0, 0.0, 0.0, 0.0, 0.0, 0.0, 0.0, 0.0, 0.0, 0.0, 0.0, 0.0, 0.0, 0.0, 0.3246630186835925, 0.8052824200303468, 0.0, 0.0, 0.31398155925174553, 0.8924061900211705, 0.0, 0.0], "4": [0.0, 0.0, 0.0, 0.0, 0.0, 0.0, 0.0, 0.0, 0.0, 0.0, 0.0, 0.0, 0.0, 0.0, 0.0, 0.0, 0.0, 0.0, 0.0, 0.0, 0.0, 0.0, 0.0, 0.0, 0.0, 0.0, 0.0, 0.0, 0.34090641836325325, 0.7782867082843073, 0.0, 0.0, 0.0, 0.0], "5": [0.0, 0.0, 0.0, 0.0, 0.0, 0.0, 0.0, 0.0, 0.0, 0.0, 0.0, 0.0, 0.0, 0.0, 0.0, 0.0, 0.0, 0.0, 0.0, 0.0, 0.0, 0.0, 0.0, 0.0, 0.0, 0.0, 0.0, 0.0, 0.0, 0.0, 0.0, 0.0, 0.3714908743898074, 0.7978621816193616]}