{"0": [0.0, 0.0, 0.0, 0.0, 0.0, 0.0, 0.34163594320416446, 0.5156951765219371, 0.3545954073468844, 0.5142519187044214, 0.32964164142807323, 0.5565539971545891, 0.3704098902642726, 0.5437399127417141, 0.32443495516975723, 0.6081480302192546, 0.38229956726233166, 0.5896668950716656, 0.3189605881615231, 0.6448081038616321, 0.3858305565081537, 0.6312470804761957, 0.3418121145417293, 0.6619865147051988, 0.3669505387544632, 0.657172296334196, 0.3505717845012744, 0.732683546896334, 0.36916625673572223, 0.7243714805002566, 0.36117370910942553, 0.8026895732791336, 0.37096983244021736, 0.7911532671363266], "1": [0.0, 0.0, 0.0, 0.0, 0.0, 0.0, 0.0, 0.0, 0.0, 0.0, 0.5704691921671231, 0.539576878371062, 0.591982721661528, 0.5440406297643979, 0.5661214794963598, 0.5612193683783213, 0.5962271396070719, 0.5723970408792848, 0.5585929892957211, 0.5848936544524299, 0.5923660612354676, 0.5893443025648594, 0.5746705017983913, 0.595241998191233, 0.5883771364887554, 0.5971874181871061, 0.5780889464542269, 0.6393144488334656, 0.5844800995662809, 0.6364553495689674, 0.0, 0.0, 0.6059863050468266, 0.6577078468269772], "2": [0.0, 0.0, 0.0, 0.0, 0.0, 0.0, 0.0, 0.0, 0.0, 0.0, 0.0, 0.0, 0.0, 0.0, 0.0, 0.0, 0.0, 0.0, 0.0, 0.0, 0.0, 0.0, 0.0, 0.0, 0.0, 0.0, 0.5670158197482427, 0.6059342435112706, 0.0, 0.0, 0.5730423469950134, 0.6716381120461005, 0.0, 0.0], "3": [0.0, 0.0, 0.0, 0.0, 0.0, 0.0, 0.0, 0.0, 0.0, 0.0, 0.0, 0.0, 0.0, 0.0, 0.0, 0.0, 0.0, 0.0, 0.0, 0.0, 0.0, 0.0, 0.0, 0.0, 0.0, 0.0, 0.0, 0.0, 0.0, 0.0, 0.0, 0.0, 0.5739956224958102, 0.6719368062637471]}