{"0": [0.3259607533613841, 0.43517716063393486, 0.3269838399719447, 0.4307529425179517, 0.3246906138956546, 0.42835654417673746, 0.0, 0.0, 0.31662529036402703, 0.42379690452858254, 0.32143733017146586, 0.44942613376511464, 0.3013817454998692, 0.45069528222084043, 0.3248166705171267, 0.4883610643722393, 0.2919207889586687, 0.49000674574463454, 0.329919279118379, 0.516068579532482, 0.30422431901097297, 0.5183906462457445, 0.3200745414942503, 0.5293530895202249, 0.30945576628049215, 0.5292646786129033, 0.31718523278832433, 0.5844132838425813, 0.31562888585031035, 0.5853745851251814, 0.31564072805146376, 0.6467499565195154, 0.31523058476547394, 0.647973315210806], "1": [0.0, 0.0, 0.0, 0.0, 0.0, 0.0, 0.6617354636391004, 0.5161852529755345, 0.6785191193222999, 0.5176810580271262, 0.6497256185859441, 0.556857215475153, 0.6906993467360736, 0.5597679535547893, 0.6374850247055293, 0.6018483236983969, 0.695944232493639, 0.6203677485386531, 0.6291599556803703, 0.632170613054876, 0.6838724393397569, 0.6306276144804778, 0.6553845383847753, 0.6563314490296223, 0.6785356095681588, 0.6613607429795795, 0.6416834106047948, 0.7125737812783983, 0.674038386096557, 0.7270539959271749, 0.6384381111711264, 0.7874485105276108, 0.6750260668496291, 0.7929355645621264]}