{"0": [0.0, 0.0, 0.0, 0.0, 0.0, 0.0, 0.3448082872976859, 0.39649982928401895, 0.35749570031960803, 0.3935937793166549, 0.3394497605661551, 0.4247911987481294, 0.36737766489386564, 0.41688568172631446, 0.3330585087339083, 0.4518348133122479, 0.37809682227671154, 0.4366241366774948, 0.0, 0.0, 0.0, 0.0, 0.3470895318935315, 0.4926389888135923, 0.3668441566328208, 0.4908251316459091, 0.33979440786254905, 0.5472119636005826, 0.37683522699711225, 0.5452423043825009, 0.33437674964467684, 0.6024079927691707, 0.3865792041023573, 0.6041203575277769], "1": [0.0, 0.0, 0.0, 0.0, 0.0, 0.0, 0.3325638095537821, 0.7073346504527661, 0.3495409702261289, 0.6974211739169227, 0.33387304780383903, 0.7360543900065953, 0.36589469710985817, 0.711466705136829, 0.32485777586698533, 0.775209316390532, 0.0, 0.0, 0.32032698057591913, 0.8202219048032054, 0.0, 0.0, 0.3686180441485097, 0.7930662755612974, 0.39174090313414733, 0.791824342586376, 0.0, 0.0, 0.0, 0.0, 0.0, 0.0, 0.0, 0.0]}