{"0": [0.3341988783329725, 0.4348686951178092, 0.3352707704529166, 0.4306716830642135, 0.3331775826712449, 0.4281512922710843, 0.0, 0.0, 0.3253271453082561, 0.4234939177831014, 0.3295633899668852, 0.448522522493645, 0.3102539545080314, 0.4499195063555682, 0.33202941752970216, 0.487757667126479, 0.30425268510977427, 0.49150178818791, 0.3359935997053981, 0.5134615060355928, 0.0, 0.0, 0.3279525552565853, 0.524718686165633, 0.3174677992860476, 0.5279847745542173, 0.32553208755950125, 0.5848017372466898, 0.32217285459240286, 0.5865011656725848, 0.3234175809659064, 0.647661092877388, 0.31993471023937065, 0.6468202493808888], "1": [0.0, 0.0, 0.0, 0.0, 0.0, 0.0, 0.6532824344933034, 0.5266198487193496, 0.6706730782985687, 0.5262812844029179, 0.6376942111800115, 0.563939564095603, 0.6791080366820097, 0.5730251339850603, 0.6247921581069629, 0.6192757768211541, 0.6844958857943614, 0.6343835725828454, 0.6213571493824323, 0.6312738219896953, 0.6808752348336081, 0.6568936665852865, 0.6380199657132228, 0.6686561787569965, 0.6630833967278401, 0.6697132696708044, 0.6382578420142334, 0.7390221673029441, 0.6556369910637536, 0.7383834363133819, 0.6383535419901212, 0.8167736366943077, 0.6508468550940356, 0.8107495759924253]}