{"0": [0.3460543182988962, 0.5206355378583626, 0.34859854547927777, 0.5151906508538459, 0.0, 0.0, 0.3574412522216638, 0.5169099403752221, 0.0, 0.0, 0.3673254512250424, 0.5516246851947573, 0.3623341012746096, 0.5523012380357142, 0.369690919170777, 0.6299760423324726, 0.3615982986986637, 0.6179950008789699, 0.36946779061108825, 0.664340313606792, 0.0, 0.0, 0.3751615270972251, 0.6700314728750123, 0.38114466723054646, 0.6681739659221084, 0.373553460650146, 0.7446347246843356, 0.37671702122315764, 0.7416651012720885, 0.3897232737702628, 0.8169626872848582, 0.3894674064824357, 0.8155596287162215], "1": [0.4503312579045693, 0.47366993162367077, 0.45429069548845297, 0.46767783253281203, 0.4462468195706606, 0.46798460174489903, 0.4601664532131205, 0.4653467580124184, 0.0, 0.0, 0.4772345134522766, 0.4922230893815005, 0.4430046547204256, 0.5013046171930101, 0.4882946938276291, 0.5253522374011852, 0.43793521511058014, 0.5499611925195764, 0.4890911534118156, 0.5566562191203789, 0.0, 0.0, 0.4777139467497667, 0.5823624005472219, 0.45663740833600364, 0.5851933386590745, 0.4898787550317744, 0.637822883217423, 0.44916521372894447, 0.6321223611081088, 0.49668987294038136, 0.70080773918717, 0.4349497160874307, 0.6907793814385379], "2": [0.0, 0.0, 0.0, 0.0, 0.0, 0.0, 0.0, 0.0, 0.4600577895840009, 0.4638130717807346, 0.0, 0.0, 0.0, 0.0, 0.0, 0.0, 0.0, 0.0, 0.0, 0.0, 0.0, 0.0, 0.0, 0.0, 0.0, 0.0, 0.0, 0.0, 0.0, 0.0, 0.0, 0.0, 0.0, 0.0], "3": [0.0, 0.0, 0.0, 0.0, 0.0, 0.0, 0.0, 0.0, 0.0, 0.0, 0.4426618275543054, 0.5010779703104937, 0.47795577496290204, 0.49309512509240055, 0.4380636344353358, 0.5495278744785874, 0.49113558257619544, 0.529622893770553, 0.0, 0.0, 0.48983724949260554, 0.5578356724094462, 0.45472231979171435, 0.5835076199637519, 0.478457231571277, 0.5849226593971253, 0.4485147193695108, 0.6347124603059556, 0.4902182107170423, 0.6378970155009517, 0.43457709563275176, 0.6963104239216558, 0.49600542758901917, 0.7024416181776258], "4": [0.0, 0.0, 0.0, 0.0, 0.0, 0.0, 0.0, 0.0, 0.0, 0.0, 0.0, 0.0, 0.0, 0.0, 0.0, 0.0, 0.0, 0.0, 0.0, 0.0, 0.33937578766296306, 0.6321028980943891, 0.0, 0.0, 0.0, 0.0, 0.0, 0.0, 0.0, 0.0, 0.0, 0.0, 0.0, 0.0]}