{"0": [0.6199127371112506, 0.5824653023922884, 0.0, 0.0, 0.6198765903711319, 0.5768224627883346, 0.0, 0.0, 0.6134402714669704, 0.5725128573400003, 0.6140548686186472, 0.6061216875358865, 0.585375966069599, 0.5940372131488941, 0.0, 0.0, 0.560684456769377, 0.637446924050649, 0.0, 0.0, 0.5748224603633086, 0.6641456724316985, 0.5934919225983322, 0.6863484632085871, 0.5778994479527076, 0.6870686776108212, 0.6054891987393299, 0.7374820728544834, 0.5893024202436209, 0.7237332410282559, 0.0, 0.0, 0.5706895386179288, 0.7524691795861279], "1": [0.0, 0.0, 0.0, 0.0, 0.0, 0.0, 0.43592616595948736, 0.5299837729721157, 0.4527208972722292, 0.5294889546378895, 0.4229403507313691, 0.5635332111959104, 0.4596543985108535, 0.5722550790618968, 0.4078306898474694, 0.6173186653190189, 0.4607482196142276, 0.6248700637508322, 0.41654731531937916, 0.6687622886013102, 0.0, 0.0, 0.42602795660495757, 0.6769199918817591, 0.4512520721803109, 0.6829733493151489, 0.4307025456801057, 0.7460769429251, 0.4588310485084852, 0.7479760699801975, 0.41992455211778484, 0.8004983323591727, 0.45773462305466334, 0.8241170074100848], "2": [0.0, 0.0, 0.0, 0.0, 0.0, 0.0, 0.6016497286036611, 0.5657352663852551, 0.0, 0.0, 0.5863907527799408, 0.5911248330716734, 0.0, 0.0, 0.0, 0.0, 0.0, 0.0, 0.0, 0.0, 0.0, 0.0, 0.0, 0.0, 0.0, 0.0, 0.0, 0.0, 0.0, 0.0, 0.0, 0.0, 0.0, 0.0], "3": [0.0, 0.0, 0.0, 0.0, 0.0, 0.0, 0.0, 0.0, 0.0, 0.0, 0.0, 0.0, 0.0, 0.0, 0.0, 0.0, 0.0, 0.0, 0.0, 0.0, 0.5999715325733026, 0.6685144503911338, 0.0, 0.0, 0.0, 0.0, 0.0, 0.0, 0.0, 0.0, 0.0, 0.0, 0.0, 0.0], "4": [0.0, 0.0, 0.0, 0.0, 0.0, 0.0, 0.0, 0.0, 0.0, 0.0, 0.0, 0.0, 0.0, 0.0, 0.0, 0.0, 0.0, 0.0, 0.0, 0.0, 0.0, 0.0, 0.0, 0.0, 0.0, 0.0, 0.0, 0.0, 0.0, 0.0, 0.57104813332359, 0.7511724445554945, 0.0, 0.0], "5": [0.0, 0.0, 0.0, 0.0, 0.0, 0.0, 0.0, 0.0, 0.0, 0.0, 0.0, 0.0, 0.0, 0.0, 0.0, 0.0, 0.0, 0.0, 0.0, 0.0, 0.0, 0.0, 0.0, 0.0, 0.0, 0.0, 0.0, 0.0, 0.0, 0.0, 0.6279449090361595, 0.8209699599831194, 0.0, 0.0]}