{"0": [0.5548373346527418, 0.5398626954467208, 0.0, 0.0, 0.5539489900072415, 0.5353744754084835, 0.0, 0.0, 0.5498733470837275, 0.5382688428516741, 0.5442256747744978, 0.552599780537464, 0.5508931993196408, 0.5546201074564898, 0.0, 0.0, 0.5656312125424544, 0.5523607815857287, 0.0, 0.0, 0.0, 0.0, 0.525365196665128, 0.6265062883496284, 0.5507232397794724, 0.6261899515710495, 0.0, 0.0, 0.5664297468960285, 0.6413434865298094, 0.0, 0.0, 0.55073373640577, 0.7038923086943449], "1": [0.0, 0.0, 0.0, 0.0, 0.0, 0.0, 0.3356480795113991, 0.5627919563540706, 0.355218100361526, 0.5616703210053621, 0.3224267860564093, 0.6075481026260942, 0.367726310963432, 0.6069386221744395, 0.31668632951304804, 0.6643349355222528, 0.3688908220579227, 0.6697104005350007, 0.319748494712015, 0.7183547159036, 0.0, 0.0, 0.3336613016823927, 0.728242607359533, 0.35786519646644593, 0.7220866015801827, 0.33393013638754687, 0.8176161291422668, 0.36194515662888693, 0.7893449222048123, 0.3355448403240492, 0.8919003116863745, 0.37540607191622255, 0.8689152018891441], "2": [0.0, 0.0, 0.0, 0.0, 0.0, 0.0, 0.0, 0.0, 0.0, 0.0, 0.0, 0.0, 0.0, 0.0, 0.0, 0.0, 0.0, 0.0, 0.0, 0.0, 0.5615256470938523, 0.5450955846795329, 0.0, 0.0, 0.0, 0.0, 0.0, 0.0, 0.0, 0.0, 0.0, 0.0, 0.0, 0.0]}