{"0": [0.0, 0.0, 0.0, 0.0, 0.0, 0.0, 0.6124094806611537, 0.4084977386174379, 0.624717981616656, 0.4113480039768749, 0.6001979825397332, 0.4329020454375832, 0.628830079610149, 0.4367489845664413, 0.5948252619554599, 0.45741181859263663, 0.6403739996254444, 0.4604005076267101, 0.0, 0.0, 0.0, 0.0, 0.603036325238645, 0.5000626654950557, 0.621022180095315, 0.5056689010726081, 0.6042816462616126, 0.5415810644626617, 0.6246707780907551, 0.5505228994069276, 0.6077811839679877, 0.5828507232445258, 0.614934169438978, 0.5857824407241963], "1": [0.0, 0.0, 0.0, 0.0, 0.0, 0.0, 0.0, 0.0, 0.0, 0.0, 0.0, 0.0, 0.0, 0.0, 0.0, 0.0, 0.0, 0.0, 0.0, 0.0, 0.0, 0.0, 0.0, 0.0, 0.0, 0.0, 0.5777089890092612, 0.5266095470499109, 0.0, 0.0, 0.5627344300349554, 0.5493818157249026, 0.0, 0.0], "2": [0.0, 0.0, 0.0, 0.0, 0.0, 0.0, 0.0, 0.0, 0.0, 0.0, 0.0, 0.0, 0.0, 0.0, 0.0, 0.0, 0.0, 0.0, 0.0, 0.0, 0.0, 0.0, 0.0, 0.0, 0.0, 0.0, 0.0, 0.0, 0.577716917420427, 0.5260999357258832, 0.0, 0.0, 0.5621807669599851, 0.5483054214053684]}