{"0": [0.0, 0.0, 0.0, 0.0, 0.0, 0.0, 0.5465201097230117, 0.5616891390747494, 0.5631488407651584, 0.5645928530781358, 0.5321562905485432, 0.5895377241350986, 0.5633978394170602, 0.6059850829618949, 0.5189364852538952, 0.6254292983147833, 0.5741903933386008, 0.6705138714501151, 0.0, 0.0, 0.6007148267080387, 0.673632699030417, 0.5241795347382625, 0.6917965953548749, 0.5451436974108219, 0.699110446870327, 0.0, 0.0, 0.5829453838368257, 0.7183254169093238, 0.0, 0.0, 0.588204400613904, 0.8006987955835132], "1": [0.0, 0.0, 0.0, 0.0, 0.0, 0.0, 0.6560725968331098, 0.536183093212269, 0.6730981836716334, 0.5437186320622762, 0.6408066358417273, 0.5583507570403593, 0.6700173233946166, 0.5840089140114962, 0.617714402700464, 0.588468162605056, 0.6671335755536953, 0.6199460768037373, 0.6171467992166678, 0.596792222890589, 0.0, 0.0, 0.6278549217308561, 0.6403890911903646, 0.6489205890645583, 0.6494228052872199, 0.0, 0.0, 0.6746117716034253, 0.7042126077192801, 0.0, 0.0, 0.6896828229228655, 0.7682249195045895], "2": [0.0, 0.0, 0.0, 0.0, 0.0, 0.0, 0.0, 0.0, 0.0, 0.0, 0.0, 0.0, 0.0, 0.0, 0.0, 0.0, 0.0, 0.0, 0.0, 0.0, 0.0, 0.0, 0.0, 0.0, 0.0, 0.0, 0.674316088979443, 0.7037176092465719, 0.0, 0.0, 0.6897002652287483, 0.7689108967781066, 0.0, 0.0], "3": [0.0, 0.0, 0.0, 0.0, 0.0, 0.0, 0.0, 0.0, 0.0, 0.0, 0.0, 0.0, 0.0, 0.0, 0.0, 0.0, 0.0, 0.0, 0.0, 0.0, 0.0, 0.0, 0.0, 0.0, 0.0, 0.0, 0.0, 0.0, 0.0, 0.0, 0.5251951426267624, 0.738769840752637, 0.0, 0.0]}