{"0": [0.1425454244017601, 0.553864851925108, 0.14612905693550904, 0.5487670022028464, 0.14279994828005632, 0.5480622152487437, 0.1588061861693859, 0.5535522064676991, 0.0, 0.0, 0.16972057155023018, 0.607510068681505, 0.1464669785151879, 0.5839034756024678, 0.1815952755821248, 0.6722597384894334, 0.12248959845552841, 0.5531870259179009, 0.15781620964407922, 0.7049828847249349, 0.10842432528734207, 0.5203911069366667, 0.16691191494464874, 0.7177456804999599, 0.15888826499382655, 0.716740381496924, 0.15683381458123524, 0.8121211732979174, 0.16037716960097576, 0.8004927920760705, 0.18432485610246657, 0.8682142427674047, 0.184155248478055, 0.8654618185979349], "1": [0.37786510518441596, 0.6308438495353416, 0.0, 0.0, 0.37746177418157456, 0.6211564790319514, 0.0, 0.0, 0.3681634439776341, 0.6142439901828766, 0.36402997858822345, 0.6546576574996665, 0.350297615552942, 0.655149458790267, 0.0, 0.0, 0.35565324779599905, 0.7233979949244747, 0.0, 0.0, 0.3662131980061531, 0.7433037287659116, 0.36649536813298866, 0.77311533247983, 0.3494166319568952, 0.7817943839287317, 0.0, 0.0, 0.34328257528444134, 0.8566280136505763, 0.0, 0.0, 0.3129595823585987, 0.9531128921994456], "2": [0.0, 0.0, 0.0, 0.0, 0.0, 0.0, 0.0, 0.0, 0.0, 0.0, 0.3462246467669805, 0.645384877257877, 0.0, 0.0, 0.0, 0.0, 0.0, 0.0, 0.0, 0.0, 0.0, 0.0, 0.3454119356969992, 0.7812007435218051, 0.0, 0.0, 0.3406731160978476, 0.8625305100447602, 0.0, 0.0, 0.31270150194565455, 0.9537530091073778, 0.0, 0.0], "3": [0.0, 0.0, 0.0, 0.0, 0.0, 0.0, 0.0, 0.0, 0.0, 0.0, 0.0, 0.0, 0.1761518587047855, 0.60616956198657, 0.0, 0.0, 0.0, 0.0, 0.0, 0.0, 0.0, 0.0, 0.0, 0.0, 0.0, 0.0, 0.0, 0.0, 0.0, 0.0, 0.0, 0.0, 0.0, 0.0]}