{"0": [0.710572091008847, 0.5998568022692645, 0.0, 0.0, 0.710557144243891, 0.5931339118215773, 0.0, 0.0, 0.704107581699888, 0.5920368808287162, 0.6951450092810383, 0.6228749195373514, 0.6813775417705377, 0.6175065972186901, 0.7059487061885495, 0.683713933273598, 0.6822575299690167, 0.656075562481527, 0.7185648482003392, 0.6729487362227894, 0.7046970968445142, 0.6513709803422292, 0.6753802459686995, 0.7221017334196302, 0.661763716613253, 0.7225523875543365, 0.0, 0.0, 0.6659451483438412, 0.8192009102415155, 0.0, 0.0, 0.62265383504952, 0.8342541344739772], "1": [0.0, 0.0, 0.0, 0.0, 0.0, 0.0, 0.0, 0.0, 0.5615013932188352, 0.5148754386645225, 0.5322793911521634, 0.5194479586901488, 0.5644953308471788, 0.5362996765860805, 0.5127227748433749, 0.5591855015812649, 0.568145269031326, 0.5884844846471592, 0.5211103210846583, 0.5805500308672588, 0.5736703601976235, 0.6212325363247483, 0.5258166763931513, 0.6265245163330325, 0.5494631825635831, 0.6262893398050908, 0.5207468767960867, 0.6846547311102903, 0.5554106500620644, 0.6783157519720219, 0.5138504719361663, 0.743044896920522, 0.553155496219794, 0.7408735149436527], "2": [0.0, 0.0, 0.0, 0.0, 0.0, 0.0, 0.0, 0.0, 0.0, 0.0, 0.0, 0.0, 0.0, 0.0, 0.0, 0.0, 0.0, 0.0, 0.0, 0.0, 0.7251430020978054, 0.6943107763926188, 0.0, 0.0, 0.0, 0.0, 0.0, 0.0, 0.0, 0.0, 0.0, 0.0, 0.0, 0.0], "3": [0.0, 0.0, 0.0, 0.0, 0.0, 0.0, 0.0, 0.0, 0.0, 0.0, 0.0, 0.0, 0.0, 0.0, 0.0, 0.0, 0.0, 0.0, 0.0, 0.0, 0.0, 0.0, 0.0, 0.0, 0.0, 0.0, 0.7053059523925185, 0.746960359149509, 0.0, 0.0, 0.7136473578090469, 0.8353710704379611, 0.0, 0.0], "4": [0.0, 0.0, 0.0, 0.0, 0.0, 0.0, 0.0, 0.0, 0.0, 0.0, 0.0, 0.0, 0.0, 0.0, 0.0, 0.0, 0.0, 0.0, 0.0, 0.0, 0.0, 0.0, 0.0, 0.0, 0.0, 0.0, 0.6660098969936371, 0.8171593945335459, 0.0, 0.0, 0.6229530605642746, 0.834531452258428, 0.0, 0.0], "5": [0.0, 0.0, 0.0, 0.0, 0.0, 0.0, 0.0, 0.0, 0.0, 0.0, 0.0, 0.0, 0.0, 0.0, 0.0, 0.0, 0.0, 0.0, 0.0, 0.0, 0.0, 0.0, 0.0, 0.0, 0.0, 0.0, 0.0, 0.0, 0.7049630369991065, 0.7466715547773574, 0.0, 0.0, 0.7137408810357253, 0.8345895654625363]}