{"0": [0.0, 0.0, 0.0, 0.0, 0.0, 0.0, 0.5173643411447605, 0.4170876288855517, 0.5313615109383439, 0.42002541842284025, 0.5089340830842654, 0.4486478273515348, 0.536300957078735, 0.45514474966459806, 0.50331268645823, 0.4951193191387035, 0.5399315570791562, 0.49595104654630023, 0.4927854890003801, 0.5292096364553328, 0.5366810658325751, 0.5280247423383925, 0.5110394762828946, 0.5330194848555104, 0.53081505841886, 0.5307996888955434, 0.5004283919930458, 0.5872663900808052, 0.5314119899179787, 0.5936271245832796, 0.4992428239434957, 0.6450840830802917, 0.5464482210576534, 0.654344681457237], "1": [0.0, 0.0, 0.0, 0.0, 0.0, 0.0, 0.39533620700240135, 0.5114617738458845, 0.4098414037376642, 0.5144334942930274, 0.38288740006585914, 0.5389486368055697, 0.41885359620209783, 0.548606045378579, 0.37672016555443405, 0.5907959712876214, 0.43043554754306873, 0.5560960195682667, 0.0, 0.0, 0.0, 0.0, 0.3784024694313606, 0.6423183233649642, 0.40078109527627626, 0.6546450730275225, 0.35543727688491344, 0.6992781687113974, 0.39148878095050654, 0.7238141768508487, 0.34677831791341307, 0.7857934684665114, 0.38399093014498553, 0.7894515965823774], "2": [0.0, 0.0, 0.0, 0.0, 0.0, 0.0, 0.0, 0.0, 0.0, 0.0, 0.0, 0.0, 0.0, 0.0, 0.0, 0.0, 0.0, 0.0, 0.0, 0.0, 0.0, 0.0, 0.0, 0.0, 0.3830745349327723, 0.6493093502742273, 0.0, 0.0, 0.35697658397257326, 0.6967164622412787, 0.0, 0.0, 0.0, 0.0]}