{"0": [0.0, 0.0, 0.0, 0.0, 0.0, 0.0, 0.6665544946988423, 0.5085700408176139, 0.6795400956024726, 0.5110048139536822, 0.6512481554100911, 0.5385425414200182, 0.6943589905897777, 0.5470667216512893, 0.6414542148510616, 0.5903612004386053, 0.6995611228048803, 0.6039983030270647, 0.6322447841366131, 0.6398724172402311, 0.6975035087826351, 0.6434110948333034, 0.6509093835949896, 0.6470792561769485, 0.6763765348742405, 0.6543017235067156, 0.6431064192205668, 0.7107885219432689, 0.6706434523065885, 0.7272830720301028, 0.6360871054232121, 0.7884337545545013, 0.6671113828818004, 0.7916821704970465], "1": [0.0, 0.0, 0.0, 0.0, 0.0, 0.0, 0.0, 0.0, 0.0, 0.0, 0.389533815269048, 0.5178736320248356, 0.0, 0.0, 0.0, 0.0, 0.0, 0.0, 0.0, 0.0, 0.0, 0.0, 0.363205603385965, 0.5934105471328452, 0.0, 0.0, 0.3794801148275535, 0.6383346385425993, 0.334796240242819, 0.6444160390783239, 0.0, 0.0, 0.0, 0.0], "2": [0.0, 0.0, 0.0, 0.0, 0.0, 0.0, 0.0, 0.0, 0.0, 0.0, 0.0, 0.0, 0.3890975852807363, 0.5244637957325688, 0.0, 0.0, 0.0, 0.0, 0.0, 0.0, 0.0, 0.0, 0.3443719291438659, 0.587538731429312, 0.3630174671610196, 0.5937846400119641, 0.3350675732207795, 0.6445348995703238, 0.3797338383893172, 0.6376443452305264, 0.31758911858002353, 0.7044539261747289, 0.37799868180106083, 0.7076924614884236]}