{"0": [0.0, 0.0, 0.0, 0.0, 0.0, 0.0, 0.678230827798446, 0.5132876663296311, 0.6944133034596841, 0.5155109870764945, 0.6624105334281921, 0.5444560363931857, 0.7061904645020453, 0.553592492584829, 0.6534198575963577, 0.5916321719134295, 0.7123002454638481, 0.6042968353739491, 0.6569236649200321, 0.6257192302357267, 0.7130241962770621, 0.6470797721986418, 0.6630336999893188, 0.6491357678616488, 0.68791027503709, 0.6560458390249146, 0.6506048386295638, 0.716166114034476, 0.6817002236843109, 0.7318509187963274, 0.641755341241757, 0.7885405323295681, 0.6784682595481475, 0.8006069238539095], "1": [0.0, 0.0, 0.0, 0.0, 0.0, 0.0, 0.0, 0.0, 0.0, 0.0, 0.0, 0.0, 0.0, 0.0, 0.0, 0.0, 0.26483326707966626, 0.5866434470370964, 0.0, 0.0, 0.2795823795100053, 0.6320983200161545, 0.0, 0.0, 0.0, 0.0, 0.0, 0.0, 0.0, 0.0, 0.0, 0.0, 0.0, 0.0], "2": [0.0, 0.0, 0.0, 0.0, 0.0, 0.0, 0.0, 0.0, 0.0, 0.0, 0.0, 0.0, 0.0, 0.0, 0.0, 0.0, 0.0, 0.0, 0.0, 0.0, 0.0, 0.0, 0.25211711370696627, 0.6192063449709504, 0.2690049634625514, 0.6267530213351603, 0.2680835741882523, 0.6707244924924991, 0.2753045201301575, 0.6720149172676935, 0.24169139141837756, 0.7286259494445941, 0.2761785164475441, 0.7453855957146044], "3": [0.0, 0.0, 0.0, 0.0, 0.0, 0.0, 0.0, 0.0, 0.0, 0.0, 0.0, 0.0, 0.0, 0.0, 0.0, 0.0, 0.0, 0.0, 0.0, 0.0, 0.0, 0.0, 0.0, 0.0, 0.0, 0.0, 0.0, 0.0, 0.0, 0.0, 0.0, 0.0, 0.24225040798385938, 0.7281265483962164]}