{"0": [0.0, 0.0, 0.0, 0.0, 0.0, 0.0, 0.3715997288624446, 0.5156800088507157, 0.3868828177452087, 0.5166537835642143, 0.36187896480162945, 0.553992725080914, 0.39977458578844866, 0.5489303131898244, 0.3489795067658027, 0.6045516244791174, 0.4073532337943713, 0.5868509115996184, 0.0, 0.0, 0.40148198722551265, 0.6069967521561518, 0.36827413787444435, 0.6544915242327585, 0.3917715601623059, 0.6562150595916642, 0.3629011991123358, 0.7372015299620451, 0.3892433646445473, 0.7226352816378628, 0.3707643482834101, 0.8171442770295673, 0.39317460022866724, 0.7867133696873984], "1": [0.0, 0.0, 0.0, 0.0, 0.0, 0.0, 0.6621102884411811, 0.4199541683550234, 0.6741682892044385, 0.4261969568828741, 0.6548547325034936, 0.44372212092081703, 0.6643565092235804, 0.44980659551090657, 0.0, 0.0, 0.6612470833584666, 0.4983682911705088, 0.0, 0.0, 0.6624512135982513, 0.5441942314306895, 0.6436602309656639, 0.529953149512962, 0.6530717287833493, 0.5338142147770635, 0.6480450959488129, 0.5815391093975416, 0.6573776739339033, 0.5918303975352536, 0.6465611672649781, 0.6342263463470671, 0.6601010549503067, 0.6523058262136248]}