{"0": [0.4460067792485158, 0.4392181852349529, 0.44668013577659926, 0.43339924722633977, 0.0, 0.0, 0.4525120695432027, 0.4352990675855566, 0.461484894528985, 0.43319917063194296, 0.44883055742830036, 0.4650584684477912, 0.47402307440837227, 0.4538198131102103, 0.4466010576859354, 0.5160989118634032, 0.4851082209187249, 0.4860103886988428, 0.44621138696869217, 0.5252781998228144, 0.4896406717055167, 0.5164604681509513, 0.45801327799757324, 0.5452632783187761, 0.4783949632197618, 0.5427096998250044, 0.446970301369826, 0.594417130726355, 0.4821151123692592, 0.6000268004558705, 0.44654142086704574, 0.6582241349750095, 0.48978875926695764, 0.6640993460460946], "1": [0.31419057939201595, 0.6073059386677212, 0.31448971861973407, 0.5972567102423421, 0.3121631925304731, 0.5995120496661575, 0.320144288862745, 0.5948254182382866, 0.0, 0.0, 0.3398192275625964, 0.6098774098687701, 0.31363998384525377, 0.6325603841079606, 0.35710003655403855, 0.633184556649239, 0.31285909861326217, 0.6740494043738754, 0.0, 0.0, 0.30420077045758565, 0.7103229575686985, 0.36214078590273857, 0.6741879710444698, 0.34828801757345595, 0.6863664323533023, 0.3544552323718866, 0.7592771270381355, 0.35275333176056545, 0.7598308031757672, 0.3650635805601875, 0.8343149402627239, 0.36486260428403816, 0.8334261369167103]}