{"0": [0.0, 0.0, 0.0, 0.0, 0.0, 0.0, 0.4556957204515735, 0.4325880807858926, 0.4689972430001944, 0.43380910997037536, 0.44434537906199695, 0.4569538230145419, 0.47244120513399435, 0.46598205456027275, 0.4355148756566147, 0.4792722795848493, 0.4758724740395943, 0.5098582594482987, 0.0, 0.0, 0.0, 0.0, 0.44359097722917795, 0.54929286925881, 0.46334220357239253, 0.5506944449963393, 0.4321574228505293, 0.6017592299867559, 0.472569912361602, 0.6029863896745222, 0.4167865812778473, 0.6545454464576862, 0.4817433295150598, 0.66314606928715], "1": [0.0, 0.0, 0.0, 0.0, 0.0, 0.0, 0.6613202604775628, 0.5215910838158042, 0.6767539762270948, 0.524912284038685, 0.6483871163800359, 0.5481617859116307, 0.6808471481315792, 0.5682463467121124, 0.6399355771020054, 0.5896007393797239, 0.6865620714922746, 0.6274530778328578, 0.0, 0.0, 0.708305502186219, 0.6434740134963282, 0.6508207538475593, 0.6491923710814229, 0.6688921405468136, 0.6543926927778456, 0.649413350224495, 0.7028644647863176, 0.68652921654284, 0.7135017059467457, 0.6232010796666146, 0.7510813240099836, 0.6896901189892863, 0.7829783585336472]}