{"0": [0.7301831750820079, 0.6227016486503459, 0.0, 0.0, 0.7290366326769192, 0.6148888159681248, 0.0, 0.0, 0.7212974277635416, 0.6164290774751593, 0.698834422416985, 0.6398844626214768, 0.7111508940036099, 0.6584082475414983, 0.7007164513071378, 0.7206841418036708, 0.7035809017717837, 0.7245657545548898, 0.0, 0.0, 0.7015461709971229, 0.7733350919904531, 0.6537330719331901, 0.715541526178519, 0.6731037711505096, 0.7360495336151174, 0.0, 0.0, 0.7098316662634413, 0.7993907005698593, 0.6581708033879597, 0.7867993986165083, 0.7098255071168145, 0.8827753243622957], "1": [0.8243605529268584, 0.17517980138460795, 0.827595030516386, 0.17211227505295365, 0.0, 0.0, 0.8313991469641526, 0.1763055412857621, 0.0, 0.0, 0.833064599831899, 0.19601293589781832, 0.0, 0.0, 0.0, 0.0, 0.0, 0.0, 0.0, 0.0, 0.0, 0.0, 0.0, 0.0, 0.0, 0.0, 0.0, 0.0, 0.0, 0.0, 0.0, 0.0, 0.0, 0.0], "2": [0.0, 0.0, 0.0, 0.0, 0.0, 0.0, 0.0, 0.0, 0.0, 0.0, 0.5393592954458047, 0.5154123318967996, 0.573474029299386, 0.537188576064727, 0.5253605278829734, 0.5593302531788746, 0.5759277757257223, 0.5787933230400084, 0.5326935564478238, 0.5822298088007503, 0.5783023941020171, 0.6163649781986519, 0.5401872813701629, 0.6096376800978626, 0.5644661860152458, 0.6176583930298133, 0.5312383269192651, 0.6712860153229149, 0.5732905848262211, 0.6769474888289416, 0.5217230117569368, 0.7267195970923812, 0.573595592007041, 0.7464947175096582], "3": [0.0, 0.0, 0.0, 0.0, 0.0, 0.0, 0.0, 0.0, 0.0, 0.0, 0.0, 0.0, 0.0, 0.0, 0.0, 0.0, 0.0, 0.0, 0.0, 0.0, 0.0, 0.0, 0.6652618947128455, 0.7401949321782146, 0.0, 0.0, 0.707829356441895, 0.7996690109924034, 0.0, 0.0, 0.7096143287916978, 0.8817572450196302, 0.0, 0.0]}