{"0": [0.0, 0.0, 0.0, 0.0, 0.0, 0.0, 0.5757298243542512, 0.5186568871692375, 0.5906737563510736, 0.5205050420981866, 0.5642583147933086, 0.5497960649154804, 0.6016053012261788, 0.5573850916491614, 0.5558154236214856, 0.6017248873357419, 0.6059868909729024, 0.6232423219415877, 0.5541921444237232, 0.6381472117371029, 0.6047978882988294, 0.6591943961602671, 0.5738419993470113, 0.6497865637143453, 0.5946749617035191, 0.6549736085313338, 0.5764119592805703, 0.7239093405229075, 0.588854102914532, 0.7264451126257578, 0.5701571707924207, 0.7771730246367278, 0.6026372544467449, 0.7902016117616936], "1": [0.0, 0.0, 0.0, 0.0, 0.0, 0.0, 0.47160168637832006, 0.5162832201630981, 0.48409198137621084, 0.5092641801745803, 0.46393302294115224, 0.5482533891995748, 0.49693765987952543, 0.5251418904021934, 0.46057147937826814, 0.5833723809983995, 0.5171971755723158, 0.5633479634920756, 0.45737007632851606, 0.6117144757950748, 0.5113101583595078, 0.5868312422876005, 0.4917394867787758, 0.6161521651126721, 0.5121299414585034, 0.6102381221674107, 0.4803165265669425, 0.6614520050861218, 0.522041867611309, 0.6615363183948728, 0.49863067325204613, 0.7279452479547924, 0.5387888522197802, 0.7115678096259082], "2": [0.0, 0.0, 0.0, 0.0, 0.0, 0.0, 0.0, 0.0, 0.0, 0.0, 0.0, 0.0, 0.0, 0.0, 0.0, 0.0, 0.0, 0.0, 0.0, 0.0, 0.0, 0.0, 0.0, 0.0, 0.0, 0.0, 0.0, 0.0, 0.0, 0.0, 0.0, 0.0, 0.570345638692379, 0.779354171399717]}