{"0": [0.3340728271752596, 0.5792710862777851, 0.3343912523239851, 0.5710383084085252, 0.0, 0.0, 0.34401786585027977, 0.5703854393076013, 0.0, 0.0, 0.3656563171495994, 0.5985002122543476, 0.3388360681012273, 0.6049769443494303, 0.3935836175767084, 0.6429917710798757, 0.33870706676195067, 0.6475714005253933, 0.39635746429363883, 0.6971115196192706, 0.32480535854895914, 0.679552995717084, 0.3756434024622043, 0.7004766070732364, 0.3605545167500774, 0.706780326752751, 0.36504439065853755, 0.7771712009553556, 0.36466985728281237, 0.7798598990396217, 0.36562181003391747, 0.8602801775490796, 0.36586975641548636, 0.8600990149709915], "1": [0.0, 0.0, 0.0, 0.0, 0.0, 0.0, 0.0, 0.0, 0.0, 0.0, 0.4526610835144917, 0.5363120270548043, 0.4861072345947226, 0.5180382015528502, 0.45061793206610185, 0.5961046426744445, 0.500727271536986, 0.5456654589485239, 0.4596183550854524, 0.624907320296323, 0.0, 0.0, 0.46574964051445333, 0.6361460716636091, 0.49024925008416176, 0.6331013551740735, 0.4613303682456414, 0.6852098120928363, 0.49931337088346484, 0.6844657790881616, 0.46275339101751645, 0.7500500199971376, 0.5042963204284509, 0.7425184278576462], "2": [0.0, 0.0, 0.0, 0.0, 0.0, 0.0, 0.0, 0.0, 0.0, 0.0, 0.0, 0.0, 0.4916642068574826, 0.5642203456825681, 0.0, 0.0, 0.0, 0.0, 0.0, 0.0, 0.0, 0.0, 0.0, 0.0, 0.0, 0.0, 0.0, 0.0, 0.0, 0.0, 0.0, 0.0, 0.0, 0.0]}