{"0": [0.33760537480314573, 0.6249877991499724, 0.3399663566922148, 0.6204560169467219, 0.0, 0.0, 0.3507849401483933, 0.6280910101201799, 0.0, 0.0, 0.37493367393811544, 0.6619165003299713, 0.3516550885823866, 0.6641721562102989, 0.3950782641768456, 0.7235812509501421, 0.3541632376611233, 0.7027678416834937, 0.38589657998333377, 0.7859057978347496, 0.334285431727767, 0.7464384507249904, 0.39433751354991603, 0.7448650198215091, 0.37662183673431476, 0.7428721989746447, 0.0, 0.0, 0.35207405122734303, 0.8210309993337702, 0.0, 0.0, 0.35225698420157037, 0.8701264438529809], "1": [0.0, 0.0, 0.0, 0.0, 0.0, 0.0, 0.529503854115804, 0.44187427107934596, 0.5404114693403244, 0.44584416658790016, 0.5251607318863375, 0.48426369317692, 0.5498099159449339, 0.4933821295146589, 0.5192418814636767, 0.5305726491742664, 0.0, 0.0, 0.5056269455701112, 0.5564583361148834, 0.0, 0.0, 0.5252413255472977, 0.5753535961663282, 0.546430979296565, 0.57825034349053, 0.5189683082358291, 0.6222897262484939, 0.5450340750316779, 0.6391808521968347, 0.5219971252605319, 0.6814155728728682, 0.5417230438441039, 0.702123389420686], "2": [0.0, 0.0, 0.0, 0.0, 0.0, 0.0, 0.0, 0.0, 0.0, 0.0, 0.5485430328175426, 0.4990688189312264, 0.525835179289182, 0.5046301040384504, 0.5608243729298313, 0.5145725803794684, 0.5185962001327425, 0.5306581786385289, 0.0, 0.0, 0.5082144508759181, 0.5574737885483989, 0.543294538402309, 0.5793350080649058, 0.5278192366783817, 0.5739906427002064, 0.5449513994157315, 0.6383469332147528, 0.5180709460750221, 0.621645098262363, 0.5420405278603236, 0.7009962659191202, 0.5221231492857139, 0.6814558788582131], "3": [0.0, 0.0, 0.0, 0.0, 0.0, 0.0, 0.0, 0.0, 0.0, 0.0, 0.0, 0.0, 0.0, 0.0, 0.0, 0.0, 0.0, 0.0, 0.5601612724363804, 0.5180097553465102, 0.0, 0.0, 0.0, 0.0, 0.0, 0.0, 0.0, 0.0, 0.0, 0.0, 0.0, 0.0, 0.0, 0.0], "4": [0.0, 0.0, 0.0, 0.0, 0.0, 0.0, 0.0, 0.0, 0.0, 0.0, 0.0, 0.0, 0.0, 0.0, 0.0, 0.0, 0.0, 0.0, 0.0, 0.0, 0.5575405801335971, 0.5175056865921727, 0.0, 0.0, 0.0, 0.0, 0.0, 0.0, 0.0, 0.0, 0.0, 0.0, 0.0, 0.0]}