{"0": [0.964814786395679, 0.390029987582454, 0.9671720616519451, 0.3868151240878635, 0.9629830966393153, 0.3856501407093472, 0.970942173153162, 0.38799177364066795, 0.9582733854651451, 0.3863736258612739, 0.9744422386089961, 0.40993233720461525, 0.9531540237367153, 0.4070925778812832, 0.977367925706009, 0.4321945709210855, 0.0, 0.0, 0.0, 0.0, 0.0, 0.0, 0.0, 0.0, 0.0, 0.0, 0.0, 0.0, 0.0, 0.0, 0.0, 0.0, 0.0, 0.0], "1": [0.4605443257295216, 0.47646457740554105, 0.0, 0.0, 0.0, 0.0, 0.46827338114380834, 0.47152352498637307, 0.0, 0.0, 0.48933179235706725, 0.507848493727269, 0.458795481423537, 0.5081619568996959, 0.5017923737565676, 0.5573077411563309, 0.4529643880824248, 0.5525329408270342, 0.5032696834454934, 0.5954277732857951, 0.44489247699578605, 0.5831629229916466, 0.4865309812128543, 0.6025339841842652, 0.4658613217373689, 0.6023928476704492, 0.0, 0.0, 0.0, 0.0, 0.0, 0.0, 0.0, 0.0], "2": [0.35075147983928523, 0.6531886860176369, 0.3502862975001335, 0.6466444108221266, 0.0, 0.0, 0.3552621042355895, 0.6452165925944293, 0.37002316837509475, 0.6323640481189445, 0.37046190885206065, 0.6838139079235217, 0.3847669370472432, 0.6385512987772624, 0.3756878964602947, 0.7295011913610829, 0.0, 0.0, 0.0, 0.0, 0.0, 0.0, 0.40668841438988845, 0.7565013554361131, 0.4148687863412003, 0.7563679363992479, 0.3848965035441021, 0.8070904954716012, 0.0, 0.0, 0.3908721459408601, 0.8834975169764625, 0.39082300464312236, 0.8832050804738645], "3": [0.0, 0.0, 0.0, 0.0, 0.0, 0.0, 0.0, 0.0, 0.0, 0.0, 0.4595791284615795, 0.5079672590450004, 0.48984678744648896, 0.5087056614734509, 0.0, 0.0, 0.5026908797522386, 0.5582514603932699, 0.4436462678325673, 0.5854303042093912, 0.5042046550661327, 0.5957159512020923, 0.4658187858760357, 0.6073120134848136, 0.4896034385834355, 0.6026484784152772, 0.4566223633786042, 0.6640174419791611, 0.4962660341213147, 0.6638657830379626, 0.45949397248526413, 0.7222584902826282, 0.5050530721743901, 0.7227061844534344], "4": [0.0, 0.0, 0.0, 0.0, 0.0, 0.0, 0.0, 0.0, 0.0, 0.0, 0.0, 0.0, 0.36913297551994523, 0.6767982741196951, 0.0, 0.0, 0.0, 0.0, 0.0, 0.0, 0.0, 0.0, 0.0, 0.0, 0.0, 0.0, 0.0, 0.0, 0.0, 0.0, 0.0, 0.0, 0.0, 0.0], "5": [0.0, 0.0, 0.0, 0.0, 0.0, 0.0, 0.0, 0.0, 0.0, 0.0, 0.0, 0.0, 0.0, 0.0, 0.0, 0.0, 0.0, 0.0, 0.0, 0.0, 0.0, 0.0, 0.0, 0.0, 0.0, 0.0, 0.42975565070907273, 0.7731733125668986, 0.0, 0.0, 0.0, 0.0, 0.0, 0.0], "6": [0.0, 0.0, 0.0, 0.0, 0.0, 0.0, 0.0, 0.0, 0.0, 0.0, 0.0, 0.0, 0.0, 0.0, 0.0, 0.0, 0.0, 0.0, 0.0, 0.0, 0.0, 0.0, 0.0, 0.0, 0.0, 0.0, 0.0, 0.0, 0.38392641047636666, 0.8058879903069249, 0.0, 0.0, 0.0, 0.0], "7": [0.0, 0.0, 0.0, 0.0, 0.0, 0.0, 0.0, 0.0, 0.0, 0.0, 0.0, 0.0, 0.0, 0.0, 0.0, 0.0, 0.0, 0.0, 0.0, 0.0, 0.0, 0.0, 0.0, 0.0, 0.0, 0.0, 0.0, 0.0, 0.42985144468645253, 0.7739403492322674, 0.0, 0.0, 0.44173471083243687, 0.8097392450880121], "8": [0.0, 0.0, 0.0, 0.0, 0.0, 0.0, 0.0, 0.0, 0.0, 0.0, 0.0, 0.0, 0.0, 0.0, 0.0, 0.0, 0.0, 0.0, 0.0, 0.0, 0.0, 0.0, 0.0, 0.0, 0.0, 0.0, 0.0, 0.0, 0.0, 0.0, 0.441578700269262, 0.8092744406726625, 0.0, 0.0], "9": [0.0, 0.0, 0.0, 0.0, 0.0, 0.0, 0.0, 0.0, 0.0, 0.0, 0.0, 0.0, 0.0, 0.0, 0.0, 0.0, 0.0, 0.0, 0.0, 0.0, 0.0, 0.0, 0.0, 0.0, 0.0, 0.0, 0.0, 0.0, 0.0, 0.0, 0.37728657356152934, 0.7772217984552736, 0.0, 0.0]}