{"0": [0.23382002984484038, 0.5202896727455987, 0.0, 0.0, 0.23002960719168186, 0.5136610910848335, 0.0, 0.0, 0.2211602434515953, 0.5134305459481698, 0.20994171046962343, 0.5466867877377404, 0.21479050405323505, 0.5570679843425751, 0.0, 0.0, 0.21482703561584152, 0.6243099653058581, 0.0, 0.0, 0.2268410455280294, 0.6629016689542268, 0.2028259152546525, 0.6605283430329075, 0.21174048222601413, 0.6624268333669063, 0.20509637494881947, 0.7313967088858285, 0.2383637065688769, 0.7212281563767681, 0.19705363139510154, 0.8018813287770308, 0.25618802978812405, 0.7753817243708505], "1": [0.0, 0.0, 0.0, 0.0, 0.0, 0.0, 0.6679739837224284, 0.5150877010215211, 0.6841489840298891, 0.5168466563578005, 0.6533975853274266, 0.5489730843791255, 0.6966590789457162, 0.5574248497132902, 0.6449853577961524, 0.5974562373426227, 0.7009900823235513, 0.6183269294047798, 0.6383175707111756, 0.6332280403899926, 0.7037451275934777, 0.6564278985063235, 0.6559841407773396, 0.6487099153576074, 0.6812989464146084, 0.6584063852274858, 0.6468422431498766, 0.7242060793770684, 0.6784328691661358, 0.7333722918121903, 0.6412847799559435, 0.7982975747850206, 0.6761419360836348, 0.8094983051220576], "2": [0.0, 0.0, 0.0, 0.0, 0.0, 0.0, 0.0, 0.0, 0.0, 0.0, 0.0, 0.0, 0.0, 0.0, 0.21802789382636548, 0.6199314139507435, 0.0, 0.0, 0.0, 0.0, 0.0, 0.0, 0.0, 0.0, 0.0, 0.0, 0.0, 0.0, 0.0, 0.0, 0.0, 0.0, 0.0, 0.0], "3": [0.0, 0.0, 0.0, 0.0, 0.0, 0.0, 0.0, 0.0, 0.0, 0.0, 0.0, 0.0, 0.0, 0.0, 0.0, 0.0, 0.0, 0.0, 0.0, 0.0, 0.0, 0.0, 0.0, 0.0, 0.0, 0.0, 0.237322124093771, 0.7208908462965928, 0.20563307913641135, 0.7310580057126504, 0.0, 0.0, 0.19794135502694798, 0.8022571815384759]}