{"0": [0.0, 0.0, 0.0, 0.0, 0.0, 0.0, 0.34455622384945545, 0.3959386334651046, 0.35633746008388706, 0.39166333388399194, 0.3414313410719236, 0.42171578583893954, 0.3654339876025915, 0.4164858553144667, 0.33451877627521753, 0.4462105256539804, 0.3695700640479724, 0.44318923508679425, 0.0, 0.0, 0.3675762025018533, 0.46503993736373056, 0.34877045502265297, 0.4771601359601374, 0.36235608831048005, 0.47492527961730957, 0.3431409304961563, 0.5192111668763337, 0.35919496590892475, 0.5178218009295287, 0.354490743825833, 0.5652729047669305, 0.3663176922748486, 0.5643439537949032], "1": [0.0, 0.0, 0.0, 0.0, 0.0, 0.0, 0.38002626821398733, 0.3726915188409664, 0.3901128906135758, 0.36790351459273585, 0.3784199812759956, 0.3964302862683932, 0.40114749943216643, 0.38506836626264784, 0.3747747975091139, 0.42884667515754693, 0.413906535692513, 0.40649689965777924, 0.37122873266537987, 0.4592447695908723, 0.41887172573866943, 0.4257684369881948, 0.38985544253761567, 0.4538986732562383, 0.40484231437246004, 0.44992128809293114, 0.390969617664814, 0.4919743380612797, 0.40289478457222383, 0.48962652263817963, 0.39241229705512526, 0.5301645127711473, 0.4058752585823337, 0.5301315258498545]}