{"0": [0.4093710660934448, 0.41787883793866193, 0.40951367653906345, 0.41407204778106127, 0.0, 0.0, 0.4127880547195673, 0.414642694261339, 0.4235523829857508, 0.40851569970448814, 0.4183346560224891, 0.4428058597776625, 0.43372160568833357, 0.4312517495067031, 0.4133592663953702, 0.48145967766090675, 0.44545824974775317, 0.4485230129074168, 0.0, 0.0, 0.0, 0.0, 0.4274861098267138, 0.5203734348217647, 0.4407366665701072, 0.5172539759565282, 0.40475543874005476, 0.5511168707300116, 0.4363376523678501, 0.5564966566032834, 0.4110186457013091, 0.6108264923647598, 0.4470953612898787, 0.614702801571952], "1": [0.5130034491419793, 0.4708369383105525, 0.5148631003374855, 0.46446712911128996, 0.0, 0.0, 0.5184690598708888, 0.46634406160425257, 0.0, 0.0, 0.5268202739146849, 0.5031944032068606, 0.4959947049617767, 0.5016422913030342, 0.5333326327304045, 0.5374743780604115, 0.48720073935886227, 0.5444527343260469, 0.0, 0.0, 0.0, 0.0, 0.5146275249232227, 0.5966663964092731, 0.4970233539740245, 0.5957507490007966, 0.0, 0.0, 0.5003361247479915, 0.6547807289494408, 0.0, 0.0, 0.4976111047280331, 0.7137849545037305], "2": [0.0, 0.0, 0.0, 0.0, 0.0, 0.0, 0.0, 0.0, 0.5180627879376213, 0.4657719941050918, 0.0, 0.0, 0.0, 0.0, 0.0, 0.0, 0.0, 0.0, 0.0, 0.0, 0.0, 0.0, 0.0, 0.0, 0.0, 0.0, 0.0, 0.0, 0.0, 0.0, 0.0, 0.0, 0.0, 0.0], "3": [0.0, 0.0, 0.0, 0.0, 0.0, 0.0, 0.0, 0.0, 0.0, 0.0, 0.0, 0.0, 0.0, 0.0, 0.0, 0.0, 0.0, 0.0, 0.0, 0.0, 0.0, 0.0, 0.0, 0.0, 0.0, 0.0, 0.4983313997586568, 0.6551805399082326, 0.0, 0.0, 0.49661752258737885, 0.7139542549848557, 0.0, 0.0], "4": [0.0, 0.0, 0.0, 0.0, 0.0, 0.0, 0.0, 0.0, 0.0, 0.0, 0.0, 0.0, 0.0, 0.0, 0.0, 0.0, 0.0, 0.0, 0.0, 0.0, 0.0, 0.0, 0.0, 0.0, 0.0, 0.0, 0.0, 0.0, 0.4059111106209457, 0.550190766542046, 0.0, 0.0, 0.0, 0.0]}