{"0": [0.5364394900078575, 0.47703028906274725, 0.0, 0.0, 0.0, 0.0, 0.0, 0.0, 0.0, 0.0, 0.0, 0.0, 0.0, 0.0, 0.0, 0.0, 0.0, 0.0, 0.0, 0.0, 0.0, 0.0, 0.0, 0.0, 0.0, 0.0, 0.0, 0.0, 0.0, 0.0, 0.0, 0.0, 0.0, 0.0], "1": [0.0, 0.0, 0.0, 0.0, 0.0, 0.0, 0.6585422838727634, 0.5330572616170954, 0.6755006277312835, 0.5346519761615329, 0.6449967165788014, 0.5652715989836941, 0.684303006529808, 0.5773608457159112, 0.62950351263086, 0.6122202398600401, 0.6917238174627225, 0.6338459184876195, 0.621091494957606, 0.6088456913276955, 0.6845380761350195, 0.6552175006380787, 0.6530924698958794, 0.6642505462522861, 0.6762178873022398, 0.6695407946352606, 0.6355996819833916, 0.7220421900627789, 0.696528499076764, 0.7344907065232594, 0.6420464338113864, 0.7961912576868027, 0.7189870077340553, 0.7947030423967927], "2": [0.0, 0.0, 0.0, 0.0, 0.0, 0.0, 0.5253354419022799, 0.4750745552557486, 0.5362832392255465, 0.47427848908636305, 0.5131271754701933, 0.5059897973581596, 0.545711753020684, 0.5064055431772161, 0.500684966519475, 0.5464174754089779, 0.5596864227826397, 0.5507494547852764, 0.0, 0.0, 0.5684731573176881, 0.5871706357708684, 0.5140711534768343, 0.595054696113975, 0.5367501656214396, 0.5984546495808496, 0.4933192075540622, 0.6393958350022634, 0.5520024557442714, 0.6255616466204326, 0.4726640219489733, 0.6988943853863965, 0.5480893808417022, 0.7026240587234496], "3": [0.0, 0.0, 0.0, 0.0, 0.0, 0.0, 0.0, 0.0, 0.0, 0.0, 0.5465138291319211, 0.5038020606394167, 0.0, 0.0, 0.0, 0.0, 0.0, 0.0, 0.0, 0.0, 0.0, 0.0, 0.0, 0.0, 0.0, 0.0, 0.0, 0.0, 0.0, 0.0, 0.0, 0.0, 0.0, 0.0]}