{"0": [0.610686130511264, 0.4388533848303336, 0.6136673570300142, 0.4334008011277075, 0.6072382745643456, 0.4334600983808438, 0.6183001607346038, 0.43409233921104007, 0.603413672124346, 0.43577362343117043, 0.6270635434309952, 0.46773852860486065, 0.5977160779759287, 0.46829745548742796, 0.6346223107849558, 0.5142076769360789, 0.0, 0.0, 0.626772096225371, 0.552375520489834, 0.0, 0.0, 0.6194683048253258, 0.5583345780769984, 0.6017449809238314, 0.5563935222449126, 0.0, 0.0, 0.602324488464122, 0.6162481681064323, 0.0, 0.0, 0.0, 0.0], "1": [0.0, 0.0, 0.0, 0.0, 0.0, 0.0, 0.6248486114044984, 0.5849910254831667, 0.646116728708148, 0.5947080390320884, 0.602377870772034, 0.6296301704865915, 0.6433943671795229, 0.6534197268662629, 0.5893934336335709, 0.7067320964954518, 0.6531917765736581, 0.7225159116089344, 0.0, 0.0, 0.6666994147002697, 0.7083137812437834, 0.5965017359703779, 0.7590930111844232, 0.6260569016138713, 0.7742818049120683, 0.593944721094643, 0.8307768861452739, 0.6303438109656175, 0.8556456249483205, 0.5823942732065917, 0.8958427795657405, 0.6308631515440841, 0.9371454784991564], "2": [0.0, 0.0, 0.0, 0.0, 0.0, 0.0, 0.0, 0.0, 0.0, 0.0, 0.0, 0.0, 0.0, 0.0, 0.0, 0.0, 0.0, 0.0, 0.6642000913930436, 0.708870056933827, 0.0, 0.0, 0.0, 0.0, 0.0, 0.0, 0.0, 0.0, 0.0, 0.0, 0.0, 0.0, 0.0, 0.0], "3": [0.0, 0.0, 0.0, 0.0, 0.0, 0.0, 0.0, 0.0, 0.0, 0.0, 0.0, 0.0, 0.0, 0.0, 0.0, 0.0, 0.0, 0.0, 0.0, 0.0, 0.0, 0.0, 0.0, 0.0, 0.0, 0.0, 0.0, 0.0, 0.0, 0.0, 0.6315225046128035, 0.9369736878408327, 0.0, 0.0]}