{"0": [0.6541344628979763, 0.4345703967191555, 0.0, 0.0, 0.6538265492767095, 0.4283856341132411, 0.0, 0.0, 0.6463715898493927, 0.42325154763680917, 0.6349504570787151, 0.44232433449338976, 0.6374047651886942, 0.44743909824777534, 0.0, 0.0, 0.6397235696514447, 0.4909352555319115, 0.0, 0.0, 0.6433617733729382, 0.515805505492069, 0.6240982536226511, 0.5285970308162548, 0.6347455117851496, 0.5293319234693492, 0.6242896884679794, 0.5861143785494345, 0.6419100103278954, 0.5944701924368188, 0.6230183566765238, 0.6454264031516183, 0.6406827638546627, 0.6562927762115444], "1": [0.0, 0.0, 0.0, 0.0, 0.0, 0.0, 0.3431844165548682, 0.5291881622539626, 0.3608245448830227, 0.5299325304174866, 0.3295424104978641, 0.5734292723514415, 0.37043335015575085, 0.574765995365602, 0.3126751547058424, 0.6261988993596148, 0.37529361099004743, 0.6333374861356181, 0.30242404354115326, 0.6635890710684988, 0.3630071315914393, 0.6412275950113933, 0.33486530830462774, 0.6778601968316015, 0.3583366605142752, 0.6729469897570434, 0.3365127805620432, 0.7526291523818617, 0.35155798780421416, 0.7449386060789779, 0.3387629486620426, 0.8351215050176338, 0.3563518878770992, 0.8244656497681583]}