{"0": [0.0, 0.0, 0.0, 0.0, 0.0, 0.0, 0.6728992973764737, 0.5174563507239024, 0.6919020529836416, 0.521714632930579, 0.6546205264826616, 0.557872634794977, 0.6975350379633407, 0.5616442530243485, 0.6338062569499016, 0.5981889645258586, 0.0, 0.0, 0.6494080189615488, 0.6286770273137976, 0.0, 0.0, 0.65782831783096, 0.6581157011014444, 0.684943808397899, 0.6646514917965288, 0.6461511791994174, 0.7272429907763446, 0.679875959455967, 0.7410289428852223, 0.6395161022121708, 0.8028888655481515, 0.6749664890269439, 0.8141551399672473], "1": [0.0, 0.0, 0.0, 0.0, 0.0, 0.0, 0.0, 0.0, 0.0, 0.0, 0.21031891045471032, 0.5336635207688367, 0.240331565712889, 0.5322443882624308, 0.20072207885483903, 0.5919461144341363, 0.24788556216129415, 0.5686593762150517, 0.1967597059905529, 0.6437212648215116, 0.0, 0.0, 0.2191592268956204, 0.6169583217965233, 0.23969411277212202, 0.6033987961433552, 0.2242962511877219, 0.6810379728122994, 0.2480920127592981, 0.6520503671080978, 0.23051117459932963, 0.7428222331735822, 0.25002158880233766, 0.7068489432886794], "2": [0.0, 0.0, 0.0, 0.0, 0.0, 0.0, 0.0, 0.0, 0.0, 0.0, 0.0, 0.0, 0.0, 0.0, 0.0, 0.0, 0.0, 0.0, 0.0, 0.0, 0.0, 0.0, 0.0, 0.0, 0.0, 0.0, 0.0, 0.0, 0.0, 0.0, 0.0, 0.0, 0.23188233276208242, 0.7448895891507467]}