{"0": [0.8569883941983183, 0.15032392828552812, 0.8586044785877068, 0.14664729171329074, 0.855265342320005, 0.14659872275811656, 0.8616126286486785, 0.14804812802208794, 0.8528203663105766, 0.1486573819760923, 0.8651855405420065, 0.16439489920934042, 0.850007908542951, 0.16551855361020124, 0.8695597254360715, 0.18587246007389494, 0.8460481933007638, 0.1870594596421277, 0.8687364429924248, 0.19766851917461112, 0.8494275704026222, 0.18020232375021333, 0.863351235166192, 0.20555928504025495, 0.8518082735749583, 0.20518550927992224, 0.0, 0.0, 0.8504960642506679, 0.23199045006875635, 0.0, 0.0, 0.0, 0.0], "1": [0.43184785383443036, 0.47323094650551123, 0.4350535641734799, 0.4665802807719619, 0.42951763110856217, 0.46815255659597893, 0.44052112369487684, 0.4666501435968611, 0.42877095018823946, 0.47019746527075773, 0.45558843767891327, 0.4949172688855065, 0.4284113018463055, 0.503133609118285, 0.46953599837919074, 0.5440590394591843, 0.42192013810078305, 0.556043267470819, 0.47428514262040455, 0.5843309839566548, 0.41752569613357376, 0.5606482886605793, 0.45914755091071124, 0.5863363096007594, 0.43728968426585196, 0.5936793998435691, 0.4684858258192738, 0.6436505562729306, 0.43449013891319427, 0.6561120940579308, 0.0, 0.0, 0.0, 0.0], "2": [0.0, 0.0, 0.0, 0.0, 0.0, 0.0, 0.291941366593043, 0.6064930326408811, 0.30992764613280693, 0.5953123247181927, 0.2931354478622476, 0.666594394048055, 0.32743790025512376, 0.6120104143465007, 0.0, 0.0, 0.36058350179033977, 0.6451412123662456, 0.0, 0.0, 0.0, 0.0, 0.33608077727258207, 0.7386156003784249, 0.35676325553407273, 0.7288031064801745, 0.29827146887158357, 0.7899035782725723, 0.0, 0.0, 0.3099254040357967, 0.8831365797254774, 0.3257388422886531, 0.8043367451539747], "3": [0.0, 0.0, 0.0, 0.0, 0.0, 0.0, 0.0, 0.0, 0.0, 0.0, 0.0, 0.0, 0.0, 0.0, 0.42091631765166926, 0.5597787254386478, 0.0, 0.0, 0.0, 0.0, 0.0, 0.0, 0.0, 0.0, 0.0, 0.0, 0.0, 0.0, 0.0, 0.0, 0.0, 0.0, 0.0, 0.0], "4": [0.0, 0.0, 0.0, 0.0, 0.0, 0.0, 0.0, 0.0, 0.0, 0.0, 0.0, 0.0, 0.0, 0.0, 0.0, 0.0, 0.0, 0.0, 0.0, 0.0, 0.473588319743673, 0.5864642586972978, 0.0, 0.0, 0.0, 0.0, 0.0, 0.0, 0.0, 0.0, 0.0, 0.0, 0.0, 0.0], "5": [0.0, 0.0, 0.0, 0.0, 0.0, 0.0, 0.0, 0.0, 0.0, 0.0, 0.0, 0.0, 0.0, 0.0, 0.0, 0.0, 0.0, 0.0, 0.0, 0.0, 0.0, 0.0, 0.0, 0.0, 0.459081528832515, 0.5865240125744431, 0.43389569111168386, 0.6590999342777111, 0.4689153969908754, 0.6466011952470851, 0.4336036952833335, 0.7251104542502651, 0.48585001630708574, 0.7119327553996332], "6": [0.0, 0.0, 0.0, 0.0, 0.0, 0.0, 0.0, 0.0, 0.0, 0.0, 0.0, 0.0, 0.0, 0.0, 0.0, 0.0, 0.0, 0.0, 0.0, 0.0, 0.0, 0.0, 0.0, 0.0, 0.0, 0.0, 0.0, 0.0, 0.0, 0.0, 0.0, 0.0, 0.3097817858060201, 0.882783532142639]}