{"0": [0.37681991883243116, 0.3867883461493033, 0.37985556249817215, 0.38230990530164155, 0.374694611877203, 0.3815657754118244, 0.3836691368371249, 0.38405020413575347, 0.37081953808665274, 0.38107240373889606, 0.39130860852698485, 0.40600570727277685, 0.365708635126551, 0.4047132758078752, 0.396987731444339, 0.4312303880850474, 0.3487714134777586, 0.425994169594789, 0.3808066057041287, 0.42622741982340806, 0.35702725201845176, 0.40859663641011273, 0.3900855038004617, 0.46859858400291865, 0.3734802358473341, 0.4699336425021843, 0.387841917326053, 0.5217190969321462, 0.38008249228199326, 0.5224873044148639, 0.39153313065568607, 0.5755670055195138, 0.390313144835333, 0.5763327545589871], "1": [0.4147716855319838, 0.43007216740537574, 0.417248173058033, 0.42405318242532236, 0.41202054421106976, 0.4236255184367851, 0.4201724216341972, 0.4232073854517054, 0.40718304651478926, 0.4215726066518713, 0.4246166656414668, 0.4487970169495653, 0.3993602047363917, 0.4505221567772053, 0.4296908687800169, 0.4865448543318996, 0.3943893117209275, 0.48154822367208977, 0.4332990236580372, 0.5190662481166698, 0.0, 0.0, 0.4233166744932532, 0.527551762704496, 0.4063853509258479, 0.5285221365866838, 0.4242100411405166, 0.59082364793177, 0.40944396605094274, 0.5835550864537556, 0.42627887160827715, 0.6479723738851371, 0.4050701269259055, 0.623382874109127]}