{"0": [0.0, 0.0, 0.0, 0.0, 0.0, 0.0, 0.643345927571257, 0.5854250925558585, 0.6639476369445523, 0.5837901364873957, 0.6317302008469899, 0.6333611756252746, 0.6754009077946344, 0.6220642964045205, 0.6364842188855012, 0.6993886475209836, 0.7018508493745078, 0.6795647827563462, 0.0, 0.0, 0.7134778127074242, 0.7360387236983688, 0.6513441638400157, 0.7514220935602984, 0.6765221585830052, 0.7436419409734232, 0.6470508183665253, 0.8273786547624652, 0.681780968233943, 0.8042723426664317, 0.0, 0.0, 0.0, 0.0], "1": [0.0, 0.0, 0.0, 0.0, 0.0, 0.0, 0.0, 0.0, 0.0, 0.0, 0.4896086344437208, 0.5650662353745213, 0.5150643450208009, 0.5884268469832562, 0.4856684028015783, 0.5912051167753007, 0.0, 0.0, 0.47105410483976207, 0.6098306238651275, 0.0, 0.0, 0.49486067829032737, 0.6326797525639887, 0.5116132960965236, 0.6349500712421206, 0.47942619062960146, 0.6758432357399552, 0.49873059596866365, 0.6750045158244945, 0.4801696641991536, 0.7378719260847127, 0.5005199982474248, 0.7373293232034754], "2": [0.0, 0.0, 0.0, 0.0, 0.0, 0.0, 0.0, 0.0, 0.0, 0.0, 0.0, 0.0, 0.49283342647055783, 0.5652115502843149, 0.0, 0.0, 0.0, 0.0, 0.0, 0.0, 0.0, 0.0, 0.0, 0.0, 0.0, 0.0, 0.0, 0.0, 0.0, 0.0, 0.0, 0.0, 0.0, 0.0], "3": [0.0, 0.0, 0.0, 0.0, 0.0, 0.0, 0.0, 0.0, 0.0, 0.0, 0.0, 0.0, 0.0, 0.0, 0.0, 0.0, 0.0, 0.0, 0.0, 0.0, 0.0, 0.0, 0.0, 0.0, 0.0, 0.0, 0.0, 0.0, 0.0, 0.0, 0.0, 0.0, 0.6459136801461379, 0.9058136034894874]}