{"0": [0.34140503630042074, 0.580459874647635, 0.3411290541291237, 0.5753649212695934, 0.0, 0.0, 0.34509232044219973, 0.5705202751689487, 0.0, 0.0, 0.36641236456731957, 0.5889482907743917, 0.36780625488609076, 0.5795061274811074, 0.37607408538460735, 0.6402650154851101, 0.3724429115963479, 0.6352726366784838, 0.35167201959217587, 0.6407461739848023, 0.3519752225605771, 0.6394379470083449, 0.0, 0.0, 0.39700744293043155, 0.6712340272942284, 0.0, 0.0, 0.35113493303457893, 0.7263472265667386, 0.0, 0.0, 0.3555909631773829, 0.805295127078339], "1": [0.0, 0.0, 0.0, 0.0, 0.0, 0.0, 0.4672634251415729, 0.5048745576982145, 0.4819690724213918, 0.5025826425464065, 0.4587351355701685, 0.5357753924749515, 0.4938867969904095, 0.5285360130998824, 0.4523806991055608, 0.5921128617392646, 0.5031300673882166, 0.5838626426679117, 0.44201259563366574, 0.61838679653075, 0.49626442765196166, 0.613999010456933, 0.46836234520499903, 0.6348594067273317, 0.49224017684658367, 0.6369993174517596, 0.4651427176470558, 0.6906678846588841, 0.49277714534352224, 0.702954684584229, 0.46613370180130004, 0.7423517768029814, 0.4968601462741693, 0.7605707029501598], "2": [0.0, 0.0, 0.0, 0.0, 0.0, 0.0, 0.0, 0.0, 0.35943572875112295, 0.5562760697470771, 0.0, 0.0, 0.0, 0.0, 0.0, 0.0, 0.0, 0.0, 0.0, 0.0, 0.0, 0.0, 0.0, 0.0, 0.0, 0.0, 0.0, 0.0, 0.0, 0.0, 0.0, 0.0, 0.0, 0.0], "3": [0.0, 0.0, 0.0, 0.0, 0.0, 0.0, 0.0, 0.0, 0.0, 0.0, 0.0, 0.0, 0.0, 0.0, 0.0, 0.0, 0.0, 0.0, 0.36248621220390004, 0.6997727962003814, 0.0, 0.0, 0.0, 0.0, 0.0, 0.0, 0.0, 0.0, 0.0, 0.0, 0.0, 0.0, 0.0, 0.0], "4": [0.0, 0.0, 0.0, 0.0, 0.0, 0.0, 0.0, 0.0, 0.0, 0.0, 0.0, 0.0, 0.0, 0.0, 0.0, 0.0, 0.0, 0.0, 0.0, 0.0, 0.0, 0.0, 0.3933608296327293, 0.672220825597092, 0.0, 0.0, 0.3521771097322926, 0.7285234068278913, 0.0, 0.0, 0.35540516432374714, 0.8068530082702636, 0.0, 0.0], "5": [0.0, 0.0, 0.0, 0.0, 0.0, 0.0, 0.0, 0.0, 0.0, 0.0, 0.0, 0.0, 0.0, 0.0, 0.0, 0.0, 0.0, 0.0, 0.0, 0.0, 0.0, 0.0, 0.0, 0.0, 0.0, 0.0, 0.0, 0.0, 0.41080238235493494, 0.7203841644304769, 0.0, 0.0, 0.4368831768631935, 0.7516799797890363], "6": [0.0, 0.0, 0.0, 0.0, 0.0, 0.0, 0.0, 0.0, 0.0, 0.0, 0.0, 0.0, 0.0, 0.0, 0.0, 0.0, 0.0, 0.0, 0.0, 0.0, 0.0, 0.0, 0.0, 0.0, 0.0, 0.0, 0.0, 0.0, 0.0, 0.0, 0.43704659218589464, 0.749823596742418, 0.0, 0.0]}