{"0": [0.0, 0.0, 0.0, 0.0, 0.0, 0.0, 0.3196773737668991, 0.5271754812311243, 0.3333592890451352, 0.5185936000612046, 0.311582042897741, 0.564696416148433, 0.34849444857488077, 0.5343051382788906, 0.3092441124220689, 0.5680264332780132, 0.3670566351463397, 0.5670126842679801, 0.0, 0.0, 0.36571708470582964, 0.5848722532943443, 0.33368271787961323, 0.6477361256325685, 0.3523388576383392, 0.6421135893574468, 0.3085234489291906, 0.7008315565961378, 0.3336227794488271, 0.6924808134290356, 0.2899969515701135, 0.765729566194393, 0.3376157239079476, 0.7601571086380217], "1": [0.0, 0.0, 0.0, 0.0, 0.0, 0.0, 0.42603225087126095, 0.5086125413576762, 0.4383065511782964, 0.5084333999289407, 0.417479807138443, 0.542129307323032, 0.4501497638722261, 0.5363473106313634, 0.4128305157025655, 0.5856574906243218, 0.4596844018747409, 0.5796923478444417, 0.40414278730750086, 0.6195298649646618, 0.465861997505029, 0.6189501253819024, 0.4260937723641594, 0.6278445148909534, 0.44963390963772937, 0.6269525212270242, 0.4067701251556476, 0.6640159205154136, 0.47130656441052754, 0.666745991177029, 0.39373335874212595, 0.7255219574327822, 0.4861513404175639, 0.7174305942323472]}