{"0": [0.33294224242369336, 0.599630931130162, 0.3298267809053262, 0.5924348352132021, 0.0, 0.0, 0.334044536575675, 0.5921250784838641, 0.0, 0.0, 0.35291920316716036, 0.6244135707616805, 0.33967273288095984, 0.6251768799843611, 0.3438742921144391, 0.6586570039943412, 0.3394464722989748, 0.661747768521309, 0.0, 0.0, 0.32200711965560913, 0.7018396801418728, 0.37313844653156897, 0.7132026969282715, 0.3603888180378514, 0.7199135446989978, 0.36694418291250863, 0.8178492087456916, 0.3491355819006761, 0.7870983808128922, 0.38057682731499276, 0.8921834690703286, 0.35456811462839444, 0.8637628199325668], "1": [0.0, 0.0, 0.0, 0.0, 0.0, 0.0, 0.0, 0.0, 0.5604711816607354, 0.4387463064105423, 0.5632228392438692, 0.5022399889175515, 0.5511524364352226, 0.5007326305464462, 0.5435219817484419, 0.5237501738248048, 0.5419664430121581, 0.5234415269560284, 0.5275301608567436, 0.554891562241095, 0.527437042693297, 0.5536409943192093, 0.563818185031414, 0.5736614618864324, 0.5483161426149309, 0.5702796856562297, 0.5609497748315334, 0.6414113556897199, 0.5470911820729574, 0.6290806196354053, 0.5582697381575902, 0.6960500763522254, 0.5504450591901938, 0.6615329146385193], "2": [0.0, 0.0, 0.0, 0.0, 0.0, 0.0, 0.0, 0.0, 0.34687434956431384, 0.5900102665026983, 0.0, 0.0, 0.0, 0.0, 0.0, 0.0, 0.0, 0.0, 0.0, 0.0, 0.0, 0.0, 0.0, 0.0, 0.0, 0.0, 0.0, 0.0, 0.0, 0.0, 0.0, 0.0, 0.0, 0.0], "3": [0.0, 0.0, 0.0, 0.0, 0.0, 0.0, 0.0, 0.0, 0.0, 0.0, 0.0, 0.0, 0.5674865317988006, 0.48898108780872007, 0.0, 0.0, 0.0, 0.0, 0.0, 0.0, 0.0, 0.0, 0.5471758703390758, 0.5681010061943973, 0.5677520414814353, 0.5677411139011384, 0.0, 0.0, 0.5629647576560577, 0.6415403867761295, 0.550619582956036, 0.6577407174640232, 0.5580013729631901, 0.6985650795477408], "4": [0.0, 0.0, 0.0, 0.0, 0.0, 0.0, 0.0, 0.0, 0.0, 0.0, 0.0, 0.0, 0.0, 0.0, 0.0, 0.0, 0.0, 0.0, 0.0, 0.0, 0.0, 0.0, 0.0, 0.0, 0.0, 0.0, 0.0, 0.0, 0.3691011339426041, 0.8191937415136231, 0.0, 0.0, 0.3821923372646172, 0.8876219067308638]}