{"0": [0.46031027532493074, 0.471275496924365, 0.0, 0.0, 0.4572784435003996, 0.4639233081429093, 0.4652848179762562, 0.46530910553755583, 0.4526893061275283, 0.4676439735624525, 0.4487686389436325, 0.5205592032935884, 0.43988216867049534, 0.5220058896889289, 0.45111105690399805, 0.5438681462848628, 0.4390690842332939, 0.5500652239278511, 0.45923930120964845, 0.568849860518067, 0.4440189928437273, 0.5670367932705968, 0.4515850543044507, 0.5750264311278308, 0.4451118852943182, 0.5766790310541788, 0.45793677866458893, 0.6027204137157511, 0.43310691590110456, 0.5974448072689551, 0.45228934610883387, 0.6590709847432595, 0.4210034271081289, 0.6120591176880731], "1": [0.0, 0.0, 0.0, 0.0, 0.0, 0.0, 0.6568830637882154, 0.5205020604310212, 0.6740648652116458, 0.5219000749841884, 0.6409944672137499, 0.5600862399295524, 0.6861280110975106, 0.5602498859167098, 0.6308874750820299, 0.6145463056034514, 0.6960450527568658, 0.6026774115032622, 0.6377141408622264, 0.6464068384082229, 0.0, 0.0, 0.6494855895638465, 0.6644353739641331, 0.6762666743248701, 0.6712281320382048, 0.6492294024676085, 0.7455485582351684, 0.6792918962736924, 0.7428480881231803, 0.646995042512814, 0.8172672465995506, 0.6831757389008998, 0.8084544722680691], "2": [0.0, 0.0, 0.0, 0.0, 0.0, 0.0, 0.0, 0.0, 0.0, 0.0, 0.0, 0.0, 0.0, 0.0, 0.0, 0.0, 0.0, 0.0, 0.0, 0.0, 0.4591864377260208, 0.5707734564940135, 0.0, 0.0, 0.0, 0.0, 0.0, 0.0, 0.0, 0.0, 0.0, 0.0, 0.0, 0.0], "3": [0.0, 0.0, 0.0, 0.0, 0.0, 0.0, 0.0, 0.0, 0.0, 0.0, 0.0, 0.0, 0.0, 0.0, 0.0, 0.0, 0.0, 0.0, 0.0, 0.0, 0.0, 0.0, 0.0, 0.0, 0.0, 0.0, 0.0, 0.0, 0.45841248768071335, 0.6032620167290723, 0.0, 0.0, 0.45193644605266553, 0.6605471310792146], "4": [0.0, 0.0, 0.0, 0.0, 0.0, 0.0, 0.0, 0.0, 0.0, 0.0, 0.0, 0.0, 0.0, 0.0, 0.0, 0.0, 0.0, 0.0, 0.0, 0.0, 0.0, 0.0, 0.0, 0.0, 0.0, 0.0, 0.0, 0.0, 0.0, 0.0, 0.4213616949816545, 0.6122008139336551, 0.0, 0.0]}