{"0": [0.40804307758808134, 0.6089146271899895, 0.4103225810763737, 0.6025344071564851, 0.40292607992887497, 0.6020176083953293, 0.41456254621346794, 0.6051669209091751, 0.39428112159172696, 0.605923553749367, 0.4239818226546049, 0.6511832382943895, 0.39405985732252397, 0.6666055719057719, 0.0, 0.0, 0.39477928150445224, 0.7479895269429242, 0.0, 0.0, 0.0, 0.0, 0.4063450952681402, 0.7922169120223433, 0.40141926358143487, 0.786049700887115, 0.4083337458471457, 0.8448331091139052, 0.38156745610758663, 0.8457636530752535, 0.4085871486614147, 0.9028192584161406, 0.39963525980710984, 0.9556616407853585], "1": [0.7531254895031452, 0.6810089415974087, 0.0, 0.0, 0.753572867065668, 0.6716961092419095, 0.0, 0.0, 0.7434639662814637, 0.6585714942879147, 0.7179051835710804, 0.6569342088920099, 0.7220398345962167, 0.6690153114221714, 0.7344277863080303, 0.7330848543732255, 0.7110262957712015, 0.7321194363964929, 0.0, 0.0, 0.0, 0.0, 0.6812867499494538, 0.7672009460760449, 0.6738789366558194, 0.7623004992802939, 0.6897109354458129, 0.8576033731301625, 0.6900013007534047, 0.861706785471351, 0.6801994070410728, 0.9530289755927192, 0.6799612830082575, 0.9535595621223802], "2": [0.0, 0.0, 0.0, 0.0, 0.0, 0.0, 0.0, 0.0, 0.0, 0.0, 0.0, 0.0, 0.0, 0.0, 0.0, 0.0, 0.7349291248557468, 0.7324113797258448, 0.0, 0.0, 0.0, 0.0, 0.0, 0.0, 0.0, 0.0, 0.0, 0.0, 0.0, 0.0, 0.0, 0.0, 0.0, 0.0], "3": [0.0, 0.0, 0.0, 0.0, 0.0, 0.0, 0.0, 0.0, 0.0, 0.0, 0.0, 0.0, 0.0, 0.0, 0.0, 0.0, 0.7214914942781131, 0.6851436438004451, 0.0, 0.0, 0.0, 0.0, 0.0, 0.0, 0.0, 0.0, 0.0, 0.0, 0.0, 0.0, 0.0, 0.0, 0.0, 0.0], "4": [0.0, 0.0, 0.0, 0.0, 0.0, 0.0, 0.0, 0.0, 0.0, 0.0, 0.0, 0.0, 0.0, 0.0, 0.0, 0.0, 0.0, 0.0, 0.0, 0.0, 0.0, 0.0, 0.0, 0.0, 0.0, 0.0, 0.7094585083425045, 0.8165289139306104, 0.0, 0.0, 0.6900531239186724, 0.8899511317412059, 0.0, 0.0], "5": [0.0, 0.0, 0.0, 0.0, 0.0, 0.0, 0.0, 0.0, 0.0, 0.0, 0.0, 0.0, 0.0, 0.0, 0.0, 0.0, 0.0, 0.0, 0.0, 0.0, 0.0, 0.0, 0.0, 0.0, 0.0, 0.0, 0.38296889141201973, 0.8453021007555503, 0.4076858532925447, 0.8397315082726655, 0.3986342867836356, 0.9547157490694964, 0.0, 0.0], "6": [0.0, 0.0, 0.0, 0.0, 0.0, 0.0, 0.0, 0.0, 0.0, 0.0, 0.0, 0.0, 0.0, 0.0, 0.0, 0.0, 0.0, 0.0, 0.0, 0.0, 0.0, 0.0, 0.0, 0.0, 0.0, 0.0, 0.0, 0.0, 0.0, 0.0, 0.0, 0.0, 0.6900434898833434, 0.8916010619313629]}