{"0": [0.33514345875009893, 0.4685118697307728, 0.33712195170422393, 0.4621195543143484, 0.3315642935534318, 0.4594834568323912, 0.0, 0.0, 0.3239709975818793, 0.4591165516111586, 0.32763743679970503, 0.49897328637264393, 0.3153363587334752, 0.4882930991826234, 0.3280185850337148, 0.5425781969670896, 0.322064474845926, 0.5444509034549507, 0.33591615250334145, 0.5847991912453263, 0.3311904617779267, 0.5840779421506105, 0.3277364430949092, 0.5826295624176662, 0.3225644181172053, 0.5838385696764345, 0.3315789588727057, 0.6375177688068813, 0.33177581820636987, 0.6383742405308618, 0.33116333236296974, 0.7038039757145775, 0.3302977738281091, 0.7040666496312177], "1": [0.0, 0.0, 0.0, 0.0, 0.0, 0.0, 0.6409542717039585, 0.5140671488311556, 0.655047310392062, 0.5125346199229911, 0.6283957529813051, 0.5462633668272584, 0.6716159097850323, 0.5470105246261313, 0.6208062363167604, 0.5932589968045553, 0.6790428924063842, 0.6021264619297453, 0.6232145350115995, 0.629362682501475, 0.6819031849503518, 0.6439153602829686, 0.633758398766319, 0.6473972297377056, 0.6587654826541741, 0.6546990903991239, 0.6338398341089487, 0.7235070704310028, 0.6623542260378598, 0.7263515052972016, 0.6363094884281357, 0.7921833395957947, 0.6632236381371815, 0.7989888423018986], "2": [0.0, 0.0, 0.0, 0.0, 0.0, 0.0, 0.0, 0.0, 0.0, 0.0, 0.0, 0.0, 0.0, 0.0, 0.0, 0.0, 0.0, 0.0, 0.0, 0.0, 0.0, 0.0, 0.0, 0.0, 0.0, 0.0, 0.0, 0.0, 0.0, 0.0, 0.3162999521940947, 0.6704490172021367, 0.0, 0.0], "3": [0.0, 0.0, 0.0, 0.0, 0.0, 0.0, 0.0, 0.0, 0.0, 0.0, 0.0, 0.0, 0.0, 0.0, 0.0, 0.0, 0.0, 0.0, 0.0, 0.0, 0.0, 0.0, 0.0, 0.0, 0.0, 0.0, 0.0, 0.0, 0.0, 0.0, 0.0, 0.0, 0.31611894158025583, 0.6686689813931784]}