{"0": [0.0, 0.0, 0.7134886915485065, 0.533115624498438, 0.0, 0.0, 0.7182550579930346, 0.539546940503297, 0.7343896067390839, 0.5429925075283758, 0.7077373639990886, 0.5878347450936282, 0.7409624437491099, 0.5796433508396148, 0.6979165338398464, 0.6465812513121852, 0.7416828025132418, 0.6389108724064297, 0.6863139463588596, 0.6961301348827503, 0.7301656940331062, 0.6591950994950754, 0.7041095949709415, 0.6945444336643926, 0.7238286131372055, 0.6979442130636286, 0.6853040049783885, 0.7552328635145118, 0.7101934707257896, 0.7689966923660703, 0.7066259508975136, 0.8303678038475731, 0.7073523103468241, 0.8292177848321495], "1": [0.0, 0.0, 0.0, 0.0, 0.0, 0.0, 0.4487258318190774, 0.4163484028092137, 0.4604676098368751, 0.4190562051203516, 0.4383961072812478, 0.4426885097115128, 0.46228242044647533, 0.4501700454288059, 0.4289057278384765, 0.47548539373609755, 0.46567985142270724, 0.48662875824504426, 0.43432327459255854, 0.529309010864408, 0.0, 0.0, 0.43937685013127825, 0.5213726765579647, 0.45562854732076336, 0.5221685210242868, 0.44532312589387096, 0.5809186466314175, 0.45800894821683574, 0.5715964986218347, 0.4537353416283925, 0.6327774475018183, 0.4719392560422421, 0.6192102250125673], "2": [0.0, 0.0, 0.0, 0.0, 0.0, 0.0, 0.0, 0.0, 0.0, 0.0, 0.0, 0.0, 0.0, 0.0, 0.0, 0.0, 0.0, 0.0, 0.0, 0.0, 0.0, 0.0, 0.0, 0.0, 0.0, 0.0, 0.7074887384970983, 0.7796490362396946, 0.0, 0.0, 0.0, 0.0, 0.0, 0.0]}