{"0": [0.6574355186273654, 0.4350005754718074, 0.0, 0.0, 0.6567865166192254, 0.4279731030817385, 0.0, 0.0, 0.6512607035537561, 0.42476869799472666, 0.6291410560409229, 0.4444122420416938, 0.6458693104485671, 0.4513816480283384, 0.6228414345920706, 0.4765830765167872, 0.6472300617024302, 0.4969663275612725, 0.0, 0.0, 0.6607842751778662, 0.5252882891231113, 0.6257188176115354, 0.5280594759517245, 0.6414634409050148, 0.5294865823040406, 0.6277388028179606, 0.5852416078249614, 0.651324609729151, 0.5915892219101941, 0.6233428166868786, 0.6454556352562375, 0.6549598962068558, 0.652092593687552], "1": [0.0, 0.0, 0.0, 0.0, 0.0, 0.0, 0.3672079049050808, 0.5332952870262994, 0.38515523231277865, 0.5340323523238852, 0.3574256351838509, 0.576583969593048, 0.3960151508450508, 0.5755381581959901, 0.3460842510064443, 0.6247142809408682, 0.40115684109429517, 0.6353774576275437, 0.34221910138924916, 0.6560070417269512, 0.0, 0.0, 0.364641290375342, 0.6761635753843518, 0.3896844582321743, 0.6771866839241097, 0.36996637657284737, 0.7599914407288588, 0.3922715108841658, 0.7383321619696087, 0.37324260734021664, 0.8503478171648803, 0.4031536471098661, 0.7941445253513478], "2": [0.0, 0.0, 0.0, 0.0, 0.0, 0.0, 0.0, 0.0, 0.0, 0.0, 0.0, 0.0, 0.0, 0.0, 0.0, 0.0, 0.0, 0.0, 0.0, 0.0, 0.0, 0.0, 0.0, 0.0, 0.0, 0.0, 0.0, 0.0, 0.0, 0.0, 0.0, 0.0, 0.3735177035133044, 0.8524074267458033]}