{"0": [0.6568400704612335, 0.4351074980364905, 0.0, 0.0, 0.6557961772816877, 0.42869001229604087, 0.0, 0.0, 0.6476770254783333, 0.42447817590501574, 0.6437349503054671, 0.4530879901515113, 0.6342048823833466, 0.4474036662666886, 0.6459873194495837, 0.4948429619824445, 0.6313627627134945, 0.4908252546080836, 0.6510498700663447, 0.5239763702507372, 0.0, 0.0, 0.6399916443352898, 0.5339835506898386, 0.630819976857553, 0.5350208644513731, 0.6318477813569215, 0.5901239684856304, 0.6424952772756419, 0.5960156174997489, 0.6238341348866622, 0.6499049702176342, 0.6410438261926175, 0.6579911671302937], "1": [0.40195755247647563, 0.5871311353312598, 0.0, 0.0, 0.4026116379226247, 0.5821042418479919, 0.38288407822450005, 0.5762013007093358, 0.39904816187918185, 0.5817225395253411, 0.3636769607042272, 0.5984650362420965, 0.39913710728287694, 0.6217272718747456, 0.0, 0.0, 0.393920035349826, 0.6564867401564561, 0.0, 0.0, 0.0, 0.0, 0.34866653727931857, 0.6919402290226655, 0.37517003631623674, 0.7103136383179965, 0.34529705668489136, 0.7901572096127051, 0.3789986385653416, 0.8011536214086745, 0.33061099449793496, 0.8737920672805221, 0.38098228744541607, 0.8807621099330761], "2": [0.0, 0.0, 0.0, 0.0, 0.0, 0.0, 0.0, 0.0, 0.0, 0.0, 0.0, 0.0, 0.0, 0.0, 0.0, 0.0, 0.0, 0.0, 0.0, 0.0, 0.643173999649783, 0.5195529229111142, 0.0, 0.0, 0.0, 0.0, 0.0, 0.0, 0.0, 0.0, 0.0, 0.0, 0.0, 0.0], "3": [0.0, 0.0, 0.0, 0.0, 0.0, 0.0, 0.0, 0.0, 0.0, 0.0, 0.0, 0.0, 0.0, 0.0, 0.0, 0.0, 0.0, 0.0, 0.0, 0.0, 0.3924276981502771, 0.737717808286349, 0.0, 0.0, 0.0, 0.0, 0.0, 0.0, 0.0, 0.0, 0.0, 0.0, 0.0, 0.0], "4": [0.0, 0.0, 0.0, 0.0, 0.0, 0.0, 0.0, 0.0, 0.0, 0.0, 0.0, 0.0, 0.0, 0.0, 0.0, 0.0, 0.0, 0.0, 0.0, 0.0, 0.0, 0.0, 0.0, 0.0, 0.0, 0.0, 0.3786926063398521, 0.8001744279155025, 0.0, 0.0, 0.0, 0.0, 0.0, 0.0]}