{"0": [0.16220105029642579, 0.6451929763511375, 0.1668792514751355, 0.6365984912271853, 0.0, 0.0, 0.18428659960627555, 0.6408585696860596, 0.0, 0.0, 0.20942541814098756, 0.6718582744951602, 0.17935692283014457, 0.6953092290295495, 0.2326500572264195, 0.715153893938771, 0.14900256097316741, 0.6865324967437321, 0.24136633065839608, 0.7595326859641958, 0.11990779762466748, 0.6449422076896385, 0.2166151891152064, 0.7969337880059525, 0.201357824044923, 0.8163491191687408, 0.21573826645811398, 0.8773682100353418, 0.2174605431656043, 0.8761185999269838, 0.23349411462744077, 0.9486417326662275, 0.23304711331923803, 0.9481254930849429], "1": [0.7363278131311138, 0.5992109347272803, 0.0, 0.0, 0.7351128409616648, 0.5915502340705306, 0.0, 0.0, 0.7279256525759897, 0.5929426983550743, 0.7264241078868509, 0.641179623261646, 0.7147944834645641, 0.6389543209619056, 0.7176689126839241, 0.7146164078955297, 0.6932394561978678, 0.6864182886150147, 0.7358031877006094, 0.7612096846103669, 0.0, 0.0, 0.7032609675472208, 0.7493840131919874, 0.7103436132737746, 0.7590376235958604, 0.7005064291258652, 0.8396472716772998, 0.7206157791117828, 0.8331333367774884, 0.683914706359307, 0.9245048284530638, 0.7331052514413993, 0.8932700752660079], "2": [0.0, 0.0, 0.0, 0.0, 0.0, 0.0, 0.7135153455038865, 0.588096509763488, 0.0, 0.0, 0.701717164212217, 0.6251813109274263, 0.0, 0.0, 0.693553471347938, 0.6885345913745738, 0.0, 0.0, 0.0, 0.0, 0.0, 0.0, 0.0, 0.0, 0.0, 0.0, 0.0, 0.0, 0.0, 0.0, 0.0, 0.0, 0.0, 0.0], "3": [0.0, 0.0, 0.0, 0.0, 0.0, 0.0, 0.0, 0.0, 0.0, 0.0, 0.0, 0.0, 0.0, 0.0, 0.1680598825837175, 0.7037189836855288, 0.0, 0.0, 0.12011818215250969, 0.643445638374046, 0.0, 0.0, 0.0, 0.0, 0.0, 0.0, 0.0, 0.0, 0.0, 0.0, 0.0, 0.0, 0.0, 0.0], "4": [0.0, 0.0, 0.0, 0.0, 0.0, 0.0, 0.0, 0.0, 0.0, 0.0, 0.0, 0.0, 0.0, 0.0, 0.0, 0.0, 0.7169870915512244, 0.7203797502650154, 0.0, 0.0, 0.7377808893720309, 0.7621924497463085, 0.0, 0.0, 0.0, 0.0, 0.0, 0.0, 0.0, 0.0, 0.0, 0.0, 0.0, 0.0], "5": [0.0, 0.0, 0.0, 0.0, 0.0, 0.0, 0.0, 0.0, 0.0, 0.0, 0.0, 0.0, 0.0, 0.0, 0.0, 0.0, 0.0, 0.0, 0.0, 0.0, 0.0, 0.0, 0.0, 0.0, 0.0, 0.0, 0.7217170351495346, 0.8273785337253854, 0.0, 0.0, 0.7321898316343627, 0.8906017219578777, 0.0, 0.0], "6": [0.0, 0.0, 0.0, 0.0, 0.0, 0.0, 0.0, 0.0, 0.0, 0.0, 0.0, 0.0, 0.0, 0.0, 0.0, 0.0, 0.0, 0.0, 0.0, 0.0, 0.0, 0.0, 0.0, 0.0, 0.0, 0.0, 0.0, 0.0, 0.0, 0.0, 0.0, 0.0, 0.6827327863623699, 0.925970055218096]}