{"0": [0.0, 0.0, 0.0, 0.0, 0.0, 0.0, 0.40202167904935776, 0.5412170275493905, 0.4127025128652652, 0.5341199596722921, 0.41526515601823727, 0.5662341937146805, 0.42163478409250577, 0.5560062147952892, 0.0, 0.0, 0.0, 0.0, 0.0, 0.0, 0.0, 0.0, 0.4353314808802679, 0.6402002875451689, 0.4432512860745192, 0.6270132536137546, 0.0, 0.0, 0.0, 0.0, 0.43748256439963984, 0.7058910107171094, 0.0, 0.0], "1": [0.0, 0.0, 0.0, 0.0, 0.0, 0.0, 0.5163293180366357, 0.5026310240780866, 0.5287854835391045, 0.5019331792990367, 0.5037479375799497, 0.5378050577861292, 0.5442056114164492, 0.5315040219713141, 0.4937485586097561, 0.5843254524248618, 0.5569457398106654, 0.5824992374137595, 0.48900445041557156, 0.622419857537305, 0.546504086876909, 0.595456032289399, 0.5135612856596709, 0.6408567811603899, 0.5402718100696802, 0.6390714597922784, 0.5122508317232132, 0.7065417695376609, 0.5467587692042192, 0.6950490878687966, 0.5159225627779961, 0.7603543833450035, 0.554226769755284, 0.761265445638586], "2": [0.0, 0.0, 0.0, 0.0, 0.0, 0.0, 0.0, 0.0, 0.0, 0.0, 0.0, 0.0, 0.0, 0.0, 0.0, 0.0, 0.0, 0.0, 0.0, 0.0, 0.39190760925412177, 0.6375073715492531, 0.0, 0.0, 0.0, 0.0, 0.0, 0.0, 0.0, 0.0, 0.0, 0.0, 0.0, 0.0], "3": [0.0, 0.0, 0.0, 0.0, 0.0, 0.0, 0.0, 0.0, 0.0, 0.0, 0.0, 0.0, 0.0, 0.0, 0.0, 0.0, 0.0, 0.0, 0.0, 0.0, 0.0, 0.0, 0.0, 0.0, 0.0, 0.0, 0.0, 0.0, 0.39896712911625704, 0.7085376409468828, 0.0, 0.0, 0.0, 0.0], "4": [0.0, 0.0, 0.0, 0.0, 0.0, 0.0, 0.0, 0.0, 0.0, 0.0, 0.0, 0.0, 0.0, 0.0, 0.0, 0.0, 0.0, 0.0, 0.0, 0.0, 0.0, 0.0, 0.0, 0.0, 0.0, 0.0, 0.0, 0.0, 0.0, 0.0, 0.0, 0.0, 0.4359512722119689, 0.7003483297924201]}