{"0": [0.8693307152638833, 0.1552837645566022, 0.8712234241267045, 0.15251607011865687, 0.8674921209613483, 0.15220586566461458, 0.8739437227447827, 0.15329515315868236, 0.8635136080284913, 0.15387443635198805, 0.8763262363771598, 0.17222306220619768, 0.8579293073465427, 0.16926121844185724, 0.8778812034676472, 0.18895253065145678, 0.8465733857204517, 0.18828839979789871, 0.8729712532095921, 0.17531857622994318, 0.8599429476695756, 0.17525686422983805, 0.8725611209869385, 0.21204958745726832, 0.8595000127330422, 0.2120926368015784, 0.0, 0.0, 0.0, 0.0, 0.0, 0.0, 0.0, 0.0], "1": [0.35778334985176724, 0.45073173884992246, 0.0, 0.0, 0.35753359893957776, 0.4465651203084875, 0.3428136892616749, 0.44395293858316215, 0.35444641523063175, 0.4470723057234729, 0.3323120456188917, 0.4705813788015533, 0.35272604897618287, 0.4756739302917763, 0.3213221856703361, 0.523730288611518, 0.3576746498545011, 0.534329847936277, 0.0, 0.0, 0.37397756526867554, 0.5603232551504065, 0.3346371488645673, 0.5696456882688734, 0.35046236763397853, 0.5716616833651508, 0.3330930861334006, 0.6130206657780541, 0.3509848239521186, 0.6330018239992636, 0.324066499620676, 0.6676893547729209, 0.3475473294345041, 0.687284310217257], "2": [0.0, 0.0, 0.0, 0.0, 0.0, 0.0, 0.6811219305964187, 0.548193222946591, 0.7015905286806325, 0.5493808733092413, 0.6696473591029644, 0.5906686462737896, 0.7086195352176826, 0.5921673357486724, 0.6544261275410127, 0.6393124108094648, 0.7070574730059764, 0.6490167169838296, 0.0, 0.0, 0.0, 0.0, 0.6670463080207507, 0.6929168266278727, 0.6860634463528792, 0.6991403012915894, 0.6685925356112421, 0.7749493270560547, 0.6771192374917658, 0.7807564634232531, 0.6528835542500019, 0.822990122989372, 0.6909301082293192, 0.8678406459313852], "3": [0.0, 0.0, 0.0, 0.0, 0.0, 0.0, 0.0, 0.0, 0.0, 0.0, 0.0, 0.0, 0.0, 0.0, 0.0, 0.0, 0.0, 0.0, 0.6502481698989868, 0.6471178749093303, 0.0, 0.0, 0.0, 0.0, 0.0, 0.0, 0.0, 0.0, 0.0, 0.0, 0.0, 0.0, 0.0, 0.0], "4": [0.0, 0.0, 0.0, 0.0, 0.0, 0.0, 0.0, 0.0, 0.0, 0.0, 0.0, 0.0, 0.0, 0.0, 0.0, 0.0, 0.0, 0.0, 0.0, 0.0, 0.0, 0.0, 0.0, 0.0, 0.0, 0.0, 0.0, 0.0, 0.0, 0.0, 0.6905017164846261, 0.8662314454714457, 0.0, 0.0], "5": [0.0, 0.0, 0.0, 0.0, 0.0, 0.0, 0.0, 0.0, 0.0, 0.0, 0.0, 0.0, 0.0, 0.0, 0.0, 0.0, 0.0, 0.0, 0.0, 0.0, 0.0, 0.0, 0.0, 0.0, 0.0, 0.0, 0.0, 0.0, 0.0, 0.0, 0.0, 0.0, 0.6525089190651973, 0.8232282245600665]}