{"0": [0.7617891068259875, 0.6396225950232258, 0.0, 0.0, 0.0, 0.0, 0.0, 0.0, 0.7442786380648613, 0.6185795524881945, 0.7566843681658307, 0.655335333943367, 0.724448359757662, 0.6383938339021471, 0.0, 0.0, 0.7097669928645094, 0.7099467648400201, 0.0, 0.0, 0.0, 0.0, 0.7355709252723803, 0.7568921841956952, 0.7139775412157178, 0.7590628890389646, 0.7573967127750317, 0.821239490199972, 0.720996689548095, 0.8550512781297719, 0.7544373892247677, 0.912842066641207, 0.0, 0.0], "1": [0.555455340196689, 0.4767225318484836, 0.5550899090866248, 0.47222074800067476, 0.5503310228387515, 0.4704186518331645, 0.5569960814590256, 0.47489113322010745, 0.5477486421509336, 0.47045784493287407, 0.5589005188395579, 0.5061251521110535, 0.5289010482529799, 0.5046573572688633, 0.5610868989800414, 0.5636700868606568, 0.5121306527405978, 0.5457520989356217, 0.5705352164804935, 0.5931077502391956, 0.5220430744191011, 0.5802395614208998, 0.0, 0.0, 0.525134073694547, 0.5959071837917522, 0.0, 0.0, 0.0, 0.0, 0.0, 0.0, 0.0, 0.0], "2": [0.0, 0.0, 0.0, 0.0, 0.7596385555962721, 0.6353656521549931, 0.0, 0.0, 0.0, 0.0, 0.0, 0.0, 0.0, 0.0, 0.0, 0.0, 0.0, 0.0, 0.0, 0.0, 0.0, 0.0, 0.0, 0.0, 0.0, 0.0, 0.0, 0.0, 0.0, 0.0, 0.0, 0.0, 0.0, 0.0], "3": [0.0, 0.0, 0.0, 0.0, 0.0, 0.0, 0.7431802216917276, 0.6159024415192781, 0.7622067665060361, 0.626853209623584, 0.7253224906822046, 0.6379344315440566, 0.7602853492833674, 0.6558107483166236, 0.0, 0.0, 0.0, 0.0, 0.743523215688765, 0.7166453996190318, 0.0, 0.0, 0.0, 0.0, 0.0, 0.0, 0.0, 0.0, 0.0, 0.0, 0.0, 0.0, 0.0, 0.0], "4": [0.0, 0.0, 0.0, 0.0, 0.0, 0.0, 0.0, 0.0, 0.0, 0.0, 0.5278819593911369, 0.5035029579091955, 0.5559754768696924, 0.5059827327728271, 0.511833759645621, 0.546072695211128, 0.5613577149808406, 0.5682046448742902, 0.5217371724545956, 0.5804646716073707, 0.5706384209295113, 0.5930583477020264, 0.5251876993725697, 0.5965235839425415, 0.5459701646119356, 0.6008186686922001, 0.5148354556256284, 0.6690922203991149, 0.557303191224734, 0.662314739216257, 0.5052034128457308, 0.7317708540845801, 0.5662172173460325, 0.7298655247246778], "5": [0.0, 0.0, 0.0, 0.0, 0.0, 0.0, 0.0, 0.0, 0.0, 0.0, 0.0, 0.0, 0.0, 0.0, 0.0, 0.0, 0.0, 0.0, 0.0, 0.0, 0.7436079827447732, 0.7179423579463252, 0.0, 0.0, 0.0, 0.0, 0.0, 0.0, 0.0, 0.0, 0.0, 0.0, 0.0, 0.0], "6": [0.0, 0.0, 0.0, 0.0, 0.0, 0.0, 0.0, 0.0, 0.0, 0.0, 0.0, 0.0, 0.0, 0.0, 0.0, 0.0, 0.0, 0.0, 0.0, 0.0, 0.0, 0.0, 0.0, 0.0, 0.0, 0.0, 0.0, 0.0, 0.0, 0.0, 0.0, 0.0, 0.6805557189509273, 0.8594079397342823]}