{"0": [0.3627068862318993, 0.4439397644113611, 0.0, 0.0, 0.36214655116200445, 0.43840217678635207, 0.0, 0.0, 0.3555237207561731, 0.43450962702433266, 0.3508455147345861, 0.45853073751484913, 0.3431915296241641, 0.45922382496021413, 0.3508343618363142, 0.5045899035754027, 0.3438518638256937, 0.50491801654851, 0.3613062030325333, 0.5254525776262636, 0.3451923994968335, 0.5467360631183341, 0.3471722632025679, 0.5395047651396857, 0.3430678398658832, 0.5425338319054356, 0.3439741057324566, 0.5935726116348996, 0.3549638698498408, 0.6025072169524652, 0.36023311167955396, 0.6712046978098376, 0.3598947853470842, 0.6734702123536004], "1": [0.0, 0.0, 0.0, 0.0, 0.0, 0.0, 0.7048915649453799, 0.5293224595763065, 0.7232708814243477, 0.5249196483029259, 0.7088884202142557, 0.5759396895214364, 0.7302451403811575, 0.5653679527618267, 0.7072567061210672, 0.6486919498553982, 0.7088391152520974, 0.641205158940068, 0.6857831067405641, 0.6614525608442449, 0.0, 0.0, 0.7023566088328759, 0.6905173034579666, 0.7154442218442758, 0.6845214241080814, 0.6913850704828898, 0.7533209530291733, 0.7111499159907301, 0.7518642024456144, 0.6829438595722119, 0.817663944374632, 0.7343919755270084, 0.8186185376580668], "2": [0.0, 0.0, 0.0, 0.0, 0.0, 0.0, 0.0, 0.0, 0.0, 0.0, 0.0, 0.0, 0.0, 0.0, 0.0, 0.0, 0.0, 0.0, 0.0, 0.0, 0.693937330522264, 0.6325082167431161, 0.0, 0.0, 0.0, 0.0, 0.0, 0.0, 0.0, 0.0, 0.0, 0.0, 0.0, 0.0], "3": [0.0, 0.0, 0.0, 0.0, 0.0, 0.0, 0.0, 0.0, 0.0, 0.0, 0.0, 0.0, 0.0, 0.0, 0.0, 0.0, 0.0, 0.0, 0.0, 0.0, 0.3630612141142288, 0.5269655781763573, 0.0, 0.0, 0.0, 0.0, 0.0, 0.0, 0.0, 0.0, 0.0, 0.0, 0.0, 0.0], "4": [0.0, 0.0, 0.0, 0.0, 0.0, 0.0, 0.0, 0.0, 0.0, 0.0, 0.0, 0.0, 0.0, 0.0, 0.0, 0.0, 0.0, 0.0, 0.0, 0.0, 0.0, 0.0, 0.0, 0.0, 0.0, 0.0, 0.7105414847532908, 0.7508104558344241, 0.0, 0.0, 0.7345103845000267, 0.8204604890611437, 0.0, 0.0], "5": [0.0, 0.0, 0.0, 0.0, 0.0, 0.0, 0.0, 0.0, 0.0, 0.0, 0.0, 0.0, 0.0, 0.0, 0.0, 0.0, 0.0, 0.0, 0.0, 0.0, 0.0, 0.0, 0.0, 0.0, 0.0, 0.0, 0.0, 0.0, 0.33919403006633125, 0.5914353723879213, 0.0, 0.0, 0.33197724012037116, 0.640234334104591], "6": [0.0, 0.0, 0.0, 0.0, 0.0, 0.0, 0.0, 0.0, 0.0, 0.0, 0.0, 0.0, 0.0, 0.0, 0.0, 0.0, 0.0, 0.0, 0.0, 0.0, 0.0, 0.0, 0.0, 0.0, 0.0, 0.0, 0.0, 0.0, 0.0, 0.0, 0.33162596051891646, 0.6401031420738609, 0.0, 0.0]}