{"0": [0.36363236885517836, 0.44515066654593854, 0.3633096645275752, 0.44035644133885704, 0.0, 0.0, 0.3675009530037642, 0.43869549786603007, 0.0, 0.0, 0.3799349202464024, 0.45418907746120735, 0.37013047424331086, 0.4592212898181609, 0.386528263737758, 0.49027734023553354, 0.0, 0.0, 0.3728618272813037, 0.5366122250203733, 0.3733455997891725, 0.537243724586787, 0.39791036872484253, 0.5205956376261182, 0.3970878232891361, 0.5220015954364229, 0.4041256432731946, 0.5642286455189739, 0.40218465387976415, 0.5645968695481618, 0.4234462951620419, 0.5892077530147852, 0.42318172970165807, 0.5888271846567039], "1": [0.0, 0.0, 0.0, 0.0, 0.0, 0.0, 0.5221631020307541, 0.4413785380345804, 0.5365956135094165, 0.44259191354115807, 0.5185850747084867, 0.47805139530036184, 0.5475511266229053, 0.48872384980872824, 0.5106407900806517, 0.5122615207124639, 0.0, 0.0, 0.5057495460224648, 0.5231346449366322, 0.0, 0.0, 0.520560303578774, 0.5601782290471925, 0.5419570326805114, 0.5640572492723113, 0.5109528570746382, 0.6050464047325982, 0.5373163638015588, 0.6157031505196184, 0.5214904690782229, 0.670251903006876, 0.5373876377940178, 0.6801670794133788], "2": [0.0, 0.0, 0.0, 0.0, 0.0, 0.0, 0.0, 0.0, 0.367767785427471, 0.43662387684539505, 0.0, 0.0, 0.0, 0.0, 0.0, 0.0, 0.0, 0.0, 0.0, 0.0, 0.0, 0.0, 0.0, 0.0, 0.0, 0.0, 0.0, 0.0, 0.0, 0.0, 0.0, 0.0, 0.0, 0.0], "3": [0.0, 0.0, 0.0, 0.0, 0.0, 0.0, 0.0, 0.0, 0.0, 0.0, 0.0, 0.0, 0.0, 0.0, 0.0, 0.0, 0.0, 0.0, 0.0, 0.0, 0.0, 0.0, 0.0, 0.0, 0.0, 0.0, 0.0, 0.0, 0.0, 0.0, 0.3723408798376719, 0.5396597747449522, 0.0, 0.0]}