{"0": [0.8797096858421961, 0.1348192897107866, 0.8815105959152182, 0.13104224293320269, 0.8779647259662549, 0.1308403064807256, 0.8836513637254636, 0.13355174682758472, 0.8736574439952771, 0.13244305981530083, 0.8857570324093104, 0.1538282153783021, 0.8662218376994134, 0.1527852527521275, 0.8870122936864694, 0.18270614908801186, 0.8571542983253797, 0.18201208147737716, 0.8851562450950345, 0.19977464101932668, 0.8610301898171503, 0.1823407252629598, 0.8811451630511632, 0.20323103114410682, 0.8672082466383775, 0.2023444515687448, 0.0, 0.0, 0.0, 0.0, 0.0, 0.0, 0.0, 0.0], "1": [0.5086190881828467, 0.471040057639281, 0.509920512419194, 0.46563742006266556, 0.5047353109965722, 0.4662823683685727, 0.5136687656243643, 0.46559624473253886, 0.5047297687580188, 0.46532532042927205, 0.5260647180800636, 0.49367346752572944, 0.5012961681311329, 0.5000165658520052, 0.5389433475832145, 0.5283755686548022, 0.49922827382882434, 0.5388563717956896, 0.530629788339138, 0.5238368969272684, 0.4877187620848417, 0.5708591730506332, 0.5230510750009368, 0.5946798029873106, 0.5105121751160672, 0.5871382357897582, 0.4941773114105066, 0.6455425377245302, 0.5255944499125083, 0.6505840566423204, 0.49346667286008594, 0.7241408147193766, 0.5298373652001221, 0.7169008820145218], "2": [0.4041100737949212, 0.6033883159911191, 0.40766447310646375, 0.595133473696532, 0.3976526386725406, 0.5958125059803326, 0.41318105223278206, 0.5976013361303895, 0.391864371796449, 0.6006250836231091, 0.4267741188096503, 0.6204853488339318, 0.39566928123434386, 0.6371307900658361, 0.0, 0.0, 0.3959050054351489, 0.6793131636248695, 0.0, 0.0, 0.38901582459608713, 0.7190694089289064, 0.4355422783565397, 0.7343735308558853, 0.43467653664227923, 0.7318496120809594, 0.435039271072795, 0.7889561216795334, 0.43246616075436267, 0.7883594638219587, 0.4466237378617128, 0.8476155079073376, 0.44590725650389984, 0.8466407700821206], "3": [0.0, 0.0, 0.0, 0.0, 0.0, 0.0, 0.0, 0.0, 0.0, 0.0, 0.0, 0.0, 0.0, 0.0, 0.0, 0.0, 0.0, 0.0, 0.4879794721802076, 0.573475321078742, 0.0, 0.0, 0.0, 0.0, 0.0, 0.0, 0.0, 0.0, 0.0, 0.0, 0.0, 0.0, 0.0, 0.0]}