{"0": [0.5537115776290497, 0.4357888199664928, 0.5540470965206623, 0.43001636156329404, 0.0, 0.0, 0.5576869517564773, 0.433542592657937, 0.5692885431771477, 0.43360276302253753, 0.547657769654567, 0.4647163340338954, 0.577100676789026, 0.46321677126818234, 0.5367452276249727, 0.5159297043526614, 0.5776311078419288, 0.5058079301207153, 0.540992584079504, 0.5343705168476811, 0.0, 0.0, 0.5507085745533308, 0.551894198278724, 0.5719517530252536, 0.5528018248301966, 0.5371392883360386, 0.6006871395640901, 0.5750707274923722, 0.6154140008820429, 0.5284742857019107, 0.6672903458277385, 0.568125125952065, 0.6786851525858596], "1": [0.0, 0.0, 0.0, 0.0, 0.0, 0.0, 0.25487927546103795, 0.5315481238894992, 0.26906845392659307, 0.5260690682464175, 0.2549269925802946, 0.5681004017591477, 0.2750242345035076, 0.5558742503325146, 0.24813000957171122, 0.6518350848445186, 0.24912790730595588, 0.651942045600326, 0.2463470031817754, 0.6882319938253474, 0.2463039832810561, 0.6882894860373603, 0.25707071671883264, 0.6841642940485919, 0.27649814958373703, 0.6724882216365249, 0.2316808085578183, 0.7600377217487052, 0.27580956742167473, 0.7353029860390558, 0.21877501874696464, 0.828978364776682, 0.2993224624544383, 0.790283301141527], "2": [0.0, 0.0, 0.0, 0.0, 0.0, 0.0, 0.0, 0.0, 0.0, 0.0, 0.0, 0.0, 0.0, 0.0, 0.0, 0.0, 0.0, 0.0, 0.0, 0.0, 0.0, 0.0, 0.0, 0.0, 0.25743537247180937, 0.6839268130284769, 0.0, 0.0, 0.0, 0.0, 0.0, 0.0, 0.0, 0.0]}