{"0": [0.8430026097844044, 0.15775139994091458, 0.8442251724811892, 0.15394737543883147, 0.8419383940597375, 0.15368620377999764, 0.8480552867986262, 0.15561214552985297, 0.0, 0.0, 0.851818873360753, 0.17759562377576474, 0.835874025306354, 0.17458649995150388, 0.852250344166532, 0.20145738853348627, 0.8305239457637071, 0.19656041744682523, 0.0, 0.0, 0.0, 0.0, 0.844935925429066, 0.21988768643803064, 0.8357613284140826, 0.2203378484204963, 0.0, 0.0, 0.0, 0.0, 0.0, 0.0, 0.0, 0.0], "1": [0.0, 0.0, 0.0, 0.0, 0.0, 0.0, 0.6533545001099507, 0.3614188677734799, 0.6640209236492713, 0.36763117953583047, 0.6405955978979667, 0.3808315003911654, 0.6639751324430108, 0.38844321670907517, 0.6316236489141981, 0.41256323434688424, 0.6651636508603891, 0.42614677644990107, 0.6294745162129403, 0.4457878801557753, 0.6690802322390179, 0.45914443598853216, 0.6407614133010308, 0.4504622337994752, 0.655196596433719, 0.4529987789966442, 0.639563916887467, 0.4965827813854924, 0.6500858196367821, 0.504364734005045, 0.6360711154838403, 0.5430462325060809, 0.6433136047174532, 0.5571499915034682], "2": [0.0, 0.0, 0.0, 0.0, 0.0, 0.0, 0.6254368019600709, 0.9907235676491702, 0.0, 0.0, 0.0, 0.0, 0.0, 0.0, 0.0, 0.0, 0.0, 0.0, 0.0, 0.0, 0.0, 0.0, 0.0, 0.0, 0.0, 0.0, 0.0, 0.0, 0.0, 0.0, 0.0, 0.0, 0.0, 0.0], "3": [0.0, 0.0, 0.0, 0.0, 0.0, 0.0, 0.0, 0.0, 0.6609465461224318, 0.991703086870688, 0.0, 0.0, 0.0, 0.0, 0.0, 0.0, 0.0, 0.0, 0.0, 0.0, 0.0, 0.0, 0.0, 0.0, 0.0, 0.0, 0.0, 0.0, 0.0, 0.0, 0.0, 0.0, 0.0, 0.0]}