{"0": [0.830444610118866, 0.1326007878338849, 0.8329403690993786, 0.12937621595682924, 0.8290061548352242, 0.12845438056521946, 0.8362758733332157, 0.13226108815934923, 0.8266672355743746, 0.12897609913790667, 0.8394122197447965, 0.15104977549226195, 0.8206982001662253, 0.1475461999575297, 0.8439259870288273, 0.17509148352675968, 0.8138762559741736, 0.17191976882793286, 0.8344628044093648, 0.17450708010130458, 0.8239484342435995, 0.17504906952381133, 0.8343831206982334, 0.19372660760526303, 0.8208854486544926, 0.1939838003229212, 0.0, 0.0, 0.0, 0.0, 0.0, 0.0, 0.0, 0.0], "1": [0.42228332286079723, 0.43787740844267387, 0.4226482234895229, 0.43282638699920095, 0.0, 0.0, 0.42626787970463437, 0.4358681826679795, 0.4373965772489707, 0.43228656163922063, 0.42286471984892465, 0.46227836310863496, 0.4498436786234378, 0.4550096192845592, 0.41894164594511185, 0.5072530722866456, 0.4596007753784458, 0.4908705703638218, 0.424543996155262, 0.5163719540392911, 0.4650444992197056, 0.5188542820789196, 0.4311634333571419, 0.5401258561346266, 0.45164295195912324, 0.5371158676221967, 0.42728091813623903, 0.5871045475756681, 0.4622020050883293, 0.5959054017508472, 0.4236971612398823, 0.6286252790027195, 0.46826195747901994, 0.6592364386275963], "2": [0.0, 0.0, 0.0, 0.0, 0.0, 0.0, 0.3679731465255221, 0.5692565834080732, 0.0, 0.0, 0.0, 0.0, 0.0, 0.0, 0.0, 0.0, 0.0, 0.0, 0.0, 0.0, 0.0, 0.0, 0.0, 0.0, 0.0, 0.0, 0.0, 0.0, 0.0, 0.0, 0.0, 0.0, 0.0, 0.0], "3": [0.0, 0.0, 0.0, 0.0, 0.0, 0.0, 0.0, 0.0, 0.0, 0.0, 0.38401427132387955, 0.5758877591954337, 0.38437920697033406, 0.5725267048235293, 0.38492924363041925, 0.5942015093785745, 0.0, 0.0, 0.3693422257900238, 0.6248696278642725, 0.0, 0.0, 0.39013434952745835, 0.6273561656475067, 0.37767656476547323, 0.6253152862743095, 0.38141272651652497, 0.7006349766695941, 0.3535688785215219, 0.6708630316787296, 0.40124106078098215, 0.7150046815474828, 0.3547228075563907, 0.7420615399325335], "4": [0.0, 0.0, 0.0, 0.0, 0.0, 0.0, 0.0, 0.0, 0.0, 0.0, 0.0, 0.0, 0.0, 0.0, 0.0, 0.0, 0.0, 0.0, 0.0, 0.0, 0.0, 0.0, 0.0, 0.0, 0.3948022914429506, 0.6214620899271082, 0.35356180916229885, 0.672512846964377, 0.37943850830197334, 0.6999015145831637, 0.0, 0.0, 0.4002774200091759, 0.7148973313470681], "5": [0.0, 0.0, 0.0, 0.0, 0.0, 0.0, 0.0, 0.0, 0.0, 0.0, 0.0, 0.0, 0.0, 0.0, 0.0, 0.0, 0.0, 0.0, 0.0, 0.0, 0.0, 0.0, 0.0, 0.0, 0.0, 0.0, 0.0, 0.0, 0.0, 0.0, 0.4681569568812847, 0.6591078356460288, 0.0, 0.0]}