{"0": [0.0, 0.0, 0.0, 0.0, 0.7406696148216725, 0.5965642600147812, 0.7198207378387451, 0.5967844651253135, 0.7353647020024557, 0.6018861876593695, 0.702816706088682, 0.6243640728570797, 0.7257364749908447, 0.6422473857800166, 0.6795926916102568, 0.6291574087407854, 0.7331239460657041, 0.6981989162939565, 0.6580977655947209, 0.6608331927546749, 0.0, 0.0, 0.6720281712710857, 0.7408627008950269, 0.6926323883235455, 0.7371074990748807, 0.6988467519481977, 0.7927555702350758, 0.7284350427488486, 0.8112564578790356, 0.6740259647369384, 0.8565826972325643, 0.7528015920271476, 0.8858525993647399], "1": [0.0, 0.0, 0.0, 0.0, 0.0, 0.0, 0.5402704628805319, 0.5075356536303406, 0.5528954409062863, 0.5140743405178742, 0.5236202562227845, 0.5306027593436065, 0.5571182630335291, 0.5471688698839259, 0.5093597119053205, 0.5716131583408073, 0.5669889528304338, 0.5975649134980308, 0.0, 0.0, 0.5867634781946739, 0.6421049663314113, 0.518718195015875, 0.6259783117549012, 0.5440541117762526, 0.6395710938506657, 0.5051610108464957, 0.6645270080478103, 0.5707823425531388, 0.6749048670132954, 0.4885592008630434, 0.7319944061614849, 0.575859657675028, 0.7496363968760877], "2": [0.0, 0.0, 0.0, 0.0, 0.0, 0.0, 0.0, 0.0, 0.0, 0.0, 0.0, 0.0, 0.0, 0.0, 0.0, 0.0, 0.0, 0.0, 0.0, 0.0, 0.7158897625903289, 0.704581657824693, 0.0, 0.0, 0.0, 0.0, 0.0, 0.0, 0.0, 0.0, 0.0, 0.0, 0.0, 0.0], "3": [0.0, 0.0, 0.0, 0.0, 0.0, 0.0, 0.0, 0.0, 0.0, 0.0, 0.0, 0.0, 0.0, 0.0, 0.0, 0.0, 0.0, 0.0, 0.0, 0.0, 0.0, 0.0, 0.6955553899208705, 0.7312256130907271, 0.0, 0.0, 0.0, 0.0, 0.6999706534047921, 0.7906171209282346, 0.0, 0.0, 0.0, 0.0], "4": [0.0, 0.0, 0.0, 0.0, 0.0, 0.0, 0.0, 0.0, 0.0, 0.0, 0.0, 0.0, 0.0, 0.0, 0.0, 0.0, 0.0, 0.0, 0.0, 0.0, 0.0, 0.0, 0.0, 0.0, 0.0, 0.0, 0.7283590505520503, 0.811979556856332, 0.0, 0.0, 0.7524315866331259, 0.8863070726394653, 0.0, 0.0]}