{"0": [0.4655683668951193, 0.5753429103780675, 0.46767073149482413, 0.5688512435665836, 0.4598723746836186, 0.5703138448573924, 0.0, 0.0, 0.4503660437961419, 0.5779282373410685, 0.0, 0.0, 0.4433254588084916, 0.6247080148370178, 0.0, 0.0, 0.0, 0.0, 0.0, 0.0, 0.0, 0.0, 0.0, 0.0, 0.0, 0.0, 0.0, 0.0, 0.0, 0.0, 0.0, 0.0, 0.0, 0.0], "1": [0.8597141149143378, 0.14407223107086287, 0.861177698460718, 0.1411257600342786, 0.8586207330226898, 0.14125120198285138, 0.864370250236243, 0.14237373095971567, 0.8572386865814526, 0.1422477408691689, 0.8683583242818713, 0.16169003976715934, 0.852461367721359, 0.1605366830472593, 0.8722790205230314, 0.18572919501198662, 0.8496956108758847, 0.18418110035083912, 0.8743564461668333, 0.20449649404596398, 0.0, 0.0, 0.8666428652902444, 0.2031250696491312, 0.855933156857888, 0.20258210566308762, 0.0, 0.0, 0.0, 0.0, 0.0, 0.0, 0.0, 0.0], "2": [0.0, 0.0, 0.0, 0.0, 0.0, 0.0, 0.5295653320848942, 0.5024340327139254, 0.0, 0.0, 0.5214818744609754, 0.5356265584627788, 0.5585835146407286, 0.53391421812552, 0.5013848152011633, 0.578319744931327, 0.5685850973551472, 0.5858565564508792, 0.47859133556485184, 0.5879041179462715, 0.5728585877378161, 0.6268593153467885, 0.5275493653180698, 0.634100576572948, 0.5471278581768274, 0.6383886032634312, 0.5331889666616917, 0.7012157683019284, 0.5426775958389044, 0.7000043621291061, 0.5406261313706636, 0.7809165987151641, 0.5431917955478033, 0.7693012886577182], "3": [0.0, 0.0, 0.0, 0.0, 0.0, 0.0, 0.0, 0.0, 0.0, 0.0, 0.4725820451353987, 0.5901533242728975, 0.0, 0.0, 0.0, 0.0, 0.0, 0.0, 0.0, 0.0, 0.0, 0.0, 0.4723901318386197, 0.634474923102944, 0.45717298860351246, 0.6341922319597668, 0.4729257951112231, 0.6812696571703311, 0.44295143435398737, 0.6728578925132751, 0.4895616664531796, 0.7378937173220845, 0.44289272967725984, 0.7239121545244146], "4": [0.0, 0.0, 0.0, 0.0, 0.0, 0.0, 0.0, 0.0, 0.0, 0.0, 0.0, 0.0, 0.0, 0.0, 0.0, 0.0, 0.0, 0.0, 0.0, 0.0, 0.8546623782565198, 0.1666592729502116, 0.0, 0.0, 0.0, 0.0, 0.0, 0.0, 0.0, 0.0, 0.0, 0.0, 0.0, 0.0], "5": [0.0, 0.0, 0.0, 0.0, 0.0, 0.0, 0.0, 0.0, 0.0, 0.0, 0.0, 0.0, 0.0, 0.0, 0.0, 0.0, 0.0, 0.0, 0.0, 0.0, 0.4715185695769653, 0.5903775823664726, 0.0, 0.0, 0.0, 0.0, 0.0, 0.0, 0.0, 0.0, 0.0, 0.0, 0.0, 0.0], "6": [0.0, 0.0, 0.0, 0.0, 0.0, 0.0, 0.0, 0.0, 0.0, 0.0, 0.0, 0.0, 0.0, 0.0, 0.0, 0.0, 0.0, 0.0, 0.0, 0.0, 0.0, 0.0, 0.0, 0.0, 0.0, 0.0, 0.0, 0.0, 0.4728428853753333, 0.6837787686674683, 0.0, 0.0, 0.4898845569230616, 0.7385025057527755]}