{"0": [0.0, 0.0, 0.0, 0.0, 0.0, 0.0, 0.5878110457211733, 0.4211232988922684, 0.598929388821125, 0.4263674045326533, 0.5752344901363055, 0.4407437550822376, 0.6006393031527598, 0.4555460188442979, 0.5684398111887277, 0.43618940600642453, 0.6026185380915801, 0.48808604765821384, 0.5611186619848013, 0.43214948398095593, 0.6025826754358907, 0.5152683937439212, 0.5654875645413995, 0.515511476220908, 0.5808235704588394, 0.5169574631585016, 0.5661162306865056, 0.5475751704639858, 0.5798896467934053, 0.5796708892892908, 0.5633658160765965, 0.5847006188498602, 0.5756836774448555, 0.6205207800423659], "1": [0.0, 0.0, 0.0, 0.0, 0.0, 0.0, 0.6323949928085008, 0.3936864565919947, 0.6450968048224847, 0.39555071741342546, 0.6236234325915575, 0.417910668860983, 0.647833172014604, 0.4224304417769114, 0.6176324266940355, 0.44855726521324235, 0.6524082849423091, 0.45801611057034247, 0.0, 0.0, 0.0, 0.0, 0.6253376039365928, 0.4845118225172714, 0.6421409547328949, 0.48645811566600095, 0.627475896353523, 0.5309398397251411, 0.6433757876977324, 0.5297261073909424, 0.628491094087561, 0.5820557381267901, 0.6340227056294679, 0.5821247053919015], "2": [0.0, 0.0, 0.0, 0.0, 0.0, 0.0, 0.0, 0.0, 0.0, 0.0, 0.0, 0.0, 0.0, 0.0, 0.0, 0.0, 0.0, 0.0, 0.5609036634676159, 0.516298806115433, 0.0, 0.0, 0.0, 0.0, 0.0, 0.0, 0.0, 0.0, 0.0, 0.0, 0.0, 0.0, 0.0, 0.0], "3": [0.0, 0.0, 0.0, 0.0, 0.0, 0.0, 0.0, 0.0, 0.0, 0.0, 0.0, 0.0, 0.0, 0.0, 0.0, 0.0, 0.0, 0.0, 0.0, 0.0, 0.0, 0.0, 0.0, 0.0, 0.0, 0.0, 0.5742218211293221, 0.5851978237982149, 0.0, 0.0, 0.0, 0.0, 0.0, 0.0], "4": [0.0, 0.0, 0.0, 0.0, 0.0, 0.0, 0.0, 0.0, 0.0, 0.0, 0.0, 0.0, 0.0, 0.0, 0.0, 0.0, 0.0, 0.0, 0.0, 0.0, 0.0, 0.0, 0.0, 0.0, 0.0, 0.0, 0.0, 0.0, 0.0, 0.0, 0.5763022261361281, 0.6202928860982259, 0.0, 0.0]}