{"0": [0.3150713968090713, 0.5638601788768062, 0.3166360435386499, 0.5567961010668013, 0.0, 0.0, 0.3266565166413784, 0.5561361224563034, 0.0, 0.0, 0.3514905153463284, 0.5873999765625706, 0.3239659381409486, 0.5929670267634921, 0.3675947994563778, 0.628319472286627, 0.3192007600950698, 0.6081446398187567, 0.0, 0.0, 0.3050598514576753, 0.6463264218083135, 0.35534988914926846, 0.6980353732903798, 0.3323105995853742, 0.6906318560794547, 0.3522968988710394, 0.7703954032173863, 0.32326228047410643, 0.7339916019528, 0.35801841331024964, 0.83306545049504, 0.33492347203815975, 0.7752970712052452], "1": [0.4519552873525148, 0.4758644037776523, 0.4553491154064735, 0.4710849541204947, 0.0, 0.0, 0.0, 0.0, 0.0, 0.0, 0.47494103014469147, 0.5003771889540884, 0.44772335276938974, 0.5056249441923919, 0.4824678055942059, 0.5523135780184357, 0.43492866919065515, 0.5481445961528354, 0.4800997796157996, 0.5822159572883888, 0.4231431802269071, 0.5583747447088913, 0.47185962746540705, 0.5921336396976754, 0.45666851780066886, 0.5922418382432726, 0.4680847330018878, 0.636298820928291, 0.43830131739377975, 0.6654832477922793, 0.4765676379824678, 0.688319648636712, 0.0, 0.0], "2": [0.0, 0.0, 0.0, 0.0, 0.45715646743774413, 0.47023780355574907, 0.0, 0.0, 0.0, 0.0, 0.0, 0.0, 0.0, 0.0, 0.0, 0.0, 0.0, 0.0, 0.0, 0.0, 0.0, 0.0, 0.0, 0.0, 0.0, 0.0, 0.0, 0.0, 0.0, 0.0, 0.0, 0.0, 0.0, 0.0], "3": [0.0, 0.0, 0.0, 0.0, 0.0, 0.0, 0.45242453739047056, 0.472188205520312, 0.0, 0.0, 0.4526349900911252, 0.5065163953988641, 0.0, 0.0, 0.0, 0.0, 0.0, 0.0, 0.0, 0.0, 0.0, 0.0, 0.4551175939540069, 0.5954998544520802, 0.0, 0.0, 0.4387617373218139, 0.665793984024613, 0.4672487272570531, 0.6375254118884052, 0.4385191428164641, 0.7380587581131194, 0.4764769861474633, 0.6882459066532276], "4": [0.0, 0.0, 0.0, 0.0, 0.0, 0.0, 0.0, 0.0, 0.45949224978685377, 0.47127916117509205, 0.0, 0.0, 0.0, 0.0, 0.0, 0.0, 0.0, 0.0, 0.0, 0.0, 0.0, 0.0, 0.0, 0.0, 0.0, 0.0, 0.0, 0.0, 0.0, 0.0, 0.0, 0.0, 0.0, 0.0], "5": [0.0, 0.0, 0.0, 0.0, 0.0, 0.0, 0.0, 0.0, 0.0, 0.0, 0.0, 0.0, 0.35480961166322234, 0.5855258568569466, 0.0, 0.0, 0.0, 0.0, 0.0, 0.0, 0.0, 0.0, 0.0, 0.0, 0.0, 0.0, 0.0, 0.0, 0.0, 0.0, 0.0, 0.0, 0.0, 0.0], "6": [0.0, 0.0, 0.0, 0.0, 0.0, 0.0, 0.0, 0.0, 0.0, 0.0, 0.0, 0.0, 0.0, 0.0, 0.0, 0.0, 0.0, 0.0, 0.36511801518499853, 0.6185763109751322, 0.0, 0.0, 0.0, 0.0, 0.0, 0.0, 0.0, 0.0, 0.0, 0.0, 0.0, 0.0, 0.0, 0.0], "7": [0.0, 0.0, 0.0, 0.0, 0.0, 0.0, 0.0, 0.0, 0.0, 0.0, 0.0, 0.0, 0.0, 0.0, 0.0, 0.0, 0.0, 0.0, 0.0, 0.0, 0.0, 0.0, 0.0, 0.0, 0.0, 0.0, 0.0, 0.0, 0.3385681922237078, 0.7762288676367866, 0.0, 0.0, 0.0, 0.0]}