{"0": [0.395381639401118, 0.388448733450086, 0.39782181386059773, 0.3843722414087366, 0.3928272278358539, 0.3847852139561264, 0.40094389170408246, 0.38630653796372594, 0.38907168383399643, 0.38685673298659146, 0.40713627319782975, 0.4071165159896568, 0.38938739039003856, 0.4088462926723339, 0.4143775981540481, 0.43134018138602925, 0.3938513949746266, 0.435621781040121, 0.4130459939440092, 0.4325859769075005, 0.40600601728074254, 0.4321246760862845, 0.4086499204238256, 0.46525311249273793, 0.3938927681495746, 0.4662100749987143, 0.40751165275772416, 0.5228672589416857, 0.38672199212014674, 0.5223769430347063, 0.40932899750769136, 0.5830764374247304, 0.3952232502400875, 0.5729766621633813], "1": [0.4649437589260439, 0.37467780096663367, 0.46716019151111443, 0.3697848684257931, 0.4623798944056034, 0.37017444438404506, 0.4718763052796324, 0.37111658034501255, 0.46082148253917693, 0.37160694510848435, 0.4755013340463241, 0.3966062584960902, 0.4649950131153067, 0.39648212767033664, 0.47984131959577403, 0.43142760263548957, 0.46641514661411443, 0.4332112903120341, 0.4735474589591225, 0.4619721213976542, 0.4614619263758262, 0.46288004733484095, 0.47328996993601324, 0.4632844653670435, 0.4636740776399772, 0.4612222365759037, 0.47499307543039315, 0.5159492899974187, 0.45645494622488825, 0.5077450640223644, 0.48120760164068394, 0.564507700337304, 0.45953351110219953, 0.5562690798883085]}