{"0": [0.3339681632816792, 0.5671517818062393, 0.33098895798126854, 0.560461190784419, 0.0, 0.0, 0.3372229516506195, 0.5594345936206756, 0.0, 0.0, 0.3594088708981872, 0.5865318854649861, 0.34716116698788746, 0.5892621630112099, 0.3452024837334951, 0.626047226138137, 0.3412202623983224, 0.6285291883680556, 0.3204451583325863, 0.6647900650898616, 0.3204125245412191, 0.6642946535790408, 0.3685322270262986, 0.6705846766492835, 0.3610552403454979, 0.67608319984542, 0.3536770618210236, 0.7737058199666165, 0.3553880264036325, 0.7561742075387498, 0.3564330782275647, 0.8604811290899912, 0.35618380904197694, 0.86090544351825], "1": [0.41882213541151336, 0.5287469921288667, 0.4189341548830271, 0.5224574186183788, 0.0, 0.0, 0.4242006080845992, 0.5245235593230636, 0.4364708885550499, 0.5185174699182865, 0.41369733704874906, 0.5682481425779837, 0.45193742661116026, 0.5483240290924355, 0.0, 0.0, 0.4685791030370941, 0.5875774095455806, 0.0, 0.0, 0.47667733769242965, 0.6269505600134532, 0.43084177412092683, 0.6705516128628343, 0.4567639235407113, 0.6675557436766448, 0.0, 0.0, 0.46940923978885013, 0.7032361392621641, 0.0, 0.0, 0.4792506349583467, 0.7723480407838468], "2": [0.0, 0.0, 0.0, 0.0, 0.0, 0.0, 0.0, 0.0, 0.35135233302911123, 0.5516943224326328, 0.0, 0.0, 0.0, 0.0, 0.0, 0.0, 0.0, 0.0, 0.0, 0.0, 0.0, 0.0, 0.0, 0.0, 0.0, 0.0, 0.0, 0.0, 0.0, 0.0, 0.0, 0.0, 0.0, 0.0], "3": [0.0, 0.0, 0.0, 0.0, 0.0, 0.0, 0.0, 0.0, 0.0, 0.0, 0.0, 0.0, 0.41339039492110413, 0.5685237301720514, 0.0, 0.0, 0.0, 0.0, 0.0, 0.0, 0.0, 0.0, 0.0, 0.0, 0.0, 0.0, 0.0, 0.0, 0.0, 0.0, 0.0, 0.0, 0.0, 0.0], "4": [0.0, 0.0, 0.0, 0.0, 0.0, 0.0, 0.0, 0.0, 0.0, 0.0, 0.0, 0.0, 0.0, 0.0, 0.0, 0.0, 0.0, 0.0, 0.0, 0.0, 0.0, 0.0, 0.0, 0.0, 0.0, 0.0, 0.3673320380349954, 0.7275843821190022, 0.0, 0.0, 0.37567400336265566, 0.7757097083109397, 0.0, 0.0], "5": [0.0, 0.0, 0.0, 0.0, 0.0, 0.0, 0.0, 0.0, 0.0, 0.0, 0.0, 0.0, 0.0, 0.0, 0.0, 0.0, 0.0, 0.0, 0.0, 0.0, 0.0, 0.0, 0.0, 0.0, 0.0, 0.0, 0.0, 0.0, 0.0, 0.0, 0.0, 0.0, 0.37581876864035924, 0.7774006644884746]}