{"0": [0.33210789834459614, 0.5386211435000102, 0.3321552996834119, 0.532439856396781, 0.0, 0.0, 0.3416630377372106, 0.5311761686095485, 0.0, 0.0, 0.3601444962434471, 0.5662965636010523, 0.3603400145812581, 0.5598609731705101, 0.3648625376013418, 0.6401539774956526, 0.352948162642618, 0.6265732759678805, 0.34801395901789267, 0.6719577442716669, 0.3422951266169548, 0.6805199773223312, 0.3641604874903957, 0.6843742691256381, 0.35840295751889545, 0.682954564359453, 0.356504830190291, 0.7498551766077678, 0.3351023348048329, 0.7242278046078152, 0.3738839854796728, 0.8217847044821138, 0.3512315462032954, 0.8057513044940101], "1": [0.0, 0.0, 0.0, 0.0, 0.0, 0.0, 0.0, 0.0, 0.0, 0.0, 0.43222710645447177, 0.5380222643967028, 0.0, 0.0, 0.43437577070047456, 0.6102419213564307, 0.0, 0.0, 0.4302159627278646, 0.6540653830325162, 0.0, 0.0, 0.44095282033085825, 0.6484769618897527, 0.4643558036070317, 0.6435196993527589, 0.4291705193618933, 0.6903559605280558, 0.4665721946706375, 0.702810745106803, 0.4356666080498447, 0.7605128335732001, 0.47825070594747854, 0.7691881424850888], "2": [0.0, 0.0, 0.0, 0.0, 0.0, 0.0, 0.0, 0.0, 0.0, 0.0, 0.0, 0.0, 0.0, 0.0, 0.0, 0.0, 0.0, 0.0, 0.0, 0.0, 0.0, 0.0, 0.0, 0.0, 0.0, 0.0, 0.3338125991324583, 0.7232395661097986, 0.0, 0.0, 0.3532025457670291, 0.8107583966520097, 0.0, 0.0], "3": [0.0, 0.0, 0.0, 0.0, 0.0, 0.0, 0.0, 0.0, 0.0, 0.0, 0.0, 0.0, 0.0, 0.0, 0.0, 0.0, 0.0, 0.0, 0.0, 0.0, 0.0, 0.0, 0.0, 0.0, 0.0, 0.0, 0.0, 0.0, 0.36105466187000274, 0.7543664406847072, 0.0, 0.0, 0.37024152105053265, 0.8205183338235926]}