{"0": [0.7151304652293524, 0.5492407154153894, 0.0, 0.0, 0.7152526666720708, 0.5428181857974441, 0.6936163175540666, 0.5335814374464529, 0.7106677074451, 0.540320799085829, 0.6799634949614605, 0.5601347821730155, 0.7103369859047234, 0.5645603705335547, 0.0, 0.0, 0.0, 0.0, 0.0, 0.0, 0.0, 0.0, 0.6853017108359685, 0.6662120200969555, 0.6771390825859271, 0.6752282952820813, 0.7035599799205859, 0.7245078868336148, 0.6812796615685026, 0.7335682184607896, 0.6787837979694208, 0.7912820476072806, 0.6760163675993681, 0.7950065937307146], "1": [0.0, 0.0, 0.0, 0.0, 0.0, 0.0, 0.0, 0.0, 0.0, 0.0, 0.0, 0.0, 0.5743234138935804, 0.5727069295114942, 0.0, 0.0, 0.5786033476392428, 0.6103398715456326, 0.0, 0.0, 0.5845528593907754, 0.6420216227019274, 0.5391837866976857, 0.6485367573245808, 0.5669065356254578, 0.650675736312513, 0.5361023926486571, 0.700235872798496, 0.5674667462706567, 0.7081388271517224, 0.5323027886450291, 0.7526330514638512, 0.5651373839005828, 0.7689992476392674], "2": [0.0, 0.0, 0.0, 0.0, 0.0, 0.0, 0.0, 0.0, 0.0, 0.0, 0.0, 0.0, 0.0, 0.0, 0.5334056846797466, 0.575092648797565, 0.0, 0.0, 0.0, 0.0, 0.0, 0.0, 0.0, 0.0, 0.0, 0.0, 0.0, 0.0, 0.0, 0.0, 0.0, 0.0, 0.0, 0.0], "3": [0.0, 0.0, 0.0, 0.0, 0.0, 0.0, 0.0, 0.0, 0.0, 0.0, 0.0, 0.0, 0.0, 0.0, 0.0, 0.0, 0.6737055582304795, 0.6348007289347826, 0.0, 0.0, 0.7008006791273753, 0.6642651188152807, 0.0, 0.0, 0.0, 0.0, 0.0, 0.0, 0.0, 0.0, 0.0, 0.0, 0.0, 0.0], "4": [0.0, 0.0, 0.0, 0.0, 0.0, 0.0, 0.0, 0.0, 0.0, 0.0, 0.0, 0.0, 0.0, 0.0, 0.0, 0.0, 0.0, 0.0, 0.7026323918253183, 0.6587527250802075, 0.0, 0.0, 0.0, 0.0, 0.0, 0.0, 0.0, 0.0, 0.0, 0.0, 0.0, 0.0, 0.0, 0.0]}