{"0": [0.4861021050562461, 0.4525497491712923, 0.4872259796907504, 0.4478367100435275, 0.48518279210353893, 0.4474286100378743, 0.489691776696903, 0.4488403976515488, 0.4808785335160792, 0.4491506894429525, 0.49778431726930045, 0.4764326500671881, 0.4698652864744266, 0.48313900430997214, 0.501916799818476, 0.5198109893887132, 0.0, 0.0, 0.5094948313509424, 0.5516391627352547, 0.0, 0.0, 0.4844715862845381, 0.5657068439103939, 0.47297541188308967, 0.5664267212704376, 0.0, 0.0, 0.4760127498457829, 0.6107762430277136, 0.4787200715392828, 0.6701041035630085, 0.4793664179742336, 0.6700524856370909], "1": [0.6882241206864516, 0.6157418445304588, 0.0, 0.0, 0.6856483618418375, 0.610788118397748, 0.0, 0.0, 0.6766245607286692, 0.6107972100928978, 0.6692928581188122, 0.6298988845613268, 0.669489400833845, 0.6355419518770996, 0.0, 0.0, 0.670700588201483, 0.6733712611375031, 0.0, 0.0, 0.6754437497506539, 0.7183926986323462, 0.6760694492608309, 0.7087308464226899, 0.6715360990415017, 0.7102534238938932, 0.6943783162161707, 0.7764387497195491, 0.6587343667944272, 0.7638529781942014, 0.0, 0.0, 0.6431963421404362, 0.8302199019326104], "2": [0.7080123948554198, 0.5514964604267368, 0.0, 0.0, 0.7070752009749413, 0.547681760346448, 0.0, 0.0, 0.7035162293662628, 0.551193703490275, 0.6783657467613617, 0.5765702918723777, 0.6872929248958826, 0.5855312444545605, 0.0, 0.0, 0.0, 0.0, 0.0, 0.0, 0.0, 0.0, 0.0, 0.0, 0.0, 0.0, 0.0, 0.0, 0.0, 0.0, 0.0, 0.0, 0.0, 0.0], "3": [0.0, 0.0, 0.6879252037654321, 0.6104990729579219, 0.0, 0.0, 0.0, 0.0, 0.0, 0.0, 0.0, 0.0, 0.0, 0.0, 0.0, 0.0, 0.0, 0.0, 0.0, 0.0, 0.0, 0.0, 0.0, 0.0, 0.0, 0.0, 0.0, 0.0, 0.0, 0.0, 0.0, 0.0, 0.0, 0.0], "4": [0.0, 0.0, 0.0, 0.0, 0.0, 0.0, 0.6885981425642967, 0.5474075434384523, 0.0, 0.0, 0.6900759932895502, 0.6259914653513718, 0.0, 0.0, 0.6818910495688518, 0.6656300655117742, 0.0, 0.0, 0.6938508068056156, 0.6734483542265716, 0.0, 0.0, 0.0, 0.0, 0.0, 0.0, 0.0, 0.0, 0.0, 0.0, 0.0, 0.0, 0.0, 0.0], "5": [0.0, 0.0, 0.0, 0.0, 0.0, 0.0, 0.0, 0.0, 0.0, 0.0, 0.4672610566020012, 0.47888998808684174, 0.4948306237657865, 0.4758692419087445, 0.0, 0.0, 0.0, 0.0, 0.0, 0.0, 0.5101510336001714, 0.5527728355041257, 0.0, 0.0, 0.0, 0.0, 0.0, 0.0, 0.0, 0.0, 0.0, 0.0, 0.0, 0.0], "6": [0.0, 0.0, 0.0, 0.0, 0.0, 0.0, 0.0, 0.0, 0.0, 0.0, 0.0, 0.0, 0.0, 0.0, 0.0, 0.0, 0.0, 0.0, 0.0, 0.0, 0.0, 0.0, 0.0, 0.0, 0.0, 0.0, 0.6594831562911471, 0.7620966253457246, 0.6940850055776536, 0.7770246567549529, 0.6424734372645616, 0.8324028739222774, 0.6834342988828818, 0.8478307988080712], "7": [0.0, 0.0, 0.0, 0.0, 0.0, 0.0, 0.0, 0.0, 0.0, 0.0, 0.0, 0.0, 0.0, 0.0, 0.0, 0.0, 0.0, 0.0, 0.0, 0.0, 0.0, 0.0, 0.0, 0.0, 0.0, 0.0, 0.4739977878828843, 0.6105328047165164, 0.0, 0.0, 0.0, 0.0, 0.0, 0.0]}