{"0": [0.35294205049673716, 0.622961042103944, 0.35332736521959307, 0.6157288385762109, 0.34866336826235056, 0.6179940745234489, 0.3612207904458046, 0.6136383010281456, 0.3471273017426332, 0.6238760835594601, 0.3705713234841824, 0.6340443883229185, 0.0, 0.0, 0.3709750620027383, 0.6718216143272541, 0.0, 0.0, 0.0, 0.0, 0.0, 0.0, 0.3608960006696483, 0.6938789540970767, 0.0, 0.0, 0.3251169736186663, 0.7040960431098938, 0.0, 0.0, 0.30972805122534436, 0.7691069236508122, 0.0, 0.0], "1": [0.0, 0.0, 0.3204400077462196, 0.5769807285732693, 0.0, 0.0, 0.3266928603562216, 0.5770821778862565, 0.33855647668242456, 0.571676089587035, 0.3317728963991006, 0.6099811943592849, 0.3322764030347268, 0.6091241467882086, 0.3173133147259553, 0.6485644510498754, 0.3180131398762266, 0.6444685567308355, 0.31264756868282956, 0.6499380537757167, 0.311713337401549, 0.6529692014058431, 0.0, 0.0, 0.3533933407316605, 0.6916879448073882, 0.0, 0.0, 0.3251782229791085, 0.7034623989352473, 0.0, 0.0, 0.310093844961375, 0.7671126864022679], "2": [0.0, 0.0, 0.0, 0.0, 0.0, 0.0, 0.4381380006670952, 0.5045791385350404, 0.4527070396890243, 0.5014900228491536, 0.4264200576891502, 0.5405731982654997, 0.4659063750257095, 0.5278333020431024, 0.42008260389169055, 0.5897757133951893, 0.4779108251755436, 0.5646063979025241, 0.417771685992678, 0.6409811332821846, 0.48667968995869165, 0.5940904670291477, 0.4378913010160128, 0.6357084503880254, 0.46580472265680634, 0.634762038676827, 0.0, 0.0, 0.47786855610708395, 0.686305484617198, 0.0, 0.0, 0.4824400290846825, 0.7565278889956296], "3": [0.0, 0.0, 0.0, 0.0, 0.0, 0.0, 0.0, 0.0, 0.0, 0.0, 0.0, 0.0, 0.0, 0.0, 0.39004009977603954, 0.7079527416163021, 0.0, 0.0, 0.0, 0.0, 0.0, 0.0, 0.0, 0.0, 0.0, 0.0, 0.0, 0.0, 0.0, 0.0, 0.0, 0.0, 0.0, 0.0]}