{"0": [0.8966248945643505, 0.5823437134424846, 0.0, 0.0, 0.894177106053879, 0.5800580082116303, 0.8711259715259075, 0.58545263255084, 0.8867227751761675, 0.5881856372510944, 0.863018433501323, 0.6287001764332807, 0.8653581626713276, 0.6323267233592492, 0.0, 0.0, 0.0, 0.0, 0.0, 0.0, 0.0, 0.0, 0.0, 0.0, 0.8636632967119415, 0.7389908254146575, 0.0, 0.0, 0.8609641578669349, 0.8046114484469096, 0.0, 0.0, 0.8508392080664635, 0.9125185487446962], "1": [0.0, 0.0, 0.0, 0.0, 0.0, 0.0, 0.5051659387846787, 0.518511892689599, 0.5199865536143382, 0.5157652734606354, 0.4961967137952646, 0.5548154972217701, 0.5310965982420991, 0.5448354171106109, 0.4875411142905553, 0.5942538795647798, 0.5435469367851814, 0.589049001465793, 0.4776804049188892, 0.6119270657499631, 0.5568975154310465, 0.6214948327453048, 0.5072718785454831, 0.6470578474027138, 0.5273935944462816, 0.648869244699125, 0.5089580630262692, 0.7046686379997819, 0.5182666019846995, 0.707913020197992, 0.5103915009899841, 0.7663799311275835, 0.5143015516611437, 0.7630027545822993], "2": [0.0, 0.0, 0.0, 0.0, 0.0, 0.0, 0.0, 0.0, 0.0, 0.0, 0.8921837898592154, 0.5974130287214562, 0.0, 0.0, 0.9108016794236998, 0.5590563301962835, 0.0, 0.0, 0.9329814694821834, 0.5209829877924036, 0.0, 0.0, 0.8715669419616461, 0.7413366498770537, 0.0, 0.0, 0.8622792628904183, 0.8038747415498451, 0.0, 0.0, 0.851343419464926, 0.9093225854414481, 0.0, 0.0], "3": [0.0, 0.0, 0.0, 0.0, 0.0, 0.0, 0.0, 0.0, 0.0, 0.0, 0.0, 0.0, 0.0, 0.0, 0.0, 0.0, 0.9125920223693053, 0.5596681009564135, 0.0, 0.0, 0.9277767714112997, 0.5334671921200222, 0.0, 0.0, 0.0, 0.0, 0.0, 0.0, 0.0, 0.0, 0.0, 0.0, 0.0, 0.0], "4": [0.0, 0.0, 0.0, 0.0, 0.0, 0.0, 0.0, 0.0, 0.0, 0.0, 0.0, 0.0, 0.0, 0.0, 0.0, 0.0, 0.0, 0.0, 0.0, 0.0, 0.0, 0.0, 0.0, 0.0, 0.0, 0.0, 0.0, 0.0, 0.0, 0.0, 0.8282334557423989, 0.8894736550472401, 0.0, 0.0], "5": [0.0, 0.0, 0.0, 0.0, 0.0, 0.0, 0.0, 0.0, 0.0, 0.0, 0.0, 0.0, 0.0, 0.0, 0.0, 0.0, 0.0, 0.0, 0.0, 0.0, 0.0, 0.0, 0.0, 0.0, 0.0, 0.0, 0.0, 0.0, 0.0, 0.0, 0.0, 0.0, 0.82806337736547, 0.8910180974889684]}