{"0": [0.6696791574979822, 0.43198781245284607, 0.0, 0.0, 0.669256124800692, 0.42638566935503924, 0.6537505440413952, 0.42111716226295187, 0.6643465811541925, 0.4251088956991832, 0.643079347225527, 0.44429162740707395, 0.6563799143458406, 0.45665260972800076, 0.0, 0.0, 0.6589263244221608, 0.5055156950597411, 0.0, 0.0, 0.6679640446479121, 0.5434516267644034, 0.6362270923952261, 0.529233877443605, 0.6447270945956309, 0.5311582826905781, 0.6362709514175852, 0.5873416142331229, 0.6564004856161774, 0.593492031980444, 0.6250060285131135, 0.6477985393393922, 0.6588171652207773, 0.6524489563924295], "1": [0.0, 0.0, 0.0, 0.0, 0.0, 0.0, 0.3918594523022572, 0.5148939201263366, 0.4048788552482923, 0.5155629228662562, 0.37868358964721355, 0.5470967548864859, 0.4157876097907623, 0.5465920167940634, 0.3725105064300199, 0.589291879341558, 0.4250395285586516, 0.6090149934645053, 0.0, 0.0, 0.4177815686290463, 0.616993741635923, 0.3843945217629274, 0.6480138205267765, 0.4079944076637427, 0.6536402459497805, 0.3814355071944495, 0.7370312100750636, 0.4100591031834483, 0.7098499852198141, 0.38540842168634604, 0.8137442449728649, 0.4114106306185325, 0.7680221697798483], "2": [0.0, 0.0, 0.0, 0.0, 0.0, 0.0, 0.0, 0.0, 0.0, 0.0, 0.0, 0.0, 0.0, 0.0, 0.6605377130210399, 0.5010837222690936, 0.0, 0.0, 0.6667340531945228, 0.5407920572492811, 0.0, 0.0, 0.0, 0.0, 0.0, 0.0, 0.0, 0.0, 0.0, 0.0, 0.0, 0.0, 0.0, 0.0], "3": [0.0, 0.0, 0.0, 0.0, 0.0, 0.0, 0.0, 0.0, 0.0, 0.0, 0.0, 0.0, 0.0, 0.0, 0.0, 0.0, 0.0, 0.0, 0.0, 0.0, 0.0, 0.0, 0.6515895475943884, 0.5357628050777647, 0.0, 0.0, 0.6560266592695068, 0.5928089570116114, 0.6364357760796943, 0.5853256781895956, 0.6583753762145838, 0.6513569138668202, 0.0, 0.0], "4": [0.0, 0.0, 0.0, 0.0, 0.0, 0.0, 0.0, 0.0, 0.0, 0.0, 0.0, 0.0, 0.0, 0.0, 0.0, 0.0, 0.0, 0.0, 0.0, 0.0, 0.0, 0.0, 0.0, 0.0, 0.0, 0.0, 0.0, 0.0, 0.0, 0.0, 0.0, 0.0, 0.38525231514746944, 0.8163785422289813]}