{"0": [0.7360305081432065, 0.6289169373335661, 0.0, 0.0, 0.736453527212143, 0.6241466641426087, 0.715945519755284, 0.6206065027802079, 0.7320691814646125, 0.6254026421794185, 0.7031846889605124, 0.636281430721283, 0.7206488924721877, 0.6669775658183628, 0.0, 0.0, 0.7462331561749352, 0.7167619224771328, 0.0, 0.0, 0.0, 0.0, 0.6745448840161165, 0.7449327509160395, 0.6952513067349776, 0.7552498090841452, 0.0, 0.0, 0.7398651901011667, 0.779431367803503, 0.0, 0.0, 0.7439938715814303, 0.8633588657886894], "1": [0.0, 0.0, 0.0, 0.0, 0.0, 0.0, 0.0, 0.0, 0.0, 0.0, 0.5340674584110577, 0.5241531394146107, 0.5753741316497326, 0.5278170044775362, 0.5196977383146684, 0.5662987506775944, 0.5775603639582793, 0.5841819604237874, 0.5201887441178162, 0.6058857487307654, 0.5869610997537772, 0.6298660207677771, 0.5387907419353724, 0.6335191173409974, 0.5627547475198905, 0.6342258560436742, 0.5237171181788047, 0.6722127577772847, 0.5579080447554589, 0.6868632740444607, 0.5248106239984432, 0.7408225229492894, 0.5527965175608794, 0.7386472024299481], "2": [0.0, 0.0, 0.0, 0.0, 0.0, 0.0, 0.0, 0.0, 0.0, 0.0, 0.0, 0.0, 0.7086887424190839, 0.6392141311256974, 0.0, 0.0, 0.0, 0.0, 0.0, 0.0, 0.0, 0.0, 0.0, 0.0, 0.0, 0.0, 0.0, 0.0, 0.0, 0.0, 0.0, 0.0, 0.0, 0.0], "3": [0.0, 0.0, 0.0, 0.0, 0.0, 0.0, 0.0, 0.0, 0.0, 0.0, 0.0, 0.0, 0.0, 0.0, 0.0, 0.0, 0.0, 0.0, 0.0, 0.0, 0.0, 0.0, 0.0, 0.0, 0.0, 0.0, 0.6852755306133379, 0.7786335636068272, 0.0, 0.0, 0.6567691893627247, 0.8004508003040597, 0.0, 0.0], "4": [0.0, 0.0, 0.0, 0.0, 0.0, 0.0, 0.0, 0.0, 0.0, 0.0, 0.0, 0.0, 0.0, 0.0, 0.0, 0.0, 0.0, 0.0, 0.0, 0.0, 0.0, 0.0, 0.0, 0.0, 0.0, 0.0, 0.7381432197988034, 0.778307239656095, 0.0, 0.0, 0.0, 0.0, 0.0, 0.0]}