{"0": [0.37838840087254844, 0.3892708012075336, 0.0, 0.0, 0.3776878759264946, 0.38594180588369015, 0.3649361496170362, 0.3870922031225981, 0.3754690510531266, 0.38784418437216023, 0.3572410032153129, 0.4066665759793034, 0.38031813489894073, 0.412189186612765, 0.34977536772688234, 0.4398376160197788, 0.38559948072458305, 0.4404180773154453, 0.356735858352234, 0.45134316837346106, 0.0, 0.0, 0.361011867163082, 0.46622227253737275, 0.3751862123608589, 0.4650937446841487, 0.36992941896120707, 0.519976962937249, 0.38236739051838714, 0.5178289620964616, 0.37083684230844177, 0.5706431031227112, 0.3768960355160137, 0.5674821614667221], "1": [0.0, 0.0, 0.0, 0.0, 0.0, 0.0, 0.0, 0.0, 0.523036372816811, 0.4545133582971715, 0.5100198526866734, 0.4616710118673466, 0.5257184791068236, 0.46162816804868206, 0.0, 0.0, 0.0, 0.0, 0.0, 0.0, 0.0, 0.0, 0.0, 0.0, 0.0, 0.0, 0.0, 0.0, 0.0, 0.0, 0.0, 0.0, 0.0, 0.0], "2": [0.0, 0.0, 0.0, 0.0, 0.0, 0.0, 0.0, 0.0, 0.0, 0.0, 0.5273633088606099, 0.5026914161664469, 0.5111340830102563, 0.5125306860164359, 0.528069818019867, 0.53014386969584, 0.5178657401353122, 0.5641809046268464, 0.5399944551599523, 0.5402800178086317, 0.5393242827461412, 0.5784200657297064, 0.5254300375779469, 0.5830590275702653, 0.5237380245079596, 0.5888273088606419, 0.5316834506578744, 0.6322171847025554, 0.5323061278710762, 0.6330540961413472, 0.5242734178900719, 0.6802707294623056, 0.524127318089207, 0.6808924147376307], "3": [0.0, 0.0, 0.0, 0.0, 0.0, 0.0, 0.0, 0.0, 0.0, 0.0, 0.0, 0.0, 0.0, 0.0, 0.0, 0.0, 0.0, 0.0, 0.0, 0.0, 0.5122751511633397, 0.5984148546501442, 0.0, 0.0, 0.0, 0.0, 0.0, 0.0, 0.0, 0.0, 0.0, 0.0, 0.0, 0.0]}