{"0": [0.6322674655665954, 0.37309616561289183, 0.6319000790516536, 0.36842595382973, 0.6316604351003965, 0.3695148092729074, 0.6334648338456947, 0.3659620158650257, 0.0, 0.0, 0.6418799560517072, 0.37929740768891795, 0.6506953907509645, 0.37281672093603346, 0.644928889721632, 0.4083631502257453, 0.651272883079946, 0.4027712283311067, 0.6439540730168422, 0.40159254162399854, 0.0, 0.0, 0.6468446424851815, 0.4462411182898062, 0.6523755234045286, 0.44323006559301303, 0.6432203731810053, 0.4865068991978963, 0.6521184097199391, 0.4867766369272161, 0.0, 0.0, 0.0, 0.0], "1": [0.0, 0.0, 0.0, 0.0, 0.0, 0.0, 0.0, 0.0, 0.0, 0.0, 0.6429869424551725, 0.5366389461413578, 0.6762478534753124, 0.5355216208431456, 0.6341813699652751, 0.5619108515757102, 0.0, 0.0, 0.6299357374509176, 0.6287361886766222, 0.6861818342780074, 0.5942341630105619, 0.6460920955985785, 0.625430591845954, 0.671421255916357, 0.6241013635087896, 0.6476642120939989, 0.6821617139710321, 0.6713027410209179, 0.6962311771180895, 0.6455699693411588, 0.7364702649690485, 0.6771003256629532, 0.7675263841946919], "2": [0.0, 0.0, 0.0, 0.0, 0.0, 0.0, 0.0, 0.0, 0.0, 0.0, 0.0, 0.0, 0.0, 0.0, 0.0, 0.0, 0.0, 0.0, 0.0, 0.0, 0.6460055751105149, 0.4005285819371541, 0.0, 0.0, 0.0, 0.0, 0.0, 0.0, 0.0, 0.0, 0.0, 0.0, 0.0, 0.0], "3": [0.0, 0.0, 0.0, 0.0, 0.0, 0.0, 0.0, 0.0, 0.0, 0.0, 0.0, 0.0, 0.0, 0.0, 0.0, 0.0, 0.0, 0.0, 0.0, 0.0, 0.0, 0.0, 0.670758052666982, 0.6249774740801917, 0.0, 0.0, 0.6714486360549927, 0.6965896663842378, 0.6482415662147105, 0.6817907278184537, 0.6764345092698931, 0.7653168190408636, 0.6464788996924956, 0.7363285830175436]}