{"0": [0.0, 0.0, 0.0, 0.0, 0.0, 0.0, 0.303667892764012, 0.613375265509994, 0.3201535724103451, 0.603818829709457, 0.0, 0.0, 0.33585880271469554, 0.6261287342756987, 0.0, 0.0, 0.358753764256835, 0.6608317843189946, 0.0, 0.0, 0.0, 0.0, 0.3369063138961792, 0.743686154153612, 0.35632974065374584, 0.7298061214801338, 0.3445703546827038, 0.8115674486314809, 0.34899305601914726, 0.807448539910493, 0.35597346959014736, 0.8777900498351772, 0.35648266193456946, 0.8774456075772091], "1": [0.0, 0.0, 0.0, 0.0, 0.0, 0.0, 0.44670916423201557, 0.5090673348417989, 0.0, 0.0, 0.4395232630272706, 0.5389725044921593, 0.47312348523798087, 0.5175632812358715, 0.43665644240876045, 0.5672109214795961, 0.4889936693633596, 0.5501490381028917, 0.0, 0.0, 0.48094424127290647, 0.5543629222446018, 0.45055399723351003, 0.6297675521285445, 0.4743593614548444, 0.6307495684535414, 0.45339174891511597, 0.6826134090070373, 0.48335610193510853, 0.6942725178268221, 0.4609169509261847, 0.7326503837550128, 0.4789059047897657, 0.7669404917017177], "2": [0.0, 0.0, 0.0, 0.0, 0.0, 0.0, 0.0, 0.0, 0.0, 0.0, 0.33252586871385575, 0.6295690796993398, 0.0, 0.0, 0.0, 0.0, 0.0, 0.0, 0.30262598898261783, 0.7225312832604955, 0.0, 0.0, 0.0, 0.0, 0.0, 0.0, 0.0, 0.0, 0.0, 0.0, 0.0, 0.0, 0.0, 0.0], "3": [0.0, 0.0, 0.0, 0.0, 0.0, 0.0, 0.0, 0.0, 0.0, 0.0, 0.0, 0.0, 0.0, 0.0, 0.0, 0.0, 0.0, 0.0, 0.0, 0.0, 0.3025658472751578, 0.7175310320324367, 0.0, 0.0, 0.0, 0.0, 0.0, 0.0, 0.0, 0.0, 0.0, 0.0, 0.0, 0.0], "4": [0.0, 0.0, 0.0, 0.0, 0.0, 0.0, 0.0, 0.0, 0.0, 0.0, 0.0, 0.0, 0.0, 0.0, 0.0, 0.0, 0.0, 0.0, 0.0, 0.0, 0.0, 0.0, 0.0, 0.0, 0.0, 0.0, 0.0, 0.0, 0.0, 0.0, 0.4785588356355826, 0.7689941309116505, 0.0, 0.0]}