{"0": [0.4939195490286996, 0.37870637995225415, 0.4961013490955034, 0.3746758967638016, 0.491145096719265, 0.3745517287541319, 0.4992324687540531, 0.3775259090794458, 0.48692542873322964, 0.3769136945406596, 0.5050026252865792, 0.40339934271242883, 0.48121569624636323, 0.40286639641832417, 0.5090919887026151, 0.43464890155527325, 0.47391173758854477, 0.4166705752964373, 0.5083344129224618, 0.461491173947299, 0.0, 0.0, 0.49940090204278637, 0.46984516431887946, 0.48365411795675756, 0.46939201476397335, 0.4961106047034264, 0.530518580366064, 0.4853106825146824, 0.5281995664040248, 0.49353857308936616, 0.577390507194731, 0.4864045139402151, 0.5802407468910571], "1": [0.4628895454108715, 0.42856393831747547, 0.46598247649768987, 0.42297657595740423, 0.4595767735814055, 0.4232013366840504, 0.47043961969514686, 0.42396965799508274, 0.4548698385556539, 0.4254520129274439, 0.47761938789238534, 0.45453358921739784, 0.44879300066580374, 0.45745991159368443, 0.48082217018430434, 0.4913913687070211, 0.44348661744346224, 0.5005677596286491, 0.0, 0.0, 0.44360083045127485, 0.5414785866384153, 0.4715194630126159, 0.5312362332034994, 0.45481844830016294, 0.5378758794179669, 0.47258278305331863, 0.5956398542832446, 0.4567434742425879, 0.5955814141366217, 0.46782458405941724, 0.6466176122426986, 0.4528569651767612, 0.6425361982098332], "2": [0.0, 0.0, 0.0, 0.0, 0.0, 0.0, 0.0, 0.0, 0.0, 0.0, 0.0, 0.0, 0.0, 0.0, 0.0, 0.0, 0.0, 0.0, 0.49469708614051344, 0.4271431733060766, 0.0, 0.0, 0.0, 0.0, 0.0, 0.0, 0.0, 0.0, 0.0, 0.0, 0.0, 0.0, 0.0, 0.0], "3": [0.0, 0.0, 0.0, 0.0, 0.0, 0.0, 0.0, 0.0, 0.0, 0.0, 0.0, 0.0, 0.0, 0.0, 0.0, 0.0, 0.0, 0.0, 0.0, 0.0, 0.4860666687910756, 0.4260458215933155, 0.0, 0.0, 0.0, 0.0, 0.0, 0.0, 0.0, 0.0, 0.0, 0.0, 0.0, 0.0]}