{"0": [0.12678960633153719, 0.6523476042129376, 0.12938731275498866, 0.6429697010252211, 0.0, 0.0, 0.1440768285964926, 0.6448175957909337, 0.0, 0.0, 0.1609381434197227, 0.6865680056589621, 0.12754256986081602, 0.7133310247350622, 0.0, 0.0, 0.12182620167732239, 0.7963945567400919, 0.0, 0.0, 0.0, 0.0, 0.16098478436470032, 0.841716284001315, 0.14024204704910517, 0.8439578270470655, 0.14892471581697464, 0.951858505310439, 0.14962526311477026, 0.9490329689449735, 0.0, 0.0, 0.0, 0.0], "1": [0.6722957768167058, 0.4672504864357136, 0.6728033007277797, 0.4610985972263195, 0.6695312590027849, 0.46052799666369404, 0.6761333366235097, 0.46041408159114694, 0.0, 0.0, 0.6844014448424179, 0.4922668968085889, 0.65441411472857, 0.4928559029267894, 0.6889008750518163, 0.5360035519908976, 0.6438507655557866, 0.5312689988701432, 0.6792047873139382, 0.5294626081707301, 0.6447772551948826, 0.5698641414995547, 0.6714722375075023, 0.5886822269746551, 0.6580138449036347, 0.5837067101777257, 0.6510608316088716, 0.6455174348972462, 0.6645497092938359, 0.6461197837635323, 0.6580216813832521, 0.6993547395975501, 0.6597144744669398, 0.6987637297974693], "2": [0.0, 0.0, 0.0, 0.0, 0.0, 0.0, 0.0, 0.0, 0.6767990486385922, 0.4592581035914245, 0.6526228602354726, 0.48859184009057505, 0.6834467366337778, 0.48867394725481667, 0.0, 0.0, 0.0, 0.0, 0.0, 0.0, 0.0, 0.0, 0.0, 0.0, 0.0, 0.0, 0.0, 0.0, 0.0, 0.0, 0.0, 0.0, 0.0, 0.0], "3": [0.0, 0.0, 0.0, 0.0, 0.0, 0.0, 0.0, 0.0, 0.0, 0.0, 0.0, 0.0, 0.0, 0.0, 0.0, 0.0, 0.0, 0.0, 0.09708471981187662, 0.7903207390396684, 0.0, 0.0, 0.0, 0.0, 0.0, 0.0, 0.0, 0.0, 0.0, 0.0, 0.0, 0.0, 0.0, 0.0], "4": [0.0, 0.0, 0.0, 0.0, 0.0, 0.0, 0.0, 0.0, 0.0, 0.0, 0.0, 0.0, 0.0, 0.0, 0.0, 0.0, 0.0, 0.0, 0.0, 0.0, 0.0978754662636978, 0.7898905453858552, 0.0, 0.0, 0.0, 0.0, 0.0, 0.0, 0.0, 0.0, 0.0, 0.0, 0.0, 0.0]}