{"0": [0.9078026791413625, 0.6283160302374097, 0.0, 0.0, 0.903210583080848, 0.6230201560038108, 0.0, 0.0, 0.8891827516257763, 0.6320842889723954, 0.905370418354869, 0.6616854951337532, 0.8726236240317424, 0.6850278033564489, 0.9441551318702598, 0.6507475521829393, 0.8683532069126765, 0.7291392338496667, 0.9744672021518151, 0.6434250268671248, 0.0, 0.0, 0.8961683216194312, 0.8043088273317724, 0.8723175781468551, 0.8038225036528376, 0.892746922497948, 0.8832050027670683, 0.8906507092217605, 0.8876375004097268, 0.8981736797684184, 0.977414396515599, 0.8979312904169395, 0.9773916602134705], "1": [0.0, 0.0, 0.0, 0.0, 0.0, 0.0, 0.0, 0.0, 0.0, 0.0, 0.3584657828013102, 0.5863549729188283, 0.0, 0.0, 0.0, 0.0, 0.0, 0.0, 0.35408649717768037, 0.654666995063976, 0.0, 0.0, 0.36183845127622294, 0.6572880370749368, 0.38585612208892905, 0.6614179177416696, 0.35214625610969963, 0.7124088861324169, 0.38709420412778855, 0.7149558366724739, 0.3690728593307237, 0.7833459209512781, 0.39441855071733395, 0.7816457995524009], "2": [0.0, 0.0, 0.0, 0.0, 0.0, 0.0, 0.0, 0.0, 0.0, 0.0, 0.0, 0.0, 0.0, 0.0, 0.0, 0.0, 0.0, 0.0, 0.0, 0.0, 0.0, 0.0, 0.0, 0.0, 0.0, 0.0, 0.0, 0.0, 0.0, 0.0, 0.3444197576493025, 0.771032985272231, 0.0, 0.0]}