{"0": [0.34421388019497196, 0.442966295171667, 0.34545942979554334, 0.43722836706373425, 0.3432126504679521, 0.4352716395148524, 0.0, 0.0, 0.3353800733263294, 0.42920451164245604, 0.33861190446962913, 0.4541844607503326, 0.32063181897004445, 0.4549745817979176, 0.339904431377848, 0.4935686221829167, 0.31354038156569003, 0.4925555564221685, 0.34441404963533084, 0.513593742692912, 0.0, 0.0, 0.3364158395677805, 0.5294333330321092, 0.32229060803850484, 0.5338746571982348, 0.3448874620099863, 0.5742733679573845, 0.32343842213352525, 0.5923666715621948, 0.3387894238034885, 0.632624960773521, 0.32468689133723583, 0.6537940912776523], "1": [0.8598882901171844, 0.16173888665658456, 0.0, 0.0, 0.8590380811442931, 0.159178171955325, 0.8582013833026091, 0.15897120811321117, 0.8596119210124016, 0.16025332124144942, 0.8571432982099925, 0.17819123445579993, 0.8627255827550733, 0.17828394053832566, 0.8737104735026757, 0.19580896259457978, 0.8742528160413107, 0.1981778809317836, 0.0, 0.0, 0.0, 0.0, 0.0, 0.0, 0.8605022685059036, 0.22202257536075734, 0.0, 0.0, 0.0, 0.0, 0.0, 0.0, 0.0, 0.0], "2": [0.0, 0.0, 0.8595997756967942, 0.1582125319374932, 0.0, 0.0, 0.0, 0.0, 0.0, 0.0, 0.0, 0.0, 0.0, 0.0, 0.0, 0.0, 0.0, 0.0, 0.0, 0.0, 0.0, 0.0, 0.0, 0.0, 0.0, 0.0, 0.0, 0.0, 0.0, 0.0, 0.0, 0.0, 0.0, 0.0], "3": [0.0, 0.0, 0.0, 0.0, 0.0, 0.0, 0.6104436782906608, 0.5161336268539782, 0.6277540976802508, 0.5168391978299176, 0.5966058553506931, 0.5588145504395167, 0.6374761612464984, 0.5608115016310303, 0.5843132104724645, 0.5905048338351426, 0.6471414509539802, 0.6195857018232346, 0.5707174965490898, 0.6195933835373986, 0.6405301187808315, 0.6436772302344993, 0.5997761994600296, 0.6590145243538751, 0.6283105634152889, 0.6574158032735189, 0.5929473588243127, 0.727500096073857, 0.6329744135340055, 0.725392398569319, 0.5797133947412173, 0.7955922219488356, 0.6421207399417956, 0.8037448540122972], "4": [0.0, 0.0, 0.0, 0.0, 0.0, 0.0, 0.0, 0.0, 0.0, 0.0, 0.0, 0.0, 0.0, 0.0, 0.0, 0.0, 0.8472064177195231, 0.19523849067864596, 0.0, 0.0, 0.0, 0.0, 0.0, 0.0, 0.0, 0.0, 0.0, 0.0, 0.0, 0.0, 0.0, 0.0, 0.0, 0.0], "5": [0.0, 0.0, 0.0, 0.0, 0.0, 0.0, 0.0, 0.0, 0.0, 0.0, 0.0, 0.0, 0.0, 0.0, 0.0, 0.0, 0.0, 0.0, 0.866088659192125, 0.1744094400494187, 0.0, 0.0, 0.0, 0.0, 0.0, 0.0, 0.0, 0.0, 0.0, 0.0, 0.0, 0.0, 0.0, 0.0], "6": [0.0, 0.0, 0.0, 0.0, 0.0, 0.0, 0.0, 0.0, 0.0, 0.0, 0.0, 0.0, 0.0, 0.0, 0.0, 0.0, 0.0, 0.0, 0.0, 0.0, 0.8668253074089686, 0.17467117502733512, 0.0, 0.0, 0.0, 0.0, 0.0, 0.0, 0.0, 0.0, 0.0, 0.0, 0.0, 0.0], "7": [0.0, 0.0, 0.0, 0.0, 0.0, 0.0, 0.0, 0.0, 0.0, 0.0, 0.0, 0.0, 0.0, 0.0, 0.0, 0.0, 0.0, 0.0, 0.0, 0.0, 0.5711408421397209, 0.6190905972763345, 0.0, 0.0, 0.0, 0.0, 0.0, 0.0, 0.0, 0.0, 0.0, 0.0, 0.0, 0.0], "8": [0.0, 0.0, 0.0, 0.0, 0.0, 0.0, 0.0, 0.0, 0.0, 0.0, 0.0, 0.0, 0.0, 0.0, 0.0, 0.0, 0.0, 0.0, 0.0, 0.0, 0.0, 0.0, 0.0, 0.0, 0.0, 0.0, 0.0, 0.0, 0.0, 0.0, 0.0, 0.0, 0.5793406809369723, 0.7948344358691463]}