{"0": [0.6586450251440206, 0.43623833347249913, 0.0, 0.0, 0.6580102678388358, 0.4296496216897611, 0.0, 0.0, 0.6514975517367323, 0.42584350006309923, 0.6327556017786264, 0.4461107616071348, 0.6427455166354775, 0.45089833736419677, 0.0, 0.0, 0.6440534292409817, 0.4928784408779056, 0.0, 0.0, 0.6441262094303966, 0.5149432625759531, 0.6253129790226618, 0.529230866526012, 0.6376502990722657, 0.5300702787935734, 0.6280826196074486, 0.5846240445419594, 0.6483758525922895, 0.5887107119930012, 0.6249004177749157, 0.645439984842583, 0.640839871391654, 0.6545792842352832], "1": [0.15285977069288492, 0.5652455512020323, 0.15546348641316096, 0.5571906242105696, 0.0, 0.0, 0.16265554366012414, 0.5644651922914719, 0.0, 0.0, 0.17319774900873502, 0.597881446061311, 0.17794201042199145, 0.5921175240089428, 0.17272979064534108, 0.6784598385846173, 0.17303210052195936, 0.6783286782878416, 0.14729767044385275, 0.7162526865800222, 0.0, 0.0, 0.19636404116948444, 0.7201355934143067, 0.19874283183682867, 0.7139173875766901, 0.19667527154088021, 0.823498284816742, 0.19691790516177812, 0.8297279315966147, 0.20679378937929868, 0.8837296495834985, 0.2055366079012553, 0.8805293926486263], "2": [0.0, 0.0, 0.0, 0.0, 0.0, 0.0, 0.0, 0.0, 0.0, 0.0, 0.0, 0.0, 0.0, 0.0, 0.0, 0.0, 0.13681589191158613, 0.5794730513184159, 0.0, 0.0, 0.1136037745202581, 0.5399296305797718, 0.0, 0.0, 0.0, 0.0, 0.0, 0.0, 0.0, 0.0, 0.0, 0.0, 0.0, 0.0], "3": [0.0, 0.0, 0.0, 0.0, 0.0, 0.0, 0.0, 0.0, 0.0, 0.0, 0.0, 0.0, 0.0, 0.0, 0.0, 0.0, 0.0, 0.0, 0.11327036147316297, 0.5402797637162385, 0.0, 0.0, 0.0, 0.0, 0.0, 0.0, 0.0, 0.0, 0.0, 0.0, 0.0, 0.0, 0.0, 0.0], "4": [0.0, 0.0, 0.0, 0.0, 0.0, 0.0, 0.0, 0.0, 0.0, 0.0, 0.0, 0.0, 0.0, 0.0, 0.0, 0.0, 0.0, 0.0, 0.0, 0.0, 0.14983893558382988, 0.714773016050458, 0.0, 0.0, 0.0, 0.0, 0.0, 0.0, 0.0, 0.0, 0.0, 0.0, 0.0, 0.0], "5": [0.0, 0.0, 0.0, 0.0, 0.0, 0.0, 0.0, 0.0, 0.0, 0.0, 0.0, 0.0, 0.0, 0.0, 0.0, 0.0, 0.0, 0.0, 0.0, 0.0, 0.0, 0.0, 0.0, 0.0, 0.0, 0.0, 0.0, 0.0, 0.0, 0.0, 0.0, 0.0, 0.19329534722492098, 0.8377021639435379]}