{"0": [0.0, 0.0, 0.0, 0.0, 0.0, 0.0, 0.6502485046784084, 0.5424052748415206, 0.6684723009044924, 0.545872363117006, 0.6342578757554292, 0.5687032050556605, 0.6708504098157088, 0.5957645467034093, 0.0, 0.0, 0.6768959044013172, 0.6637395844415384, 0.0, 0.0, 0.68474506046623, 0.7178444493699957, 0.6319248642071684, 0.6930328532323544, 0.6524611025427779, 0.7056417183743582, 0.6398029163790245, 0.7688162525494894, 0.6561331649931768, 0.7695659361503742, 0.638710672656695, 0.8416316114090107, 0.6521861891184623, 0.8427375981101284], "1": [0.0, 0.0, 0.0, 0.0, 0.0, 0.0, 0.5927211720496416, 0.511304826868905, 0.6052359875291586, 0.5149589299879692, 0.5773720342045029, 0.53236115332003, 0.6116030429800351, 0.5478613952795665, 0.5602746410295367, 0.5690450586654521, 0.6157667949795723, 0.5944226331180996, 0.5670657920340697, 0.6032667353197381, 0.6106280157808215, 0.6568570095079916, 0.5721644492199024, 0.6277580025019469, 0.5987604013954599, 0.6366317137523934, 0.5522029105729113, 0.6777558079472294, 0.6027861744786303, 0.7001268231758365, 0.5317056020100911, 0.7285436807959168, 0.589139499515295, 0.7612831460105048], "2": [0.0, 0.0, 0.0, 0.0, 0.0, 0.0, 0.9644278253118197, 0.970811234580146, 0.9757294508318106, 0.968766384213059, 0.966292443498969, 0.989871808776149, 0.9806178350001573, 0.983632559688003, 0.0, 0.0, 0.0, 0.0, 0.0, 0.0, 0.0, 0.0, 0.0, 0.0, 0.0, 0.0, 0.0, 0.0, 0.0, 0.0, 0.0, 0.0, 0.0, 0.0], "3": [0.0, 0.0, 0.0, 0.0, 0.0, 0.0, 0.0, 0.0, 0.0, 0.0, 0.0, 0.0, 0.0, 0.0, 0.0, 0.0, 0.0, 0.0, 0.0, 0.0, 0.0, 0.0, 0.0, 0.0, 0.0, 0.0, 0.6023265155653159, 0.69988158583917, 0.0, 0.0, 0.588661377876997, 0.7604475657145182, 0.0, 0.0]}