{"0": [0.0, 0.0, 0.0, 0.0, 0.0, 0.0, 0.6410573951900005, 0.5121469193034702, 0.6550511018683512, 0.5109777984795747, 0.6276437018687526, 0.5444768918574684, 0.6720977475245795, 0.5451807755011099, 0.6205815598368645, 0.5946794313413125, 0.6807783622294663, 0.6061166577868992, 0.6245417799800634, 0.6352690321427804, 0.6723253749931852, 0.6435787834503033, 0.6361941459899147, 0.653151223173848, 0.6608303056408962, 0.6564186738597022, 0.6319459538906813, 0.7236495519125903, 0.6625218970080216, 0.7285844121818189, 0.6338473482678334, 0.7916064805454678, 0.6633855760097503, 0.800093408425649], "1": [0.0, 0.0, 0.0, 0.0, 0.0, 0.0, 0.2946570176010331, 0.4432754181049488, 0.30670690139134726, 0.44578848834390994, 0.2883431604752938, 0.47090816172184763, 0.3089383748670419, 0.46772073551460547, 0.2850119577720761, 0.5328904337353176, 0.0, 0.0, 0.0, 0.0, 0.3050981887926658, 0.5687005038614626, 0.29722747995207704, 0.5687973384503965, 0.30017854472001393, 0.5739589575816084, 0.298333986941725, 0.6329568221337265, 0.30370512418448925, 0.6344414040998176, 0.2998629833261172, 0.6948203406952046, 0.2999878149479628, 0.6957034239062556], "2": [0.0, 0.0, 0.0, 0.0, 0.0, 0.0, 0.0, 0.0, 0.0, 0.0, 0.0, 0.0, 0.0, 0.0, 0.0, 0.0, 0.2854783372526678, 0.5353828671905729, 0.0, 0.0, 0.0, 0.0, 0.0, 0.0, 0.0, 0.0, 0.0, 0.0, 0.0, 0.0, 0.0, 0.0, 0.0, 0.0]}