{"0": [0.7272085686524709, 0.4414550604643645, 0.7284006488819917, 0.43453671115416065, 0.0, 0.0, 0.7341082371771335, 0.43689579919532495, 0.0, 0.0, 0.7439279356195281, 0.467538344418561, 0.7467097628046464, 0.4654350359585394, 0.7424357831478119, 0.5228085290502619, 0.7364203699554007, 0.5173848357465533, 0.7190114038996398, 0.5234159227874544, 0.0, 0.0, 0.7312576287556346, 0.5713243175765814, 0.7395889085426461, 0.5785573879877727, 0.7184285940912862, 0.6199148129533837, 0.7361391288538773, 0.6187470323647614, 0.7160911358892917, 0.6773628629744053, 0.7383577466011048, 0.6694915193098563], "1": [0.0, 0.0, 0.0, 0.0, 0.0, 0.0, 0.0, 0.0, 0.0, 0.0, 0.37243746543924006, 0.5242396050029332, 0.41511085703969003, 0.5262901721177278, 0.3662543033560117, 0.5746363876042543, 0.423063959258919, 0.5608977369688176, 0.36229417386154333, 0.6176568997127038, 0.0, 0.0, 0.3767986572968463, 0.6331538975790695, 0.4016661846078933, 0.6355037998270106, 0.3757768133034309, 0.695583329598109, 0.40099526892105736, 0.7035484009318882, 0.37775017780562237, 0.7604211671484842, 0.4011696448549628, 0.7693834079636467], "2": [0.0, 0.0, 0.0, 0.0, 0.0, 0.0, 0.0, 0.0, 0.0, 0.0, 0.0, 0.0, 0.0, 0.0, 0.0, 0.0, 0.0, 0.0, 0.0, 0.0, 0.7179034429291884, 0.521010328774099, 0.0, 0.0, 0.0, 0.0, 0.0, 0.0, 0.0, 0.0, 0.0, 0.0, 0.0, 0.0], "3": [0.0, 0.0, 0.0, 0.0, 0.0, 0.0, 0.0, 0.0, 0.0, 0.0, 0.0, 0.0, 0.0, 0.0, 0.0, 0.0, 0.0, 0.0, 0.0, 0.0, 0.4148616392786304, 0.5579381283786562, 0.0, 0.0, 0.0, 0.0, 0.0, 0.0, 0.0, 0.0, 0.0, 0.0, 0.0, 0.0]}