{"0": [0.3308468469729026, 0.43491461530879694, 0.33238226398825643, 0.4298807356092665, 0.3291286796331406, 0.4287029063260114, 0.0, 0.0, 0.3202378831803798, 0.4235280573368073, 0.327674900367856, 0.45249114809212865, 0.30755632470051447, 0.4498523032223737, 0.3329851118226846, 0.4941825215463285, 0.29737884644418955, 0.4860656007020562, 0.3465350003562895, 0.5236235263310957, 0.3100862820322315, 0.5140021791060766, 0.32670387051378685, 0.5293518765105142, 0.31451094473401703, 0.5308592825024216, 0.3230250680353493, 0.5868599984380933, 0.32051821909844874, 0.5872064839910578, 0.3227235449012369, 0.6465757052103679, 0.3191816840010384, 0.6459714814468667], "1": [0.9425842836499214, 0.3585170599597472, 0.9443543190136552, 0.35523567243858617, 0.9402191486209631, 0.3545766393343608, 0.9484276258076231, 0.3575761040051778, 0.9370771245410044, 0.3564410465734976, 0.9525270368282993, 0.37751961990639016, 0.933018213758866, 0.3771160571663468, 0.9535229170074065, 0.4024438852513278, 0.0, 0.0, 0.0, 0.0, 0.0, 0.0, 0.0, 0.0, 0.0, 0.0, 0.0, 0.0, 0.0, 0.0, 0.0, 0.0, 0.0, 0.0], "2": [0.0, 0.0, 0.0, 0.0, 0.0, 0.0, 0.6640744773050149, 0.5256541777540136, 0.680499858657519, 0.5246141045181839, 0.6523498019513985, 0.564326180131347, 0.6908868516484896, 0.5681624733739429, 0.6385948734357954, 0.609988964597384, 0.6949858936170737, 0.6277254627810585, 0.0, 0.0, 0.0, 0.0, 0.6515893632856508, 0.6640882734899167, 0.6745725333690643, 0.6683479582821882, 0.6532166929294666, 0.746891204736851, 0.6639153995240729, 0.7467365110362018, 0.6597843107456962, 0.8195676164494622, 0.6597566574191054, 0.8197035941812727]}