{"0": [0.7471967628846566, 0.5880218395480404, 0.0, 0.0, 0.746549604460597, 0.5807671609852049, 0.0, 0.0, 0.7364605888724326, 0.5772689185760639, 0.7329275888701281, 0.6055343967896921, 0.7176024340093137, 0.6061033365903078, 0.7255422723790008, 0.6564335164648515, 0.7030516778429349, 0.668454952372445, 0.0, 0.0, 0.7047176903734604, 0.7113513403468662, 0.7227226567765077, 0.71377262406879, 0.7110146882916035, 0.7086961729775546, 0.7405387490366896, 0.7707837727334764, 0.697233226771156, 0.7866432030995687, 0.7535273527105649, 0.8580197793466073, 0.0, 0.0], "1": [0.0, 0.0, 0.0, 0.0, 0.0, 0.0, 0.5466077307860057, 0.4992520987987518, 0.561595689629515, 0.5100977540016174, 0.5288875183711449, 0.5284121119313769, 0.5630404014140368, 0.5430879167936467, 0.515816193073988, 0.5721456081778915, 0.5657327927649022, 0.5954099907919213, 0.524492097645998, 0.5985285052546748, 0.5794925563037395, 0.6332604023593443, 0.5235299468040466, 0.6331181561919275, 0.5501546843598286, 0.633331130719873, 0.5191053953021765, 0.6689568080283977, 0.5524941596512993, 0.6751117379577072, 0.516204971820116, 0.715748613079389, 0.5495783664286137, 0.722933695382542], "2": [0.0, 0.0, 0.0, 0.0, 0.0, 0.0, 0.0, 0.0, 0.0, 0.0, 0.0, 0.0, 0.0, 0.0, 0.0, 0.0, 0.0, 0.0, 0.0, 0.0, 0.0, 0.0, 0.0, 0.0, 0.0, 0.0, 0.6980211452270548, 0.7854518426789178, 0.0, 0.0, 0.0, 0.0, 0.0, 0.0], "3": [0.0, 0.0, 0.0, 0.0, 0.0, 0.0, 0.0, 0.0, 0.0, 0.0, 0.0, 0.0, 0.0, 0.0, 0.0, 0.0, 0.0, 0.0, 0.0, 0.0, 0.0, 0.0, 0.0, 0.0, 0.0, 0.0, 0.0, 0.0, 0.7414643816649914, 0.7707251414104744, 0.0, 0.0, 0.7538912293811639, 0.860177426205741], "4": [0.0, 0.0, 0.0, 0.0, 0.0, 0.0, 0.0, 0.0, 0.0, 0.0, 0.0, 0.0, 0.0, 0.0, 0.0, 0.0, 0.0, 0.0, 0.0, 0.0, 0.0, 0.0, 0.0, 0.0, 0.0, 0.0, 0.0, 0.0, 0.0, 0.0, 0.0, 0.0, 0.6657094196726878, 0.790690239712044]}