{"0": [0.8828802498678366, 0.6377656243465565, 0.8804026308159033, 0.6295665866798825, 0.8779168677826722, 0.6311901960108015, 0.0, 0.0, 0.8647579053882509, 0.6385797357117688, 0.8805029906332493, 0.6757916567502198, 0.8483508471089105, 0.6895898010995652, 0.0, 0.0, 0.84323022927468, 0.7673762368383231, 0.8920395207901795, 0.6792935401201248, 0.8798064395785331, 0.774101291320942, 0.8692494758404792, 0.8163937440624943, 0.8477486399933695, 0.8189101312723425, 0.8737585404266913, 0.8813840550405009, 0.834987988571326, 0.8982650541596943, 0.8854884262119109, 0.9671563607123163, 0.0, 0.0], "1": [0.2665714102486769, 0.4641899989710913, 0.27058362315098444, 0.4593188528661375, 0.26404088574151197, 0.4572084371690397, 0.2727821815914164, 0.4624380741958265, 0.2580879597614209, 0.4598494189756888, 0.265793876722455, 0.5144646807677216, 0.2518760088831187, 0.5208457838605951, 0.2811355877202004, 0.5501053946989554, 0.2561106716437886, 0.556932215558158, 0.2805640459060669, 0.5474319846541793, 0.26133323845764006, 0.585336873266432, 0.2681262049823999, 0.5972300713812864, 0.2612051776299874, 0.5987855959821631, 0.2516140303574502, 0.6444865125196951, 0.2761944187184175, 0.6528115987777708, 0.24948329428831736, 0.6901769046430236, 0.28767103180289266, 0.69917102009058], "2": [0.0, 0.0, 0.0, 0.0, 0.0, 0.0, 0.0, 0.0, 0.0, 0.0, 0.0, 0.0, 0.0, 0.0, 0.0, 0.0, 0.0, 0.0, 0.9001201766232649, 0.7679993239817795, 0.0, 0.0, 0.0, 0.0, 0.0, 0.0, 0.0, 0.0, 0.0, 0.0, 0.0, 0.0, 0.0, 0.0], "3": [0.0, 0.0, 0.0, 0.0, 0.0, 0.0, 0.0, 0.0, 0.0, 0.0, 0.0, 0.0, 0.0, 0.0, 0.0, 0.0, 0.0, 0.0, 0.0, 0.0, 0.0, 0.0, 0.0, 0.0, 0.0, 0.0, 0.0, 0.0, 0.25146340690553187, 0.6423355506526099, 0.0, 0.0, 0.0, 0.0], "4": [0.0, 0.0, 0.0, 0.0, 0.0, 0.0, 0.0, 0.0, 0.0, 0.0, 0.0, 0.0, 0.0, 0.0, 0.0, 0.0, 0.0, 0.0, 0.0, 0.0, 0.0, 0.0, 0.0, 0.0, 0.0, 0.0, 0.0, 0.0, 0.0, 0.0, 0.2873177374402682, 0.6977705041567485, 0.0, 0.0]}