{"0": [0.6875984825193882, 0.6158178241164596, 0.0, 0.0, 0.6881952763845524, 0.6082353931886179, 0.0, 0.0, 0.6813736392417923, 0.6096670349438985, 0.6559492323547602, 0.6278570802123459, 0.6605282149355237, 0.637446630442584, 0.0, 0.0, 0.0, 0.0, 0.0, 0.0, 0.0, 0.0, 0.6287290329734484, 0.7452714007761744, 0.6275446578915823, 0.7592663739907057, 0.6414997909218073, 0.8280664620576081, 0.6421072646975517, 0.8257369316562458, 0.6435347242436061, 0.9037442388357939, 0.6422895438969135, 0.902413675961671], "1": [0.0, 0.0, 0.0, 0.0, 0.0, 0.0, 0.0, 0.0, 0.0, 0.0, 0.4945733588188886, 0.5198185978112397, 0.5295096393041486, 0.5303283311022384, 0.48200848114987216, 0.5692628182746746, 0.5363733290384213, 0.5823656711865355, 0.4852187568011383, 0.5819174311227269, 0.5360348905126254, 0.6103452930295908, 0.504187102864186, 0.6137594055246424, 0.5276929763456185, 0.6182202735708819, 0.5002294516811768, 0.6612021190148812, 0.5433083939676483, 0.6700289770408914, 0.49614378387729324, 0.7227933854968458, 0.5529446096469959, 0.7342769099606408], "2": [0.0, 0.0, 0.0, 0.0, 0.0, 0.0, 0.0, 0.0, 0.0, 0.0, 0.0, 0.0, 0.0, 0.0, 0.649293076246977, 0.7082512684442379, 0.0, 0.0, 0.0, 0.0, 0.0, 0.0, 0.0, 0.0, 0.0, 0.0, 0.0, 0.0, 0.0, 0.0, 0.0, 0.0, 0.0, 0.0], "3": [0.0, 0.0, 0.0, 0.0, 0.0, 0.0, 0.0, 0.0, 0.0, 0.0, 0.0, 0.0, 0.0, 0.0, 0.0, 0.0, 0.0, 0.0, 0.0, 0.0, 0.0, 0.0, 0.0, 0.0, 0.0, 0.0, 0.0, 0.0, 0.0, 0.0, 0.6199193390707175, 0.8203547716140747, 0.0, 0.0]}