{"0": [0.4672775007784366, 0.5469857741285252, 0.470608801394701, 0.5401788894776943, 0.4643091544508933, 0.5401702053017087, 0.4777132806678613, 0.5393102979218518, 0.4609281308948994, 0.5390044788519541, 0.4902773616835475, 0.5696584820747376, 0.46015680950755866, 0.5671470051562345, 0.5085624268899361, 0.6136138629030299, 0.4590319671978554, 0.6102904652555784, 0.5018165779300034, 0.6574699991279178, 0.44865611487378676, 0.6445369486455564, 0.49212360282739004, 0.6548551046186023, 0.4731039143322657, 0.65469312954832, 0.4964193989833196, 0.7017026096582413, 0.46468693202169276, 0.7172129187056273, 0.4998510708411535, 0.750967062568223, 0.0, 0.0], "1": [0.35082408661643666, 0.5174242037313955, 0.0, 0.0, 0.3484628604725003, 0.5125978681776259, 0.0, 0.0, 0.3416638551900784, 0.5133147663540311, 0.31557004346201817, 0.5383083039963686, 0.3412678414334854, 0.5624183877750679, 0.30700898884485167, 0.5959455966121621, 0.3370893344283104, 0.6159983663647263, 0.0, 0.0, 0.35812427625060084, 0.6522650939446909, 0.315733482564489, 0.6472455595930418, 0.33103744190496703, 0.6473169643569876, 0.3325342569500208, 0.6884443689275671, 0.363164222240448, 0.6950975877267344, 0.3320141116778056, 0.7554277503931965, 0.34334012720113, 0.7693291443365591], "2": [0.0, 0.0, 0.0, 0.0, 0.0, 0.0, 0.0, 0.0, 0.0, 0.0, 0.0, 0.0, 0.0, 0.0, 0.0, 0.0, 0.0, 0.0, 0.0, 0.0, 0.0, 0.0, 0.0, 0.0, 0.0, 0.0, 0.3630743430306514, 0.6922587855822511, 0.0, 0.0, 0.0, 0.0, 0.0, 0.0], "3": [0.0, 0.0, 0.0, 0.0, 0.0, 0.0, 0.0, 0.0, 0.0, 0.0, 0.0, 0.0, 0.0, 0.0, 0.0, 0.0, 0.0, 0.0, 0.0, 0.0, 0.0, 0.0, 0.0, 0.0, 0.0, 0.0, 0.0, 0.0, 0.0, 0.0, 0.0, 0.0, 0.4684086506565412, 0.7113479759958056]}