{"0": [0.6597211467723052, 0.4359178940455119, 0.0, 0.0, 0.6593195288131635, 0.42958532483489426, 0.0, 0.0, 0.653546329215169, 0.42609971774121125, 0.6322676631932457, 0.4426003634929657, 0.6444312881678342, 0.4533963380036531, 0.0, 0.0, 0.647939363847642, 0.49748387778246844, 0.0, 0.0, 0.0, 0.0, 0.6263978496193886, 0.5341449700019978, 0.6377333347996076, 0.5350953722441638, 0.6282409733782212, 0.586203588379754, 0.6424455730865399, 0.5946705258554883, 0.6260000119606653, 0.6471622656892847, 0.6409142660597961, 0.6556931410950643], "1": [0.0, 0.0, 0.0, 0.0, 0.0, 0.0, 0.3559126446644465, 0.5357629155671155, 0.3724186967437466, 0.5358924601916913, 0.344968652849396, 0.5738520932004407, 0.38506650427977246, 0.5759610573450724, 0.33206246979534626, 0.6212960406585976, 0.39497715917726356, 0.6334016058042093, 0.0, 0.0, 0.39546302432815233, 0.6635978762198378, 0.35423857147494947, 0.6844946157601145, 0.3784638987233242, 0.68452868235332, 0.34934858642518524, 0.7579899642202589, 0.38327912415067356, 0.752500417607802, 0.3496403247117996, 0.8340987036073649, 0.3895626851415727, 0.8182269949052069]}