{"0": [0.88265485689044, 0.13249790491881194, 0.8840111461778482, 0.12945441758191145, 0.880439824424684, 0.1290551574141891, 0.8863104281947016, 0.1303648030316388, 0.8770110397211586, 0.12949394738232647, 0.8888433581218124, 0.14739052940298009, 0.870879965648055, 0.14773723549313014, 0.892615320533514, 0.1692415937229439, 0.8652101503685117, 0.16829015800246486, 0.8880784956117471, 0.18118235394358634, 0.869776358269155, 0.18093741999732124, 0.8851239808214207, 0.19192845733077438, 0.8729300063714619, 0.19361009818536265, 0.0, 0.0, 0.0, 0.0, 0.0, 0.0, 0.0, 0.0], "1": [0.0, 0.0, 0.0, 0.0, 0.0, 0.0, 0.37402678355574615, 0.5750478540305738, 0.39274314834425844, 0.5704483438421178, 0.3594960221399864, 0.6215919382042355, 0.40049462169408795, 0.6107339231780282, 0.33887397156407434, 0.673844901058409, 0.0, 0.0, 0.345225253328681, 0.7125154855074706, 0.0, 0.0, 0.3677674866200291, 0.7276195726025508, 0.39336352196211616, 0.7305749224291908, 0.3763423447186749, 0.8398824458872829, 0.40144650905082624, 0.8045231022216656, 0.0, 0.0, 0.0, 0.0], "2": [0.0, 0.0, 0.0, 0.0, 0.0, 0.0, 0.4066752973633508, 0.5183578040864733, 0.416675790026784, 0.5146888944699809, 0.40643829811985294, 0.5414518027393908, 0.4273444490507245, 0.5365290590458446, 0.41347486053903904, 0.5877130912409888, 0.44028077721595765, 0.5966949215917675, 0.41016264834130806, 0.6116208335315739, 0.4420166398088137, 0.6408441201473276, 0.4210747755485125, 0.6199205318681313, 0.4387117781365911, 0.6267641823048945, 0.0, 0.0, 0.44071798933049044, 0.6765549757966289, 0.0, 0.0, 0.4703759157409271, 0.7186673508750067], "3": [0.0, 0.0, 0.0, 0.0, 0.0, 0.0, 0.0, 0.0, 0.0, 0.0, 0.0, 0.0, 0.0, 0.0, 0.0, 0.0, 0.0, 0.0, 0.0, 0.0, 0.0, 0.0, 0.0, 0.0, 0.0, 0.0, 0.41629522033035754, 0.6332936070204057, 0.0, 0.0, 0.0, 0.0, 0.0, 0.0], "4": [0.0, 0.0, 0.0, 0.0, 0.0, 0.0, 0.0, 0.0, 0.0, 0.0, 0.0, 0.0, 0.0, 0.0, 0.0, 0.0, 0.0, 0.0, 0.0, 0.0, 0.0, 0.0, 0.0, 0.0, 0.0, 0.0, 0.4406580651799838, 0.675209950517725, 0.0, 0.0, 0.4709406683842341, 0.7186734362884805, 0.0, 0.0]}