{"0": [0.45034741101165615, 0.3730547879581098, 0.45296648299942416, 0.36884406275219384, 0.44815844438659647, 0.36822415877271586, 0.4571551792944471, 0.3700093547503154, 0.4457014330973228, 0.36928378917552807, 0.4647410252597183, 0.39691166706659176, 0.4397826168530931, 0.3959456836183866, 0.4689417251696189, 0.4293987883461846, 0.43569696163758637, 0.43077311118443806, 0.45683884490281346, 0.433511615337597, 0.43306687846779823, 0.4613216692650759, 0.45922914507488405, 0.46058383142506637, 0.44475335950652756, 0.46000644189340095, 0.46176160350441936, 0.5092947962107481, 0.4479916186692814, 0.5086884872780906, 0.46834195107221605, 0.5589041803446081, 0.45186023229422667, 0.5553116939685963], "1": [0.48675290433069063, 0.3812965346569264, 0.4894386929925531, 0.37662817703353035, 0.4844664673010508, 0.3772053780379119, 0.4931095606336991, 0.3792682309945424, 0.48050947934389115, 0.3793043944570753, 0.49956655154625573, 0.40236788116119526, 0.47408711637059847, 0.40290132060095113, 0.5038835864514113, 0.4326759732431836, 0.47063391916453845, 0.4304767065578036, 0.5007367658118407, 0.42749727655340125, 0.0, 0.0, 0.49451353090504807, 0.46904476892065117, 0.4795348993192116, 0.4679358358736391, 0.4941860015504062, 0.5225599529290641, 0.4777921597783764, 0.5184002366330889, 0.49270686941842234, 0.5765459974606831, 0.4779539115106066, 0.5736589997730873], "2": [0.0, 0.0, 0.0, 0.0, 0.0, 0.0, 0.0, 0.0, 0.0, 0.0, 0.0, 0.0, 0.0, 0.0, 0.0, 0.0, 0.0, 0.0, 0.0, 0.0, 0.46181054736177124, 0.4306909247680947, 0.0, 0.0, 0.0, 0.0, 0.0, 0.0, 0.0, 0.0, 0.0, 0.0, 0.0, 0.0], "3": [0.0, 0.0, 0.0, 0.0, 0.0, 0.0, 0.0, 0.0, 0.0, 0.0, 0.0, 0.0, 0.0, 0.0, 0.0, 0.0, 0.0, 0.0, 0.0, 0.0, 0.4846683281163375, 0.4280524068408542, 0.0, 0.0, 0.0, 0.0, 0.0, 0.0, 0.0, 0.0, 0.0, 0.0, 0.0, 0.0]}