{"0": [0.5825409459571044, 0.40117346158734074, 0.5853455752910425, 0.39573348848908035, 0.5806083975980679, 0.39651696417066784, 0.592272479707996, 0.3954258216751946, 0.0, 0.0, 0.600913776581486, 0.4114939846650318, 0.0, 0.0, 0.0, 0.0, 0.0, 0.0, 0.0, 0.0, 0.0, 0.0, 0.0, 0.0, 0.0, 0.0, 0.0, 0.0, 0.0, 0.0, 0.0, 0.0, 0.0, 0.0], "1": [0.0, 0.0, 0.0, 0.0, 0.0, 0.0, 0.5832145065069199, 0.4318995545307795, 0.5976469063820938, 0.43424369803181395, 0.5745169870555401, 0.4563406084422712, 0.5993566709260146, 0.46056404334527473, 0.5719950068742037, 0.5015621337625715, 0.6035452938328186, 0.5095012627266071, 0.5705418148388465, 0.5361039858173441, 0.6073369907836119, 0.5554273086565512, 0.5806143344690402, 0.5430200110982966, 0.5936113508573423, 0.5444733469212358, 0.5872963023682435, 0.6066368160424409, 0.5894966560260703, 0.6079424259839235, 0.5847653325647115, 0.6692572771399109, 0.583978437880675, 0.6698554960665879], "2": [0.0, 0.0, 0.0, 0.0, 0.0, 0.0, 0.0, 0.0, 0.0, 0.0, 0.0, 0.0, 0.0, 0.0, 0.0, 0.0, 0.0, 0.0, 0.0, 0.0, 0.0, 0.0, 0.0, 0.0, 0.0, 0.0, 0.0, 0.0, 0.0, 0.0, 0.0, 0.0, 0.6053621320053935, 0.6663089504948368]}