{"0": [0.41475033527240157, 0.4744312584400177, 0.41832552660877503, 0.46889934893007634, 0.41204690287510554, 0.46961317857106527, 0.42232984708001214, 0.4707757649598298, 0.4086918142934641, 0.4690643433067534, 0.43509717617804805, 0.5075799022973687, 0.40516597802440324, 0.5017594758007261, 0.4513783060014248, 0.545217814600026, 0.3972686835875114, 0.5532765909477516, 0.4524943271651864, 0.5863203781622427, 0.3917095253864924, 0.5795830614036984, 0.44363896805637826, 0.6013347661053693, 0.420291584605972, 0.6023981625283206, 0.4598968756695588, 0.6550800432209616, 0.41935732271522286, 0.6682210222438529, 0.48358005111416186, 0.7152262647670729, 0.0, 0.0], "1": [0.0, 0.0, 0.0, 0.0, 0.0, 0.0, 0.0, 0.0, 0.0, 0.0, 0.0, 0.0, 0.3883760169148445, 0.4931723600184476, 0.0, 0.0, 0.0, 0.0, 0.0, 0.0, 0.0, 0.0, 0.0, 0.0, 0.40043288643161457, 0.5863532231913674, 0.4038356785972913, 0.6181555082676587, 0.38470423221588135, 0.6177553696212945, 0.4078842387845119, 0.6632530777818626, 0.3787764923026165, 0.6740764092516016], "2": [0.0, 0.0, 0.0, 0.0, 0.0, 0.0, 0.0, 0.0, 0.0, 0.0, 0.0, 0.0, 0.0, 0.0, 0.0, 0.0, 0.0, 0.0, 0.0, 0.0, 0.0, 0.0, 0.0, 0.0, 0.0, 0.0, 0.0, 0.0, 0.4606154830971112, 0.6552540997664134, 0.0, 0.0, 0.48357252180576327, 0.7170839005046421], "3": [0.0, 0.0, 0.0, 0.0, 0.0, 0.0, 0.0, 0.0, 0.0, 0.0, 0.0, 0.0, 0.0, 0.0, 0.0, 0.0, 0.0, 0.0, 0.0, 0.0, 0.0, 0.0, 0.0, 0.0, 0.0, 0.0, 0.0, 0.0, 0.40397435079018273, 0.6135412695231262, 0.0, 0.0, 0.40799814785520233, 0.6630564524412706], "4": [0.0, 0.0, 0.0, 0.0, 0.0, 0.0, 0.0, 0.0, 0.0, 0.0, 0.0, 0.0, 0.0, 0.0, 0.0, 0.0, 0.0, 0.0, 0.0, 0.0, 0.0, 0.0, 0.0, 0.0, 0.0, 0.0, 0.0, 0.0, 0.0, 0.0, 0.4199124983201425, 0.7261337030816961, 0.0, 0.0]}