{"0": [0.586655572677652, 0.4318394854112907, 0.5880840115249157, 0.42760509351889286, 0.0, 0.0, 0.5936702027916907, 0.43286529233058296, 0.6028607350463668, 0.43222132976408356, 0.5882640574127436, 0.463750404395439, 0.6144023353389154, 0.45962672476415284, 0.581037592391173, 0.5036571732273808, 0.6201800188670555, 0.5066115394234657, 0.5768988987586151, 0.537563881388417, 0.6156748235225677, 0.5239308379314563, 0.592284049342076, 0.5507971642193971, 0.6129968961079916, 0.54610842720226, 0.5881388374914726, 0.6182694049897017, 0.620926522091031, 0.6113842376404338, 0.5861599859471123, 0.6728919903437297, 0.6244003370404243, 0.6628388023210895], "1": [0.0, 0.0, 0.0, 0.0, 0.0, 0.0, 0.27088292787472407, 0.5687186033637436, 0.2847596945241094, 0.5629230755346791, 0.27631544042378664, 0.5980182902680503, 0.30045994780957697, 0.5920889306951452, 0.2822561585033933, 0.635702183953038, 0.30929041442771754, 0.6273972618359106, 0.274924819295605, 0.6745066426418447, 0.0, 0.0, 0.2952197644859552, 0.6647545227298031, 0.31365700780103606, 0.662377399040593, 0.0, 0.0, 0.0, 0.0, 0.0, 0.0, 0.0, 0.0]}