{"0": [0.0, 0.0, 0.0, 0.0, 0.0, 0.0, 0.5893922492706527, 0.3854841671608113, 0.6018098636219898, 0.3886086779612082, 0.5802854843437671, 0.4072177975266068, 0.6052520473798116, 0.41903387578549206, 0.5682460606408616, 0.4341239222773799, 0.6046745357414086, 0.45317329124168115, 0.5619754685709873, 0.4326987963031839, 0.6004057303071022, 0.4717028953410961, 0.5781101629137992, 0.47911054646527323, 0.5938771937663356, 0.4803461569326895, 0.5733014073222875, 0.53309939260836, 0.5852787967460851, 0.5340366158220503, 0.5711044487853845, 0.5891119788366336, 0.5821014953777194, 0.5857552757969609], "1": [0.0, 0.0, 0.0, 0.0, 0.0, 0.0, 0.6408717725425959, 0.42714957175431423, 0.6520448148910266, 0.4319122130120242, 0.6282331341256698, 0.44852139850457506, 0.6519152693916113, 0.45744892469158877, 0.6204918985565503, 0.477509940608784, 0.6533216372132301, 0.49038260424578634, 0.0, 0.0, 0.0, 0.0, 0.6190171546302736, 0.5239869957720792, 0.6358089240888755, 0.527775706185235, 0.6217142122487228, 0.5725184833561933, 0.6445420946925878, 0.5590744056221512, 0.6194173264627655, 0.6081388550776022, 0.6275617884161572, 0.6066480117815513]}