{"0": [0.6802956188718478, 0.43135222549791685, 0.0, 0.0, 0.6802972669402758, 0.426620528433058, 0.6664744826654593, 0.42191435451860776, 0.6771647303753222, 0.427709906079151, 0.6581013208876053, 0.44258571300241684, 0.6650369208306074, 0.44906041782211376, 0.6680982800821462, 0.4944489070662746, 0.6672100012501081, 0.4971712644453402, 0.6799191579222679, 0.5203408444369281, 0.6689032834644119, 0.5420376038109814, 0.6427424624562263, 0.5246580357904788, 0.6525160140668352, 0.5286168700015104, 0.648515824538966, 0.5789969801902771, 0.6578249733895063, 0.5826697358378657, 0.6476803604358187, 0.6315629769254614, 0.6585606644550958, 0.6513620954972726], "1": [0.0, 0.0, 0.0, 0.0, 0.0, 0.0, 0.36575296247998873, 0.5160740084118314, 0.37977805982033414, 0.5168876895198116, 0.35410652259985603, 0.5513145564330948, 0.3926198426634074, 0.5523897834398128, 0.3449333349863688, 0.6101129296753142, 0.40038036964833734, 0.6081287225087484, 0.34323023234804473, 0.6187252276749523, 0.0, 0.0, 0.3617703229188919, 0.6541548842633212, 0.38395223443706833, 0.6559436816308234, 0.35131823221842445, 0.7385489059819116, 0.38299495453635857, 0.7205388383732901, 0.3665545586496591, 0.8156569979808949, 0.388505061964194, 0.7870725512504578]}