{"0": [0.8659710876643658, 0.13432293468051487, 0.8675874053190153, 0.13045024430310284, 0.8635470174252988, 0.1302458480552391, 0.8703814188639323, 0.13110269882060863, 0.8605447643746932, 0.1320378413906804, 0.8740828440835079, 0.1554191646752534, 0.8557999948970973, 0.15297159563612056, 0.8734666215255857, 0.18516587328027795, 0.8506938574214775, 0.1811922635745119, 0.8729927978944033, 0.19579145610332488, 0.0, 0.0, 0.869236882776022, 0.20278824479491622, 0.8569741794218619, 0.20245760204615415, 0.0, 0.0, 0.0, 0.0, 0.0, 0.0, 0.0, 0.0], "1": [0.2887386122097572, 0.46861262542230114, 0.2902106157814463, 0.4635951285009031, 0.0, 0.0, 0.29337039350842437, 0.46600872852184155, 0.281685128963242, 0.4662085519896613, 0.29294111964603264, 0.5005483286800207, 0.2764097816000382, 0.5047501696480645, 0.2926726210862398, 0.561754321831244, 0.286354949235151, 0.5591448518245016, 0.30844929243127506, 0.5859815827122441, 0.30977405135830244, 0.5883633507070718, 0.2804590083658695, 0.6012796013443559, 0.29143388209243615, 0.602339549417849, 0.2822433947895964, 0.6562410660915905, 0.3052421455581983, 0.6537957870297961, 0.27963270197312035, 0.7198781861199273, 0.3111242537076275, 0.7100295272138385], "2": [0.0, 0.0, 0.0, 0.0, 0.0, 0.0, 0.646694567799568, 0.5135796961960969, 0.6620547985037167, 0.5120341124358001, 0.6338638444741567, 0.5454518184617714, 0.6769925065028171, 0.5480776261400293, 0.6253141917288303, 0.5901353362533781, 0.6867617728809515, 0.610484710611679, 0.6215723906954129, 0.6272517642489186, 0.6735804509371519, 0.6388322936164008, 0.6395299520537567, 0.647607952521907, 0.6663015005489189, 0.6549713246248386, 0.6392231017972032, 0.7238054460949368, 0.6673695076256991, 0.7279490973110553, 0.640496613830328, 0.7978045476807487, 0.6671731942643722, 0.8057806249018069], "3": [0.0, 0.0, 0.0, 0.0, 0.0, 0.0, 0.0, 0.0, 0.0, 0.0, 0.0, 0.0, 0.0, 0.0, 0.0, 0.0, 0.0, 0.0, 0.0, 0.0, 0.856388330925256, 0.1609187267444752, 0.0, 0.0, 0.0, 0.0, 0.0, 0.0, 0.0, 0.0, 0.0, 0.0, 0.0, 0.0]}