{"0": [0.6799512545267741, 0.43096436438737096, 0.0, 0.0, 0.6791783213615418, 0.4255601377122932, 0.0, 0.0, 0.673825673572719, 0.4254930172805433, 0.6579412812507272, 0.44838285578918224, 0.6641856237935523, 0.45706716864197344, 0.6682178182527423, 0.4990900312860807, 0.6673090439289808, 0.5007946751735829, 0.6755779019246498, 0.5434003334354471, 0.6760227598249913, 0.5429171439674165, 0.6434812350819509, 0.5304176498894339, 0.6558423514477909, 0.5344960808753967, 0.6484484556441505, 0.5864996601034093, 0.6595278359328708, 0.5955229007535511, 0.6339468746135632, 0.6295780658721923, 0.659904858811448, 0.6529076715310415], "1": [0.0, 0.0, 0.0, 0.0, 0.0, 0.0, 0.3697795396049817, 0.5287461050682598, 0.3895411943395933, 0.5301467559403843, 0.36096996267636616, 0.5748401940420822, 0.39991429646809895, 0.5741936818869026, 0.35288531438757975, 0.6261580755865133, 0.40613058346013226, 0.6260268711450474, 0.34800122928960875, 0.6524250860567447, 0.0, 0.0, 0.36842198135952153, 0.6842942238957794, 0.39157206291953717, 0.6789064938271487, 0.37274584798142313, 0.7761296899230392, 0.39773228488241635, 0.7396729928475839, 0.37563988119363784, 0.8496583509224432, 0.4054446522146463, 0.7956224876421469], "2": [0.0, 0.0, 0.0, 0.0, 0.0, 0.0, 0.0, 0.0, 0.0, 0.0, 0.0, 0.0, 0.0, 0.0, 0.0, 0.0, 0.0, 0.0, 0.0, 0.0, 0.0, 0.0, 0.0, 0.0, 0.0, 0.0, 0.0, 0.0, 0.0, 0.0, 0.6601687356829643, 0.6513298955228594, 0.0, 0.0], "3": [0.0, 0.0, 0.0, 0.0, 0.0, 0.0, 0.0, 0.0, 0.0, 0.0, 0.0, 0.0, 0.0, 0.0, 0.0, 0.0, 0.0, 0.0, 0.0, 0.0, 0.0, 0.0, 0.0, 0.0, 0.0, 0.0, 0.0, 0.0, 0.0, 0.0, 0.0, 0.0, 0.3757406217356523, 0.8502582492651762]}