{"0": [0.657181175549825, 0.4355747810116521, 0.0, 0.0, 0.6565968170451622, 0.4286896714457759, 0.0, 0.0, 0.6491432266930739, 0.4252648694647683, 0.6398123520116011, 0.4448266033773069, 0.6368623344848553, 0.44945007043856156, 0.6432762418873608, 0.497882123125924, 0.6385454411928853, 0.49876476073706594, 0.0, 0.0, 0.6438984765981635, 0.5420876650898545, 0.6273939142003655, 0.5340887239685765, 0.6341776398320993, 0.5356861238126401, 0.6331325831739024, 0.589778459555549, 0.6390876008994086, 0.5925321526328587, 0.6370425339703523, 0.6529491744776617, 0.6361532130589088, 0.6530958226433506], "1": [0.0, 0.0, 0.0, 0.0, 0.0, 0.0, 0.4029442291085918, 0.5141472730923582, 0.41769762399295973, 0.5155881763608368, 0.3890100587159395, 0.5465936557010368, 0.42830567186077434, 0.547459355990092, 0.3799997178216776, 0.5935632725556691, 0.4370430427292983, 0.6079658091068267, 0.3868618318190177, 0.624026131188428, 0.0, 0.0, 0.395145358517766, 0.6487404672635926, 0.41979755101104577, 0.6418321538854528, 0.3862371596818169, 0.7284059623877206, 0.4206956882029772, 0.727285271220737, 0.3829182910422484, 0.8056772911990129, 0.4220354496811828, 0.7913388949853403], "2": [0.0, 0.0, 0.0, 0.0, 0.0, 0.0, 0.0, 0.0, 0.0, 0.0, 0.0, 0.0, 0.0, 0.0, 0.0, 0.0, 0.0, 0.0, 0.0, 0.0, 0.42747497782111166, 0.6059175032156485, 0.0, 0.0, 0.0, 0.0, 0.0, 0.0, 0.0, 0.0, 0.0, 0.0, 0.0, 0.0]}