{"0": [0.0, 0.0, 0.0, 0.0, 0.0, 0.0, 0.34363709319538127, 0.4090222961372799, 0.3559083534715076, 0.40983197998117515, 0.33404419422149656, 0.43649009377868087, 0.3635664937396844, 0.4376668479707506, 0.32810508776456115, 0.4769481150088487, 0.36877070904398956, 0.473557847738266, 0.3273555258909861, 0.5157271468528994, 0.0, 0.0, 0.33573812193547686, 0.5132606517385554, 0.3564779981194685, 0.514587457685007, 0.3227323055267334, 0.5508617169327206, 0.34948672478397685, 0.5616695187709949, 0.32637610342353585, 0.615355493845763, 0.34766104842225715, 0.617298404706849], "1": [0.0, 0.0, 0.0, 0.0, 0.0, 0.0, 0.48768461098273597, 0.446802521193469, 0.5005418650805951, 0.4474188525919561, 0.4775839138776064, 0.4695856748355759, 0.501790538461258, 0.4704530154872272, 0.46535088705519834, 0.516336351301935, 0.5038444387416045, 0.5362806374276126, 0.4696124892060956, 0.5271298258392899, 0.5246828893820444, 0.56271306320473, 0.46970315668731927, 0.5514729108799387, 0.48450106432040535, 0.5636510802639856, 0.471093891809384, 0.6046046111318799, 0.5037486383070549, 0.6009446256690555, 0.4448805085072915, 0.6382224288251664, 0.49817080358043314, 0.6643762334629342], "2": [0.0, 0.0, 0.0, 0.0, 0.0, 0.0, 0.0, 0.0, 0.0, 0.0, 0.0, 0.0, 0.0, 0.0, 0.5024897432575623, 0.5338981456226772, 0.0, 0.0, 0.5225827040771643, 0.5608617194272854, 0.0, 0.0, 0.0, 0.0, 0.0, 0.0, 0.0, 0.0, 0.0, 0.0, 0.0, 0.0, 0.0, 0.0], "3": [0.0, 0.0, 0.0, 0.0, 0.0, 0.0, 0.0, 0.0, 0.0, 0.0, 0.0, 0.0, 0.0, 0.0, 0.0, 0.0, 0.0, 0.0, 0.0, 0.0, 0.0, 0.0, 0.0, 0.0, 0.0, 0.0, 0.0, 0.0, 0.0, 0.0, 0.0, 0.0, 0.4444282808651527, 0.6385247791254962]}