{"0": [0.0, 0.0, 0.0, 0.0, 0.0, 0.0, 0.34299995048592485, 0.513428799200941, 0.35489072601000465, 0.5118806258395866, 0.3322469306488832, 0.5480876553941656, 0.3708045557141304, 0.5334379063712226, 0.32835231932500997, 0.6080295169795001, 0.3851198104210198, 0.580304644063667, 0.3214889717598756, 0.6526970854511968, 0.38439058636625606, 0.613593621827938, 0.3418269157409668, 0.6504378711735761, 0.3677232816815376, 0.6486705941734491, 0.3269142541413506, 0.70465855245237, 0.37544805258512504, 0.7135427403229254, 0.33863620162010194, 0.7839681854954472, 0.3816127225446205, 0.7827034221755134], "1": [0.0, 0.0, 0.0, 0.0, 0.0, 0.0, 0.5230305898934603, 0.44512483014000787, 0.5353286953487744, 0.4446803236449206, 0.5196833504984776, 0.46657142948221275, 0.5416619040071964, 0.4685500652701766, 0.0, 0.0, 0.0, 0.0, 0.0, 0.0, 0.0, 0.0, 0.0, 0.0, 0.0, 0.0, 0.0, 0.0, 0.0, 0.0, 0.0, 0.0, 0.0, 0.0], "2": [0.0, 0.0, 0.0, 0.0, 0.0, 0.0, 0.0, 0.0, 0.0, 0.0, 0.5333958913882574, 0.4990115773898584, 0.5600958197067182, 0.538953345351749, 0.0, 0.0, 0.5634411192188661, 0.5641281143382744, 0.0, 0.0, 0.0, 0.0, 0.5443029898529251, 0.5750624969049737, 0.5583050671964884, 0.5799031505982081, 0.5247760723034541, 0.6125571927538624, 0.5575577986737092, 0.6131354570388794, 0.5194682728499174, 0.679330368284826, 0.5728511954347293, 0.6606450122815591], "3": [0.0, 0.0, 0.0, 0.0, 0.0, 0.0, 0.0, 0.0, 0.0, 0.0, 0.5455587632954121, 0.5272949911929943, 0.0, 0.0, 0.0, 0.0, 0.0, 0.0, 0.0, 0.0, 0.0, 0.0, 0.0, 0.0, 0.0, 0.0, 0.0, 0.0, 0.0, 0.0, 0.0, 0.0, 0.0, 0.0], "4": [0.0, 0.0, 0.0, 0.0, 0.0, 0.0, 0.0, 0.0, 0.0, 0.0, 0.0, 0.0, 0.0, 0.0, 0.0, 0.0, 0.0, 0.0, 0.30107508146514494, 0.6525231707979131, 0.0, 0.0, 0.0, 0.0, 0.0, 0.0, 0.0, 0.0, 0.0, 0.0, 0.0, 0.0, 0.0, 0.0], "5": [0.0, 0.0, 0.0, 0.0, 0.0, 0.0, 0.0, 0.0, 0.0, 0.0, 0.0, 0.0, 0.0, 0.0, 0.0, 0.0, 0.0, 0.0, 0.0, 0.0, 0.0, 0.0, 0.0, 0.0, 0.0, 0.0, 0.5557530504340927, 0.6141740145506682, 0.0, 0.0, 0.0, 0.0, 0.0, 0.0]}