{"0": [0.0, 0.0, 0.0, 0.0, 0.0, 0.0, 0.5553366603950659, 0.5119328481179697, 0.0, 0.0, 0.547240691507856, 0.5537356279514453, 0.5846933738018075, 0.5420218664186972, 0.5326514719674985, 0.6004370561352482, 0.5951975956559181, 0.5957412909578395, 0.5199492036054532, 0.6367154430460047, 0.0, 0.0, 0.554046160603563, 0.6485747195228383, 0.5791289598991474, 0.6466339045100742, 0.5253189874192079, 0.6792230789308195, 0.5813291378784925, 0.696242109492973, 0.5149188377584021, 0.7289586715124271, 0.0, 0.0], "1": [0.0, 0.0, 0.0, 0.0, 0.0, 0.0, 0.0, 0.0, 0.0, 0.0, 0.0, 0.0, 0.0, 0.0, 0.0, 0.0, 0.0, 0.0, 0.0, 0.0, 0.0, 0.0, 0.0, 0.0, 0.0, 0.0, 0.5600906550884247, 0.6932836244503658, 0.0, 0.0, 0.5693495670333505, 0.7583825837682795, 0.0, 0.0]}