{"0": [0.8373580512901149, 0.13994930585225424, 0.8391928997201225, 0.13679640469727694, 0.8356537650184085, 0.13659410741594102, 0.8422687616199255, 0.13731748271319602, 0.8339768145233393, 0.13686520876707853, 0.8474314989211659, 0.1587574765086174, 0.8265412613749504, 0.15546532295368337, 0.8476510317996144, 0.18976971054518665, 0.8184992517344654, 0.17042694180100051, 0.844068002110968, 0.2110880465263984, 0.8275841102004051, 0.1544340877621262, 0.8391488001060983, 0.21065697405073378, 0.8260423546036084, 0.2054513379379555, 0.8359153247127931, 0.2380513963875947, 0.0, 0.0, 0.0, 0.0, 0.0, 0.0], "1": [0.5488679084305962, 0.4764810551095892, 0.0, 0.0, 0.5479211023421764, 0.47023189730114406, 0.0, 0.0, 0.0, 0.0, 0.0, 0.0, 0.0, 0.0, 0.0, 0.0, 0.0, 0.0, 0.0, 0.0, 0.0, 0.0, 0.0, 0.0, 0.0, 0.0, 0.0, 0.0, 0.0, 0.0, 0.0, 0.0, 0.0, 0.0], "2": [0.0, 0.0, 0.0, 0.0, 0.0, 0.0, 0.5395252473147897, 0.4720009639307305, 0.5468914726749062, 0.4730780162193157, 0.5196615219116211, 0.5021954971331137, 0.5513216629624367, 0.50532725320922, 0.504608009258906, 0.5541931125852797, 0.5521075081487652, 0.5588368860659777, 0.5150226971134544, 0.5799547191019412, 0.5610506704698006, 0.6118929386138916, 0.5182855372938017, 0.604900394545661, 0.5430027241508166, 0.6077140011169292, 0.5079430013895034, 0.6653682611606739, 0.5523251709993928, 0.6604094712822527, 0.4997403974334399, 0.727081439671693, 0.5556938941900929, 0.7294609095763277], "3": [0.0, 0.0, 0.0, 0.0, 0.0, 0.0, 0.7852861645476271, 0.698010570693899, 0.8035687072823445, 0.714816971916783, 0.7710200725744166, 0.7022096715591571, 0.7861625178406636, 0.7299021572978409, 0.0, 0.0, 0.7868488607307275, 0.7724795763139372, 0.0, 0.0, 0.0, 0.0, 0.7401219505195816, 0.8025863261134535, 0.7397986889506379, 0.8037674305891549, 0.7676377591987451, 0.8340583028064834, 0.7730101592761154, 0.8349717497825623, 0.7641937884191672, 0.9244468677926947, 0.7654192594190439, 0.9262573491643976], "4": [0.0, 0.0, 0.0, 0.0, 0.0, 0.0, 0.0, 0.0, 0.0, 0.0, 0.5498452975104252, 0.5028030075408795, 0.0, 0.0, 0.0, 0.0, 0.0, 0.0, 0.0, 0.0, 0.0, 0.0, 0.0, 0.0, 0.0, 0.0, 0.0, 0.0, 0.0, 0.0, 0.0, 0.0, 0.0, 0.0], "5": [0.0, 0.0, 0.0, 0.0, 0.0, 0.0, 0.0, 0.0, 0.0, 0.0, 0.0, 0.0, 0.0, 0.0, 0.0, 0.0, 0.7091986181835332, 0.7711803332523063, 0.0, 0.0, 0.0, 0.0, 0.0, 0.0, 0.0, 0.0, 0.0, 0.0, 0.0, 0.0, 0.0, 0.0, 0.0, 0.0], "6": [0.0, 0.0, 0.0, 0.0, 0.0, 0.0, 0.0, 0.0, 0.0, 0.0, 0.0, 0.0, 0.0, 0.0, 0.0, 0.0, 0.0, 0.0, 0.0, 0.0, 0.0, 0.0, 0.0, 0.0, 0.713095507522424, 0.7732166354303008, 0.0, 0.0, 0.0, 0.0, 0.0, 0.0, 0.0, 0.0], "7": [0.0, 0.0, 0.0, 0.0, 0.0, 0.0, 0.0, 0.0, 0.0, 0.0, 0.0, 0.0, 0.0, 0.0, 0.0, 0.0, 0.0, 0.0, 0.0, 0.0, 0.0, 0.0, 0.0, 0.0, 0.0, 0.0, 0.0, 0.0, 0.0, 0.0, 0.7572574727237225, 0.8574956200740955, 0.0, 0.0]}