{"0": [0.2869339684645335, 0.4415585548789413, 0.2889460544412335, 0.43582474810105776, 0.286463645969828, 0.43571298740528247, 0.29227087621887526, 0.4341917629595156, 0.0, 0.0, 0.30314043114582695, 0.4499569772570221, 0.2801481306552887, 0.4595228813312672, 0.3191761450221141, 0.4552512569008051, 0.2811767313086117, 0.4950312468740675, 0.3100092244955401, 0.47570684441813715, 0.28485672976821663, 0.5275817893169544, 0.3120305009186267, 0.5057758138135627, 0.29656563798586527, 0.5120052010924728, 0.3146047800585317, 0.5502896846444518, 0.29822236988693474, 0.5548848408239859, 0.3218188221255939, 0.5889341681091873, 0.3034878725806872, 0.5934654193895833], "1": [0.0, 0.0, 0.0, 0.0, 0.0, 0.0, 0.6613131940364838, 0.5125654388357092, 0.6769914222260317, 0.5144328774401435, 0.6441712676237027, 0.5471566416599132, 0.6874282394846281, 0.5525278045623391, 0.6354997235583142, 0.6024247935524694, 0.6930008244390289, 0.6171549159067649, 0.6433076872490346, 0.629949461530756, 0.6951131716370582, 0.6570110729447117, 0.649191972737511, 0.6488006139794985, 0.6765959834679961, 0.6575279445559891, 0.6458341556290785, 0.7235674422096323, 0.6839158313969771, 0.7216112204171993, 0.6452519631634157, 0.7907775812678867, 0.6786459756394227, 0.793370035401097], "2": [0.0, 0.0, 0.0, 0.0, 0.0, 0.0, 0.0, 0.0, 0.2882135685533285, 0.4342641759801794, 0.0, 0.0, 0.0, 0.0, 0.0, 0.0, 0.0, 0.0, 0.0, 0.0, 0.0, 0.0, 0.0, 0.0, 0.0, 0.0, 0.0, 0.0, 0.0, 0.0, 0.0, 0.0, 0.0, 0.0], "3": [0.0, 0.0, 0.0, 0.0, 0.0, 0.0, 0.0, 0.0, 0.0, 0.0, 0.2786464752008518, 0.45915773025265444, 0.302360412850976, 0.4489710827668507, 0.0, 0.0, 0.31882977272228646, 0.454897094545541, 0.0, 0.0, 0.0, 0.0, 0.0, 0.0, 0.0, 0.0, 0.0, 0.0, 0.0, 0.0, 0.0, 0.0, 0.0, 0.0]}