{"0": [0.0, 0.0, 0.0, 0.0, 0.0, 0.0, 0.2952533233910799, 0.5998726840372439, 0.3164967914422353, 0.5906741839868052, 0.29861947099367775, 0.6591510710892854, 0.33454476847102976, 0.6308241736736583, 0.0, 0.0, 0.0, 0.0, 0.30068947312732536, 0.7262125196280302, 0.30204765719827265, 0.7245031001391234, 0.33965931137402855, 0.7541717262179763, 0.35150979092965523, 0.7495232127330921, 0.3184722946646313, 0.8434584361535532, 0.3263337844982743, 0.8463068489675168, 0.29630256444215775, 0.89671922855907, 0.0, 0.0], "1": [0.0, 0.0, 0.0, 0.0, 0.0, 0.0, 0.0, 0.0, 0.0, 0.0, 0.4364558042337497, 0.531961550977495, 0.46782194226980217, 0.5210817638370726, 0.4332666962097089, 0.5794823876133671, 0.483628852541248, 0.561390608769876, 0.4238920264566938, 0.6156937175326878, 0.482742478325963, 0.5816517659083561, 0.44806314245797696, 0.6289183455484884, 0.47128129998842877, 0.6238308606324372, 0.4337859073032935, 0.6758851649584594, 0.47863417454063895, 0.6694064916283996, 0.4438026531638267, 0.7478676923999081, 0.5023942276525001, 0.718679173566677], "2": [0.0, 0.0, 0.0, 0.0, 0.0, 0.0, 0.0, 0.0, 0.0, 0.0, 0.0, 0.0, 0.0, 0.0, 0.0, 0.0, 0.0, 0.0, 0.0, 0.0, 0.502140924319004, 0.7173245798658442, 0.0, 0.0, 0.0, 0.0, 0.0, 0.0, 0.0, 0.0, 0.0, 0.0, 0.0, 0.0], "3": [0.0, 0.0, 0.0, 0.0, 0.0, 0.0, 0.0, 0.0, 0.0, 0.0, 0.0, 0.0, 0.0, 0.0, 0.0, 0.0, 0.0, 0.0, 0.0, 0.0, 0.0, 0.0, 0.0, 0.0, 0.0, 0.0, 0.0, 0.0, 0.0, 0.0, 0.4202850831051667, 0.6713273862997691, 0.0, 0.0], "4": [0.0, 0.0, 0.0, 0.0, 0.0, 0.0, 0.0, 0.0, 0.0, 0.0, 0.0, 0.0, 0.0, 0.0, 0.0, 0.0, 0.0, 0.0, 0.0, 0.0, 0.0, 0.0, 0.0, 0.0, 0.0, 0.0, 0.0, 0.0, 0.0, 0.0, 0.0, 0.0, 0.29534370837112267, 0.8972819738917882]}