{"0": [0.0, 0.0, 0.0, 0.0, 0.0, 0.0, 0.3161727458238602, 0.4328530925291556, 0.3270017408921072, 0.4271260541898233, 0.3152327846735716, 0.45956727663675945, 0.3369917371620735, 0.4446836171326814, 0.3110683318848411, 0.4855790517396397, 0.34423327061037223, 0.4783246026546867, 0.0, 0.0, 0.0, 0.0, 0.3241217193504174, 0.5198287153685535, 0.34139422004421555, 0.5153474137187004, 0.318769576328729, 0.5441435284084744, 0.34888626063863437, 0.5605873618964796, 0.3177176491046945, 0.5780794766214159, 0.34699826296418906, 0.6107162025791627], "1": [0.0, 0.0, 0.0, 0.0, 0.0, 0.0, 0.39733993286887803, 0.403812893666327, 0.41104933321475984, 0.4018577485172837, 0.39146329561869303, 0.43678318968525637, 0.42075675663848716, 0.43333820673999274, 0.38805209174752237, 0.4745214652132105, 0.42390756160020826, 0.4641303347216712, 0.0, 0.0, 0.0, 0.0, 0.4019841200439259, 0.510294042914002, 0.41935614912460245, 0.5072296008605648, 0.40379725955426693, 0.571256246831682, 0.4266283944249153, 0.5701954426588836, 0.40920607683559257, 0.6199756585889392, 0.4395092219036693, 0.6242372655206256]}