{"0": [0.31713614203035834, 0.447357860814642, 0.3198865059763193, 0.44206065668000116, 0.31392081479231515, 0.4410731288569945, 0.3231281608964006, 0.44243215477025066, 0.30748412758111954, 0.43999385679209674, 0.31993468378980955, 0.46938953609378253, 0.3010960814232628, 0.46845663675555477, 0.31678762709101044, 0.510230964201468, 0.29686395774284996, 0.5290934415879073, 0.32427999563515186, 0.5242541094621023, 0.0, 0.0, 0.3175161318232616, 0.5659025223718749, 0.30522201551745337, 0.5699120314032943, 0.3220715482408802, 0.5957636092548018, 0.3045662152270475, 0.6215985306987056, 0.31934635856499277, 0.651415455562097, 0.29015967920422553, 0.6859250215468583], "1": [0.0, 0.0, 0.0, 0.0, 0.0, 0.0, 0.6382683542867501, 0.513715993143894, 0.6538007544974486, 0.5132511984418939, 0.6263775361701847, 0.548059477408727, 0.6685984117599825, 0.5524054870009423, 0.6178200960159301, 0.5937958481135192, 0.675542376190424, 0.6096139224591078, 0.0, 0.0, 0.6794786185026169, 0.6482310374232906, 0.6335754476487636, 0.6569673468669256, 0.6578492699811856, 0.6589975999461279, 0.6316985209472478, 0.732808056142595, 0.6595970464870333, 0.7361954896538346, 0.6338988003631433, 0.7993751302913383, 0.6604698750151632, 0.8062958768120518], "2": [0.0, 0.0, 0.0, 0.0, 0.0, 0.0, 0.0, 0.0, 0.0, 0.0, 0.0, 0.0, 0.0, 0.0, 0.0, 0.0, 0.0, 0.0, 0.0, 0.0, 0.0, 0.0, 0.0, 0.0, 0.0, 0.0, 0.30212080048319573, 0.6247320164133001, 0.0, 0.0, 0.29023496670027576, 0.6869205320322955, 0.0, 0.0], "3": [0.0, 0.0, 0.0, 0.0, 0.0, 0.0, 0.0, 0.0, 0.0, 0.0, 0.0, 0.0, 0.0, 0.0, 0.0, 0.0, 0.0, 0.0, 0.0, 0.0, 0.0, 0.0, 0.0, 0.0, 0.0, 0.0, 0.0, 0.0, 0.0, 0.0, 0.0, 0.0, 0.31944908294826746, 0.6508762679718159]}