{"0": [0.38628553226590157, 0.6662739307792098, 0.38691022917628287, 0.659294006118068, 0.0, 0.0, 0.3929618009676536, 0.6544250617424647, 0.0, 0.0, 0.4057304609877368, 0.6746907477025632, 0.0, 0.0, 0.0, 0.0, 0.0, 0.0, 0.0, 0.0, 0.0, 0.0, 0.4017890257760882, 0.7416536145740085, 0.0, 0.0, 0.3961911308268706, 0.7756243781911002, 0.0, 0.0, 0.39599431281288466, 0.8095800071954727, 0.0, 0.0], "1": [0.0, 0.0, 0.0, 0.0, 0.0, 0.0, 0.0, 0.0, 0.493206286119918, 0.48732397269319605, 0.4673142856607834, 0.5245480259259542, 0.49888530212144055, 0.5186132859300684, 0.46866992050005746, 0.5835472327691538, 0.5167211413383483, 0.550033219213839, 0.4575710696478684, 0.5983421981334687, 0.5228760943360006, 0.5899257240472017, 0.4856778082437813, 0.6175909622951791, 0.5061435508929814, 0.6099593203376841, 0.4704788895944755, 0.6786497841278712, 0.5045476891100406, 0.6580080116236651, 0.48296758669118084, 0.7442025888297295, 0.5210243076086044, 0.7094621086562122], "2": [0.0, 0.0, 0.0, 0.0, 0.0, 0.0, 0.0, 0.0, 0.0, 0.0, 0.0, 0.0, 0.0, 0.0, 0.0, 0.0, 0.0, 0.0, 0.0, 0.0, 0.0, 0.0, 0.0, 0.0, 0.397569833509624, 0.7424975172237115, 0.0, 0.0, 0.39604460497697197, 0.7776005599233841, 0.0, 0.0, 0.39594842071334513, 0.8092229187488555]}