{"0": [0.43908990152801075, 0.4764697931430958, 0.4422837119549513, 0.47143554157680934, 0.43824702662726245, 0.4704377580572058, 0.4438669345652064, 0.4740935981273651, 0.43574501828600964, 0.47330475869002164, 0.4521768814651295, 0.5093747876308582, 0.4205311099688212, 0.5130049601749137, 0.0, 0.0, 0.4101791656265656, 0.5601839525832071, 0.46340662700434526, 0.5834201335906982, 0.4053969190145532, 0.6072452757093642, 0.44790048991853837, 0.6028282222924409, 0.4258700590580702, 0.600385496351454, 0.4514080141360561, 0.6734691366001412, 0.0, 0.0, 0.462898813188076, 0.7438755715334857, 0.0, 0.0], "1": [0.8439482046446453, 0.6114227173780954, 0.0, 0.0, 0.8436590207119783, 0.6058849440680609, 0.8209271229803563, 0.6096655162396254, 0.8382293430467447, 0.6109546521471606, 0.7978520596516319, 0.6374474741794444, 0.8396411961487805, 0.6718670083416833, 0.7639140347018838, 0.6508648938602872, 0.8431490479658047, 0.746300717194875, 0.7287196392814318, 0.6540678134670964, 0.8485695679361621, 0.8109207223135012, 0.7849587429314852, 0.7713349616086042, 0.8079796994725863, 0.7806268213523759, 0.8044599423805872, 0.864254261829235, 0.808341100687782, 0.8663129351757191, 0.7640609328945477, 0.9485752017409713, 0.807971358175079, 0.9358065955064915], "2": [0.0, 0.0, 0.0, 0.0, 0.0, 0.0, 0.0, 0.0, 0.0, 0.0, 0.4201358243823051, 0.5111611836486393, 0.4534893042097489, 0.5124274516547168, 0.40909138495723407, 0.561519040664037, 0.4625351943075657, 0.5632277967753234, 0.0, 0.0, 0.464885450899601, 0.5827994299155694, 0.0, 0.0, 0.4470631887515386, 0.5976989147839723, 0.0, 0.0, 0.4524492802098393, 0.675531729503914, 0.0, 0.0, 0.4626927097638448, 0.7430838099232425], "3": [0.0, 0.0, 0.0, 0.0, 0.0, 0.0, 0.0, 0.0, 0.0, 0.0, 0.0, 0.0, 0.0, 0.0, 0.0, 0.0, 0.0, 0.0, 0.8476618543888131, 0.8094348086251153, 0.0, 0.0, 0.0, 0.0, 0.0, 0.0, 0.0, 0.0, 0.0, 0.0, 0.0, 0.0, 0.0, 0.0], "4": [0.0, 0.0, 0.0, 0.0, 0.0, 0.0, 0.0, 0.0, 0.0, 0.0, 0.0, 0.0, 0.0, 0.0, 0.0, 0.0, 0.0, 0.0, 0.0, 0.0, 0.729144404331843, 0.6522954117368769, 0.0, 0.0, 0.0, 0.0, 0.0, 0.0, 0.0, 0.0, 0.0, 0.0, 0.0, 0.0], "5": [0.0, 0.0, 0.0, 0.0, 0.0, 0.0, 0.0, 0.0, 0.0, 0.0, 0.0, 0.0, 0.0, 0.0, 0.0, 0.0, 0.0, 0.0, 0.0, 0.0, 0.0, 0.0, 0.0, 0.0, 0.0, 0.0, 0.0, 0.0, 0.0, 0.0, 0.8078376445919276, 0.9354927919529102, 0.0, 0.0], "6": [0.0, 0.0, 0.0, 0.0, 0.0, 0.0, 0.0, 0.0, 0.0, 0.0, 0.0, 0.0, 0.0, 0.0, 0.0, 0.0, 0.0, 0.0, 0.0, 0.0, 0.0, 0.0, 0.0, 0.0, 0.0, 0.0, 0.0, 0.0, 0.0, 0.0, 0.0, 0.0, 0.765432788990438, 0.947423826765131]}