{"0": [0.327011135717233, 0.6090439765541642, 0.3270052582025528, 0.6016799443297915, 0.0, 0.0, 0.3341361013551553, 0.5972263109904749, 0.0, 0.0, 0.3532381612807513, 0.6207783509183813, 0.3450071359707805, 0.6264796579311148, 0.3591394482801358, 0.6832276474546504, 0.32552267263333, 0.6761089024720368, 0.0, 0.0, 0.306342797446996, 0.7135359444000103, 0.3751160155981779, 0.7016787604049401, 0.36103465196986995, 0.6986676022962287, 0.3762999247759581, 0.7682628483683975, 0.3317172171548009, 0.7325701702524114, 0.0, 0.0, 0.3327606281886498, 0.8087076597743565], "1": [0.0, 0.0, 0.0, 0.0, 0.0, 0.0, 0.47033928421636423, 0.5134034982434026, 0.48528006191675865, 0.5096148133277894, 0.4606133175548166, 0.5500074800517823, 0.5011948876082897, 0.5402815072624773, 0.4548593277732531, 0.5941389231770127, 0.5162288670738538, 0.5826507435904609, 0.45239236873264116, 0.6256712153278016, 0.52621967724214, 0.6150512878541593, 0.46936615866919357, 0.6445568667517768, 0.4958123614390691, 0.6447085437951264, 0.46034156989771874, 0.6833805837013103, 0.5063331858099749, 0.6948520395490858, 0.46884783725254237, 0.7568360454506344, 0.5134455868353446, 0.7559544936374382], "2": [0.0, 0.0, 0.0, 0.0, 0.0, 0.0, 0.0, 0.0, 0.0, 0.0, 0.0, 0.0, 0.0, 0.0, 0.0, 0.0, 0.0, 0.0, 0.0, 0.0, 0.0, 0.0, 0.0, 0.0, 0.38446038458496334, 0.6989094415196666, 0.3324121745924155, 0.7340844441343237, 0.3765358098472158, 0.7674239647609217, 0.33281313069164753, 0.8105846023118054, 0.0, 0.0], "3": [0.0, 0.0, 0.0, 0.0, 0.0, 0.0, 0.0, 0.0, 0.0, 0.0, 0.0, 0.0, 0.0, 0.0, 0.0, 0.0, 0.0, 0.0, 0.0, 0.0, 0.0, 0.0, 0.0, 0.0, 0.0, 0.0, 0.0, 0.0, 0.0, 0.0, 0.41961068951835234, 0.7722537184203112, 0.0, 0.0], "4": [0.0, 0.0, 0.0, 0.0, 0.0, 0.0, 0.0, 0.0, 0.0, 0.0, 0.0, 0.0, 0.0, 0.0, 0.0, 0.0, 0.0, 0.0, 0.0, 0.0, 0.0, 0.0, 0.0, 0.0, 0.0, 0.0, 0.0, 0.0, 0.0, 0.0, 0.0, 0.0, 0.41892456704129777, 0.7724497885615739]}