{"0": [0.42339451539640627, 0.6721231398759064, 0.4274927486975988, 0.6641622788376278, 0.4191847168530026, 0.6619512491756016, 0.4346811123813192, 0.6674039708243475, 0.4145407383291361, 0.661782145610562, 0.4396590495171646, 0.7150347582857918, 0.3921272180974483, 0.6846992059438317, 0.4479207076120171, 0.79227268298467, 0.3753903814901908, 0.7295592232020917, 0.4556962087750435, 0.8617675835335697, 0.36359171438962223, 0.7798641842824442, 0.4189187258016318, 0.8181995142113281, 0.3928474098443985, 0.8096671103327363, 0.41712307607134186, 0.877188235466127, 0.397620384922872, 0.877116611931059, 0.0, 0.0, 0.0, 0.0], "1": [0.0, 0.0, 0.0, 0.0, 0.0, 0.0, 0.7620777023335298, 0.5300010855827066, 0.7762211643780271, 0.5422184966228626, 0.7443095348154505, 0.5279513927521529, 0.7726099067057173, 0.5667353403099157, 0.7181511055057247, 0.5464957133487419, 0.7697791326791048, 0.6125806040234036, 0.7035545355329911, 0.586434805613977, 0.767158531645934, 0.6629788351831613, 0.72065133502086, 0.6131342781914605, 0.7463519662618637, 0.6271689392902232, 0.7124911862115065, 0.6678063478734758, 0.7450766464074453, 0.6965788006782532, 0.7114049176375071, 0.720081028452626, 0.7434638515114784, 0.7687269859843784], "2": [0.0, 0.0, 0.0, 0.0, 0.0, 0.0, 0.0, 0.0, 0.0, 0.0, 0.772078030432264, 0.5668306152025858, 0.0, 0.0, 0.7690150861938795, 0.6112709278309787, 0.0, 0.0, 0.7666158710916837, 0.6613769659289608, 0.0, 0.0, 0.7460939596096675, 0.6240508591687238, 0.724006017918388, 0.6186380789511734, 0.7461067743599414, 0.6972020714371293, 0.713398563861847, 0.6673125598165726, 0.7430331679681937, 0.7686739625754181, 0.7112596425538261, 0.7204388387777187], "3": [0.0, 0.0, 0.0, 0.0, 0.0, 0.0, 0.0, 0.0, 0.0, 0.0, 0.0, 0.0, 0.0, 0.0, 0.0, 0.0, 0.7196571396042903, 0.546368067794376, 0.0, 0.0, 0.7039785264680783, 0.5857900089687771, 0.0, 0.0, 0.0, 0.0, 0.0, 0.0, 0.0, 0.0, 0.0, 0.0, 0.0, 0.0]}