{"0": [0.0, 0.0, 0.0, 0.0, 0.0, 0.0, 0.4739671612779299, 0.4155188077025943, 0.4872736486295859, 0.41667313156304536, 0.4670375851293405, 0.44225427784301624, 0.4877207674086093, 0.44456810862929735, 0.0, 0.0, 0.49078073936204114, 0.4780729952785704, 0.0, 0.0, 0.0, 0.0, 0.464980177115649, 0.5174059399852047, 0.4799891469379266, 0.5158752765920427, 0.4717717781662941, 0.5611454749548876, 0.49490559188028177, 0.5602019496538021, 0.4588870666921138, 0.6143045315036069, 0.4834061364332835, 0.6178926265350094], "1": [0.0, 0.0, 0.0, 0.0, 0.0, 0.0, 0.3301812010506789, 0.39565395541765064, 0.3409346984078487, 0.3945159207891535, 0.32495481669902804, 0.41949738021250127, 0.3492643694082896, 0.4173126743899451, 0.3189320263142387, 0.4487539817337637, 0.3580789794524511, 0.4446032621242382, 0.0, 0.0, 0.36591381827990216, 0.46302524478761137, 0.32973250970244405, 0.4718204540235025, 0.3443464412043492, 0.47066613827590587, 0.3291591980805, 0.5105180941246173, 0.34653555601835245, 0.5043945857772121, 0.3188343138433993, 0.5499151607354482, 0.34225770247479287, 0.540985647837321], "2": [0.0, 0.0, 0.0, 0.0, 0.0, 0.0, 0.0, 0.0, 0.0, 0.0, 0.0, 0.0, 0.0, 0.0, 0.0, 0.0, 0.0, 0.0, 0.0, 0.0, 0.0, 0.0, 0.0, 0.0, 0.0, 0.0, 0.0, 0.0, 0.47241875895609464, 0.5613053728032995, 0.0, 0.0, 0.0, 0.0]}