{"0": [0.0, 0.0, 0.0, 0.0, 0.0, 0.0, 0.5577482712765535, 0.4404660081697835, 0.5715434607118368, 0.4400153670046064, 0.548640617976586, 0.46551534246515347, 0.5748134578267733, 0.4663216237668638, 0.529528907686472, 0.5058680226405462, 0.5806352997819583, 0.5232670175808447, 0.5219866963724296, 0.5344211450329533, 0.0, 0.0, 0.5471635748321811, 0.5543456848020907, 0.5694199668864409, 0.5576720795145741, 0.5322870176285506, 0.6109623923069901, 0.5780332796275616, 0.6003476460774739, 0.5353642330349734, 0.6840837637583415, 0.5866596623013417, 0.6543887397757283], "1": [0.0, 0.0, 0.0, 0.0, 0.0, 0.0, 0.5915581285953522, 0.39969600130010535, 0.6039090752601624, 0.404100576788187, 0.5808497468320032, 0.4167938757825781, 0.6038655476023753, 0.42907625834147134, 0.5743864764769872, 0.4336603576938311, 0.607058892523249, 0.4594712981471309, 0.0, 0.0, 0.0, 0.0, 0.5808017403197785, 0.47808675895686503, 0.5953241970390082, 0.4848836625063861, 0.580184559772412, 0.521322404400066, 0.0, 0.0, 0.5854718755426196, 0.5697920011149512, 0.5897657155379455, 0.562494057069076], "2": [0.0, 0.0, 0.0, 0.0, 0.0, 0.0, 0.0, 0.0, 0.0, 0.0, 0.0, 0.0, 0.0, 0.0, 0.0, 0.0, 0.0, 0.0, 0.0, 0.0, 0.0, 0.0, 0.5758191215495269, 0.5139519561771994, 0.0, 0.0, 0.0, 0.0, 0.0, 0.0, 0.0, 0.0, 0.0, 0.0], "3": [0.0, 0.0, 0.0, 0.0, 0.0, 0.0, 0.0, 0.0, 0.0, 0.0, 0.0, 0.0, 0.0, 0.0, 0.0, 0.0, 0.0, 0.0, 0.0, 0.0, 0.0, 0.0, 0.0, 0.0, 0.0, 0.0, 0.0, 0.0, 0.5843482598662376, 0.5237067094555607, 0.0, 0.0, 0.0, 0.0]}