{"0": [0.6562452781043249, 0.4343630648321576, 0.0, 0.0, 0.655345831811428, 0.4282321823967828, 0.0, 0.0, 0.6481018053988615, 0.42388986967228076, 0.6428832556431492, 0.45027759053089, 0.6356416240955393, 0.44691925368927143, 0.6459416796763738, 0.4932307724599485, 0.6367642958958943, 0.4965150071514977, 0.652333278954029, 0.512251392338011, 0.6510246157646179, 0.5112443937195672, 0.6392814973679681, 0.5317982377829376, 0.6322082202881575, 0.5345004993456381, 0.6324007719519967, 0.587968710321086, 0.6428002594659726, 0.5928835332393646, 0.6245033795634907, 0.6481771178612554, 0.6414840708176295, 0.6580098017498299], "1": [0.0, 0.0, 0.0, 0.0, 0.0, 0.0, 0.370305731271704, 0.5206933395730124, 0.38608094161997236, 0.5245550928292451, 0.3612024717653791, 0.5559378950684158, 0.40152712520211936, 0.5656158038863429, 0.0, 0.0, 0.4088854065785805, 0.6186175952424053, 0.0, 0.0, 0.4158570093413194, 0.6618254833751255, 0.3705305740237236, 0.6588432994153764, 0.3954599757989248, 0.6600850180343346, 0.3668964171161254, 0.7521102280528457, 0.40076946715513867, 0.7247604608535767, 0.3633719543615977, 0.8266418696001723, 0.4118216518312693, 0.7897223468180057]}