{"0": [0.5422263264656066, 0.7128533747461105, 0.5501653008162976, 0.7038415348088299, 0.5432551050558686, 0.6973085332799841, 0.5563138391512136, 0.7037512143452962, 0.5342392177631458, 0.687856345265, 0.5517474617498617, 0.7470245904392665, 0.5096152603005369, 0.7075631197955873, 0.0, 0.0, 0.47547133155167104, 0.781628138102867, 0.526647793656836, 0.8175257261152621, 0.0, 0.0, 0.0, 0.0, 0.0, 0.0, 0.0, 0.0, 0.0, 0.0, 0.0, 0.0, 0.0, 0.0], "1": [0.0, 0.0, 0.0, 0.0, 0.0, 0.0, 0.8639501253763835, 0.1582898603545295, 0.8730929718042414, 0.15796338672991153, 0.8597240177293618, 0.1735361340973112, 0.8764899331455429, 0.17555991731308124, 0.8563073155508998, 0.19475718151640012, 0.8799143172800541, 0.1957467727087162, 0.0, 0.0, 0.0, 0.0, 0.8609630482892195, 0.21182215147548253, 0.8735201237102349, 0.2109944369505953, 0.0, 0.0, 0.0, 0.0, 0.0, 0.0, 0.0, 0.0], "2": [0.0, 0.0, 0.0, 0.0, 0.0, 0.0, 0.46738968615730603, 0.4691382606824239, 0.4651206474130352, 0.46968153163238807, 0.46946945451200006, 0.5002465543647607, 0.46485125065470734, 0.5004801020026207, 0.46781930724779763, 0.5584086952386079, 0.46812110648800925, 0.5596785792598018, 0.4829078937570254, 0.5865013981306995, 0.48459186814725397, 0.5872264314580846, 0.4592597310741742, 0.6112979261549535, 0.4530799702430765, 0.6152424735051615, 0.46538937216003734, 0.6627473728800262, 0.0, 0.0, 0.4596759870648384, 0.7274461189905802, 0.4592816215008497, 0.728096412287818], "3": [0.0, 0.0, 0.0, 0.0, 0.0, 0.0, 0.0, 0.0, 0.0, 0.0, 0.0, 0.0, 0.0, 0.0, 0.0, 0.0, 0.43834996124108633, 0.5890723792353162, 0.0, 0.0, 0.44394222910826403, 0.6138468512782345, 0.0, 0.0, 0.0, 0.0, 0.0, 0.0, 0.0, 0.0, 0.0, 0.0, 0.0, 0.0], "4": [0.0, 0.0, 0.0, 0.0, 0.0, 0.0, 0.0, 0.0, 0.0, 0.0, 0.0, 0.0, 0.0, 0.0, 0.0, 0.0, 0.434403125445048, 0.5228428067984403, 0.0, 0.0, 0.0, 0.0, 0.0, 0.0, 0.0, 0.0, 0.0, 0.0, 0.0, 0.0, 0.0, 0.0, 0.0, 0.0], "5": [0.0, 0.0, 0.0, 0.0, 0.0, 0.0, 0.0, 0.0, 0.0, 0.0, 0.0, 0.0, 0.0, 0.0, 0.0, 0.0, 0.0, 0.0, 0.0, 0.0, 0.0, 0.0, 0.0, 0.0, 0.0, 0.0, 0.4478975979708291, 0.6495611349741618, 0.46514366834113996, 0.6638283666085315, 0.4432742349182566, 0.6945943172331209, 0.0, 0.0], "6": [0.0, 0.0, 0.0, 0.0, 0.0, 0.0, 0.0, 0.0, 0.0, 0.0, 0.0, 0.0, 0.0, 0.0, 0.0, 0.0, 0.0, 0.0, 0.0, 0.0, 0.0, 0.0, 0.0, 0.0, 0.0, 0.0, 0.0, 0.0, 0.4482901712258657, 0.6498599604324058, 0.0, 0.0, 0.4429292435447375, 0.6949098785718283]}