{"0": [0.8474992979938787, 0.143496071850812, 0.8492663287868102, 0.1393081338317306, 0.8456800885498523, 0.13887583547168308, 0.8509828522801399, 0.14091285776208948, 0.8412804514169692, 0.14057530341324984, 0.8543497254451116, 0.15855281788993766, 0.8353186047713582, 0.16065269200890153, 0.8584938382109006, 0.18340187028602317, 0.82894508925577, 0.18711638859024754, 0.8489147386203211, 0.18499339752727084, 0.8297669611871242, 0.20940947035948435, 0.8481464415943871, 0.2109376146423596, 0.8361314520860712, 0.21181584701493936, 0.0, 0.0, 0.0, 0.0, 0.0, 0.0, 0.0, 0.0], "1": [0.0, 0.0, 0.0, 0.0, 0.0, 0.0, 0.679141657302777, 0.3744828801188204, 0.6904959052180251, 0.3717198890668375, 0.680379967391491, 0.3987977696789636, 0.6994896275301774, 0.3960580953845272, 0.670150843759378, 0.4472215696617409, 0.6994895982245605, 0.4334760579659983, 0.6622566531101862, 0.44953247717133277, 0.0, 0.0, 0.6803179040551185, 0.46631232058560407, 0.6934149256596963, 0.4649460876429523, 0.6711176282415787, 0.5225541768526588, 0.6877435564994812, 0.5236468878057268, 0.6699370833734671, 0.5721462028997916, 0.6832922616352638, 0.5698407219515906], "2": [0.0, 0.0, 0.0, 0.0, 0.0, 0.0, 0.0, 0.0, 0.0, 0.0, 0.0, 0.0, 0.0, 0.0, 0.0, 0.0, 0.0, 0.0, 0.0, 0.0, 0.0, 0.0, 0.634424258582294, 0.5349219220655935, 0.0, 0.0, 0.0, 0.0, 0.0, 0.0, 0.0, 0.0, 0.0, 0.0], "3": [0.0, 0.0, 0.0, 0.0, 0.0, 0.0, 0.0, 0.0, 0.0, 0.0, 0.0, 0.0, 0.0, 0.0, 0.0, 0.0, 0.0, 0.0, 0.0, 0.0, 0.0, 0.0, 0.0, 0.0, 0.0, 0.0, 0.0, 0.0, 0.6309228587585191, 0.536502028449818, 0.0, 0.0, 0.6108629474726816, 0.5399004287189908], "4": [0.0, 0.0, 0.0, 0.0, 0.0, 0.0, 0.0, 0.0, 0.0, 0.0, 0.0, 0.0, 0.0, 0.0, 0.0, 0.0, 0.0, 0.0, 0.0, 0.0, 0.0, 0.0, 0.0, 0.0, 0.0, 0.0, 0.0, 0.0, 0.0, 0.0, 0.6106399218086154, 0.5398673225332189, 0.0, 0.0]}