{"0": [0.0, 0.0, 0.0, 0.0, 0.6266616080266734, 0.4018281753416415, 0.6153991181403399, 0.4023955382682659, 0.6228833788617825, 0.4045440082196836, 0.6087248819569747, 0.4167052140942326, 0.6229142892065284, 0.4196522888210084, 0.0, 0.0, 0.6402679624656836, 0.41673980918195513, 0.0, 0.0, 0.6544432391722997, 0.41208305138128776, 0.5976839064775655, 0.46294612706880334, 0.6085513790448507, 0.46770938171280757, 0.5993847421060006, 0.5256638752089606, 0.0, 0.0, 0.5809626809321344, 0.5691099952768397, 0.0, 0.0], "1": [0.0, 0.0, 0.0, 0.0, 0.0, 0.0, 0.4699297758440177, 0.42485781256799343, 0.48334763919313745, 0.42652173572116425, 0.4605306883342564, 0.44874437390654176, 0.48649047476549945, 0.4557968541427895, 0.45288952607661487, 0.4856732530726327, 0.4898710126988589, 0.4928956276288739, 0.4511757214864095, 0.5207758062415653, 0.0, 0.0, 0.46070446427911516, 0.521540439625581, 0.47949973692496617, 0.5224761314138219, 0.4454490575939417, 0.5667435274286955, 0.4984798255686958, 0.5772005999529803, 0.4299712543686231, 0.6104975310188753, 0.5110332665964961, 0.6238118546980399], "2": [0.0, 0.0, 0.0, 0.0, 0.0, 0.0, 0.0, 0.0, 0.0, 0.0, 0.0, 0.0, 0.0, 0.0, 0.0, 0.0, 0.0, 0.0, 0.6528086817512909, 0.41123900939193037, 0.0, 0.0, 0.0, 0.0, 0.0, 0.0, 0.0, 0.0, 0.0, 0.0, 0.0, 0.0, 0.0, 0.0], "3": [0.0, 0.0, 0.0, 0.0, 0.0, 0.0, 0.0, 0.0, 0.0, 0.0, 0.0, 0.0, 0.0, 0.0, 0.0, 0.0, 0.0, 0.0, 0.0, 0.0, 0.0, 0.0, 0.0, 0.0, 0.0, 0.0, 0.49753307923674583, 0.5752912471691768, 0.0, 0.0, 0.0, 0.0, 0.0, 0.0], "4": [0.0, 0.0, 0.0, 0.0, 0.0, 0.0, 0.0, 0.0, 0.0, 0.0, 0.0, 0.0, 0.0, 0.0, 0.0, 0.0, 0.0, 0.0, 0.0, 0.0, 0.0, 0.0, 0.0, 0.0, 0.0, 0.0, 0.0, 0.0, 0.6000949447353681, 0.5309387904626351, 0.0, 0.0, 0.0, 0.0]}