{"0": [0.33567805752779045, 0.43413860643351515, 0.3368006939689318, 0.429797108968099, 0.33406026350955176, 0.4281014758127707, 0.0, 0.0, 0.32490507587790485, 0.42374569486688685, 0.3323581917832295, 0.44970188196058625, 0.31162725674609343, 0.4492091829026187, 0.33597654961049556, 0.49083650134227896, 0.3025289318834742, 0.48473702379398875, 0.34306282786031567, 0.5147621190382374, 0.3128639880567789, 0.5114065825939178, 0.331276299864597, 0.5277634468343523, 0.318467716469119, 0.5280518883908236, 0.3264671128243208, 0.5855200548966726, 0.32315801062310734, 0.5865250616161911, 0.3249564804136753, 0.6471535126368205, 0.3232001608548065, 0.6473099121892893], "1": [0.0, 0.0, 0.0, 0.0, 0.0, 0.0, 0.6220289188747604, 0.5081379526191288, 0.6375143237411975, 0.5083456723778336, 0.6109591325124105, 0.5439737564987607, 0.6509166931112608, 0.5505713207854165, 0.5997151661664247, 0.5940749172811154, 0.6544055643181006, 0.6122053300892865, 0.589334025979042, 0.6352308944419578, 0.0, 0.0, 0.6193994819497068, 0.656007191290458, 0.6416040538499753, 0.6600902762677935, 0.0, 0.0, 0.6423792310059071, 0.7224264920585687, 0.0, 0.0, 0.6438653834164143, 0.797252822915713], "2": [0.0, 0.0, 0.0, 0.0, 0.0, 0.0, 0.8508163704226415, 0.15454777081807455, 0.8603313832388569, 0.1526960794020582, 0.8477104912822445, 0.17226942678292592, 0.867659617215395, 0.17304494226420367, 0.0, 0.0, 0.0, 0.0, 0.0, 0.0, 0.0, 0.0, 0.0, 0.0, 0.0, 0.0, 0.0, 0.0, 0.0, 0.0, 0.0, 0.0, 0.0, 0.0], "3": [0.0, 0.0, 0.0, 0.0, 0.0, 0.0, 0.0, 0.0, 0.0, 0.0, 0.0, 0.0, 0.0, 0.0, 0.0, 0.0, 0.0, 0.0, 0.0, 0.0, 0.0, 0.0, 0.0, 0.0, 0.0, 0.0, 0.6370326252033313, 0.7228668551754068, 0.0, 0.0, 0.6438606912891072, 0.7972485644949807, 0.0, 0.0]}