{"0": [0.36751714621980985, 0.5982670700108563, 0.368558490741998, 0.5925191393604985, 0.36343058981001375, 0.593833499484592, 0.37509478045006595, 0.5920514111165647, 0.36348242312669754, 0.5957083596123589, 0.38462070288757483, 0.6160046398639679, 0.368370925479879, 0.650748078028361, 0.0, 0.0, 0.3669410519301891, 0.6993404020313864, 0.0, 0.0, 0.3525105394423008, 0.7409659798498507, 0.39322274501125015, 0.7073895866758432, 0.0, 0.0, 0.0, 0.0, 0.0, 0.0, 0.0, 0.0, 0.0, 0.0], "1": [0.0, 0.0, 0.0, 0.0, 0.0, 0.0, 0.0, 0.0, 0.0, 0.0, 0.43769354894757273, 0.5407111287117005, 0.469013145690163, 0.5335788413330361, 0.42380207578341167, 0.5874929039566605, 0.47454099853833515, 0.5170206467310587, 0.0, 0.0, 0.0, 0.0, 0.44569137431681155, 0.6473972532484267, 0.471129226932923, 0.6403708393926973, 0.4337250802665949, 0.7157356118714367, 0.4735811116173863, 0.7103672747258787, 0.4330669082701206, 0.7859984865895024, 0.4812201357019755, 0.7778388036621943], "2": [0.0, 0.0, 0.0, 0.0, 0.0, 0.0, 0.0, 0.0, 0.0, 0.0, 0.37022594759861627, 0.6538935161299175, 0.0, 0.0, 0.36716698855161667, 0.699781582283753, 0.0, 0.0, 0.3524594475204746, 0.7427158524592717, 0.0, 0.0, 0.0, 0.0, 0.0, 0.0, 0.0, 0.0, 0.0, 0.0, 0.0, 0.0, 0.0, 0.0], "3": [0.0, 0.0, 0.0, 0.0, 0.0, 0.0, 0.0, 0.0, 0.0, 0.0, 0.0, 0.0, 0.0, 0.0, 0.0, 0.0, 0.0, 0.0, 0.0, 0.0, 0.0, 0.0, 0.0, 0.0, 0.0, 0.0, 0.4726797682233155, 0.7103240417109594, 0.0, 0.0, 0.4811531071473534, 0.7801343317385073, 0.0, 0.0], "4": [0.0, 0.0, 0.0, 0.0, 0.0, 0.0, 0.0, 0.0, 0.0, 0.0, 0.0, 0.0, 0.0, 0.0, 0.0, 0.0, 0.0, 0.0, 0.0, 0.0, 0.0, 0.0, 0.0, 0.0, 0.0, 0.0, 0.0, 0.0, 0.0, 0.0, 0.0, 0.0, 0.43327044720451036, 0.7866682573601051]}