{"0": [0.17228134522835414, 0.7149778555664751, 0.1720101874942581, 0.7089701166859379, 0.0, 0.0, 0.1816502940841019, 0.7012037065294053, 0.0, 0.0, 0.20901856708029906, 0.6983323215334504, 0.20213280710546921, 0.736442547208733, 0.0, 0.0, 0.0, 0.0, 0.0, 0.0, 0.0, 0.0, 0.0, 0.0, 0.0, 0.0, 0.0, 0.0, 0.0, 0.0, 0.0, 0.0, 0.0, 0.0], "1": [0.0, 0.0, 0.0, 0.0, 0.0, 0.0, 0.0, 0.0, 0.0, 0.0, 0.40961748709281287, 0.524564591160527, 0.44216160997748377, 0.5178860818898237, 0.3993087963511546, 0.5771037106160765, 0.4551818870007992, 0.5664531022586204, 0.38729844565192856, 0.5837223320095627, 0.4517574407470723, 0.6021111947518808, 0.4191601018110911, 0.6090270269800115, 0.4444209771230817, 0.6039163286901182, 0.41997234560549257, 0.6702309770992508, 0.45461060404777526, 0.6712422154015965, 0.4213439005116622, 0.7383652120828629, 0.4713925422479709, 0.7421887876810851], "2": [0.0, 0.0, 0.0, 0.0, 0.0, 0.0, 0.0, 0.0, 0.0, 0.0, 0.0, 0.0, 0.0, 0.0, 0.0, 0.0, 0.0, 0.0, 0.0, 0.0, 0.0, 0.0, 0.25939228211839993, 0.7589709991382227, 0.0, 0.0, 0.21642231121659278, 0.8420168764061398, 0.20470350831747056, 0.8209951780460499, 0.0, 0.0, 0.0, 0.0], "3": [0.0, 0.0, 0.0, 0.0, 0.0, 0.0, 0.0, 0.0, 0.0, 0.0, 0.0, 0.0, 0.0, 0.0, 0.0, 0.0, 0.0, 0.0, 0.0, 0.0, 0.0, 0.0, 0.0, 0.0, 0.0, 0.0, 0.0, 0.0, 0.0, 0.0, 0.21551197599619626, 0.8714069406191507, 0.0, 0.0]}