{"0": [0.3149155830654005, 0.5433594639654513, 0.315685686096549, 0.5402973881474248, 0.3136930210515857, 0.5405744715973182, 0.31891173309025667, 0.5349918751804917, 0.0, 0.0, 0.0, 0.0, 0.31941428519785403, 0.5350702162142154, 0.31772258710116147, 0.5645248861224563, 0.315799842402339, 0.5600987673357681, 0.3040115696688493, 0.5923395929513154, 0.304154663036267, 0.5908228816809479, 0.3527095188076297, 0.5404534233940972, 0.3377773217856884, 0.5580121635286897, 0.36703377788265545, 0.5930451989173889, 0.324498455474774, 0.6006775869263542, 0.3861100398004054, 0.6465285233877324, 0.31806805481513345, 0.6717668869981059], "1": [0.0, 0.0, 0.0, 0.0, 0.0, 0.0, 0.3372073892503976, 0.7021759863252993, 0.35210398373310453, 0.6960422780778673, 0.3366983522971471, 0.7324532374187752, 0.3688263599993661, 0.7145633825549373, 0.0, 0.0, 0.0, 0.0, 0.0, 0.0, 0.0, 0.0, 0.0, 0.0, 0.0, 0.0, 0.0, 0.0, 0.0, 0.0, 0.0, 0.0, 0.0, 0.0], "2": [0.0, 0.0, 0.0, 0.0, 0.0, 0.0, 0.0, 0.0, 0.0, 0.0, 0.0, 0.0, 0.3355756527278572, 0.7343418772573824, 0.0, 0.0, 0.0, 0.0, 0.0, 0.0, 0.0, 0.0, 0.0, 0.0, 0.0, 0.0, 0.0, 0.0, 0.0, 0.0, 0.0, 0.0, 0.0, 0.0], "3": [0.0, 0.0, 0.0, 0.0, 0.0, 0.0, 0.0, 0.0, 0.0, 0.0, 0.0, 0.0, 0.0, 0.0, 0.0, 0.0, 0.0, 0.0, 0.0, 0.0, 0.0, 0.0, 0.0, 0.0, 0.35994166899472474, 0.5370625411125797, 0.32493504794935385, 0.6004329239880597, 0.36768869372705626, 0.5930118944909838, 0.3180894444386164, 0.6723741200235154, 0.3863552212094267, 0.6457224647204082]}