{"0": [0.2910402622073889, 0.3758079417325832, 0.2934316751236717, 0.37136159826208043, 0.2884535046915213, 0.37143124253661547, 0.2982376270306607, 0.3722536792357763, 0.2863566586126884, 0.37302724730085446, 0.3040429353713989, 0.3972974124881956, 0.2832220719506343, 0.39892757336298623, 0.3097476844365398, 0.4317100502826549, 0.2822327849144737, 0.43252093775404826, 0.2982375254544119, 0.4461982119966436, 0.28232571221888064, 0.4586637536684672, 0.3027617598573367, 0.46159233406738, 0.28779071557025115, 0.46365285885554774, 0.30824926160275934, 0.5084564899956738, 0.29107211890319984, 0.5162420948346457, 0.3104275566574264, 0.5513551119852949, 0.29217407082517943, 0.5704515050958704], "1": [0.0, 0.0, 0.0, 0.0, 0.0, 0.0, 0.3443266373127699, 0.3862005960058283, 0.355447741659979, 0.3833845805238794, 0.3386536023889979, 0.4031882866665169, 0.3651061146209637, 0.39884412200362596, 0.33465535640716554, 0.42446018302882155, 0.37624097634106873, 0.4247877010592708, 0.3442477824476858, 0.42603851910680535, 0.38249358385801313, 0.45047454944363347, 0.3498898153503736, 0.46647977122554074, 0.3652092278624575, 0.4625463645491335, 0.3542473666369915, 0.5168577278101886, 0.369390698398153, 0.515703020327621, 0.3646805972636988, 0.5650541603565216, 0.3646556519592802, 0.5644026804853368], "2": [0.0, 0.0, 0.0, 0.0, 0.0, 0.0, 0.0, 0.0, 0.0, 0.0, 0.0, 0.0, 0.0, 0.0, 0.0, 0.0, 0.0, 0.0, 0.0, 0.0, 0.36144236487646897, 0.42620168924331664, 0.0, 0.0, 0.0, 0.0, 0.0, 0.0, 0.0, 0.0, 0.0, 0.0, 0.0, 0.0]}