{"0": [0.0, 0.0, 0.0, 0.0, 0.0, 0.0, 0.5592556195954482, 0.39625183846456585, 0.5720653856173158, 0.39480500132949264, 0.5498511175314585, 0.42072397095185743, 0.5787627127021551, 0.4205709901120927, 0.5391814137808979, 0.4468038113028915, 0.5836280286312103, 0.4570594555801816, 0.0, 0.0, 0.0, 0.0, 0.5575285293161869, 0.4850982857385167, 0.5750843678911527, 0.4854452253215843, 0.5620321544508139, 0.5292387911015086, 0.5820513851940632, 0.5276782413323721, 0.5699630677700043, 0.5778667156343107, 0.5736138418937723, 0.5781118569550691], "1": [0.0, 0.0, 0.0, 0.0, 0.0, 0.0, 0.4371002381046613, 0.47582636895003144, 0.0, 0.0, 0.4356028367920468, 0.5006986074977451, 0.42189681405822443, 0.49084245805387144, 0.42441363682349525, 0.5317394199194732, 0.4058029828282694, 0.5310942277864173, 0.0, 0.0, 0.0, 0.0, 0.4296902020772298, 0.5666609803050825, 0.4310411891123901, 0.5665177352036591, 0.4266890534199774, 0.6255690413768644, 0.4261693193266789, 0.6254520858879442, 0.44158533414204915, 0.6582650944038674, 0.4290623384217421, 0.7281788486021535], "2": [0.0, 0.0, 0.0, 0.0, 0.0, 0.0, 0.0, 0.0, 0.0, 0.0, 0.0, 0.0, 0.0, 0.0, 0.0, 0.0, 0.0, 0.0, 0.0, 0.0, 0.0, 0.0, 0.0, 0.0, 0.0, 0.0, 0.0, 0.0, 0.0, 0.0, 0.4291567859550317, 0.7285303302385189, 0.0, 0.0], "3": [0.0, 0.0, 0.0, 0.0, 0.0, 0.0, 0.0, 0.0, 0.0, 0.0, 0.0, 0.0, 0.0, 0.0, 0.0, 0.0, 0.0, 0.0, 0.0, 0.0, 0.0, 0.0, 0.0, 0.0, 0.0, 0.0, 0.0, 0.0, 0.0, 0.0, 0.0, 0.0, 0.4424419759462277, 0.6586454585746483]}