{"0": [0.0, 0.0, 0.0, 0.0, 0.0, 0.0, 0.7280774865920345, 0.6303499341011047, 0.7437774814626512, 0.6395205530855391, 0.7105790814540038, 0.6355063133769566, 0.7363952487086255, 0.6761086817140932, 0.6831465238084395, 0.6580037993413431, 0.7441786605864763, 0.7150852034213366, 0.0, 0.0, 0.0, 0.0, 0.6742441187302272, 0.7438696620089037, 0.6901360708599289, 0.7497280343815131, 0.0, 0.0, 0.7340763047337532, 0.7624208894040849, 0.0, 0.0, 0.7355947368157406, 0.836097119031129], "1": [0.0, 0.0, 0.0, 0.0, 0.0, 0.0, 0.5514276416351398, 0.4992905408695892, 0.5671159025281668, 0.5024295504446383, 0.5361458462352554, 0.5282964983472118, 0.5748190338412921, 0.5348965563155986, 0.5196141614268224, 0.5775552188908613, 0.580752935136358, 0.5948836902777354, 0.5200258795171976, 0.6127199563715193, 0.5898384587373584, 0.6362647268507216, 0.5392854458652436, 0.63327548528711, 0.5647576147224754, 0.6365766021940443, 0.5268467166771491, 0.684686733285586, 0.5768296858295798, 0.6952755084744207, 0.5196087087815006, 0.7355212113371603, 0.5748446467022101, 0.7629948441629055], "2": [0.0, 0.0, 0.0, 0.0, 0.0, 0.0, 0.0, 0.0, 0.0, 0.0, 0.0, 0.0, 0.0, 0.0, 0.0, 0.0, 0.0, 0.0, 0.0, 0.0, 0.0, 0.0, 0.0, 0.0, 0.0, 0.0, 0.7317358363730212, 0.7589615166187287, 0.0, 0.0, 0.0, 0.0, 0.0, 0.0]}