{"0": [0.9355217956006527, 0.6273423684967889, 0.0, 0.0, 0.9326213508844376, 0.6220631546444363, 0.0, 0.0, 0.9241528539607923, 0.6297440996876469, 0.904220556964477, 0.6739550082771867, 0.9156550126771132, 0.686185778622274, 0.9040431313216686, 0.7560794296088041, 0.9027687130495906, 0.7585041330920326, 0.9453140638768672, 0.7441859028957508, 0.9441545477447411, 0.7500175736568593, 0.8853509895654521, 0.7928464716093538, 0.8949688370029132, 0.8033854003857683, 0.8758921752373378, 0.8671526767589428, 0.9017327047884464, 0.902169527389385, 0.8679028171425064, 0.9510363322717172, 0.8869869112968445, 0.9640510921125058], "1": [0.0, 0.0, 0.4713541609545549, 0.4164595950532843, 0.0, 0.0, 0.471297246714433, 0.4156202181621835, 0.4813344497078409, 0.40781570275624596, 0.48483654987066976, 0.43469100406876315, 0.4882150388012329, 0.43091551705642983, 0.4865213515857855, 0.47185695359000457, 0.5039117958396673, 0.45949317614237467, 0.4919462732970714, 0.5067933573766991, 0.0, 0.0, 0.4996403088172277, 0.5006412083352053, 0.5057309796723227, 0.49558663235770334, 0.49122229466835665, 0.5504433616443917, 0.49616576842963694, 0.5463623289708738, 0.5030525449042519, 0.5988023331871738, 0.5101858894976572, 0.5794135621607416], "2": [0.0, 0.0, 0.0, 0.0, 0.0, 0.0, 0.9588408980518579, 0.9706594526767731, 0.0, 0.0, 0.9572980211426815, 0.9915477922669164, 0.9732234433293343, 0.9856337856363367, 0.0, 0.0, 0.0, 0.0, 0.0, 0.0, 0.0, 0.0, 0.0, 0.0, 0.0, 0.0, 0.0, 0.0, 0.0, 0.0, 0.0, 0.0, 0.0, 0.0], "3": [0.0, 0.0, 0.0, 0.0, 0.0, 0.0, 0.0, 0.0, 0.0, 0.0, 0.0, 0.0, 0.0, 0.0, 0.9320707110067209, 0.5803575502501593, 0.0, 0.0, 0.9481950893687705, 0.549124942223231, 0.0, 0.0, 0.0, 0.0, 0.0, 0.0, 0.0, 0.0, 0.0, 0.0, 0.0, 0.0, 0.0, 0.0], "4": [0.0, 0.0, 0.0, 0.0, 0.0, 0.0, 0.0, 0.0, 0.0, 0.0, 0.0, 0.0, 0.0, 0.0, 0.0, 0.0, 0.9338802784681322, 0.5810466890257818, 0.0, 0.0, 0.9492665283381939, 0.5454086738604086, 0.0, 0.0, 0.0, 0.0, 0.0, 0.0, 0.0, 0.0, 0.0, 0.0, 0.0, 0.0], "5": [0.0, 0.0, 0.0, 0.0, 0.0, 0.0, 0.0, 0.0, 0.0, 0.0, 0.0, 0.0, 0.0, 0.0, 0.0, 0.0, 0.0, 0.0, 0.0, 0.0, 0.0, 0.0, 0.0, 0.0, 0.0, 0.0, 0.9011033341288566, 0.9025449549710309, 0.0, 0.0, 0.8862469255924225, 0.9653371448870058, 0.0, 0.0], "6": [0.0, 0.0, 0.0, 0.0, 0.0, 0.0, 0.0, 0.0, 0.0, 0.0, 0.0, 0.0, 0.0, 0.0, 0.0, 0.0, 0.0, 0.0, 0.0, 0.0, 0.0, 0.0, 0.0, 0.0, 0.0, 0.0, 0.0, 0.0, 0.0, 0.0, 0.0, 0.0, 0.869431862793863, 0.9462393736397778]}