{"0": [0.5075046169261138, 0.43713651321552416, 0.0, 0.0, 0.5059007691219449, 0.431826549216553, 0.0, 0.0, 0.49790586341599313, 0.43317171464915627, 0.47888630777597435, 0.45939339311034594, 0.4992826619495948, 0.46511305747208775, 0.46422955055410664, 0.5008986462045599, 0.5034452116737763, 0.5129284121372082, 0.4639895523587863, 0.5318275807080446, 0.5174621437986692, 0.5469899621274736, 0.4755738727748394, 0.543880145141372, 0.4936625153447191, 0.551342078657062, 0.4707732029259205, 0.5953736094964875, 0.4979093401877132, 0.6223470970436379, 0.45951725567380586, 0.6551255529401478, 0.50010560353597, 0.6880290514893002], "1": [0.7551713773359855, 0.7221624500290663, 0.0, 0.0, 0.7548513731608788, 0.716517972946167, 0.0, 0.0, 0.747633770511796, 0.7151846222579479, 0.7169901395837466, 0.7115271069385387, 0.7305957751348614, 0.7452107915723766, 0.7257181706527869, 0.8025522043307622, 0.7267741999278466, 0.8050586276584202, 0.0, 0.0, 0.0, 0.0, 0.698049203120172, 0.7877795903771012, 0.691436948130528, 0.7896487459540367, 0.7205263103048005, 0.8350265893671248, 0.7178752841427922, 0.8377341215257291, 0.727095302832701, 0.9248161139311614, 0.7271494051519161, 0.9262461949277807], "2": [0.0, 0.0, 0.0, 0.0, 0.0, 0.0, 0.0, 0.0, 0.0, 0.0, 0.0, 0.0, 0.0, 0.0, 0.0, 0.0, 0.0, 0.0, 0.5165505740791559, 0.5455653911387479, 0.0, 0.0, 0.0, 0.0, 0.0, 0.0, 0.0, 0.0, 0.0, 0.0, 0.0, 0.0, 0.0, 0.0]}