{"0": [0.48254396903018154, 0.47345801503569995, 0.4853828441506873, 0.46664345617647524, 0.4804040296624104, 0.4663700613710616, 0.4881054641058047, 0.4669160595646611, 0.4763303091128667, 0.4669965902964274, 0.48919922119627396, 0.4991096093698784, 0.4678964490691821, 0.5053245005784212, 0.4919647035499414, 0.5543641116884019, 0.0, 0.0, 0.0, 0.0, 0.0, 0.0, 0.0, 0.0, 0.0, 0.0, 0.0, 0.0, 0.0, 0.0, 0.0, 0.0, 0.0, 0.0], "1": [0.5686781210592017, 0.5271844102276697, 0.0, 0.0, 0.0, 0.0, 0.0, 0.0, 0.5552745106319587, 0.5268897237601103, 0.5722101286674539, 0.5428688289942565, 0.5430742449437579, 0.5548706385824416, 0.5839316350718339, 0.5693762183189393, 0.5417752602448066, 0.5974754917400854, 0.5860053999970357, 0.5897308543324471, 0.542351902772983, 0.6256733155912824, 0.5694209462031722, 0.6160309270576194, 0.550546440978845, 0.618570430563004, 0.5662048562119405, 0.6732572264141506, 0.5499908067286015, 0.6757995382503227, 0.5593758270765344, 0.73305848064246, 0.5434438488135735, 0.7407975022439603], "2": [0.0, 0.0, 0.0, 0.0, 0.5650274998818835, 0.5253826198754488, 0.0, 0.0, 0.0, 0.0, 0.0, 0.0, 0.0, 0.0, 0.0, 0.0, 0.0, 0.0, 0.0, 0.0, 0.0, 0.0, 0.0, 0.0, 0.0, 0.0, 0.0, 0.0, 0.0, 0.0, 0.0, 0.0, 0.0, 0.0], "3": [0.0, 0.0, 0.0, 0.0, 0.0, 0.0, 0.0, 0.0, 0.0, 0.0, 0.5414436509211858, 0.5534469506254902, 0.0, 0.0, 0.0, 0.0, 0.0, 0.0, 0.0, 0.0, 0.0, 0.0, 0.0, 0.0, 0.0, 0.0, 0.0, 0.0, 0.0, 0.0, 0.0, 0.0, 0.0, 0.0], "4": [0.0, 0.0, 0.0, 0.0, 0.0, 0.0, 0.0, 0.0, 0.0, 0.0, 0.5832348714272181, 0.5005732675945317, 0.0, 0.0, 0.5836658749729395, 0.5366175027357207, 0.0, 0.0, 0.0, 0.0, 0.0, 0.0, 0.0, 0.0, 0.0, 0.0, 0.0, 0.0, 0.0, 0.0, 0.0, 0.0, 0.0, 0.0], "5": [0.0, 0.0, 0.0, 0.0, 0.0, 0.0, 0.0, 0.0, 0.0, 0.0, 0.4673653687040011, 0.5010131477205841, 0.48606836299101513, 0.49918839473415305, 0.0, 0.0, 0.49237473954757055, 0.5587783908954373, 0.0, 0.0, 0.5017542690038681, 0.5916356731344152, 0.4709254739185174, 0.5970523560488665, 0.4892437851987779, 0.5982303040998953, 0.47082716301083566, 0.6579165871496554, 0.4882638670504093, 0.6709685560177874, 0.45652451676627, 0.7177787829328466, 0.48270980392893154, 0.7375842273787215], "6": [0.0, 0.0, 0.0, 0.0, 0.0, 0.0, 0.0, 0.0, 0.0, 0.0, 0.0, 0.0, 0.0, 0.0, 0.0, 0.0, 0.0, 0.0, 0.0, 0.0, 0.0, 0.0, 0.0, 0.0, 0.0, 0.0, 0.48808816323677695, 0.6696302957004971, 0.4711102863152822, 0.6565089299722954, 0.0, 0.0, 0.0, 0.0]}