{"0": [0.36434928264158467, 0.3955690625641082, 0.3676564856121937, 0.39260099199083115, 0.3621152115364869, 0.3919442680146959, 0.36985911900798485, 0.3873254480185332, 0.36028364387651285, 0.38812478747632767, 0.37867648179332414, 0.4002527740266588, 0.3524569687743982, 0.39866957885247684, 0.3879144489765167, 0.42518164267142616, 0.3445301061496139, 0.42335171368387015, 0.39283452319602163, 0.4504315627945794, 0.3416951020558675, 0.4543623532410021, 0.37428256260852016, 0.46411146378075635, 0.3578323356807232, 0.4638319109325056, 0.3780632589633266, 0.5115779969427321, 0.35770737069348496, 0.5122487200631036, 0.3801030953725179, 0.5609141138968644, 0.3606216249677042, 0.5611073596609963], "1": [0.31870392207444337, 0.3543050823388277, 0.32033237541715304, 0.35009964185732384, 0.3176721926778555, 0.35125623682030926, 0.32511683118840057, 0.34821845403424023, 0.31765671310325466, 0.3505056279676932, 0.33381151979168255, 0.36576683306031754, 0.31634881496429446, 0.36879719937289207, 0.3381819526354472, 0.3960924948669142, 0.3187596574454801, 0.3927836775779724, 0.3275021401233971, 0.41392748709078186, 0.31887923466662565, 0.4165826541406137, 0.33151004404450457, 0.43079966637823314, 0.3216291680932045, 0.4300858740453367, 0.33350231697161986, 0.4750033948156569, 0.3197434952482581, 0.4752616039028874, 0.3369596255322298, 0.5123241075762996, 0.3171622045338154, 0.5186504909285793]}