{"0": [0.7317331532637278, 0.6331948864653155, 0.7340517086287338, 0.6286083870463901, 0.7298155474166076, 0.6256110441077638, 0.0, 0.0, 0.7210541355113188, 0.6215763608614604, 0.6996959374596675, 0.6353731267982059, 0.7159284635136525, 0.6514120075437758, 0.0, 0.0, 0.6971439613029361, 0.6941659472606801, 0.6929850919793049, 0.703347995987645, 0.0, 0.0, 0.6691492547901968, 0.728982634180122, 0.6801027931272984, 0.7301334922512372, 0.6905818944176038, 0.7719835190861314, 0.7094322307656209, 0.7933375751530682, 0.6773930975235999, 0.7994338126094253, 0.7099478235468268, 0.886518309182591], "1": [0.0, 0.0, 0.0, 0.0, 0.0, 0.0, 0.0, 0.0, 0.5328688766807318, 0.47535882393519086, 0.507636450851957, 0.5107167623661183, 0.5374190213779608, 0.5128280900142811, 0.49445123920838036, 0.5531960864861806, 0.5467396235714356, 0.5618788405700966, 0.5034327225138744, 0.5805156417466976, 0.5535621295372645, 0.5654419172693181, 0.5100798720493913, 0.6085494312975142, 0.5336989412705103, 0.6118000754603633, 0.5038274521629016, 0.6603608612661008, 0.5450458416094383, 0.6518362714184656, 0.5001167277495067, 0.7211478092052318, 0.5360630967964729, 0.7281123252930465], "2": [0.0, 0.0, 0.0, 0.0, 0.0, 0.0, 0.0, 0.0, 0.0, 0.0, 0.0, 0.0, 0.5075431451201439, 0.5141031390538922, 0.0, 0.0, 0.4948979873210192, 0.5514114407201608, 0.0, 0.0, 0.5054993610829116, 0.583316410029376, 0.0, 0.0, 0.0, 0.0, 0.0, 0.0, 0.0, 0.0, 0.0, 0.0, 0.0, 0.0], "3": [0.0, 0.0, 0.0, 0.0, 0.0, 0.0, 0.0, 0.0, 0.0, 0.0, 0.0, 0.0, 0.0, 0.0, 0.0, 0.0, 0.0, 0.0, 0.7408939599990845, 0.6518357780244616, 0.0, 0.0, 0.0, 0.0, 0.0, 0.0, 0.0, 0.0, 0.0, 0.0, 0.0, 0.0, 0.0, 0.0], "4": [0.0, 0.0, 0.0, 0.0, 0.0, 0.0, 0.0, 0.0, 0.0, 0.0, 0.0, 0.0, 0.0, 0.0, 0.0, 0.0, 0.0, 0.0, 0.0, 0.0, 0.6936208074291547, 0.706145637123673, 0.0, 0.0, 0.0, 0.0, 0.0, 0.0, 0.0, 0.0, 0.0, 0.0, 0.0, 0.0], "5": [0.0, 0.0, 0.0, 0.0, 0.0, 0.0, 0.0, 0.0, 0.0, 0.0, 0.0, 0.0, 0.0, 0.0, 0.0, 0.0, 0.0, 0.0, 0.0, 0.0, 0.0, 0.0, 0.0, 0.0, 0.0, 0.0, 0.7077519580721855, 0.7914449166368556, 0.0, 0.0, 0.7097880139946937, 0.8853948185151375, 0.0, 0.0], "6": [0.0, 0.0, 0.0, 0.0, 0.0, 0.0, 0.0, 0.0, 0.0, 0.0, 0.0, 0.0, 0.0, 0.0, 0.0, 0.0, 0.0, 0.0, 0.0, 0.0, 0.0, 0.0, 0.0, 0.0, 0.0, 0.0, 0.0, 0.0, 0.0, 0.0, 0.0, 0.0, 0.6758829198777676, 0.8020024100939432]}