{"0": [0.0, 0.0, 0.0, 0.0, 0.0, 0.0, 0.6490422207862139, 0.5394641174210443, 0.6678345130135614, 0.542985428152261, 0.634644887348016, 0.5749443857206239, 0.6776430909832318, 0.593841376569536, 0.6271354685731543, 0.6343655619356368, 0.6765313437208533, 0.6657810445185061, 0.6282543821881215, 0.6870437226913594, 0.0, 0.0, 0.6379851618160804, 0.6913532270325555, 0.661019154265523, 0.6983077922353039, 0.6386278162399928, 0.7763886994785733, 0.655596510010461, 0.7824939279644576, 0.6362369414418936, 0.8547818903017927, 0.6530007344981035, 0.8635993067865019], "1": [0.0, 0.0, 0.0, 0.0, 0.0, 0.0, 0.0, 0.0, 0.0, 0.0, 0.46815599868625857, 0.5491845530717308, 0.49659367100425905, 0.5343577556610594, 0.4657170588771502, 0.587993938393063, 0.5121381899962824, 0.5533162926082258, 0.45387257958451915, 0.6275476074881023, 0.0, 0.0, 0.4761726043497523, 0.6333163750461406, 0.49909514759977663, 0.6279133902655707, 0.4632605357716481, 0.6711486544873979, 0.496159877628088, 0.6848929436118515, 0.46469798279770963, 0.734322706858317, 0.500515436132749, 0.7378201783255295], "2": [0.0, 0.0, 0.0, 0.0, 0.0, 0.0, 0.0, 0.0, 0.0, 0.0, 0.0, 0.0, 0.0, 0.0, 0.0, 0.0, 0.0, 0.0, 0.0, 0.0, 0.5034715766708057, 0.546048727079674, 0.0, 0.0, 0.0, 0.0, 0.0, 0.0, 0.0, 0.0, 0.0, 0.0, 0.0, 0.0]}