{"0": [0.0, 0.0, 0.0, 0.0, 0.0, 0.0, 0.7464508245388667, 0.46624315712187026, 0.0, 0.0, 0.736460788672169, 0.499289889688845, 0.7356894887362918, 0.5004938101326978, 0.0, 0.0, 0.0, 0.0, 0.0, 0.0, 0.0, 0.0, 0.7391292975284159, 0.5884959657435064, 0.7357029084737102, 0.584276720991841, 0.7378385582317909, 0.6477855881607091, 0.7359372111658256, 0.6479926375327287, 0.738954534965116, 0.7091686233707192, 0.7451101328907576, 0.6974957520063128], "1": [0.0, 0.0, 0.0, 0.0, 0.0, 0.0, 0.37943969642122594, 0.5061337171881287, 0.3950426455587149, 0.5074920629185659, 0.36360812981923424, 0.5410457617706723, 0.40028829500079155, 0.5425585627555847, 0.35333609047035375, 0.6008109538643449, 0.4175969688842694, 0.5519539734969536, 0.35052658542990683, 0.6470877112061889, 0.40887209462622803, 0.5126197062156819, 0.36733686067163945, 0.6475736828865828, 0.3935457520497342, 0.649060922143636, 0.3641048787472149, 0.7161160537490139, 0.39303103840599457, 0.7276127810831423, 0.36531790035466355, 0.7855192793740167, 0.3950005599608024, 0.797511249670276]}