{"0": [0.543666853910933, 0.46723412496072275, 0.546190228809913, 0.46263284203079014, 0.5418039340525865, 0.46261159314049616, 0.5503399288902681, 0.46386909495901185, 0.5343367238839467, 0.4645569739518342, 0.5559698294537763, 0.49538315424212703, 0.5213129575053851, 0.499305168180554, 0.5672852841516336, 0.5316137861322474, 0.5093281105160714, 0.5419692639951352, 0.574726649125417, 0.5518658793514112, 0.5170466887454191, 0.5744981761331911, 0.548213464487344, 0.5951476193136639, 0.5227780513154964, 0.5887893546717587, 0.5647407384899755, 0.6303100003136529, 0.5057444793482622, 0.6390675981839496, 0.5694129325449466, 0.700363216880295, 0.4926288940012455, 0.6985462382987694], "1": [0.0, 0.0, 0.0, 0.0, 0.0, 0.0, 0.3354690879234113, 0.5353495494083121, 0.3525049876111249, 0.5331573724746704, 0.33279786109924314, 0.5785355113170765, 0.3661382216960191, 0.5668411644382609, 0.32854316631952923, 0.6393910032731516, 0.38468136638402933, 0.6149015550260191, 0.30945081387956935, 0.6832934088177153, 0.40503212697803975, 0.656143965765282, 0.341486781463027, 0.6722097783176986, 0.3577882008006175, 0.6722323960728116, 0.3212229597071807, 0.757751504359422, 0.3393518028159936, 0.7625396732930785, 0.31256868491570156, 0.8118611482558427, 0.36628771598140397, 0.8040569312594555], "2": [0.0, 0.0, 0.0, 0.0, 0.0, 0.0, 0.8235928028821945, 0.1661023943512528, 0.8335857329269251, 0.16774558270419085, 0.8134385138750077, 0.18158772282854274, 0.8352018018097928, 0.1859813517994351, 0.0, 0.0, 0.8386446879555781, 0.2104932768477334, 0.0, 0.0, 0.0, 0.0, 0.8174480679134528, 0.22896049155129328, 0.8310973181234051, 0.230920304413195, 0.0, 0.0, 0.0, 0.0, 0.0, 0.0, 0.0, 0.0], "3": [0.0, 0.0, 0.0, 0.0, 0.0, 0.0, 0.0, 0.0, 0.0, 0.0, 0.0, 0.0, 0.0, 0.0, 0.0, 0.0, 0.0, 0.0, 0.0, 0.0, 0.0, 0.0, 0.0, 0.0, 0.0, 0.0, 0.0, 0.0, 0.0, 0.0, 0.491684074824055, 0.7005093437654, 0.0, 0.0], "4": [0.0, 0.0, 0.0, 0.0, 0.0, 0.0, 0.0, 0.0, 0.0, 0.0, 0.0, 0.0, 0.0, 0.0, 0.0, 0.0, 0.0, 0.0, 0.0, 0.0, 0.0, 0.0, 0.0, 0.0, 0.0, 0.0, 0.0, 0.0, 0.0, 0.0, 0.36658966839313506, 0.8045730286174351, 0.0, 0.0], "5": [0.0, 0.0, 0.0, 0.0, 0.0, 0.0, 0.0, 0.0, 0.0, 0.0, 0.0, 0.0, 0.0, 0.0, 0.0, 0.0, 0.0, 0.0, 0.0, 0.0, 0.0, 0.0, 0.0, 0.0, 0.0, 0.0, 0.0, 0.0, 0.0, 0.0, 0.0, 0.0, 0.5698831168313822, 0.7024845145366809]}