{"0": [0.6176590170711279, 0.4639426858336837, 0.6202684546510379, 0.4599712945796825, 0.6140211096654336, 0.4579615246366572, 0.6231512365862727, 0.4623730965234616, 0.6097548619533578, 0.46022561876862134, 0.6273270905949175, 0.4967005835639106, 0.5989320039749145, 0.49387841754489475, 0.631217553941921, 0.5414819174342685, 0.0, 0.0, 0.6408179158965746, 0.5795080427770261, 0.0, 0.0, 0.6199704154084126, 0.5830917107838172, 0.594096954446286, 0.5873087593802699, 0.6307403426927825, 0.6484018881011893, 0.5842596484969059, 0.6629756996968623, 0.6393048221866289, 0.7087302960731365, 0.587292625879248, 0.723644119169977], "1": [0.0, 0.0, 0.0, 0.0, 0.0, 0.0, 0.0, 0.0, 0.0, 0.0, 0.5707979775965214, 0.499232730600569, 0.5470831571146846, 0.49968949338352237, 0.5754550331582625, 0.531652859184477, 0.5302845522140462, 0.5285490499602423, 0.0, 0.0, 0.51291151146094, 0.5610071191081294, 0.5548624587555726, 0.5854994144704607, 0.5519934703285495, 0.5812228615085284, 0.5590233637640873, 0.6635672458344035, 0.0, 0.0, 0.5349746361374855, 0.6988657295703888, 0.5604892845808839, 0.6608516805701785], "2": [0.0, 0.0, 0.0, 0.0, 0.0, 0.0, 0.0, 0.0, 0.0, 0.0, 0.5484929899995525, 0.49752732890623586, 0.0, 0.0, 0.5301132359852393, 0.5291353145131359, 0.0, 0.0, 0.5128146972507238, 0.5622969137297736, 0.0, 0.0, 0.0, 0.0, 0.0, 0.0, 0.0, 0.0, 0.0, 0.0, 0.0, 0.0, 0.0, 0.0], "3": [0.0, 0.0, 0.0, 0.0, 0.0, 0.0, 0.0, 0.0, 0.0, 0.0, 0.0, 0.0, 0.0, 0.0, 0.0, 0.0, 0.5734985806047916, 0.5353919894606979, 0.0, 0.0, 0.0, 0.0, 0.0, 0.0, 0.0, 0.0, 0.0, 0.0, 0.0, 0.0, 0.0, 0.0, 0.0, 0.0], "4": [0.0, 0.0, 0.0, 0.0, 0.0, 0.0, 0.0, 0.0, 0.0, 0.0, 0.0, 0.0, 0.0, 0.0, 0.0, 0.0, 0.0, 0.0, 0.0, 0.0, 0.0, 0.0, 0.0, 0.0, 0.0, 0.0, 0.0, 0.0, 0.558238751689593, 0.665991093494274, 0.0, 0.0, 0.5345553428555528, 0.6990396122137705], "5": [0.0, 0.0, 0.0, 0.0, 0.0, 0.0, 0.0, 0.0, 0.0, 0.0, 0.0, 0.0, 0.0, 0.0, 0.0, 0.0, 0.0, 0.0, 0.0, 0.0, 0.0, 0.0, 0.0, 0.0, 0.0, 0.0, 0.0, 0.0, 0.0, 0.0, 0.5876325493057569, 0.7231154755861671, 0.0, 0.0]}