{"0": [0.0, 0.0, 0.0, 0.0, 0.5451022446155548, 0.575805573662122, 0.0, 0.0, 0.5418120459963878, 0.574929466622847, 0.5213235534122629, 0.581038739732409, 0.5401375589271387, 0.5879098091964369, 0.0, 0.0, 0.5460631359368563, 0.6211223968753108, 0.0, 0.0, 0.0, 0.0, 0.5109736017882824, 0.6488331580051669, 0.5207115784287452, 0.6506725556320614, 0.0, 0.0, 0.5570460590844353, 0.687033928654812, 0.0, 0.0, 0.5508382432162762, 0.7512111629600878], "1": [0.0, 0.0, 0.0, 0.0, 0.5660679273307323, 0.5331514345275031, 0.5511844525734584, 0.5283531531139657, 0.5635583604375521, 0.5342050503801417, 0.5422683710853259, 0.5501002172629038, 0.5632773308704296, 0.5633570267094506, 0.5439330074004829, 0.6193689518504673, 0.0, 0.0, 0.5511275815467039, 0.6269904524087906, 0.0, 0.0, 0.5272566092511018, 0.6515358991093105, 0.0, 0.0, 0.5567324995373686, 0.6861370832831771, 0.0, 0.0, 0.5503059493998687, 0.7478456731195803, 0.0, 0.0], "2": [0.0, 0.0, 0.0, 0.0, 0.0, 0.0, 0.3944588216021657, 0.4312353394649647, 0.4076704077422618, 0.4317987712445083, 0.3849478975869715, 0.4599616761560793, 0.41253410081068675, 0.464198539102519, 0.3768938560038805, 0.4948591561229141, 0.418587220661963, 0.5057405873581216, 0.36842710558945935, 0.5103076318899791, 0.42534474283456797, 0.5364947590563033, 0.39011859633028506, 0.5392108424946114, 0.406878978262345, 0.5392120584293648, 0.3948269229382277, 0.5909463919975141, 0.4046453413863977, 0.590718525868875, 0.3985361566146215, 0.6416580606389929, 0.4024606054027876, 0.6416397266917758], "3": [0.0, 0.0, 0.0, 0.0, 0.0, 0.0, 0.0, 0.0, 0.0, 0.0, 0.0, 0.0, 0.518841814273037, 0.5793176057162108, 0.0, 0.0, 0.0, 0.0, 0.0, 0.0, 0.0, 0.0, 0.0, 0.0, 0.0, 0.0, 0.0, 0.0, 0.0, 0.0, 0.0, 0.0, 0.0, 0.0], "4": [0.0, 0.0, 0.0, 0.0, 0.0, 0.0, 0.0, 0.0, 0.0, 0.0, 0.0, 0.0, 0.0, 0.0, 0.5355943344843884, 0.5687644569962113, 0.0, 0.0, 0.0, 0.0, 0.0, 0.0, 0.0, 0.0, 0.0, 0.0, 0.0, 0.0, 0.0, 0.0, 0.0, 0.0, 0.0, 0.0], "5": [0.0, 0.0, 0.0, 0.0, 0.0, 0.0, 0.0, 0.0, 0.0, 0.0, 0.0, 0.0, 0.0, 0.0, 0.0, 0.0, 0.5314500457762431, 0.5712627839159082, 0.0, 0.0, 0.0, 0.0, 0.0, 0.0, 0.0, 0.0, 0.0, 0.0, 0.0, 0.0, 0.0, 0.0, 0.0, 0.0], "6": [0.0, 0.0, 0.0, 0.0, 0.0, 0.0, 0.0, 0.0, 0.0, 0.0, 0.0, 0.0, 0.0, 0.0, 0.0, 0.0, 0.0, 0.0, 0.0, 0.0, 0.0, 0.0, 0.0, 0.0, 0.0, 0.0, 0.0, 0.0, 0.0, 0.0, 0.5026544791335861, 0.6978411018848419, 0.0, 0.0]}