{"0": [0.0, 0.0, 0.0, 0.0, 0.0, 0.0, 0.643799559706046, 0.5078167439886817, 0.6594891034066677, 0.5097199210414181, 0.6275866029784083, 0.539039800564448, 0.6694167009865244, 0.5449841319962784, 0.6086845599114895, 0.5866564529913442, 0.6771849308085317, 0.5923863622877333, 0.6201782800257206, 0.6113670549458927, 0.0, 0.0, 0.6338895759234826, 0.6452265774762189, 0.6587996117770671, 0.6474827440248595, 0.6326012708246708, 0.7161609211453686, 0.6609246805931132, 0.7170201356764194, 0.6338666227956613, 0.7849222441514333, 0.6624334562569857, 0.7873434586657418], "1": [0.0, 0.0, 0.0, 0.0, 0.0, 0.0, 0.2765622684111198, 0.543638169599904, 0.2895619037890962, 0.5378838549057643, 0.2721571696922183, 0.5730483129068658, 0.304031731809179, 0.5511277830711118, 0.2709523191054662, 0.6120698257728859, 0.3232020358244578, 0.5943171569594631, 0.0, 0.0, 0.31444940508032837, 0.6286688897344801, 0.288826876382033, 0.6518032667813478, 0.30786941237747667, 0.6541333263670956, 0.0, 0.0, 0.30536132690807183, 0.7177334008393464, 0.0, 0.0, 0.30540405480811994, 0.7811634073102915], "2": [0.0, 0.0, 0.0, 0.0, 0.0, 0.0, 0.0, 0.0, 0.0, 0.0, 0.30498266431192556, 0.5515554023837602, 0.0, 0.0, 0.3227439894340932, 0.5932889719804127, 0.0, 0.0, 0.3136886578674118, 0.6309774138309339, 0.0, 0.0, 0.30428519770503043, 0.6594194184850762, 0.0, 0.0, 0.30566120768586796, 0.7182898638425049, 0.0, 0.0, 0.30534167687098185, 0.7815668078898279, 0.0, 0.0], "3": [0.0, 0.0, 0.0, 0.0, 0.0, 0.0, 0.0, 0.0, 0.0, 0.0, 0.0, 0.0, 0.0, 0.0, 0.0, 0.0, 0.0, 0.0, 0.0, 0.0, 0.276161629272004, 0.6832681746394546, 0.0, 0.0, 0.0, 0.0, 0.0, 0.0, 0.0, 0.0, 0.0, 0.0, 0.0, 0.0]}