{"0": [0.11652984159688155, 0.6253934710665986, 0.11879535653473189, 0.6171172138717439, 0.0, 0.0, 0.1290911078453064, 0.6214327741552282, 0.0, 0.0, 0.1438556649411718, 0.6604973700311448, 0.14357338825985927, 0.6611451891843135, 0.11406339662423147, 0.7466046282736134, 0.11132373847067357, 0.7548921028772989, 0.08922605281695724, 0.7312130426919019, 0.09209640224774679, 0.7325981561784392, 0.1505899696300427, 0.7907603725239083, 0.16635384112596513, 0.7867768417905878, 0.14962390922009944, 0.8644564695932248, 0.1563293954823166, 0.8634273260279938, 0.16830001657004495, 0.9624533122213667, 0.17182620527843634, 0.9743756746252378], "1": [0.0, 0.0, 0.0, 0.0, 0.0, 0.0, 0.4994584081073602, 0.35865437206294803, 0.5104245629020928, 0.3598802517961573, 0.49133028239011767, 0.37875508533583746, 0.5141730785990755, 0.3807271774720263, 0.4839889634400606, 0.4076946925233912, 0.5160300590097904, 0.4162708869686833, 0.49819200582181405, 0.41666089053507205, 0.0, 0.0, 0.4947657996788621, 0.44864328233180223, 0.5096437819302082, 0.44987077426027366, 0.49418102291723087, 0.49119561734022915, 0.5126051577428976, 0.4958067097045757, 0.48444191018740335, 0.5203820298115412, 0.5121128930399815, 0.5449395238801286], "2": [0.0, 0.0, 0.0, 0.0, 0.0, 0.0, 0.0, 0.0, 0.0, 0.0, 0.0, 0.0, 0.0, 0.0, 0.0, 0.0, 0.0, 0.0, 0.0, 0.0, 0.5050633920977513, 0.4144618237460101, 0.0, 0.0, 0.0, 0.0, 0.0, 0.0, 0.0, 0.0, 0.0, 0.0, 0.0, 0.0], "3": [0.0, 0.0, 0.0, 0.0, 0.0, 0.0, 0.0, 0.0, 0.0, 0.0, 0.0, 0.0, 0.0, 0.0, 0.0, 0.0, 0.0, 0.0, 0.0, 0.0, 0.0, 0.0, 0.0, 0.0, 0.0, 0.0, 0.5113810057441394, 0.49446326670823276, 0.0, 0.0, 0.5122627002497514, 0.5448281530980712, 0.0, 0.0], "4": [0.0, 0.0, 0.0, 0.0, 0.0, 0.0, 0.0, 0.0, 0.0, 0.0, 0.0, 0.0, 0.0, 0.0, 0.0, 0.0, 0.0, 0.0, 0.0, 0.0, 0.0, 0.0, 0.0, 0.0, 0.0, 0.0, 0.0, 0.0, 0.0, 0.0, 0.0, 0.0, 0.1597906980663538, 0.9345145534586022]}