{"0": [0.5917400754988194, 0.43654214011298287, 0.0, 0.0, 0.5912271796415249, 0.4298337618509928, 0.0, 0.0, 0.5845317480464777, 0.4280835707982381, 0.5812866412879278, 0.45617114791163693, 0.5717186259726683, 0.45866254192811473, 0.5810308173454056, 0.4994753247609845, 0.573091397775958, 0.5050460782315996, 0.592413284505407, 0.5216721199176929, 0.5853617000665206, 0.5300958020819558, 0.5832415632903576, 0.5431777247676143, 0.5760964832579096, 0.5438064048135723, 0.5887833019718528, 0.5930736899375915, 0.5686595999558146, 0.5994947111165082, 0.5961612718800704, 0.6510094148141367, 0.5452502427001794, 0.6474343328012361], "1": [0.33343534792462987, 0.5539001484711965, 0.0, 0.0, 0.33218300342559814, 0.54833515352673, 0.3111261023208499, 0.55783604880174, 0.32677572341635824, 0.5546993538185402, 0.30120767491559186, 0.5985606816079883, 0.3395177414485564, 0.6087435057869663, 0.29814007150319716, 0.6545289635658265, 0.3608278113727768, 0.6538942319375497, 0.0, 0.0, 0.0, 0.0, 0.3194595153133075, 0.7224776358792075, 0.3367667365819216, 0.7284696991796846, 0.33644016881783806, 0.7894405824166757, 0.3414552683631579, 0.7957223506437408, 0.33047046810388564, 0.874291632131294, 0.33366938767333826, 0.8645865190912176], "2": [0.0, 0.0, 0.0, 0.0, 0.0, 0.0, 0.0, 0.0, 0.0, 0.0, 0.0, 0.0, 0.0, 0.0, 0.0, 0.0, 0.0, 0.0, 0.0, 0.0, 0.351080778054893, 0.6417690838928576, 0.0, 0.0, 0.0, 0.0, 0.0, 0.0, 0.0, 0.0, 0.0, 0.0, 0.0, 0.0], "3": [0.0, 0.0, 0.0, 0.0, 0.0, 0.0, 0.0, 0.0, 0.0, 0.0, 0.0, 0.0, 0.0, 0.0, 0.0, 0.0, 0.0, 0.0, 0.0, 0.0, 0.0, 0.0, 0.0, 0.0, 0.0, 0.0, 0.0, 0.0, 0.0, 0.0, 0.5454512531558673, 0.6469250569740931, 0.0, 0.0], "4": [0.0, 0.0, 0.0, 0.0, 0.0, 0.0, 0.0, 0.0, 0.0, 0.0, 0.0, 0.0, 0.0, 0.0, 0.0, 0.0, 0.0, 0.0, 0.0, 0.0, 0.0, 0.0, 0.0, 0.0, 0.0, 0.0, 0.0, 0.0, 0.0, 0.0, 0.0, 0.0, 0.5959625737120707, 0.6513049337599013]}