{"0": [0.5820195243383447, 0.4745275819743121, 0.5858885964999596, 0.4701409737269084, 0.5808687128747503, 0.46833661397298176, 0.5883782148361206, 0.47266145547231037, 0.5769408793188632, 0.4707761391169495, 0.5934101996632913, 0.5015790322312602, 0.565590002387762, 0.5001893824449292, 0.6010754700750113, 0.5631189673035233, 0.5539598361899455, 0.5459623235243338, 0.607982858022054, 0.5967752213831301, 0.5585264359911283, 0.5770054234398736, 0.5788501846293609, 0.5942544096046025, 0.5615446502963702, 0.5874885374749148, 0.0, 0.0, 0.0, 0.0, 0.0, 0.0, 0.0, 0.0], "1": [0.0, 0.0, 0.0, 0.0, 0.0, 0.0, 0.0, 0.0, 0.0, 0.0, 0.6479752654753005, 0.5146936848207756, 0.0, 0.0, 0.6591649023195107, 0.5392628713890358, 0.0, 0.0, 0.6662669723232587, 0.5636031106666283, 0.0, 0.0, 0.6392547100161513, 0.544896152312005, 0.0, 0.0, 0.6417184618612131, 0.5658857117096583, 0.0, 0.0, 0.6459721251080434, 0.6006389081478118, 0.0, 0.0], "2": [0.0, 0.0, 0.0, 0.0, 0.0, 0.0, 0.0, 0.0, 0.0, 0.0, 0.5626126810908317, 0.49871719711356693, 0.5906082587316632, 0.4983674331947609, 0.553257129713893, 0.5451182571274263, 0.6019278187770396, 0.5657694563269615, 0.0, 0.0, 0.6076501982907454, 0.5967350066536002, 0.5624776226778825, 0.5895730787957156, 0.5796741228550673, 0.5950343751245075, 0.5428799896190564, 0.6495966800936948, 0.5763067739705244, 0.6384645643057646, 0.5501894788195689, 0.7149710828921311, 0.574006245781978, 0.6910922486473012], "3": [0.0, 0.0, 0.0, 0.0, 0.0, 0.0, 0.0, 0.0, 0.0, 0.0, 0.0, 0.0, 0.6498021483421326, 0.5176868273152245, 0.0, 0.0, 0.6591856760283311, 0.5419335241670962, 0.0, 0.0, 0.666806522756815, 0.5644092718760173, 0.0, 0.0, 0.6386937897031506, 0.5482606640568486, 0.0, 0.0, 0.6420970472196738, 0.5665646606435378, 0.0, 0.0, 0.6459301667908828, 0.5999501521940585]}