{"0": [0.4731338123480479, 0.3830445806185405, 0.47472561225295073, 0.3776600647855688, 0.4702985970924299, 0.37925352432109694, 0.47701591176446534, 0.37656173419069355, 0.4651740125070016, 0.3822839021682739, 0.4813024587308367, 0.3991002798080444, 0.46147117589910824, 0.408513359008012, 0.4870177388191223, 0.42845971164879976, 0.459210675333937, 0.4397708883991948, 0.49592093552152317, 0.45647346206285333, 0.0, 0.0, 0.47724263070461653, 0.4713002614401005, 0.4659879844635725, 0.4735753642188178, 0.4805796511155549, 0.5240165118139611, 0.47049868293106556, 0.5248334613111284, 0.47074668034911155, 0.5738299902942445, 0.46871768220723947, 0.5649366791202889], "1": [0.0, 0.0, 0.0, 0.0, 0.0, 0.0, 0.3843648170431455, 0.607626141442193, 0.4066422158231338, 0.6024854807942002, 0.3861213207244873, 0.6658767117394342, 0.42415341498951115, 0.6433259657135716, 0.37614288025846077, 0.7292568622915833, 0.4419661381592353, 0.7016545287988804, 0.3539587651689847, 0.787992573943403, 0.43514441965768735, 0.6864245354025452, 0.3915377639234066, 0.7963976065524749, 0.42362870232512556, 0.7880318399380755, 0.376798601107051, 0.906460960595696, 0.0, 0.0, 0.0, 0.0, 0.0, 0.0], "2": [0.0, 0.0, 0.0, 0.0, 0.0, 0.0, 0.0, 0.0, 0.0, 0.0, 0.0, 0.0, 0.0, 0.0, 0.0, 0.0, 0.0, 0.0, 0.0, 0.0, 0.45925756183763344, 0.4675142380926344, 0.0, 0.0, 0.0, 0.0, 0.0, 0.0, 0.0, 0.0, 0.0, 0.0, 0.0, 0.0], "3": [0.0, 0.0, 0.0, 0.0, 0.0, 0.0, 0.0, 0.0, 0.0, 0.0, 0.0, 0.0, 0.0, 0.0, 0.0, 0.0, 0.0, 0.0, 0.0, 0.0, 0.4712310587366421, 0.4300203683199706, 0.0, 0.0, 0.0, 0.0, 0.0, 0.0, 0.0, 0.0, 0.0, 0.0, 0.0, 0.0]}