{"0": [0.6878656545033057, 0.4428893212918882, 0.6902986191213131, 0.4364887729839043, 0.6854455225383087, 0.4377762335318106, 0.6983195488341153, 0.43559556956644413, 0.0, 0.0, 0.7094801993419727, 0.4656651576360067, 0.686699153110385, 0.4653778906221743, 0.7232634725359579, 0.5046244462331136, 0.6835519927243392, 0.5057884940394649, 0.728244690472881, 0.5461593836545944, 0.6685310122712205, 0.5378964686283358, 0.7080024833480517, 0.5512220367237374, 0.6895824403211616, 0.5487788118697979, 0.7093518393735091, 0.6138238109924176, 0.6841232240200043, 0.6064804966802949, 0.7164190217852593, 0.6759231900727307, 0.6765106931328774, 0.6601232795803635], "1": [0.0, 0.0, 0.0, 0.0, 0.0, 0.0, 0.3694807701433699, 0.5171623135054553, 0.3862149695555369, 0.5185474669491803, 0.3537874611715476, 0.5552569124433729, 0.396484452734391, 0.5596675357056988, 0.34573759203414683, 0.6065755124867196, 0.4049646325409412, 0.6064460661676195, 0.3478103624889627, 0.6484505464633306, 0.4008653897792101, 0.644397740010862, 0.36225595759848755, 0.6632973416259995, 0.3870778122295936, 0.6636109582803867, 0.35252897180616855, 0.7339081901091118, 0.3868057447175185, 0.7412568745789705, 0.34766254359856247, 0.8068901081879933, 0.383007467041413, 0.8046754621797138], "2": [0.0, 0.0, 0.0, 0.0, 0.0, 0.0, 0.0, 0.0, 0.0, 0.0, 0.0, 0.0, 0.0, 0.0, 0.0, 0.0, 0.0, 0.0, 0.0, 0.0, 0.0, 0.0, 0.0, 0.0, 0.0, 0.0, 0.0, 0.0, 0.708259608099858, 0.6140594478006716, 0.0, 0.0, 0.0, 0.0]}