{"0": [0.3275049048786362, 0.38506668364560165, 0.33013899934788543, 0.38044470151265464, 0.32548248196641605, 0.3807008934241754, 0.3343792624771595, 0.38312167944731534, 0.3219292571147283, 0.3839325745900472, 0.34188229888677596, 0.4085456113020579, 0.3161369870106379, 0.41255821353859373, 0.3498114240666231, 0.4420722889679449, 0.31407470212628447, 0.4489060635919924, 0.34301998956749835, 0.4664171578707519, 0.31405838585148255, 0.475216301061489, 0.338520968084534, 0.47544320711383115, 0.32553779271741706, 0.47643493789213676, 0.33792678577204543, 0.522629076021689, 0.3289475371440252, 0.5223136843009679, 0.34065160378813736, 0.5672031940685378, 0.33547721200545005, 0.5655529236352003], "1": [0.0, 0.0, 0.0, 0.0, 0.0, 0.0, 0.6766195143572986, 0.5182805379231771, 0.6933478893712163, 0.5167371535742724, 0.6674594413489103, 0.5501301358143489, 0.7084818743169308, 0.556336854784577, 0.0, 0.0, 0.7182794763706625, 0.6165885095243101, 0.0, 0.0, 0.0, 0.0, 0.6651506152624885, 0.6497098865332427, 0.6927124336361885, 0.6659285178890935, 0.6520714887718593, 0.7236853182315827, 0.6864767151574294, 0.7392497173062077, 0.6445586036890745, 0.8019280941398056, 0.6818196251988411, 0.8017739326865585], "2": [0.0, 0.0, 0.0, 0.0, 0.0, 0.0, 0.0, 0.0, 0.0, 0.0, 0.0, 0.0, 0.0, 0.0, 0.0, 0.0, 0.0, 0.0, 0.0, 0.0, 0.71724690447251, 0.596530976422407, 0.0, 0.0, 0.0, 0.0, 0.0, 0.0, 0.0, 0.0, 0.0, 0.0, 0.0, 0.0], "3": [0.0, 0.0, 0.0, 0.0, 0.0, 0.0, 0.0, 0.0, 0.0, 0.0, 0.0, 0.0, 0.0, 0.0, 0.0, 0.0, 0.0, 0.0, 0.0, 0.0, 0.0, 0.0, 0.0, 0.0, 0.0, 0.0, 0.6865332866708438, 0.7399261567327712, 0.6524978339672088, 0.7237045500013564, 0.6818381417542696, 0.8051254842016431, 0.6443432190145055, 0.8026754237987377]}