{"0": [0.5440899520181119, 0.36938031845622593, 0.5453667918841044, 0.3644500719176399, 0.5417080541451772, 0.36423892158049126, 0.0, 0.0, 0.5353163605245451, 0.3652442181551898, 0.5379428486029307, 0.3875312042457086, 0.5312723702363049, 0.38760208034956894, 0.5382189905891815, 0.42666185807298723, 0.5297391382356484, 0.4242246116752978, 0.5429834092656771, 0.46007637999675893, 0.5343924661477407, 0.4608609837514383, 0.5363695124785105, 0.46068968993646126, 0.5319683204715451, 0.4617389128164009, 0.5399399591609836, 0.5068627367417018, 0.5278879007324576, 0.5084518474561197, 0.5404588447262844, 0.5519794511574286, 0.5158718056976795, 0.5532910229983153], "1": [0.6660481989383698, 0.3397333533675582, 0.666844713439544, 0.33729627855398037, 0.6654693871115644, 0.3362310569043513, 0.0, 0.0, 0.6601835990945497, 0.3336297728397228, 0.6609185770153998, 0.34928064169707124, 0.6517661121673882, 0.347587208836167, 0.6705957683424155, 0.3599679206808408, 0.6485479159901539, 0.3739783776993001, 0.6824315244952838, 0.36181994257149874, 0.6514868651827176, 0.40291073945937333, 0.6536987625062466, 0.4027732265216333, 0.6464457428703706, 0.404036534908745, 0.6619216561317444, 0.4384192596983026, 0.6473981606774032, 0.4415750546035943, 0.6567064947759111, 0.47355454784852485, 0.6422569577892622, 0.47720872853641155], "2": [0.0, 0.0, 0.0, 0.0, 0.0, 0.0, 0.0, 0.0, 0.0, 0.0, 0.0, 0.0, 0.0, 0.0, 0.0, 0.0, 0.0, 0.0, 0.0, 0.0, 0.6564258733143409, 0.36956436479533167, 0.0, 0.0, 0.0, 0.0, 0.0, 0.0, 0.0, 0.0, 0.0, 0.0, 0.0, 0.0], "3": [0.0, 0.0, 0.0, 0.0, 0.0, 0.0, 0.0, 0.0, 0.0, 0.0, 0.0, 0.0, 0.0, 0.0, 0.0, 0.0, 0.0, 0.0, 0.0, 0.0, 0.0, 0.0, 0.0, 0.0, 0.0, 0.0, 0.0, 0.0, 0.0, 0.0, 0.5159561689943075, 0.5535521374808418, 0.0, 0.0]}