{"0": [0.5326323517908652, 0.4635504541573701, 0.5358235135053595, 0.4580185227923923, 0.529253605256478, 0.4563076419962777, 0.5406384482979775, 0.46198742069579934, 0.52255183806022, 0.46050346670327363, 0.0, 0.0, 0.5169938498487076, 0.488417152122215, 0.0, 0.0, 0.5088168852031231, 0.5508819209204779, 0.0, 0.0, 0.5095836386084557, 0.5820368134313159, 0.5307913238803545, 0.5739781846257823, 0.5199669561038415, 0.5756699991446954, 0.5286212568481764, 0.6259952359453396, 0.0, 0.0, 0.5271991322515531, 0.6980921065365827, 0.5185822159362335, 0.6645744620649903], "1": [0.37442285294334093, 0.47277571757634484, 0.37561714810629687, 0.4675586587852902, 0.36968477442860603, 0.46892984829567097, 0.379609497760733, 0.4676817635695139, 0.36654413901269434, 0.47025855092538726, 0.3935246652923524, 0.5005772708190812, 0.35936325701574484, 0.5040583853368406, 0.40800620168447493, 0.5345369542086565, 0.3463648901631435, 0.5341032370373054, 0.41668447901805244, 0.5793169101079305, 0.32632017172873024, 0.5583067195283042, 0.38972865653534733, 0.597263272161837, 0.36803116103013356, 0.5996863978880423, 0.3925993502140045, 0.6499365581406488, 0.3707945783933004, 0.663390904692588, 0.3962757956236601, 0.6842493119063202, 0.3782801774640878, 0.7309180793938813], "2": [0.0, 0.0, 0.0, 0.0, 0.0, 0.0, 0.0, 0.0, 0.0, 0.0, 0.0, 0.0, 0.0, 0.0, 0.0, 0.0, 0.0, 0.0, 0.0, 0.0, 0.0, 0.0, 0.0, 0.0, 0.0, 0.0, 0.37245087378347913, 0.6633182741701603, 0.0, 0.0, 0.0, 0.0, 0.0, 0.0], "3": [0.0, 0.0, 0.0, 0.0, 0.0, 0.0, 0.0, 0.0, 0.0, 0.0, 0.0, 0.0, 0.0, 0.0, 0.0, 0.0, 0.0, 0.0, 0.0, 0.0, 0.0, 0.0, 0.0, 0.0, 0.0, 0.0, 0.0, 0.0, 0.5298233184963465, 0.6267150381097087, 0.0, 0.0, 0.5268770178159078, 0.6991858338868177], "4": [0.0, 0.0, 0.0, 0.0, 0.0, 0.0, 0.0, 0.0, 0.0, 0.0, 0.0, 0.0, 0.0, 0.0, 0.0, 0.0, 0.0, 0.0, 0.0, 0.0, 0.0, 0.0, 0.0, 0.0, 0.0, 0.0, 0.0, 0.0, 0.0, 0.0, 0.3785156935453415, 0.729923630202258, 0.0, 0.0]}