{"0": [0.6582009273270766, 0.43567401170730585, 0.0, 0.0, 0.6578004192560911, 0.4294190949863858, 0.0, 0.0, 0.6513382420564692, 0.424662274784512, 0.6309340165617566, 0.4450557311375936, 0.644859649737676, 0.4531305383752893, 0.6236779347682992, 0.47864580474517965, 0.6477238668594509, 0.49572471115324235, 0.0, 0.0, 0.6485577560961246, 0.5246863157660873, 0.6266052455020448, 0.5346722218725416, 0.6402441741898656, 0.5359349886576334, 0.6291258543729781, 0.5883104743229018, 0.6443078566342593, 0.5965034353788252, 0.6251959664126238, 0.6470176875591278, 0.6424961101263763, 0.6590315690747014], "1": [0.0, 0.0, 0.0, 0.0, 0.0, 0.0, 0.39988039086262384, 0.5200576391485002, 0.41658251509070393, 0.5215310909129955, 0.3884317164619764, 0.559254560936501, 0.42598101074496897, 0.5627306604826892, 0.3759257487952709, 0.6142649968465169, 0.43281224109232425, 0.6219888806343079, 0.36574504400293034, 0.6541373292605083, 0.0, 0.0, 0.3877321952333053, 0.6703438763679178, 0.41288148164749144, 0.6716177194206803, 0.3808540294257303, 0.7520979455499738, 0.42129823577900727, 0.7421984043386247, 0.37853659987449645, 0.8332881976505396, 0.42512573488056665, 0.8060762807174965], "2": [0.0, 0.0, 0.0, 0.0, 0.0, 0.0, 0.0, 0.0, 0.0, 0.0, 0.0, 0.0, 0.0, 0.0, 0.0, 0.0, 0.0, 0.0, 0.0, 0.0, 0.419151686752836, 0.6286603033542632, 0.0, 0.0, 0.0, 0.0, 0.0, 0.0, 0.0, 0.0, 0.0, 0.0, 0.0, 0.0], "3": [0.0, 0.0, 0.0, 0.0, 0.0, 0.0, 0.0, 0.0, 0.0, 0.0, 0.0, 0.0, 0.0, 0.0, 0.0, 0.0, 0.0, 0.0, 0.0, 0.0, 0.0, 0.0, 0.0, 0.0, 0.0, 0.0, 0.0, 0.0, 0.0, 0.0, 0.0, 0.0, 0.3785646793742974, 0.8336652300975942]}