{"0": [0.3844213305041194, 0.39191453147817545, 0.3868491689364115, 0.38710157760867364, 0.3813679549144581, 0.38821619401375457, 0.3905471161007881, 0.3903326530147482, 0.377427020855248, 0.39216135651976974, 0.39997240516046684, 0.41838099873728224, 0.3736049320548773, 0.4208915257895434, 0.4069856415192286, 0.4479952379509255, 0.37417261898517606, 0.4565989571589011, 0.4016897413569192, 0.4393235589619036, 0.3705819660176833, 0.4745480570528242, 0.40065919620295365, 0.48682077946486296, 0.38380207009613515, 0.4904274342236695, 0.4030053099617362, 0.5357531346656658, 0.388856873785456, 0.5420576746816989, 0.405393087801834, 0.5839198580494633, 0.395254851753513, 0.593674612045288], "1": [0.44783855707695086, 0.37273493828596893, 0.44853902713706095, 0.3684339682261149, 0.0, 0.0, 0.452657130608956, 0.3685162166754405, 0.0, 0.0, 0.4601100780690709, 0.39009646662959346, 0.459552547087272, 0.38757066616305597, 0.4606540382063637, 0.42999204220595183, 0.4565196112419168, 0.4244020311920731, 0.44805057034827767, 0.4526696836506879, 0.0, 0.0, 0.4631993561983109, 0.4597180485725403, 0.46762240926424664, 0.45733035504817965, 0.46402794706324735, 0.5066597837540838, 0.4586011158923308, 0.5058159508087017, 0.4579020573447148, 0.554569771113219, 0.45809867394467196, 0.5535205571739762], "2": [0.0, 0.0, 0.0, 0.0, 0.0, 0.0, 0.0, 0.0, 0.0, 0.0, 0.0, 0.0, 0.0, 0.0, 0.0, 0.0, 0.0, 0.0, 0.0, 0.0, 0.0, 0.0, 0.0, 0.0, 0.0, 0.0, 0.0, 0.0, 0.47399785841504727, 0.5124269750383165, 0.0, 0.0, 0.48996953029806417, 0.5615428145285006], "3": [0.0, 0.0, 0.0, 0.0, 0.0, 0.0, 0.0, 0.0, 0.0, 0.0, 0.0, 0.0, 0.0, 0.0, 0.0, 0.0, 0.0, 0.0, 0.0, 0.0, 0.0, 0.0, 0.0, 0.0, 0.0, 0.0, 0.0, 0.0, 0.0, 0.0, 0.4895782617231211, 0.5605783768274166, 0.0, 0.0]}