{"0": [0.6983655764410893, 0.6093698891224685, 0.0, 0.0, 0.6983773299182455, 0.6033734176445891, 0.0, 0.0, 0.6938170625129714, 0.6029410554854958, 0.6765045704320073, 0.6223766013428017, 0.6720244967068235, 0.6200427504601302, 0.6937391067816255, 0.6761669984570255, 0.0, 0.0, 0.708784501751264, 0.6996176230410734, 0.0, 0.0, 0.6632738107194504, 0.7177720520231459, 0.644171676132828, 0.7215064280011037, 0.6882161214947701, 0.741040289843524, 0.0, 0.0, 0.6904372898861766, 0.8190555771191915, 0.6582095069189866, 0.785635996527142], "1": [0.0, 0.0, 0.0, 0.0, 0.0, 0.0, 0.5350757351145148, 0.5123848466961473, 0.5458669237792492, 0.5163925881739015, 0.5185724115930498, 0.539177080657747, 0.553036357027789, 0.5572132309277852, 0.5037834239502748, 0.5910939905378554, 0.5547211250911156, 0.6119248437660711, 0.0, 0.0, 0.5591712263723214, 0.6520511059849351, 0.5165458748737971, 0.6445268445544773, 0.5398393259383738, 0.6530039626139181, 0.5094041125848889, 0.701661569431976, 0.545213762546579, 0.7135161944009639, 0.5000007819384336, 0.7559821753590197, 0.5330739494413137, 0.7733312358458838], "2": [0.0, 0.0, 0.0, 0.0, 0.0, 0.0, 0.0, 0.0, 0.0, 0.0, 0.0, 0.0, 0.0, 0.0, 0.0, 0.0, 0.0, 0.0, 0.0, 0.0, 0.0, 0.0, 0.6408108367274205, 0.7169914437664879, 0.0, 0.0, 0.0, 0.0, 0.6879929075638453, 0.7429007292897613, 0.0, 0.0, 0.6894734315574169, 0.8202664511071311], "3": [0.0, 0.0, 0.0, 0.0, 0.0, 0.0, 0.0, 0.0, 0.0, 0.0, 0.0, 0.0, 0.0, 0.0, 0.0, 0.0, 0.0, 0.0, 0.0, 0.0, 0.0, 0.0, 0.0, 0.0, 0.0, 0.0, 0.0, 0.0, 0.0, 0.0, 0.6578145158787568, 0.7852750455891645, 0.0, 0.0]}