{"0": [0.6701237108558417, 0.4443410533445853, 0.0, 0.0, 0.6701519278188547, 0.4378261771466997, 0.654003769904375, 0.431298491469136, 0.6647284413998326, 0.4348814728083434, 0.6416578114032745, 0.44990485454047163, 0.654792140175899, 0.4632084919070756, 0.6296565758685271, 0.4653483340033778, 0.6512812874590357, 0.5222728963113493, 0.0, 0.0, 0.6616494650642079, 0.5612506069518902, 0.6355926708163072, 0.534476583092301, 0.6426748789846897, 0.5363572467256476, 0.640206427872181, 0.595636418627368, 0.6417623395721118, 0.5970923286897165, 0.6355939021954934, 0.6582794697196396, 0.6365941870957613, 0.6627843852672312], "1": [0.0, 0.0, 0.0, 0.0, 0.0, 0.0, 0.0, 0.0, 0.3747446651260058, 0.5297912057489157, 0.35114399207135044, 0.5639364931318495, 0.3885082326829433, 0.5682158705261019, 0.0, 0.0, 0.39809801982094845, 0.6288266559441884, 0.0, 0.0, 0.38905856280277173, 0.647410952217049, 0.35539636996885143, 0.6699571278084208, 0.3803472022836408, 0.671524617627815, 0.35954909194260837, 0.751158395299205, 0.39349929077240325, 0.7337206758834698, 0.3612001067648331, 0.8331620373659664, 0.410531603723454, 0.7940331863032447], "2": [0.0, 0.0, 0.0, 0.0, 0.0, 0.0, 0.0, 0.0, 0.0, 0.0, 0.0, 0.0, 0.0, 0.0, 0.6517376634913187, 0.5164922302519833, 0.0, 0.0, 0.0, 0.0, 0.0, 0.0, 0.0, 0.0, 0.0, 0.0, 0.0, 0.0, 0.0, 0.0, 0.0, 0.0, 0.0, 0.0]}