{"0": [0.48665987762312096, 0.5685559804792757, 0.4903773657356699, 0.5623999469810061, 0.48337507868806523, 0.5612247007864493, 0.49539649821817877, 0.5637257412627891, 0.4774378662308057, 0.5599302795198229, 0.5043101883182923, 0.600924637803325, 0.46620868419607486, 0.5932006703482734, 0.5140915096116563, 0.6627754318631358, 0.4590542803208033, 0.6471997560174377, 0.5025495404998461, 0.6888203086676421, 0.46216997429728507, 0.6987227118677564, 0.49724733997136356, 0.6863584837427845, 0.4696431210885445, 0.6858538073522074, 0.0, 0.0, 0.0, 0.0, 0.0, 0.0, 0.0, 0.0], "1": [0.0, 0.0, 0.0, 0.0, 0.0, 0.0, 0.0, 0.0, 0.593049452578028, 0.499581665324944, 0.5660101275891065, 0.5276298887199826, 0.6053236971298853, 0.5278352434988375, 0.5562852244203289, 0.5834941939071373, 0.6099054171082874, 0.5702202196474428, 0.5595474963386854, 0.6378962567558994, 0.616465496768554, 0.6095239745246039, 0.5721165887390574, 0.6412612107064988, 0.5974503542296589, 0.6407809037404756, 0.574773749212424, 0.6981185339115283, 0.5983892555348576, 0.7108600393489555, 0.5790815046677987, 0.7516502776079708, 0.5968998099366823, 0.7700670584484383], "2": [0.0, 0.0, 0.0, 0.0, 0.0, 0.0, 0.0, 0.0, 0.0, 0.0, 0.0, 0.0, 0.0, 0.0, 0.0, 0.0, 0.0, 0.0, 0.0, 0.0, 0.0, 0.0, 0.0, 0.0, 0.0, 0.0, 0.475356234361728, 0.6404721996298542, 0.0, 0.0, 0.0, 0.0, 0.0, 0.0], "3": [0.0, 0.0, 0.0, 0.0, 0.0, 0.0, 0.0, 0.0, 0.0, 0.0, 0.0, 0.0, 0.0, 0.0, 0.0, 0.0, 0.0, 0.0, 0.0, 0.0, 0.0, 0.0, 0.0, 0.0, 0.0, 0.0, 0.0, 0.0, 0.4751515434434016, 0.6423941007366887, 0.0, 0.0, 0.0, 0.0]}