{"0": [0.2149526801581184, 0.6964965250757006, 0.2143610191065818, 0.6894285568484553, 0.0, 0.0, 0.22488789012034735, 0.681040115930416, 0.0, 0.0, 0.24329994699607294, 0.6985740816151654, 0.241081865346235, 0.697375414089745, 0.22967382706701753, 0.7682147672882786, 0.23043968435376883, 0.7669141938564954, 0.21399371953060228, 0.8048610563631411, 0.21409367714077235, 0.8033788078361087, 0.29067550400892894, 0.8021067274941338, 0.2830436881631613, 0.7884427030053404, 0.2425924467543761, 0.8128415995173984, 0.0, 0.0, 0.24350372147746385, 0.8990596078060292, 0.24341618344187735, 0.8969154585290838], "1": [0.0, 0.0, 0.0, 0.0, 0.0, 0.0, 0.4685318784788251, 0.4817908821282563, 0.0, 0.0, 0.45799776626129945, 0.5242038786411285, 0.49355853063364824, 0.5106009673189233, 0.45032592179874587, 0.5671006451602335, 0.5092532935241858, 0.53836032571616, 0.4497185895840327, 0.5908254791189124, 0.5188543873295809, 0.56562462426998, 0.47235605902969835, 0.6154688340646249, 0.496138696372509, 0.6189382064397688, 0.45950607185562453, 0.6669824529577184, 0.5100610784565409, 0.6580785117767475, 0.455330538811783, 0.7276553674980446, 0.5194504353528221, 0.7193977049103489], "2": [0.0, 0.0, 0.0, 0.0, 0.0, 0.0, 0.0, 0.0, 0.0, 0.0, 0.0, 0.0, 0.0, 0.0, 0.0, 0.0, 0.0, 0.0, 0.0, 0.0, 0.0, 0.0, 0.0, 0.0, 0.0, 0.0, 0.2711462174852689, 0.8747599798220175, 0.2438303468050435, 0.8087662961747911, 0.0, 0.0, 0.0, 0.0], "3": [0.0, 0.0, 0.0, 0.0, 0.0, 0.0, 0.0, 0.0, 0.0, 0.0, 0.0, 0.0, 0.0, 0.0, 0.0, 0.0, 0.0, 0.0, 0.0, 0.0, 0.0, 0.0, 0.0, 0.0, 0.0, 0.0, 0.0, 0.0, 0.27396081139643985, 0.8726616848398138, 0.0, 0.0, 0.0, 0.0], "4": [0.0, 0.0, 0.0, 0.0, 0.0, 0.0, 0.0, 0.0, 0.0, 0.0, 0.0, 0.0, 0.0, 0.0, 0.0, 0.0, 0.0, 0.0, 0.0, 0.0, 0.0, 0.0, 0.0, 0.0, 0.0, 0.0, 0.0, 0.0, 0.0, 0.0, 0.3163063030689955, 0.8640327475689076, 0.0, 0.0], "5": [0.0, 0.0, 0.0, 0.0, 0.0, 0.0, 0.0, 0.0, 0.0, 0.0, 0.0, 0.0, 0.0, 0.0, 0.0, 0.0, 0.0, 0.0, 0.0, 0.0, 0.0, 0.0, 0.0, 0.0, 0.0, 0.0, 0.0, 0.0, 0.0, 0.0, 0.0, 0.0, 0.31551255540301404, 0.8635928183794022]}