{"0": [0.6935782310552895, 0.445151428381602, 0.6948836095631121, 0.43940482051284224, 0.6922198311736186, 0.44107353243011016, 0.7026027591588596, 0.43787174092398756, 0.0, 0.0, 0.7115610156208276, 0.46706486410564846, 0.699165719250838, 0.4653522036693714, 0.7188077927993921, 0.5208699270530983, 0.6990982584655285, 0.5142557012262168, 0.705709764547646, 0.5461006854419355, 0.0, 0.0, 0.7028820293645064, 0.5658643751232713, 0.6964016277343035, 0.5644482166678817, 0.6983143837501605, 0.6167379035993859, 0.0, 0.0, 0.704722405721744, 0.6773256088296572, 0.7033690645049016, 0.6721233646074931], "1": [0.0, 0.0, 0.0, 0.0, 0.0, 0.0, 0.3758001102755467, 0.5140467937897752, 0.39052896443754437, 0.5147192938460244, 0.3608212834224105, 0.5467067071685084, 0.40272097401320933, 0.5483605091218595, 0.3539867045978705, 0.5958402027686437, 0.41087267914166054, 0.5968287111432464, 0.3521313269467404, 0.6411017091461906, 0.40942222575346626, 0.6208886766875231, 0.3699638295918703, 0.6540985140535567, 0.39480292548735935, 0.6546919673681261, 0.35897434651851656, 0.7260895759971054, 0.3935411175712943, 0.7269722585324888, 0.35807940165201824, 0.8025032955187338, 0.39256840199232096, 0.7944785951464265], "2": [0.0, 0.0, 0.0, 0.0, 0.0, 0.0, 0.0, 0.0, 0.0, 0.0, 0.0, 0.0, 0.0, 0.0, 0.0, 0.0, 0.0, 0.0, 0.0, 0.0, 0.679559160520633, 0.5336788142168963, 0.0, 0.0, 0.0, 0.0, 0.0, 0.0, 0.0, 0.0, 0.0, 0.0, 0.0, 0.0], "3": [0.0, 0.0, 0.0, 0.0, 0.0, 0.0, 0.0, 0.0, 0.0, 0.0, 0.0, 0.0, 0.0, 0.0, 0.0, 0.0, 0.0, 0.0, 0.0, 0.0, 0.0, 0.0, 0.0, 0.0, 0.0, 0.0, 0.0, 0.0, 0.6993205076704423, 0.616422982789852, 0.0, 0.0, 0.0, 0.0]}