{"0": [0.28405097176631294, 0.45709535898985687, 0.285205012653023, 0.4507157776090834, 0.0, 0.0, 0.28417585728069145, 0.44923230475849574, 0.29236834247907, 0.44726847851717916, 0.309210654348135, 0.48495022872531857, 0.28358853061993916, 0.498612094256613, 0.3193944071109096, 0.5299953530232112, 0.2809418880691131, 0.53431369860967, 0.3203725372751554, 0.5722741173373329, 0.2843555963287751, 0.5683609207471212, 0.31029340089298785, 0.5739408782372872, 0.293675912070709, 0.5748225802624667, 0.3133315622806549, 0.6344988728011096, 0.30310090805093454, 0.6374371316697862, 0.3232780845835805, 0.6937296362938704, 0.31081361044198275, 0.6870375046023616], "1": [0.0, 0.0, 0.0, 0.0, 0.2839413935939471, 0.451722166273329, 0.0, 0.0, 0.0, 0.0, 0.0, 0.0, 0.0, 0.0, 0.0, 0.0, 0.0, 0.0, 0.0, 0.0, 0.0, 0.0, 0.0, 0.0, 0.0, 0.0, 0.0, 0.0, 0.0, 0.0, 0.0, 0.0, 0.0, 0.0], "2": [0.0, 0.0, 0.0, 0.0, 0.0, 0.0, 0.0, 0.0, 0.0, 0.0, 0.20844694127639135, 0.5447223939277508, 0.2416120558977127, 0.5340688440534803, 0.19818314214547475, 0.5974749126919994, 0.2515049774820606, 0.57590191507781, 0.1969718980292479, 0.6433017203101405, 0.24968400796254475, 0.6063740928967793, 0.21554362643510103, 0.6278339622197328, 0.2390221819281578, 0.6246362954378128, 0.21441437647057077, 0.6810257624696803, 0.24766781019667786, 0.6850213685659348, 0.2107338026476403, 0.7358634272107372, 0.24997499957680702, 0.7511168073172922], "3": [0.0, 0.0, 0.0, 0.0, 0.0, 0.0, 0.0, 0.0, 0.0, 0.0, 0.2400084995664656, 0.530747021789904, 0.20724051191161078, 0.5487094612033279, 0.0, 0.0, 0.19928920790553092, 0.597232375100807, 0.0, 0.0, 0.19812302514910698, 0.6437352701469704, 0.23910882913817963, 0.6249906415188754, 0.21667236412564914, 0.6251742782416166, 0.24743518695856134, 0.6838898173084965, 0.2151437371348341, 0.6804354729475799, 0.24962887167930603, 0.7508174011000881, 0.0, 0.0]}