{"0": [0.4111935888727506, 0.6003995462700172, 0.0, 0.0, 0.4089944815884034, 0.5946304546462164, 0.38403660207986834, 0.6093769938857467, 0.40104386806488035, 0.602248481799055, 0.36833843365311625, 0.6639917059077157, 0.4126060411334038, 0.6482892242432744, 0.36995948863526185, 0.7191061306882788, 0.0, 0.0, 0.0, 0.0, 0.0, 0.0, 0.38270275058845676, 0.7755006719518591, 0.0, 0.0, 0.0, 0.0, 0.0, 0.0, 0.0, 0.0, 0.0, 0.0], "1": [0.0, 0.0, 0.0, 0.0, 0.0, 0.0, 0.453249217197299, 0.5074877971231385, 0.46655299216508866, 0.5061925496216173, 0.44575206761558844, 0.5366838704104777, 0.4767556764185429, 0.5348926923893117, 0.4408567663282156, 0.5733764795241533, 0.4871005826940139, 0.5702336152394613, 0.45013057366013526, 0.6012711970894425, 0.49121759707729024, 0.5991139714364653, 0.4549183979067642, 0.6213973339737509, 0.47765476560841, 0.6059437489068068, 0.4352479884090524, 0.6709586179918713, 0.47969042249023913, 0.6402897965300967, 0.4558667212724686, 0.7147445632765691, 0.4854712778197912, 0.6880874095139679], "2": [0.0, 0.0, 0.0, 0.0, 0.0, 0.0, 0.0, 0.0, 0.0, 0.0, 0.0, 0.0, 0.0, 0.0, 0.0, 0.0, 0.0, 0.0, 0.0, 0.0, 0.0, 0.0, 0.0, 0.0, 0.0, 0.0, 0.0, 0.0, 0.4355127086630091, 0.676937101284663, 0.0, 0.0, 0.0, 0.0], "3": [0.0, 0.0, 0.0, 0.0, 0.0, 0.0, 0.0, 0.0, 0.0, 0.0, 0.0, 0.0, 0.0, 0.0, 0.0, 0.0, 0.0, 0.0, 0.0, 0.0, 0.0, 0.0, 0.0, 0.0, 0.0, 0.0, 0.0, 0.0, 0.0, 0.0, 0.0, 0.0, 0.4567945341269175, 0.715679642116582], "4": [0.0, 0.0, 0.0, 0.0, 0.0, 0.0, 0.0, 0.0, 0.0, 0.0, 0.0, 0.0, 0.0, 0.0, 0.0, 0.0, 0.0, 0.0, 0.0, 0.0, 0.0, 0.0, 0.0, 0.0, 0.0, 0.0, 0.0, 0.0, 0.0, 0.0, 0.0, 0.0, 0.42459225133061407, 0.7359330311969473]}