{"0": [0.0, 0.0, 0.0, 0.0, 0.0, 0.0, 0.6328390164921681, 0.5207801029638007, 0.6510197120408218, 0.5197486374113295, 0.6192475422595938, 0.5650383023200212, 0.6649847651521366, 0.5545641952090793, 0.6188662892052282, 0.618041653600004, 0.6741565818587938, 0.5970493280777225, 0.0, 0.0, 0.665639248987039, 0.6323170417988742, 0.632029250326256, 0.6696571270072902, 0.6598978360183537, 0.6681218226750693, 0.628498126193881, 0.7525888363520303, 0.6717578787356615, 0.7310038087544618, 0.6262595013404886, 0.8152093028580701, 0.679316075394551, 0.802411342991723], "1": [0.0, 0.0, 0.0, 0.0, 0.0, 0.0, 0.3287476435303688, 0.4644749933922732, 0.3350495690169434, 0.463482709063424, 0.3322248331702404, 0.4950260901914251, 0.3229947985848412, 0.5028312140040927, 0.0, 0.0, 0.338136616970102, 0.5387771970695919, 0.0, 0.0, 0.0, 0.0, 0.3349637309399744, 0.5821303400176543, 0.3329228421052297, 0.581781462745534, 0.3247183943369298, 0.6464215395562586, 0.3289028103946533, 0.6365021494300249, 0.33997177621349695, 0.7157283905479643, 0.3399005454344054, 0.7156911102158052], "2": [0.0, 0.0, 0.0, 0.0, 0.0, 0.0, 0.0, 0.0, 0.0, 0.0, 0.0, 0.0, 0.0, 0.0, 0.0, 0.0, 0.0, 0.0, 0.0, 0.0, 0.0, 0.0, 0.0, 0.0, 0.0, 0.0, 0.0, 0.0, 0.0, 0.0, 0.34489282915989566, 0.672213543454806, 0.0, 0.0], "3": [0.0, 0.0, 0.0, 0.0, 0.0, 0.0, 0.0, 0.0, 0.0, 0.0, 0.0, 0.0, 0.0, 0.0, 0.0, 0.0, 0.0, 0.0, 0.0, 0.0, 0.0, 0.0, 0.0, 0.0, 0.0, 0.0, 0.0, 0.0, 0.0, 0.0, 0.0, 0.0, 0.34481972257296245, 0.6737678660286798]}