{"0": [0.3309147009626031, 0.4503192455680282, 0.0, 0.0, 0.329131226738294, 0.4437746118616175, 0.0, 0.0, 0.3244971858958403, 0.4401459057022024, 0.31029750335340694, 0.46793704121201124, 0.31387598980218173, 0.4703704092367877, 0.3140236267820001, 0.5320937125771134, 0.3115983743220568, 0.5334568798542023, 0.34391877707093954, 0.5338643714233681, 0.3327188972383738, 0.5455547382434209, 0.3234872400139769, 0.5539077849299819, 0.3177187758187453, 0.5551606215812542, 0.32276752271379033, 0.6239104789716227, 0.32602535200615723, 0.6246209421643505, 0.31932927990953125, 0.6856699556664184, 0.31851947812053066, 0.6890171675770371], "1": [0.0, 0.0, 0.0, 0.0, 0.0, 0.0, 0.669560260946552, 0.526802103166227, 0.6855237290728837, 0.5254670884874132, 0.653490765268604, 0.5613229281372494, 0.6973543495560686, 0.5668821617684983, 0.640664537747701, 0.6200567794066888, 0.7047218558688957, 0.6153203633096483, 0.6510586668426792, 0.6466617553322404, 0.7068978087355693, 0.6482560838883121, 0.6557498234324157, 0.663674553235372, 0.6831127683321635, 0.6702660141305791, 0.6459401751557987, 0.7240060088811098, 0.6844339129204552, 0.7461762564049826, 0.6364574909210206, 0.7900001749948219, 0.6864832667013009, 0.8258929363003482], "2": [0.0, 0.0, 0.0, 0.0, 0.0, 0.0, 0.0, 0.0, 0.0, 0.0, 0.0, 0.0, 0.0, 0.0, 0.0, 0.0, 0.33456518724560735, 0.5492236839400397, 0.0, 0.0, 0.0, 0.0, 0.0, 0.0, 0.0, 0.0, 0.0, 0.0, 0.0, 0.0, 0.0, 0.0, 0.0, 0.0], "3": [0.0, 0.0, 0.0, 0.0, 0.0, 0.0, 0.0, 0.0, 0.0, 0.0, 0.0, 0.0, 0.0, 0.0, 0.0, 0.0, 0.0, 0.0, 0.0, 0.0, 0.0, 0.0, 0.0, 0.0, 0.0, 0.0, 0.0, 0.0, 0.0, 0.0, 0.6864897447327772, 0.8294623193917451, 0.0, 0.0]}