{"0": [0.5637375710532069, 0.6120288711455133, 0.0, 0.0, 0.5617355914165576, 0.603659081534931, 0.0, 0.0, 0.550217334801952, 0.6023014424023805, 0.5626975400994222, 0.6479267278617179, 0.5265112660204371, 0.6356713515740854, 0.5659338715175788, 0.7031336234675514, 0.0, 0.0, 0.5546790809681018, 0.7261779877874587, 0.0, 0.0, 0.5466843335578839, 0.7377468344789965, 0.5233942976842324, 0.7294492142895858, 0.5463883784910043, 0.797170268882204, 0.0, 0.0, 0.0, 0.0, 0.0, 0.0], "1": [0.5135640282183885, 0.513754285816793, 0.0, 0.0, 0.5115932293236256, 0.5092561721801758, 0.0, 0.0, 0.5048944622278213, 0.512297151044563, 0.4841977453480164, 0.541179272642842, 0.5119511413077514, 0.5590151402961325, 0.4728855713910889, 0.5790088024404314, 0.5173219601313274, 0.6108333061138789, 0.0, 0.0, 0.0, 0.0, 0.4848979682972034, 0.6288340478031723, 0.5063001559348776, 0.6395142204231686, 0.480808584485203, 0.6680392750987301, 0.502799316868186, 0.6943745055684337, 0.4566185168921947, 0.7130091653929815, 0.4990126837044954, 0.7418485270606147], "2": [0.0, 0.0, 0.0, 0.0, 0.0, 0.0, 0.0, 0.0, 0.0, 0.0, 0.0, 0.0, 0.0, 0.0, 0.0, 0.0, 0.0, 0.0, 0.0, 0.0, 0.5247340083122254, 0.624360614352756, 0.0, 0.0, 0.0, 0.0, 0.0, 0.0, 0.0, 0.0, 0.0, 0.0, 0.0, 0.0], "3": [0.0, 0.0, 0.0, 0.0, 0.0, 0.0, 0.0, 0.0, 0.0, 0.0, 0.0, 0.0, 0.0, 0.0, 0.0, 0.0, 0.0, 0.0, 0.0, 0.0, 0.0, 0.0, 0.0, 0.0, 0.0, 0.0, 0.5017296666900316, 0.6941274342713533, 0.0, 0.0, 0.50218537474672, 0.7401914406705785, 0.0, 0.0]}