{"0": [0.0, 0.0, 0.0, 0.0, 0.0, 0.0, 0.35814868062734606, 0.4280251145362854, 0.3716219178090493, 0.4292731523513794, 0.34875941822926204, 0.45963544492368347, 0.3786884694049755, 0.4607537232063435, 0.34543962640066944, 0.5017210870981217, 0.3933220022978882, 0.5054713041694076, 0.0, 0.0, 0.40053969075282414, 0.5321010841263665, 0.35539686350772776, 0.5417704220171328, 0.37425539617737136, 0.5379820660308555, 0.3540479311098655, 0.6125172158082326, 0.38300194864471754, 0.5925910181469387, 0.35115725056578717, 0.6723195515297077, 0.3915230718751749, 0.6416356419523557], "1": [0.0, 0.0, 0.0, 0.0, 0.0, 0.0, 0.641092088073492, 0.5105950715365233, 0.6541695859283209, 0.508556964110445, 0.628638564919432, 0.544043875016548, 0.6697303961962462, 0.5397569457689921, 0.6210865313808124, 0.5842339785010726, 0.6758251115679741, 0.5930723870242084, 0.0, 0.0, 0.6733886231668293, 0.6386825113384812, 0.635633265444388, 0.6405788090493943, 0.6586851154764495, 0.642894638688476, 0.6325012356042862, 0.7139338354821557, 0.6604200549122955, 0.7057658144721279, 0.6334755604465803, 0.7864353919470751, 0.6657983757555485, 0.7803396801153819]}