{"0": [0.3740650443981091, 0.5684794593740392, 0.3739428285509348, 0.5651842023487446, 0.0, 0.0, 0.3794970167179902, 0.5662843569009393, 0.0, 0.0, 0.0, 0.0, 0.4015718549800415, 0.568522055943807, 0.0, 0.0, 0.0, 0.0, 0.0, 0.0, 0.0, 0.0, 0.0, 0.0, 0.42759033842012284, 0.6520953015044884, 0.0, 0.0, 0.4252535494665305, 0.7059365080462562, 0.0, 0.0, 0.4428617835044861, 0.7534866059267963], "1": [0.0, 0.0, 0.0, 0.0, 0.0, 0.0, 0.5351444617224236, 0.44238133331139884, 0.5484985463321209, 0.4408431588637608, 0.5349351210830112, 0.46976536909739175, 0.5581403051813444, 0.4710384467133769, 0.5341428390393654, 0.525236095322503, 0.5652330353856087, 0.5272229536815926, 0.5238997936248779, 0.5462488171127108, 0.0, 0.0, 0.5369927871972322, 0.574099315363155, 0.5592017581065496, 0.5667765538242681, 0.5367307069400946, 0.6333891933714902, 0.5610549307738741, 0.6277922462534021, 0.5429861803228656, 0.691574262910419, 0.5677194147681196, 0.690739463656037], "2": [0.0, 0.0, 0.0, 0.0, 0.0, 0.0, 0.0, 0.0, 0.3940033947738508, 0.55342596327817, 0.0, 0.0, 0.0, 0.0, 0.0, 0.0, 0.0, 0.0, 0.0, 0.0, 0.0, 0.0, 0.0, 0.0, 0.0, 0.0, 0.0, 0.0, 0.0, 0.0, 0.0, 0.0, 0.0, 0.0], "3": [0.0, 0.0, 0.0, 0.0, 0.0, 0.0, 0.0, 0.0, 0.0, 0.0, 0.40129714117695886, 0.5714928688826384, 0.3910980137685935, 0.6008217659261491, 0.0, 0.0, 0.0, 0.0, 0.43120793330017476, 0.6737281847883155, 0.0, 0.0, 0.42621806990355254, 0.6564093288448122, 0.0, 0.0, 0.42534617769221467, 0.7069820952084329, 0.0, 0.0, 0.4421271252135436, 0.7543059481514823, 0.0, 0.0], "4": [0.0, 0.0, 0.0, 0.0, 0.0, 0.0, 0.0, 0.0, 0.0, 0.0, 0.0, 0.0, 0.0, 0.0, 0.0, 0.0, 0.0, 0.0, 0.0, 0.0, 0.5246223655839761, 0.5464827870881116, 0.0, 0.0, 0.0, 0.0, 0.0, 0.0, 0.0, 0.0, 0.0, 0.0, 0.0, 0.0], "5": [0.0, 0.0, 0.0, 0.0, 0.0, 0.0, 0.0, 0.0, 0.0, 0.0, 0.0, 0.0, 0.0, 0.0, 0.0, 0.0, 0.0, 0.0, 0.0, 0.0, 0.0, 0.0, 0.5537059140702089, 0.5677764910238761, 0.5399928889547785, 0.574124197523903, 0.560506400714318, 0.6270982357086958, 0.5363336451972525, 0.6321188856054235, 0.0, 0.0, 0.0, 0.0], "6": [0.0, 0.0, 0.0, 0.0, 0.0, 0.0, 0.0, 0.0, 0.0, 0.0, 0.0, 0.0, 0.0, 0.0, 0.0, 0.0, 0.0, 0.0, 0.0, 0.0, 0.0, 0.0, 0.0, 0.0, 0.0, 0.0, 0.0, 0.0, 0.39408041431258123, 0.7239670185027299, 0.0, 0.0, 0.3790639314800501, 0.8207008834238405]}