{"0": [0.3123185577491919, 0.4652287633330734, 0.0, 0.0, 0.0, 0.0, 0.31381481140851974, 0.46072232016810666, 0.0, 0.0, 0.3259900901466608, 0.47720454114454763, 0.31342121039827664, 0.5202833222018348, 0.0, 0.0, 0.0, 0.0, 0.3160425496598085, 0.5711264391740163, 0.31548540809502207, 0.5719447705480788, 0.3332840713361899, 0.5286527354408194, 0.0, 0.0, 0.3480408473716428, 0.5884974599988372, 0.0, 0.0, 0.3666460610926151, 0.6181127685915541, 0.0, 0.0], "1": [0.0, 0.0, 0.0, 0.0, 0.0, 0.0, 0.43024775174756846, 0.4755222499370575, 0.4427723869681358, 0.47455876315081563, 0.41739650815725327, 0.5160860975583395, 0.45289120425780616, 0.5041709142702597, 0.40401731096208093, 0.5589137149077875, 0.46817631429682177, 0.5456461084109766, 0.40119535538057494, 0.5932841795462149, 0.48083302825689317, 0.589627916448646, 0.4315860868121187, 0.6117131361806835, 0.45238610602294405, 0.6034639138866353, 0.43976332202243307, 0.6709455923349769, 0.46057482808828354, 0.6505947675969865, 0.44735364193717636, 0.7442409567672897, 0.4583374742418528, 0.7005273339373094], "2": [0.0, 0.0, 0.0, 0.0, 0.0, 0.0, 0.0, 0.0, 0.0, 0.0, 0.4521745543538903, 0.5046527553487707, 0.0, 0.0, 0.0, 0.0, 0.0, 0.0, 0.0, 0.0, 0.0, 0.0, 0.0, 0.0, 0.0, 0.0, 0.0, 0.0, 0.0, 0.0, 0.0, 0.0, 0.0, 0.0], "3": [0.0, 0.0, 0.0, 0.0, 0.0, 0.0, 0.0, 0.0, 0.0, 0.0, 0.0, 0.0, 0.32241600879157584, 0.4764848119682736, 0.0, 0.0, 0.312563152735432, 0.5371009374865228, 0.0, 0.0, 0.0, 0.0, 0.0, 0.0, 0.33641201034188273, 0.5299676094618109, 0.0, 0.0, 0.34810860000240307, 0.588075605586723, 0.0, 0.0, 0.3654113320012887, 0.6176951416112758], "4": [0.0, 0.0, 0.0, 0.0, 0.0, 0.0, 0.0, 0.0, 0.0, 0.0, 0.0, 0.0, 0.0, 0.0, 0.0, 0.0, 0.0, 0.0, 0.0, 0.0, 0.0, 0.0, 0.0, 0.0, 0.0, 0.0, 0.0, 0.0, 0.0, 0.0, 0.45024008378386493, 0.7018212113115523, 0.0, 0.0], "5": [0.0, 0.0, 0.0, 0.0, 0.0, 0.0, 0.0, 0.0, 0.0, 0.0, 0.0, 0.0, 0.0, 0.0, 0.0, 0.0, 0.0, 0.0, 0.0, 0.0, 0.0, 0.0, 0.0, 0.0, 0.0, 0.0, 0.0, 0.0, 0.0, 0.0, 0.0, 0.0, 0.4491596152385076, 0.7453992038965225]}