{"0": [0.0, 0.0, 0.0, 0.0, 0.0, 0.0, 0.3784966927021742, 0.5552131869174816, 0.3957197579244773, 0.55346804967633, 0.3656640515973171, 0.5939118864359679, 0.40521352272480726, 0.5961558685810477, 0.3529008366788427, 0.6330661462964835, 0.41080432568366326, 0.6422778635113328, 0.34190479665994644, 0.6741059643250925, 0.421281303713719, 0.6715989501387984, 0.3722828868155678, 0.7008186176971153, 0.3977180707734078, 0.7017839552075774, 0.3602472798898816, 0.8045511283808284, 0.0, 0.0, 0.35847220656772455, 0.8699382668568029, 0.0, 0.0], "1": [0.0, 0.0, 0.0, 0.0, 0.0, 0.0, 0.5469291870792706, 0.5079082123659275, 0.5589852374047041, 0.5108850057478305, 0.5315628940549989, 0.5324626132293984, 0.5587436057627201, 0.5538326338485435, 0.5253738978256781, 0.5678607823672117, 0.5574955900510152, 0.5885214063856337, 0.0, 0.0, 0.5606640961176406, 0.6271925609420848, 0.5295192743341128, 0.6336774674278719, 0.549466584995389, 0.6345878733528983, 0.53310636729002, 0.680050202873018, 0.5570465716222922, 0.6854839946384783, 0.526408324452738, 0.7564184153521503, 0.5465349458158016, 0.7435931258731419], "2": [0.0, 0.0, 0.0, 0.0, 0.0, 0.0, 0.0, 0.0, 0.5596377526099483, 0.5475812757456744, 0.0, 0.0, 0.0, 0.0, 0.0, 0.0, 0.0, 0.0, 0.0, 0.0, 0.0, 0.0, 0.0, 0.0, 0.0, 0.0, 0.0, 0.0, 0.0, 0.0, 0.0, 0.0, 0.0, 0.0], "3": [0.0, 0.0, 0.0, 0.0, 0.0, 0.0, 0.0, 0.0, 0.0, 0.0, 0.0, 0.0, 0.0, 0.0, 0.0, 0.0, 0.0, 0.0, 0.0, 0.0, 0.0, 0.0, 0.0, 0.0, 0.0, 0.0, 0.0, 0.0, 0.4231448465026915, 0.7450160011649132, 0.0, 0.0, 0.43565284154998757, 0.8117644945780437], "4": [0.0, 0.0, 0.0, 0.0, 0.0, 0.0, 0.0, 0.0, 0.0, 0.0, 0.0, 0.0, 0.0, 0.0, 0.0, 0.0, 0.0, 0.0, 0.0, 0.0, 0.0, 0.0, 0.0, 0.0, 0.0, 0.0, 0.0, 0.0, 0.0, 0.0, 0.0, 0.0, 0.3580672226846218, 0.8768934143914117]}