{"0": [0.0, 0.0, 0.0, 0.0, 0.0, 0.0, 0.37634549935658773, 0.5599415303380401, 0.3908427295585473, 0.5519588809667362, 0.3812922088118567, 0.596284995582354, 0.4047734700143337, 0.5613911103319239, 0.37954704413811363, 0.6246225385754197, 0.433083239197731, 0.5741265285725671, 0.3847488780816396, 0.6450731211238437, 0.45856964712341625, 0.5900874398372792, 0.4019048391841352, 0.6481128320546338, 0.4220309010396401, 0.6554234138793416, 0.0, 0.0, 0.0, 0.0, 0.0, 0.0, 0.0, 0.0], "1": [0.0, 0.0, 0.0, 0.0, 0.0, 0.0, 0.5477594317402691, 0.44476943744553454, 0.561309858970344, 0.4448412535367189, 0.5389283257565007, 0.4862264316499299, 0.5679430526991686, 0.4983178723741461, 0.5309489442966878, 0.529433314157305, 0.5773992989212274, 0.5331210167319687, 0.0, 0.0, 0.5696752054616809, 0.5551869855986701, 0.5379135640958945, 0.5625944996321642, 0.5617886298646529, 0.567783847671968, 0.5261605971182386, 0.6131768023526227, 0.5615712740768989, 0.6223486174035955, 0.5274537798327704, 0.6823585572066131, 0.5680030733346939, 0.6840970197209606], "2": [0.0, 0.0, 0.0, 0.0, 0.0, 0.0, 0.0, 0.0, 0.0, 0.0, 0.0, 0.0, 0.0, 0.0, 0.4326741203665733, 0.5735669004144492, 0.0, 0.0, 0.45767538994550705, 0.5894139104419285, 0.0, 0.0, 0.0, 0.0, 0.0, 0.0, 0.0, 0.0, 0.0, 0.0, 0.0, 0.0, 0.0, 0.0], "3": [0.0, 0.0, 0.0, 0.0, 0.0, 0.0, 0.0, 0.0, 0.0, 0.0, 0.0, 0.0, 0.0, 0.0, 0.0, 0.0, 0.0, 0.0, 0.0, 0.0, 0.0, 0.0, 0.0, 0.0, 0.0, 0.0, 0.3880182705819607, 0.6893545265550967, 0.45627530802545757, 0.6760509915925839, 0.3846782729029655, 0.7620276225937738, 0.4840905524790287, 0.7369186941810228], "4": [0.0, 0.0, 0.0, 0.0, 0.0, 0.0, 0.0, 0.0, 0.0, 0.0, 0.0, 0.0, 0.0, 0.0, 0.0, 0.0, 0.0, 0.0, 0.0, 0.0, 0.0, 0.0, 0.0, 0.0, 0.0, 0.0, 0.4562315861325867, 0.6761131454397131, 0.0, 0.0, 0.48395757128794986, 0.7339631566294917, 0.0, 0.0]}