{"0": [0.30633055010500054, 0.47333051672688237, 0.3092635737111171, 0.4700778334229081, 0.30395809647937616, 0.4676297441676811, 0.31094378599276146, 0.47239796254369953, 0.29886331520974635, 0.4698330010528918, 0.311405659901599, 0.5041597600336428, 0.2859723378593723, 0.506608776141096, 0.32010441944003104, 0.5432217302145781, 0.2748398254315058, 0.5512241543995009, 0.3318374526376526, 0.5602130513500284, 0.28505349985013406, 0.5655142501548485, 0.29349557853918073, 0.602410169399082, 0.30200280937521407, 0.6081935544808705, 0.29450085380425056, 0.6593211244653773, 0.3072752356529236, 0.6692920260959201, 0.2978666607321396, 0.7246395707555375, 0.3041408570706086, 0.7377795355627458], "1": [0.0, 0.0, 0.0, 0.0, 0.0, 0.0, 0.6465274098018805, 0.5006856067864983, 0.6625187277793885, 0.5038978982854773, 0.6307156091555953, 0.5339593573852822, 0.6732902160224815, 0.5444208106181274, 0.6098304203401009, 0.5792322255946972, 0.6829341838757196, 0.5931709516931463, 0.6195175102601449, 0.6072118317639387, 0.0, 0.0, 0.6370533754428228, 0.642510767225866, 0.661842371771733, 0.642489250280239, 0.634292255093654, 0.7174480628084254, 0.6643123237105707, 0.7181156154032107, 0.6342275730023782, 0.7885773978023617, 0.6657747566699982, 0.7906540320979224], "2": [0.0, 0.0, 0.0, 0.0, 0.0, 0.0, 0.0, 0.0, 0.0, 0.0, 0.0, 0.0, 0.3101156739518046, 0.5054559418448695, 0.0, 0.0, 0.3215986479073763, 0.5467385495150531, 0.0, 0.0, 0.3323301661759615, 0.560890343895665, 0.0, 0.0, 0.0, 0.0, 0.0, 0.0, 0.0, 0.0, 0.0, 0.0, 0.0, 0.0], "3": [0.0, 0.0, 0.0, 0.0, 0.0, 0.0, 0.0, 0.0, 0.0, 0.0, 0.0, 0.0, 0.0, 0.0, 0.2748820501069228, 0.5504303879208035, 0.0, 0.0, 0.0, 0.0, 0.0, 0.0, 0.0, 0.0, 0.0, 0.0, 0.0, 0.0, 0.0, 0.0, 0.0, 0.0, 0.0, 0.0]}