{"0": [0.0, 0.0, 0.0, 0.0, 0.0, 0.0, 0.0, 0.0, 0.0, 0.0, 0.6642367613501847, 0.5239978353182475, 0.7059787322456638, 0.5166701383060879, 0.6568479496985674, 0.5698904980112006, 0.718241626334687, 0.5579460025937469, 0.6466817339261373, 0.6254516527056694, 0.7318837694202859, 0.6104975560749017, 0.6774287014268339, 0.6325239017605782, 0.7010392809907594, 0.6275740227213612, 0.6838478598743677, 0.701355054974556, 0.6986848304048181, 0.7031665541507579, 0.6910958261539538, 0.7737474420280369, 0.6960268555829923, 0.7733791657620006], "1": [0.0, 0.0, 0.0, 0.0, 0.0, 0.0, 0.0, 0.0, 0.0, 0.0, 0.47527799954017, 0.5646495880904021, 0.5057051929955682, 0.5728316634893418, 0.4708576450745265, 0.5895868808031082, 0.5084971319884062, 0.596275415899301, 0.0, 0.0, 0.0, 0.0, 0.48353573059042293, 0.6243321937543376, 0.5041693679988384, 0.6236516429318323, 0.4627150520682335, 0.6620160427358415, 0.5178443260490895, 0.6601881111109699, 0.47299433127821733, 0.7325115826394822, 0.5386688748995463, 0.7037458212287337]}