{"0": [0.675429929420352, 0.535630762577057, 0.0, 0.0, 0.674670968701442, 0.5316171723383444, 0.6576353132724762, 0.53298595878813, 0.670699109385411, 0.5364041364303341, 0.6429282046854495, 0.5551647861798604, 0.6675860731552045, 0.5791471799214681, 0.6202773199727137, 0.5707152600641604, 0.670862081522743, 0.6413735729124811, 0.6032472015668948, 0.604454791214731, 0.6796149743100007, 0.6933545650707351, 0.6205328345298767, 0.6618188065511209, 0.6427891347557306, 0.6659090137040173, 0.6046070675055186, 0.7116217891375223, 0.665599598735571, 0.724909578870844, 0.5893792008360227, 0.769756899939643, 0.6639631122350693, 0.8009247170554267], "1": [0.0, 0.0, 0.0, 0.0, 0.0, 0.0, 0.5186990523167575, 0.518350832109098, 0.5328868863483269, 0.5170568759794588, 0.508990091457963, 0.5455023367095877, 0.5427709912881256, 0.5441016383469105, 0.5048840902745724, 0.5711994363201989, 0.5517672897937397, 0.5872168531020482, 0.0, 0.0, 0.5613273121416569, 0.6292096138000488, 0.5190920578005414, 0.6323480468105387, 0.5439543880125951, 0.6305269235428818, 0.4917811397463083, 0.6722374710771772, 0.558867255349954, 0.6730532869144722, 0.48664634637534615, 0.7443454127758742, 0.5777609370648861, 0.718984869895158], "2": [0.0, 0.0, 0.0, 0.0, 0.0, 0.0, 0.0, 0.0, 0.0, 0.0, 0.0, 0.0, 0.0, 0.0, 0.0, 0.0, 0.0, 0.0, 0.0, 0.0, 0.0, 0.0, 0.0, 0.0, 0.0, 0.0, 0.0, 0.0, 0.0, 0.0, 0.6631401228408019, 0.8003362554090994, 0.0, 0.0], "3": [0.0, 0.0, 0.0, 0.0, 0.0, 0.0, 0.0, 0.0, 0.0, 0.0, 0.0, 0.0, 0.0, 0.0, 0.0, 0.0, 0.0, 0.0, 0.0, 0.0, 0.0, 0.0, 0.0, 0.0, 0.0, 0.0, 0.0, 0.0, 0.0, 0.0, 0.5777502529323101, 0.7182966532530608, 0.0, 0.0], "4": [0.0, 0.0, 0.0, 0.0, 0.0, 0.0, 0.0, 0.0, 0.0, 0.0, 0.0, 0.0, 0.0, 0.0, 0.0, 0.0, 0.0, 0.0, 0.0, 0.0, 0.0, 0.0, 0.0, 0.0, 0.0, 0.0, 0.0, 0.0, 0.0, 0.0, 0.0, 0.0, 0.588502308477958, 0.7690814336140951]}