{"0": [0.6675899357845386, 0.6368834601508246, 0.6702971328049898, 0.62832329582285, 0.0, 0.0, 0.6841593914975722, 0.6293414698706733, 0.0, 0.0, 0.6996838733553886, 0.6715459911911575, 0.6834762569516897, 0.6713786405545694, 0.6917465421060721, 0.7699682191566185, 0.6768489561975002, 0.7166849246731511, 0.6607164409632484, 0.76982010823709, 0.6557929463063678, 0.7123554130395253, 0.6868497503300508, 0.8158935895672552, 0.6703504844258229, 0.8156082034111023, 0.6839509597156628, 0.8918920132011161, 0.6656181086475651, 0.9046012428071765, 0.6749858586738507, 0.9836400235140765, 0.67383957679073, 0.9836807798456263], "1": [0.567324556534489, 0.3621784104241265, 0.5699520460019509, 0.3582655371339233, 0.5654369885722798, 0.3577241553200616, 0.575019130979975, 0.36241572786260534, 0.5641970409080386, 0.3627637064015424, 0.578965409596761, 0.3886326263624209, 0.5658437194923561, 0.3894351142976019, 0.5813971317683657, 0.4251561826577893, 0.5667264393220345, 0.42019878692097135, 0.5834149364433311, 0.4411118076343563, 0.5607803838948409, 0.4273557451036241, 0.5749992723266285, 0.4583031398278696, 0.5666312053799629, 0.4571588416894277, 0.5726040042005479, 0.5006181089414491, 0.565113592085739, 0.5004880938816954, 0.5738527466853459, 0.5451874762773514, 0.5720934021597107, 0.5436599316420379], "2": [0.0, 0.0, 0.0, 0.0, 0.0, 0.0, 0.0, 0.0, 0.0, 0.0, 0.0, 0.0, 0.0, 0.0, 0.0, 0.0, 0.0, 0.0, 0.6557954800315201, 0.7120014190673828, 0.0, 0.0, 0.0, 0.0, 0.0, 0.0, 0.0, 0.0, 0.0, 0.0, 0.0, 0.0, 0.0, 0.0], "3": [0.0, 0.0, 0.0, 0.0, 0.0, 0.0, 0.0, 0.0, 0.0, 0.0, 0.0, 0.0, 0.0, 0.0, 0.0, 0.0, 0.0, 0.0, 0.0, 0.0, 0.6612883215149243, 0.7675883922311995, 0.0, 0.0, 0.0, 0.0, 0.0, 0.0, 0.0, 0.0, 0.0, 0.0, 0.0, 0.0], "4": [0.0, 0.0, 0.0, 0.0, 0.0, 0.0, 0.0, 0.0, 0.0, 0.0, 0.0, 0.0, 0.0, 0.0, 0.0, 0.0, 0.0, 0.0, 0.0, 0.0, 0.0, 0.0, 0.0, 0.0, 0.0, 0.0, 0.0, 0.0, 0.0, 0.0, 0.691222928588589, 0.9443238294097008, 0.0, 0.0]}