{"0": [0.0, 0.0, 0.0, 0.0, 0.0, 0.0, 0.42728122142143543, 0.5275526812782994, 0.44249298398693404, 0.5203462249702877, 0.4184732642956078, 0.5722582888823968, 0.45697128797570863, 0.5483076978612829, 0.42135481176277007, 0.6249142392917916, 0.46979210091133916, 0.5975977670263362, 0.43311841872831186, 0.6504173700456266, 0.0, 0.0, 0.4399554805209239, 0.6561829670159905, 0.4604229369656726, 0.6519365248856721, 0.4196357716495792, 0.708109783684766, 0.465058550114433, 0.7108658856815763, 0.3937922847767671, 0.7733613693603762, 0.4706488408148289, 0.7796337605626494], "1": [0.0, 0.0, 0.0, 0.0, 0.0, 0.0, 0.5203498728573323, 0.5132669114404255, 0.5342761943737666, 0.5148632694104756, 0.5077446687966585, 0.5447827244798342, 0.5449772700667381, 0.5445276227262285, 0.4955147178222736, 0.5932137604112978, 0.5491036859651407, 0.580723389155335, 0.0, 0.0, 0.5389522893354297, 0.5992325804851673, 0.5108507385166983, 0.6377352917635882, 0.5348173582305511, 0.6389593282231578, 0.4927517294883728, 0.6824524588055081, 0.5395573268431083, 0.7071366044382255, 0.4881746628632148, 0.7390476950892696, 0.5451831549406052, 0.7735189786663762], "2": [0.0, 0.0, 0.0, 0.0, 0.0, 0.0, 0.0, 0.0, 0.0, 0.0, 0.0, 0.0, 0.0, 0.0, 0.0, 0.0, 0.0, 0.0, 0.0, 0.0, 0.4594836527481675, 0.6107930484193342, 0.0, 0.0, 0.0, 0.0, 0.0, 0.0, 0.0, 0.0, 0.0, 0.0, 0.0, 0.0], "3": [0.0, 0.0, 0.0, 0.0, 0.0, 0.0, 0.0, 0.0, 0.0, 0.0, 0.0, 0.0, 0.0, 0.0, 0.0, 0.0, 0.0, 0.0, 0.0, 0.0, 0.0, 0.0, 0.0, 0.0, 0.0, 0.0, 0.0, 0.0, 0.0, 0.0, 0.5456207856535912, 0.7743720924412762, 0.0, 0.0], "4": [0.0, 0.0, 0.0, 0.0, 0.0, 0.0, 0.0, 0.0, 0.0, 0.0, 0.0, 0.0, 0.0, 0.0, 0.0, 0.0, 0.0, 0.0, 0.0, 0.0, 0.0, 0.0, 0.0, 0.0, 0.0, 0.0, 0.0, 0.0, 0.0, 0.0, 0.4700536164144674, 0.7790854540136125, 0.0, 0.0], "5": [0.0, 0.0, 0.0, 0.0, 0.0, 0.0, 0.0, 0.0, 0.0, 0.0, 0.0, 0.0, 0.0, 0.0, 0.0, 0.0, 0.0, 0.0, 0.0, 0.0, 0.0, 0.0, 0.0, 0.0, 0.0, 0.0, 0.0, 0.0, 0.0, 0.0, 0.0, 0.0, 0.3940073877573013, 0.7712884858802512]}