{"0": [0.0, 0.0, 0.0, 0.0, 0.0, 0.0, 0.6342741965005795, 0.5312199861915023, 0.6511391863847772, 0.5339859467965585, 0.6196984672298034, 0.5542607342755353, 0.6525914529028038, 0.5769073334005145, 0.6101017084593574, 0.62502095301946, 0.6604625524487346, 0.64146253052685, 0.0, 0.0, 0.680253567919135, 0.6744571407636005, 0.6177551152805487, 0.6771217548184925, 0.640255709613363, 0.6785268476163899, 0.6238037218029301, 0.7481606284777323, 0.6516389434536298, 0.7466939919524721, 0.623359364643693, 0.8275448045244923, 0.6591357921560606, 0.8341967388987541], "1": [0.0, 0.0, 0.0, 0.0, 0.0, 0.0, 0.5706239476799965, 0.5133010584999014, 0.583886503179868, 0.5174487815962897, 0.5564872399438172, 0.5348009387652081, 0.5895786210569592, 0.5514539651572704, 0.5370064755280812, 0.5781747115982904, 0.5900847860922416, 0.5999383670312387, 0.5390461824834347, 0.6178798342744508, 0.0, 0.0, 0.5521529326370607, 0.6210790702590236, 0.573712686325113, 0.6279118107424841, 0.534982267084221, 0.6750629758393323, 0.578874695673585, 0.6755940812605399, 0.5125455684959888, 0.7267222859241345, 0.5754688991854588, 0.7335341387324862], "2": [0.0, 0.0, 0.0, 0.0, 0.0, 0.0, 0.0, 0.0, 0.0, 0.0, 0.0, 0.0, 0.0, 0.0, 0.0, 0.0, 0.0, 0.0, 0.0, 0.0, 0.0, 0.0, 0.0, 0.0, 0.0, 0.0, 0.0, 0.0, 0.0, 0.0, 0.0, 0.0, 0.5123666358490785, 0.72692095151654]}