{"0": [0.0, 0.0, 0.0, 0.0, 0.0, 0.0, 0.3065793958803018, 0.5397870469976355, 0.3232125669407348, 0.5320517698923747, 0.32527507717410725, 0.5720772191330239, 0.3310847283340991, 0.5546199871434105, 0.0, 0.0, 0.3394441320716093, 0.6080766472551558, 0.3255763874699672, 0.68316148519516, 0.0, 0.0, 0.33650347106158734, 0.6696583801949466, 0.3402695079644521, 0.6683597681698976, 0.31807955584178366, 0.7486990842554304, 0.3385111446181933, 0.7291042896884459, 0.3273743057313065, 0.8295289313351667, 0.34404113637283446, 0.7819383430260199], "1": [0.0, 0.0, 0.0, 0.0, 0.0, 0.0, 0.4803400684768955, 0.46303675466527544, 0.47304554798950754, 0.45972328186035155, 0.47923799803537176, 0.4930634247919908, 0.47728871698443914, 0.4917655326237089, 0.46135389115661385, 0.5413637790415022, 0.461874034255743, 0.5395229304278338, 0.4443608999252319, 0.5568521512879264, 0.44566742380460106, 0.5545189981107359, 0.4657124876976013, 0.5881407115746428, 0.48040739304075636, 0.5871246038763611, 0.44734571538865564, 0.6474144782181139, 0.473375321769466, 0.641569782572764, 0.4386931590115031, 0.7134234564171897, 0.4805829240009189, 0.698945031894578], "2": [0.0, 0.0, 0.0, 0.0, 0.0, 0.0, 0.0, 0.0, 0.0, 0.0, 0.0, 0.0, 0.0, 0.0, 0.0, 0.0, 0.31930590824534494, 0.6195373277973246, 0.0, 0.0, 0.0, 0.0, 0.0, 0.0, 0.0, 0.0, 0.0, 0.0, 0.0, 0.0, 0.0, 0.0, 0.0, 0.0], "3": [0.0, 0.0, 0.0, 0.0, 0.0, 0.0, 0.0, 0.0, 0.0, 0.0, 0.0, 0.0, 0.0, 0.0, 0.0, 0.0, 0.0, 0.0, 0.0, 0.0, 0.0, 0.0, 0.0, 0.0, 0.0, 0.0, 0.33605000699559845, 0.7300830019844903, 0.31798482313752174, 0.7470484075722872, 0.34457912370562555, 0.7821570220920775, 0.327540239940087, 0.830236593661485], "4": [0.0, 0.0, 0.0, 0.0, 0.0, 0.0, 0.0, 0.0, 0.0, 0.0, 0.0, 0.0, 0.0, 0.0, 0.0, 0.0, 0.0, 0.0, 0.0, 0.0, 0.0, 0.0, 0.0, 0.0, 0.0, 0.0, 0.47216364877919353, 0.6410632942285802, 0.0, 0.0, 0.0, 0.0, 0.0, 0.0]}