{"0": [0.7270496189594269, 0.6234268338591964, 0.0, 0.0, 0.7274123895602922, 0.6170946136668877, 0.7085443314164876, 0.6160985478648433, 0.7216393274565539, 0.6206854036560766, 0.6931799961874883, 0.630003583431244, 0.7157894636193911, 0.666652543897982, 0.6615186534821987, 0.6547130900952551, 0.7254601933062077, 0.7018029147828067, 0.0, 0.0, 0.7349065215637288, 0.7177668317600533, 0.658392150948445, 0.7405992525595205, 0.6713847349087397, 0.743153339293268, 0.0, 0.0, 0.7199252960582574, 0.7843451636808889, 0.0, 0.0, 0.7166498338182767, 0.864939562038139], "1": [0.0, 0.0, 0.0, 0.0, 0.0, 0.0, 0.0, 0.0, 0.0, 0.0, 0.5164213805148999, 0.5208353304200702, 0.5568754074474176, 0.526536144150628, 0.502556975496312, 0.5681816156263705, 0.5605589166283608, 0.5734878573152754, 0.504644937068224, 0.6017343481381734, 0.5682294126289587, 0.5987619843747881, 0.5208863276988268, 0.6252869774345998, 0.5473172141859929, 0.6261605516352037, 0.5036467843999465, 0.6902360534226453, 0.5561740052575866, 0.6787708865271674, 0.49212423091133434, 0.7462471704792094, 0.5634665884077549, 0.7496792420193001], "2": [0.0, 0.0, 0.0, 0.0, 0.0, 0.0, 0.0, 0.0, 0.0, 0.0, 0.0, 0.0, 0.0, 0.0, 0.0, 0.0, 0.0, 0.0, 0.0, 0.0, 0.0, 0.0, 0.0, 0.0, 0.0, 0.0, 0.7188834905003508, 0.7830845562396226, 0.0, 0.0, 0.7167687440911928, 0.863725001723678, 0.0, 0.0], "3": [0.0, 0.0, 0.0, 0.0, 0.0, 0.0, 0.0, 0.0, 0.0, 0.0, 0.0, 0.0, 0.0, 0.0, 0.0, 0.0, 0.0, 0.0, 0.0, 0.0, 0.0, 0.0, 0.0, 0.0, 0.0, 0.0, 0.6551482086380322, 0.7612853418897699, 0.0, 0.0, 0.0, 0.0, 0.0, 0.0], "4": [0.0, 0.0, 0.0, 0.0, 0.0, 0.0, 0.0, 0.0, 0.0, 0.0, 0.0, 0.0, 0.0, 0.0, 0.0, 0.0, 0.0, 0.0, 0.0, 0.0, 0.0, 0.0, 0.0, 0.0, 0.0, 0.0, 0.0, 0.0, 0.0, 0.0, 0.6303728530804317, 0.7938985851075914, 0.0, 0.0], "5": [0.0, 0.0, 0.0, 0.0, 0.0, 0.0, 0.0, 0.0, 0.0, 0.0, 0.0, 0.0, 0.0, 0.0, 0.0, 0.0, 0.0, 0.0, 0.0, 0.0, 0.0, 0.0, 0.0, 0.0, 0.0, 0.0, 0.0, 0.0, 0.0, 0.0, 0.0, 0.0, 0.6305769606182973, 0.7941790006778858]}