{"0": [0.3297652499129375, 0.5626788677992645, 0.32602987413605056, 0.5549010402626462, 0.0, 0.0, 0.33032371023048956, 0.5519147122347796, 0.0, 0.0, 0.3554379832620422, 0.5815137313161459, 0.34795404702046134, 0.582613453880085, 0.37360293151189883, 0.6409142350295076, 0.0, 0.0, 0.3517737672974666, 0.6582941196582935, 0.0, 0.0, 0.3591809000819922, 0.6939050175525524, 0.34625288595755893, 0.694098894684403, 0.3511758696908752, 0.7745330142478148, 0.3460400700569153, 0.7741913130713834, 0.35467441429694496, 0.8464453803168402, 0.3574758301997542, 0.829098500885862], "1": [0.0, 0.0, 0.0, 0.0, 0.0, 0.0, 0.4433727909810841, 0.5079493372528642, 0.0, 0.0, 0.43941651621523004, 0.5419779755451061, 0.4716747004888597, 0.543911148875432, 0.43718913247187935, 0.5974267844800596, 0.0, 0.0, 0.4274562265103061, 0.6519865587905601, 0.0, 0.0, 0.4470432757089535, 0.6427503627759439, 0.47168371292452016, 0.6397231731149885, 0.44646266686419644, 0.6954575785884151, 0.4741484108070532, 0.6992319649016415, 0.447558104681472, 0.7482296802379467, 0.48137938368599864, 0.768993858496348], "2": [0.0, 0.0, 0.0, 0.0, 0.0, 0.0, 0.0, 0.0, 0.3445693432663878, 0.5467071032082593, 0.0, 0.0, 0.0, 0.0, 0.0, 0.0, 0.0, 0.0, 0.0, 0.0, 0.0, 0.0, 0.0, 0.0, 0.0, 0.0, 0.0, 0.0, 0.0, 0.0, 0.0, 0.0, 0.0, 0.0], "3": [0.0, 0.0, 0.0, 0.0, 0.0, 0.0, 0.0, 0.0, 0.0, 0.0, 0.0, 0.0, 0.0, 0.0, 0.0, 0.0, 0.4779439347485701, 0.5763314262584404, 0.0, 0.0, 0.0, 0.0, 0.0, 0.0, 0.0, 0.0, 0.0, 0.0, 0.0, 0.0, 0.0, 0.0, 0.0, 0.0], "4": [0.0, 0.0, 0.0, 0.0, 0.0, 0.0, 0.0, 0.0, 0.0, 0.0, 0.0, 0.0, 0.0, 0.0, 0.0, 0.0, 0.0, 0.0, 0.0, 0.0, 0.0, 0.0, 0.0, 0.0, 0.0, 0.0, 0.0, 0.0, 0.0, 0.0, 0.36171330387393635, 0.8072832526984038, 0.0, 0.0]}