{"0": [0.0, 0.0, 0.0, 0.0, 0.0, 0.0, 0.543605532636866, 0.5089968334745478, 0.5574646996955077, 0.5123573188428525, 0.5285099890083075, 0.5398704091707864, 0.5654401668657859, 0.5482097952454178, 0.5168126878639062, 0.5767811285124885, 0.5743753543744484, 0.6077673633893331, 0.5092846463123958, 0.6108287201435477, 0.5872061503430207, 0.6432787080605825, 0.5308844532507161, 0.6370600837248342, 0.5583454489707946, 0.6482432354103635, 0.5112012538438042, 0.6738486316468981, 0.5739305672546228, 0.69311373896069, 0.49263543225824835, 0.7337240450912051, 0.5794925139596064, 0.7548740064656292], "1": [0.0, 0.0, 0.0, 0.0, 0.0, 0.0, 0.6811269869407018, 0.564620272980796, 0.6997818854947885, 0.5680152377596608, 0.6649675879317025, 0.5848885176358399, 0.6986215580254793, 0.6216740831180855, 0.0, 0.0, 0.6930332226057847, 0.6720017462968826, 0.0, 0.0, 0.0, 0.0, 0.6553382954870661, 0.7004662783609497, 0.6752736251801252, 0.7057740895836442, 0.6817824961617589, 0.7570069458749559, 0.7033406575520833, 0.7743973712954256, 0.6600738954730332, 0.8221996868098224, 0.7241130098700523, 0.8569474752302523], "2": [0.0, 0.0, 0.0, 0.0, 0.0, 0.0, 0.0, 0.0, 0.0, 0.0, 0.0, 0.0, 0.0, 0.0, 0.0, 0.0, 0.0, 0.0, 0.0, 0.0, 0.6881908604254325, 0.6844490939820255, 0.0, 0.0, 0.0, 0.0, 0.0, 0.0, 0.0, 0.0, 0.0, 0.0, 0.0, 0.0], "3": [0.0, 0.0, 0.0, 0.0, 0.0, 0.0, 0.0, 0.0, 0.0, 0.0, 0.0, 0.0, 0.0, 0.0, 0.0, 0.0, 0.0, 0.0, 0.0, 0.0, 0.0, 0.0, 0.0, 0.0, 0.0, 0.0, 0.7026463652029633, 0.7702931757326479, 0.0, 0.0, 0.7240429731706778, 0.8560427085117057, 0.0, 0.0]}