{"0": [0.5364221874624491, 0.42172870106167265, 0.5391362065449357, 0.4161779993110233, 0.5336024718979995, 0.4167123361870095, 0.5432218071073294, 0.4167018545998467, 0.5302052810788155, 0.41712388683248447, 0.5520924326236127, 0.447968206099338, 0.5236876051252087, 0.4453171319431729, 0.5579996804396311, 0.48607476381240067, 0.5165692165493965, 0.4833671307122266, 0.0, 0.0, 0.5105861202813685, 0.5186766266822815, 0.5450874855120976, 0.5244452842959652, 0.5286658634742101, 0.5258246156904433, 0.5419311424096426, 0.5837684973522469, 0.5316331118345261, 0.5800270176596112, 0.5412924657265346, 0.6419881189310993, 0.5365537974434661, 0.62193336685722], "1": [0.0, 0.0, 0.0, 0.0, 0.0, 0.0, 0.0, 0.0, 0.0, 0.0, 0.7124529432505369, 0.5095549737965619, 0.6852055014887204, 0.5198082014366433, 0.7135577611004312, 0.5478008733855353, 0.0, 0.0, 0.720566215366125, 0.588014801674419, 0.0, 0.0, 0.6805773235857486, 0.5775779203132346, 0.6731360301727687, 0.5544373277435808, 0.6772492450196296, 0.6195574835494713, 0.676334458279113, 0.6195743557479647, 0.6831692500660816, 0.6650527563360003, 0.6835285720725854, 0.6685512923532062], "2": [0.0, 0.0, 0.0, 0.0, 0.0, 0.0, 0.0, 0.0, 0.0, 0.0, 0.0, 0.0, 0.7104421466627779, 0.5086118403408263, 0.0, 0.0, 0.0, 0.0, 0.0, 0.0, 0.0, 0.0, 0.667677781979243, 0.541192356745402, 0.0, 0.0, 0.0, 0.0, 0.0, 0.0, 0.0, 0.0, 0.0, 0.0], "3": [0.0, 0.0, 0.0, 0.0, 0.0, 0.0, 0.0, 0.0, 0.0, 0.0, 0.0, 0.0, 0.0, 0.0, 0.0, 0.0, 0.0, 0.0, 0.0, 0.0, 0.721005185196797, 0.5887860519052656, 0.0, 0.0, 0.0, 0.0, 0.0, 0.0, 0.0, 0.0, 0.0, 0.0, 0.0, 0.0], "4": [0.0, 0.0, 0.0, 0.0, 0.0, 0.0, 0.0, 0.0, 0.0, 0.0, 0.0, 0.0, 0.0, 0.0, 0.0, 0.0, 0.0, 0.0, 0.0, 0.0, 0.6722369470323125, 0.5660299698511759, 0.0, 0.0, 0.0, 0.0, 0.0, 0.0, 0.0, 0.0, 0.0, 0.0, 0.0, 0.0]}