{"0": [0.0, 0.0, 0.0, 0.0, 0.0, 0.0, 0.30681923056642213, 0.5668189495801925, 0.3218129257361094, 0.5585872027609083, 0.32110279326637586, 0.5969057724983604, 0.3324167437851429, 0.5836927224088598, 0.3382138809810082, 0.6778229678636072, 0.33114427885351083, 0.6633406009387087, 0.0, 0.0, 0.0, 0.0, 0.3437341140621963, 0.6987424466345046, 0.34235324735442796, 0.6944063891967137, 0.313665324014922, 0.750481637760445, 0.31707850793997444, 0.7505096519434895, 0.2993883028626442, 0.8342453414091358, 0.34377852305575896, 0.794193543990453], "1": [0.0, 0.0, 0.0, 0.0, 0.0, 0.0, 0.4485748489076892, 0.5201709338912257, 0.4628219752262036, 0.5185914827717675, 0.4343949267019828, 0.5535589922357489, 0.4751006996879975, 0.5462538928897293, 0.4239339714248975, 0.600051635724527, 0.48987773492311437, 0.5843014772291537, 0.4345607106884321, 0.6357194651056219, 0.4999637120713791, 0.6082411885261536, 0.4435370849755903, 0.6484196756449011, 0.47279676122125236, 0.6538519923333769, 0.4275394017497698, 0.6991360145586508, 0.49689335003495216, 0.6830731575135831, 0.4183062203849356, 0.7479370245227107, 0.5045845846335093, 0.741066664678079], "2": [0.0, 0.0, 0.0, 0.0, 0.0, 0.0, 0.0, 0.0, 0.0, 0.0, 0.0, 0.0, 0.0, 0.0, 0.35155250734339155, 0.6233165158165825, 0.0, 0.0, 0.0, 0.0, 0.0, 0.0, 0.0, 0.0, 0.0, 0.0, 0.0, 0.0, 0.0, 0.0, 0.0, 0.0, 0.0, 0.0], "3": [0.0, 0.0, 0.0, 0.0, 0.0, 0.0, 0.0, 0.0, 0.0, 0.0, 0.0, 0.0, 0.0, 0.0, 0.0, 0.0, 0.0, 0.0, 0.3402335332706571, 0.6180108669179457, 0.0, 0.0, 0.0, 0.0, 0.0, 0.0, 0.0, 0.0, 0.0, 0.0, 0.0, 0.0, 0.0, 0.0], "4": [0.0, 0.0, 0.0, 0.0, 0.0, 0.0, 0.0, 0.0, 0.0, 0.0, 0.0, 0.0, 0.0, 0.0, 0.0, 0.0, 0.0, 0.0, 0.0, 0.0, 0.0, 0.0, 0.0, 0.0, 0.0, 0.0, 0.0, 0.0, 0.0, 0.0, 0.3438823114614934, 0.7952006774920004, 0.0, 0.0], "5": [0.0, 0.0, 0.0, 0.0, 0.0, 0.0, 0.0, 0.0, 0.0, 0.0, 0.0, 0.0, 0.0, 0.0, 0.0, 0.0, 0.0, 0.0, 0.0, 0.0, 0.0, 0.0, 0.0, 0.0, 0.0, 0.0, 0.0, 0.0, 0.0, 0.0, 0.0, 0.0, 0.3001729591439168, 0.8344774237385503]}