{"0": [0.0, 0.0, 0.6976378297122816, 0.4599228865570492, 0.6913513501485189, 0.45976617645334317, 0.703192308669289, 0.4617023001114528, 0.0, 0.0, 0.7148013594870766, 0.4903106517261929, 0.0, 0.0, 0.0, 0.0, 0.0, 0.0, 0.0, 0.0, 0.0, 0.0, 0.7176701456308365, 0.5561610071747392, 0.0, 0.0, 0.7102907598949969, 0.6203924331400129, 0.0, 0.0, 0.7135883757223686, 0.6821996408480185, 0.0, 0.0], "1": [0.0, 0.0, 0.0, 0.0, 0.0, 0.0, 0.3606009318958968, 0.51783937436563, 0.37735662184034785, 0.5183267505080612, 0.3454311445355415, 0.5570966824337288, 0.3880718340476354, 0.5553269403952139, 0.3360113329564532, 0.6173997586524045, 0.39968130961060516, 0.6085703723960453, 0.33831657419602074, 0.6515534034481755, 0.39654536917805666, 0.6448152877666332, 0.35811134055256844, 0.6625791743121765, 0.38430787995457655, 0.6616510419933884, 0.3626411164800326, 0.7392301188574897, 0.3884187873452902, 0.730177913164651, 0.3646861815902715, 0.8185005376736323, 0.39190097836156684, 0.795257083243794], "2": [0.0, 0.0, 0.0, 0.0, 0.0, 0.0, 0.0, 0.0, 0.0, 0.0, 0.0, 0.0, 0.7151946660131216, 0.4883021816059395, 0.0, 0.0, 0.0, 0.0, 0.0, 0.0, 0.0, 0.0, 0.0, 0.0, 0.7232126332509021, 0.5521764456673904, 0.0, 0.0, 0.7104717743544219, 0.6198028759823905, 0.0, 0.0, 0.7132530726492405, 0.6807526352228942]}