{"0": [0.0, 0.0, 0.0, 0.0, 0.0, 0.0, 0.35645609519754845, 0.4265690411130587, 0.3696970713014404, 0.43092243803872005, 0.34230544505019983, 0.4583684559221621, 0.3667806093891461, 0.4629421386057166, 0.0, 0.0, 0.37234400336941087, 0.506957557245537, 0.0, 0.0, 0.38346742490927377, 0.5224622436695628, 0.34930560886859896, 0.543249664704005, 0.3645052135533964, 0.5437307313084603, 0.3551317825913429, 0.5879528313875199, 0.36696316910286747, 0.6057860378865841, 0.3468171990166108, 0.638717492642226, 0.3658989635606607, 0.6616070997935755], "1": [0.0, 0.0, 0.0, 0.0, 0.0, 0.0, 0.5708860715230306, 0.5132594730015154, 0.5876097264389197, 0.5135258865577204, 0.5599531447204451, 0.5553087907808798, 0.6013925323262811, 0.5541919540475916, 0.5622668530791998, 0.6176958022294221, 0.6113212409118811, 0.6036198578705942, 0.5700872421264649, 0.6296326562210366, 0.6074868537485599, 0.6615754456431777, 0.5740832780798276, 0.6568950983109297, 0.5987443943197529, 0.657606170133308, 0.5761723456904292, 0.7308036111019275, 0.5997203812003136, 0.7141465736208139, 0.5778696285560727, 0.7927213474556252, 0.6117717220137516, 0.7812889149343526], "2": [0.0, 0.0, 0.0, 0.0, 0.0, 0.0, 0.8310618763168652, 0.1572558875437136, 0.8387564010297258, 0.15884182320700752, 0.8252809445063273, 0.17120277925773902, 0.839046354716023, 0.17300110790464612, 0.819093347992748, 0.18915102926117403, 0.8426386517783006, 0.19090762226669877, 0.0, 0.0, 0.0, 0.0, 0.8261020059386889, 0.20940380206814518, 0.8350832419469952, 0.2092670910888248, 0.0, 0.0, 0.0, 0.0, 0.0, 0.0, 0.0, 0.0]}