{"0": [0.7680590640753507, 0.7011475359952009, 0.0, 0.0, 0.7678558558846513, 0.6964250396799158, 0.7458969826499621, 0.6937010491335834, 0.7628047309815883, 0.6995042159049599, 0.7322075630848607, 0.7120448260395615, 0.7530435604353746, 0.7361389351111871, 0.0, 0.0, 0.7476272839195611, 0.7999030594827248, 0.0, 0.0, 0.7503545368711152, 0.8499816529176853, 0.7017427256951729, 0.8048223904989383, 0.0, 0.0, 0.7317703243655463, 0.8884823949248704, 0.0, 0.0, 0.7255909911046425, 0.9845702498047441, 0.0, 0.0], "1": [0.5499331459403038, 0.47639171547359893, 0.0, 0.0, 0.0, 0.0, 0.0, 0.0, 0.5483496725559235, 0.47113506435244173, 0.5578285920123259, 0.5094169175183332, 0.5282532421251137, 0.5047925295653166, 0.5588056389242411, 0.568535186847051, 0.5112793361147244, 0.5494186871581608, 0.5624679908156395, 0.6134518270139341, 0.5215785530706246, 0.5777155650986565, 0.5464471345146497, 0.6038260694455218, 0.5258457904060683, 0.5974077883693907, 0.5625010254482429, 0.6664120254693208, 0.0, 0.0, 0.0, 0.0, 0.0, 0.0], "2": [0.0, 0.0, 0.0, 0.0, 0.0, 0.0, 0.0, 0.0, 0.0, 0.0, 0.5276969465116659, 0.5033542209201389, 0.0, 0.0, 0.5110949540510774, 0.550485979296543, 0.0, 0.0, 0.0, 0.0, 0.0, 0.0, 0.5267210811687013, 0.5978225264284346, 0.5451125914851824, 0.6074272038760009, 0.5232374916474024, 0.6616176829293922, 0.5630335352073114, 0.6676421969025224, 0.5151520072172086, 0.7199993910612883, 0.5725325234234333, 0.7381606327162848], "3": [0.0, 0.0, 0.0, 0.0, 0.0, 0.0, 0.0, 0.0, 0.0, 0.0, 0.0, 0.0, 0.7454604325195154, 0.774308522625102, 0.0, 0.0, 0.0, 0.0, 0.0, 0.0, 0.0, 0.0, 0.0, 0.0, 0.0, 0.0, 0.0, 0.0, 0.0, 0.0, 0.0, 0.0, 0.0, 0.0], "4": [0.0, 0.0, 0.0, 0.0, 0.0, 0.0, 0.0, 0.0, 0.0, 0.0, 0.0, 0.0, 0.0, 0.0, 0.0, 0.0, 0.0, 0.0, 0.7498173510034879, 0.8491040443932568, 0.0, 0.0, 0.0, 0.0, 0.0, 0.0, 0.0, 0.0, 0.0, 0.0, 0.0, 0.0, 0.0, 0.0], "5": [0.0, 0.0, 0.0, 0.0, 0.0, 0.0, 0.0, 0.0, 0.0, 0.0, 0.0, 0.0, 0.0, 0.0, 0.0, 0.0, 0.0, 0.0, 0.0, 0.0, 0.5635897831370433, 0.6159818843558983, 0.0, 0.0, 0.0, 0.0, 0.0, 0.0, 0.0, 0.0, 0.0, 0.0, 0.0, 0.0], "6": [0.0, 0.0, 0.0, 0.0, 0.0, 0.0, 0.0, 0.0, 0.0, 0.0, 0.0, 0.0, 0.0, 0.0, 0.0, 0.0, 0.0, 0.0, 0.0, 0.0, 0.0, 0.0, 0.0, 0.0, 0.6949191049983104, 0.8042119865616164, 0.0, 0.0, 0.7330468791226546, 0.8919074461967856, 0.0, 0.0, 0.7263487574954828, 0.9845014523576807], "7": [0.0, 0.0, 0.0, 0.0, 0.0, 0.0, 0.0, 0.0, 0.0, 0.0, 0.0, 0.0, 0.0, 0.0, 0.0, 0.0, 0.0, 0.0, 0.0, 0.0, 0.0, 0.0, 0.0, 0.0, 0.0, 0.0, 0.7134044714272022, 0.8499217398740627, 0.7250666310389836, 0.8590682429295999, 0.7032148318986098, 0.9220411706853796, 0.0, 0.0]}