{"0": [0.3858367171448966, 0.44258136616812815, 0.3861481610685587, 0.4380720725765935, 0.0, 0.0, 0.38628742868701615, 0.438963340498783, 0.3938692186027765, 0.4365055808314571, 0.3850389116754134, 0.45900532051369, 0.402511047385633, 0.45046044566013194, 0.38424304376045865, 0.47944237678139295, 0.40479681119322775, 0.4725112888548109, 0.0, 0.0, 0.0, 0.0, 0.3900752543161312, 0.5073572538965554, 0.3975839830003679, 0.5061947036672522, 0.39452780932188036, 0.5418432531533418, 0.0, 0.0, 0.3958663716552856, 0.576619121554461, 0.39606509568790593, 0.5877516596405594], "1": [0.0, 0.0, 0.0, 0.0, 0.0, 0.0, 0.4194765255476038, 0.4368287927574581, 0.4316436010723313, 0.4364259821397286, 0.412361641228199, 0.46372989526501407, 0.4392634858066837, 0.4656461795171102, 0.40848566591739655, 0.4988690964601658, 0.44717608075588944, 0.5069928070737256, 0.0, 0.0, 0.4535345777869225, 0.5473028732670678, 0.417208668962121, 0.5350633009716317, 0.43392359328766666, 0.537892699793533, 0.4097545069952806, 0.5804274764325884, 0.448150913665692, 0.592693469259474, 0.40585869224742055, 0.6255227727194627, 0.4509427182376385, 0.6500289950105879], "2": [0.0, 0.0, 0.0, 0.0, 0.0, 0.0, 0.0, 0.0, 0.0, 0.0, 0.0, 0.0, 0.38445803796251615, 0.45879844669942504, 0.0, 0.0, 0.0, 0.0, 0.0, 0.0, 0.0, 0.0, 0.0, 0.0, 0.0, 0.0, 0.0, 0.0, 0.0, 0.0, 0.0, 0.0, 0.0, 0.0], "3": [0.0, 0.0, 0.0, 0.0, 0.0, 0.0, 0.0, 0.0, 0.0, 0.0, 0.0, 0.0, 0.0, 0.0, 0.0, 0.0, 0.0, 0.0, 0.0, 0.0, 0.0, 0.0, 0.0, 0.0, 0.0, 0.0, 0.0, 0.0, 0.3967713815470536, 0.5393499592940013, 0.0, 0.0, 0.0, 0.0]}