{"0": [0.0, 0.0, 0.0, 0.0, 0.0, 0.0, 0.5412602265675862, 0.41810262937236714, 0.5534139541288217, 0.4183407713831575, 0.5347651672859987, 0.45075798763169184, 0.5604462010068043, 0.44906325980469036, 0.5318869515632589, 0.48867886574180036, 0.5651184448972344, 0.4909267941006908, 0.5348272773747643, 0.5203969282132609, 0.5634716386596362, 0.5287170839530451, 0.5405718524008989, 0.525309118738881, 0.5575052075088024, 0.5253288041662287, 0.5293320783724388, 0.5866500627111506, 0.5620939013858636, 0.5737103931329869, 0.5278031071648002, 0.6434395326508416, 0.5666799175242583, 0.6167811057081929], "1": [0.0, 0.0, 0.0, 0.0, 0.0, 0.0, 0.4356261535082012, 0.5152783292311209, 0.44701843783259393, 0.5137109188018022, 0.4278116651500265, 0.5385823216703203, 0.45944920436789594, 0.5510101870254234, 0.42653049572060503, 0.5739939766832524, 0.0, 0.0, 0.0, 0.0, 0.0, 0.0, 0.4371244734774033, 0.627162844715295, 0.4482862361706793, 0.6471955197828787, 0.0, 0.0, 0.44275835144023096, 0.7242290953795114, 0.0, 0.0, 0.4292666400472323, 0.7721445975480257], "2": [0.0, 0.0, 0.0, 0.0, 0.0, 0.0, 0.0, 0.0, 0.0, 0.0, 0.4585953030735254, 0.5531592801765159, 0.43035421570142113, 0.541678175440541, 0.0, 0.0, 0.0, 0.0, 0.4557735974900424, 0.6533419247026797, 0.0, 0.0, 0.4502882401148478, 0.6542430177882865, 0.0, 0.0, 0.44183360661069554, 0.7236915737390518, 0.0, 0.0, 0.4295323759317398, 0.773444415739289, 0.0, 0.0], "3": [0.0, 0.0, 0.0, 0.0, 0.0, 0.0, 0.0, 0.0, 0.0, 0.0, 0.0, 0.0, 0.0, 0.0, 0.0, 0.0, 0.0, 0.0, 0.4326590982576211, 0.670359988629611, 0.0, 0.0, 0.0, 0.0, 0.0, 0.0, 0.0, 0.0, 0.0, 0.0, 0.0, 0.0, 0.0, 0.0], "4": [0.0, 0.0, 0.0, 0.0, 0.0, 0.0, 0.0, 0.0, 0.0, 0.0, 0.0, 0.0, 0.0, 0.0, 0.0, 0.0, 0.0, 0.0, 0.0, 0.0, 0.4331588715314865, 0.6665450599458482, 0.0, 0.0, 0.0, 0.0, 0.0, 0.0, 0.0, 0.0, 0.0, 0.0, 0.0, 0.0]}