{"0": [0.0, 0.0, 0.0, 0.0, 0.5341648700336615, 0.42742151728382816, 0.5192462558858096, 0.4266265940886957, 0.5318575297171871, 0.42937830355432305, 0.5058445165244242, 0.4551403058071931, 0.534942674357444, 0.4611100611863313, 0.49662131716807684, 0.49964796150172197, 0.5374379987517993, 0.5088518923079526, 0.49259249741832417, 0.5351398052992644, 0.5493670634925365, 0.520746581642716, 0.5021112272050232, 0.5390068740756423, 0.5223509920140107, 0.5411619071607237, 0.496161658068498, 0.5929857068591647, 0.5272526618869354, 0.5956969571334344, 0.48813418038189405, 0.6548412949398712, 0.5204501502215862, 0.6555993755727455], "1": [0.0, 0.0, 0.0, 0.0, 0.0, 0.0, 0.0, 0.0, 0.0, 0.0, 0.0, 0.0, 0.5850410613541802, 0.4910475935097094, 0.0, 0.0, 0.0, 0.0, 0.0, 0.0, 0.0, 0.0, 0.5597467730442683, 0.5728679408629735, 0.5826650091757377, 0.5691295897519147, 0.555366612225771, 0.6208385767760101, 0.5953775533785423, 0.5914087286701909, 0.5400961004197598, 0.6638266054016573, 0.6046873999138673, 0.6526670021039468], "2": [0.0, 0.0, 0.0, 0.0, 0.0, 0.0, 0.0, 0.0, 0.0, 0.0, 0.0, 0.0, 0.0, 0.0, 0.0, 0.0, 0.5797080749024948, 0.517991609926577, 0.0, 0.0, 0.0, 0.0, 0.0, 0.0, 0.0, 0.0, 0.0, 0.0, 0.0, 0.0, 0.0, 0.0, 0.0, 0.0], "3": [0.0, 0.0, 0.0, 0.0, 0.0, 0.0, 0.0, 0.0, 0.0, 0.0, 0.0, 0.0, 0.0, 0.0, 0.0, 0.0, 0.0, 0.0, 0.0, 0.0, 0.0, 0.0, 0.0, 0.0, 0.0, 0.0, 0.0, 0.0, 0.0, 0.0, 0.0, 0.0, 0.5395574935731323, 0.6644016225028921]}