{"0": [0.0, 0.0, 0.0, 0.0, 0.0, 0.0, 0.1505904097110033, 0.5607097976737552, 0.16219917585452398, 0.5586710924903552, 0.14206483885645865, 0.5996240913867951, 0.17259070553506414, 0.5862520451898929, 0.13824800290167333, 0.6424608239421138, 0.17898478582501412, 0.617128586658725, 0.0, 0.0, 0.18592794674138227, 0.6465290343319929, 0.15200076478843888, 0.6979631558612541, 0.17299945421982557, 0.6876733428902096, 0.160809774355342, 0.7633426732487149, 0.1844038092220823, 0.7441234366761313, 0.1622243769466877, 0.8669713009286809, 0.17026054287950199, 0.8052465524938371], "1": [0.0, 0.0, 0.0, 0.0, 0.0, 0.0, 0.0, 0.0, 0.0, 0.0, 0.6194393881907065, 0.5204966982205709, 0.6603539066001152, 0.5221146820113063, 0.611618577192227, 0.5657575410825235, 0.666214249531428, 0.5582483527836976, 0.0, 0.0, 0.0, 0.0, 0.6277465993538499, 0.6248994919988845, 0.6498235138754048, 0.6261838692481871, 0.6234849405785402, 0.6777636252033212, 0.646290331830581, 0.6881761460392564, 0.6199882008135319, 0.728356898603616, 0.6460077931483587, 0.7462258731877361], "2": [0.0, 0.0, 0.0, 0.0, 0.0, 0.0, 0.0, 0.0, 0.0, 0.0, 0.0, 0.0, 0.0, 0.0, 0.0, 0.0, 0.0, 0.0, 0.0, 0.0, 0.0, 0.0, 0.0, 0.0, 0.0, 0.0, 0.0, 0.0, 0.0, 0.0, 0.16812261442343393, 0.8085733872872812, 0.0, 0.0], "3": [0.0, 0.0, 0.0, 0.0, 0.0, 0.0, 0.0, 0.0, 0.0, 0.0, 0.0, 0.0, 0.0, 0.0, 0.0, 0.0, 0.0, 0.0, 0.0, 0.0, 0.0, 0.0, 0.0, 0.0, 0.0, 0.0, 0.0, 0.0, 0.0, 0.0, 0.0, 0.0, 0.16172538461784522, 0.8655058425885659]}