{"0": [0.6743397874136766, 0.650940618470863, 0.6799603804945946, 0.6496674103869332, 0.6697851526240508, 0.641265714665254, 0.6853892976495748, 0.6579795411339513, 0.6638718347996473, 0.6430565900272792, 0.6792187762757141, 0.6916001539539408, 0.6288309104088293, 0.6788026864474591, 0.6646507694463556, 0.7448229575598682, 0.6107465541611116, 0.7158549309880645, 0.0, 0.0, 0.6366035201897223, 0.7265545792049832, 0.6507733602076767, 0.7866607816131027, 0.6302498952796062, 0.7804214361641142, 0.6552377111588915, 0.873168158531189, 0.6315194349115093, 0.8619481246780466, 0.6571139620617032, 0.9525838645520034, 0.0, 0.0], "1": [0.0, 0.0, 0.0, 0.0, 0.6390870233376821, 0.6736194052078106, 0.0, 0.0, 0.6306993040566643, 0.6736899737958555, 0.0, 0.0, 0.0, 0.0, 0.0, 0.0, 0.0, 0.0, 0.0, 0.0, 0.0, 0.0, 0.0, 0.0, 0.0, 0.0, 0.0, 0.0, 0.0, 0.0, 0.0, 0.0, 0.0, 0.0], "2": [0.0, 0.0, 0.0, 0.0, 0.0, 0.0, 0.5126580071945985, 0.4933321029499725, 0.5272382164839655, 0.498669668590581, 0.5055189478521546, 0.5197122059486531, 0.5320993437742193, 0.5333067275859692, 0.4943014764537414, 0.5559355035976127, 0.534834556033214, 0.5850840336746641, 0.0, 0.0, 0.5478524256225986, 0.6109345868091892, 0.4968660251547893, 0.6109880187583191, 0.5174872182309628, 0.6184134481474757, 0.4893648438466092, 0.6627014051708912, 0.5378095466643572, 0.6778483525608425, 0.4667753789573908, 0.7213898021865774, 0.543741009774385, 0.7427457253138224], "3": [0.0, 0.0, 0.0, 0.0, 0.0, 0.0, 0.0, 0.0, 0.0, 0.0, 0.0, 0.0, 0.0, 0.0, 0.0, 0.0, 0.6338287718594074, 0.6491964161396027, 0.0, 0.0, 0.0, 0.0, 0.0, 0.0, 0.0, 0.0, 0.0, 0.0, 0.0, 0.0, 0.0, 0.0, 0.0, 0.0], "4": [0.0, 0.0, 0.0, 0.0, 0.0, 0.0, 0.0, 0.0, 0.0, 0.0, 0.0, 0.0, 0.0, 0.0, 0.0, 0.0, 0.0, 0.0, 0.0, 0.0, 0.0, 0.0, 0.0, 0.0, 0.0, 0.0, 0.0, 0.0, 0.0, 0.0, 0.6569570136566957, 0.9019435990739751, 0.0, 0.0]}