{"0": [0.0, 0.0, 0.0, 0.0, 0.0, 0.0, 0.4698764565090339, 0.4520217334782636, 0.4838352409501871, 0.45218941458949335, 0.45841049502293274, 0.4899281899134318, 0.4865952886641026, 0.4982213310621403, 0.4462233347197374, 0.527941174529217, 0.4908740724126498, 0.5375801960075343, 0.457502323637406, 0.5440222737137919, 0.4976058412653704, 0.5779687634220829, 0.45868599588672315, 0.5678346607420179, 0.4800879138211409, 0.5720553599022052, 0.4487149327372511, 0.6324106560261161, 0.4921064789096514, 0.6166290479677695, 0.43370646213491765, 0.6770255345989157, 0.49758278305331866, 0.6774298360226331], "1": [0.0, 0.0, 0.0, 0.0, 0.0, 0.0, 0.0, 0.0, 0.0, 0.0, 0.3206557221710682, 0.5176603105333116, 0.34076001308858395, 0.522821835787208, 0.0, 0.0, 0.36761747151613233, 0.5559899974752356, 0.0, 0.0, 0.3745103120803833, 0.5323110509801794, 0.3084425219645103, 0.6175060869367034, 0.33405096754431723, 0.6240897184168851, 0.2987713970243931, 0.6720199427119009, 0.3557438083924353, 0.6602674716048771, 0.28713231744865575, 0.7378465518355369, 0.36087639912342034, 0.7360516777745], "2": [0.0, 0.0, 0.0, 0.0, 0.0, 0.0, 0.0, 0.0, 0.0, 0.0, 0.0, 0.0, 0.0, 0.0, 0.3656427528709173, 0.5552899342996103, 0.0, 0.0, 0.37242313735187055, 0.5341041070443613, 0.0, 0.0, 0.0, 0.0, 0.0, 0.0, 0.0, 0.0, 0.0, 0.0, 0.0, 0.0, 0.0, 0.0]}