{"0": [0.37407224538425604, 0.6506207424181479, 0.3774193066482742, 0.6412586878295298, 0.369060130106906, 0.6430312090449863, 0.3820685361822446, 0.6383238942534836, 0.3597353272140026, 0.6402690606536688, 0.3939997232053429, 0.6680494063430362, 0.35162852170566716, 0.6841672812347058, 0.40956126085172095, 0.6987252179119322, 0.34198857930799326, 0.7301736743361862, 0.41464926389356455, 0.6800448837103668, 0.33379399490853146, 0.7737971965361524, 0.3966986179351807, 0.7828985320197211, 0.3699969666699569, 0.7903174744711982, 0.4023419916629791, 0.8716966833229418, 0.37102334623535477, 0.8753923722991237, 0.40862172544002534, 0.9637126330976133, 0.3743313891192278, 0.9467036408406717], "1": [0.543756092171922, 0.5917636085439612, 0.5474104915124675, 0.5829116110448485, 0.5426375110944112, 0.5832984021416416, 0.5634872427831094, 0.5847773041990069, 0.0, 0.0, 0.5763099196056525, 0.6357362221788476, 0.544774061255157, 0.626800202385143, 0.585356829109757, 0.6799383997917176, 0.5306632755945127, 0.6662296880174566, 0.597384448784093, 0.6720845236822411, 0.5054737841089566, 0.701134106627217, 0.566087202851971, 0.7566007406623275, 0.5449371547748645, 0.7508541305859885, 0.5692592359458407, 0.8333645750285574, 0.5407425135374069, 0.8345157171841021, 0.5845695249736309, 0.9286426751701922, 0.5402676324049632, 0.9047179509092261], "2": [0.0, 0.0, 0.0, 0.0, 0.0, 0.0, 0.0, 0.0, 0.0, 0.0, 0.0, 0.0, 0.0, 0.0, 0.0, 0.0, 0.0, 0.0, 0.5480922715427975, 0.7288463531268967, 0.0, 0.0, 0.0, 0.0, 0.0, 0.0, 0.0, 0.0, 0.0, 0.0, 0.0, 0.0, 0.0, 0.0]}