{"0": [0.26814619079232216, 0.6414699445168177, 0.2688807737547904, 0.6322410331832038, 0.26401741243898874, 0.6337580491271284, 0.27721200180239974, 0.6250953270881264, 0.0, 0.0, 0.2987506212666631, 0.6412382842765914, 0.0, 0.0, 0.2885927393224967, 0.715622152688676, 0.0, 0.0, 0.0, 0.0, 0.0, 0.0, 0.32648021100709834, 0.7307440442067605, 0.30581217994913457, 0.7369085639301274, 0.32325317325691383, 0.8315626034030208, 0.27781418431550264, 0.8061112478927329, 0.0, 0.0, 0.2688987890879313, 0.8922945790820651], "1": [0.0, 0.0, 0.0, 0.0, 0.0, 0.0, 0.0, 0.0, 0.0, 0.0, 0.4708329769472281, 0.5159077719405846, 0.5074005310734113, 0.508107524006455, 0.46523902602493766, 0.567077401721919, 0.5205592797448237, 0.5390426556269328, 0.0, 0.0, 0.5248958950241407, 0.5666979636376103, 0.4830242407818635, 0.6036971139286093, 0.5070061302433412, 0.6013614142382586, 0.4745224299530189, 0.6460025010285554, 0.5199025907864173, 0.6504452025448835, 0.4734909231464068, 0.7098883902585065, 0.5329329326748848, 0.7107952961215266], "2": [0.0, 0.0, 0.0, 0.0, 0.0, 0.0, 0.0, 0.0, 0.0, 0.0, 0.5054361565038562, 0.5042075320526406, 0.47262024444838363, 0.5164401324810806, 0.5196137393514315, 0.5370570663448975, 0.0, 0.0, 0.5233932205475866, 0.566286284752466, 0.0, 0.0, 0.0, 0.0, 0.0, 0.0, 0.0, 0.0, 0.0, 0.0, 0.0, 0.0, 0.0, 0.0], "3": [0.0, 0.0, 0.0, 0.0, 0.0, 0.0, 0.0, 0.0, 0.0, 0.0, 0.0, 0.0, 0.2716031830757856, 0.6640453841951158, 0.0, 0.0, 0.2797130549947421, 0.717707813889892, 0.0, 0.0, 0.0, 0.0, 0.0, 0.0, 0.0, 0.0, 0.0, 0.0, 0.0, 0.0, 0.0, 0.0, 0.0, 0.0], "4": [0.0, 0.0, 0.0, 0.0, 0.0, 0.0, 0.0, 0.0, 0.0, 0.0, 0.0, 0.0, 0.0, 0.0, 0.0, 0.0, 0.0, 0.0, 0.0, 0.0, 0.26861911031107105, 0.6712697120728316, 0.0, 0.0, 0.0, 0.0, 0.0, 0.0, 0.0, 0.0, 0.0, 0.0, 0.0, 0.0], "5": [0.0, 0.0, 0.0, 0.0, 0.0, 0.0, 0.0, 0.0, 0.0, 0.0, 0.0, 0.0, 0.0, 0.0, 0.0, 0.0, 0.0, 0.0, 0.0, 0.0, 0.0, 0.0, 0.3093268933395545, 0.7417341905611534, 0.3310197035471598, 0.7297883728312121, 0.27839764828483266, 0.8070511557437755, 0.32351997401565313, 0.8305417325761583, 0.2680999311308066, 0.8952372308130617, 0.3436723590052376, 0.8750899703414352]}