{"0": [0.7083044851819674, 0.40036143329408436, 0.7093006409704685, 0.39478019619429555, 0.7047168916712204, 0.39529575363353453, 0.7108832975539069, 0.39430110498710913, 0.700020524362723, 0.3985974223525436, 0.7142821551921468, 0.42061761661812114, 0.695193168396751, 0.4252365241999979, 0.7133806222428878, 0.46254153963592315, 0.6924094731609027, 0.46193590638814147, 0.7145424364833162, 0.4829358719013355, 0.6935654693593581, 0.4911593315777955, 0.7121624793857336, 0.49843385451369815, 0.6984925342723727, 0.4990941206614176, 0.7138687796269854, 0.5532771319150924, 0.6905608274042606, 0.5441153652414127, 0.7177759795139234, 0.6068563010957506, 0.6805156618977587, 0.5897604537782846], "1": [0.0, 0.0, 0.0, 0.0, 0.0, 0.0, 0.5523699413364133, 0.4993436388395451, 0.5679256357252598, 0.4979947200527898, 0.5445691221704085, 0.533906228012509, 0.5767801580950618, 0.5269940126825262, 0.5355194942792878, 0.5791998885296008, 0.5908123349150023, 0.575501651675613, 0.528581881398956, 0.6178735910742371, 0.5933114704986413, 0.6118658466471566, 0.5495973940938711, 0.6182721078395843, 0.5710120183726152, 0.6185113327668256, 0.5508239059398572, 0.6992781576183107, 0.570628032584985, 0.6677220596207514, 0.5534844836841027, 0.7700229119371483, 0.5684718979522586, 0.7184399291321082], "2": [0.0, 0.0, 0.0, 0.0, 0.0, 0.0, 0.0, 0.0, 0.0, 0.0, 0.0, 0.0, 0.0, 0.0, 0.0, 0.0, 0.0, 0.0, 0.0, 0.0, 0.0, 0.0, 0.0, 0.0, 0.0, 0.0, 0.0, 0.0, 0.0, 0.0, 0.0, 0.0, 0.5529499458149075, 0.76999543816955]}