{"0": [0.6637257183591525, 0.41732590606919046, 0.6668853759765625, 0.412840363935188, 0.6618074610829353, 0.4127679303840355, 0.6738114939381679, 0.4136564409291303, 0.6599699313441914, 0.4133795771333907, 0.683204185962677, 0.4434522092342377, 0.6556954990451535, 0.4427216119236416, 0.6895747040961094, 0.480868309073978, 0.6577422966559728, 0.45506914887163374, 0.6908116212735573, 0.515949472895375, 0.0, 0.0, 0.6747390588124593, 0.5232801020145417, 0.6563888201955705, 0.5212445349604995, 0.6679988413428267, 0.5798654678795073, 0.6543701263765495, 0.5799509233898587, 0.6644462456150602, 0.6385416814574489, 0.6641629654293258, 0.6379286253893817], "1": [0.0, 0.0, 0.0, 0.0, 0.0, 0.0, 0.0, 0.0, 0.0, 0.0, 0.43476534616202117, 0.5671762172270705, 0.4253513964513937, 0.5671718324776049, 0.0, 0.0, 0.41540982114772, 0.569951977553191, 0.0, 0.0, 0.39775080871768304, 0.5881836593702987, 0.4362015875056386, 0.6324141002363629, 0.422114732923607, 0.6307141334922225, 0.4399477908698221, 0.6827068207440553, 0.4070259811977545, 0.6793531959807433, 0.44643345003326734, 0.7513360978828536, 0.40879183386762935, 0.7552635985392111], "2": [0.0, 0.0, 0.0, 0.0, 0.0, 0.0, 0.0, 0.0, 0.0, 0.0, 0.0, 0.0, 0.0, 0.0, 0.41651582842071855, 0.5702348987261454, 0.0, 0.0, 0.3972308965399861, 0.5876199815008375, 0.0, 0.0, 0.0, 0.0, 0.0, 0.0, 0.0, 0.0, 0.0, 0.0, 0.0, 0.0, 0.0, 0.0], "3": [0.0, 0.0, 0.0, 0.0, 0.0, 0.0, 0.0, 0.0, 0.0, 0.0, 0.0, 0.0, 0.0, 0.0, 0.0, 0.0, 0.0, 0.0, 0.6710979742308457, 0.43742831768812956, 0.0, 0.0, 0.0, 0.0, 0.0, 0.0, 0.0, 0.0, 0.0, 0.0, 0.0, 0.0, 0.0, 0.0], "4": [0.0, 0.0, 0.0, 0.0, 0.0, 0.0, 0.0, 0.0, 0.0, 0.0, 0.0, 0.0, 0.0, 0.0, 0.0, 0.0, 0.0, 0.0, 0.0, 0.0, 0.6627318193827817, 0.4367667565704787, 0.0, 0.0, 0.0, 0.0, 0.0, 0.0, 0.0, 0.0, 0.0, 0.0, 0.0, 0.0], "5": [0.0, 0.0, 0.0, 0.0, 0.0, 0.0, 0.0, 0.0, 0.0, 0.0, 0.0, 0.0, 0.0, 0.0, 0.0, 0.0, 0.0, 0.0, 0.0, 0.0, 0.0, 0.0, 0.0, 0.0, 0.440588886787494, 0.6263258413584144, 0.0, 0.0, 0.43949827356263993, 0.6832894424597422, 0.0, 0.0, 0.4464750900864601, 0.7512532177898619], "6": [0.0, 0.0, 0.0, 0.0, 0.0, 0.0, 0.0, 0.0, 0.0, 0.0, 0.0, 0.0, 0.0, 0.0, 0.0, 0.0, 0.0, 0.0, 0.0, 0.0, 0.0, 0.0, 0.0, 0.0, 0.0, 0.0, 0.0, 0.0, 0.0, 0.0, 0.40910391360521314, 0.7583747005021131, 0.0, 0.0]}