{"0": [0.0, 0.0, 0.0, 0.0, 0.0, 0.0, 0.5829345139364401, 0.5176340652836694, 0.5988797878225645, 0.5205575385579356, 0.5677506331354379, 0.5514649322739353, 0.6054099939142664, 0.5628953368575484, 0.5546101528400093, 0.5945740508574171, 0.0, 0.0, 0.5581499437491099, 0.6386454575591617, 0.0, 0.0, 0.5638567117974163, 0.647379665683817, 0.5912055903424819, 0.6547423122105775, 0.5527678408349553, 0.7106282843483818, 0.5919125077625116, 0.7407563701823906, 0.5432757986399035, 0.7781800771201098, 0.5967197876423598, 0.7887090019191857], "1": [0.0, 0.0, 0.0, 0.0, 0.0, 0.0, 0.6350053083151579, 0.5456250743733512, 0.0, 0.0, 0.6358708327946564, 0.5673717276365668, 0.6446484534069896, 0.5653130189136223, 0.6348338783408205, 0.6113553316228919, 0.6316202076462408, 0.6123000816062645, 0.0, 0.0, 0.6439235894319911, 0.6566276842797244, 0.6340499730159839, 0.6569196669039902, 0.6356059580886116, 0.658737611108356, 0.6475299624105294, 0.7149502153749819, 0.6493031806002061, 0.7161775169549166, 0.6609089947926502, 0.7900212125645744, 0.6616495800515015, 0.7915826241175333], "2": [0.0, 0.0, 0.0, 0.0, 0.0, 0.0, 0.0, 0.0, 0.0, 0.0, 0.0, 0.0, 0.0, 0.0, 0.0, 0.0, 0.0, 0.0, 0.0, 0.0, 0.0, 0.0, 0.0, 0.0, 0.0, 0.0, 0.0, 0.0, 0.0, 0.0, 0.5974880321261783, 0.7956758605109321, 0.0, 0.0]}