{"0": [0.6188693814367677, 0.38568546175956725, 0.6194923360521595, 0.3821516571773423, 0.0, 0.0, 0.6241360840698084, 0.3836367373113279, 0.0, 0.0, 0.6298088498413563, 0.40819595257441205, 0.627358223994573, 0.4066645427986428, 0.6429227391257882, 0.4459285976710143, 0.6236726911738515, 0.4489220349876969, 0.6316564695288738, 0.46924889849291906, 0.0, 0.0, 0.6293598926315705, 0.4840160184436374, 0.6266631784227987, 0.4809732269357752, 0.6229306967715578, 0.5327266684284917, 0.6232997305380802, 0.5321271918438099, 0.6302136038740476, 0.5868707098342755, 0.6301469118644794, 0.5852097233136495], "1": [0.0, 0.0, 0.0, 0.0, 0.0, 0.0, 0.5001124928394953, 0.44106212401831596, 0.5134671160330375, 0.44115936080062834, 0.4969870579620003, 0.4819531213004471, 0.5213215845119816, 0.4839005220963684, 0.4926204511274894, 0.5280724661217795, 0.5216625505437453, 0.5287694889638159, 0.4804186084618171, 0.5657673527797064, 0.0, 0.0, 0.5031398468961318, 0.5740250107556305, 0.5167569962640604, 0.5738089971520283, 0.5013490006327629, 0.6336269591417577, 0.0, 0.0, 0.5012957719465098, 0.6835624591067985, 0.5012010456373294, 0.6833748526043362], "2": [0.0, 0.0, 0.0, 0.0, 0.0, 0.0, 0.0, 0.0, 0.0, 0.0, 0.0, 0.0, 0.0, 0.0, 0.0, 0.0, 0.49143432900309564, 0.5284716224228895, 0.0, 0.0, 0.4807251097013553, 0.5655667038979354, 0.0, 0.0, 0.0, 0.0, 0.0, 0.0, 0.0, 0.0, 0.0, 0.0, 0.0, 0.0], "3": [0.0, 0.0, 0.0, 0.0, 0.0, 0.0, 0.0, 0.0, 0.0, 0.0, 0.0, 0.0, 0.0, 0.0, 0.0, 0.0, 0.0, 0.0, 0.0, 0.0, 0.0, 0.0, 0.0, 0.0, 0.0, 0.0, 0.0, 0.0, 0.5060180782030026, 0.6341675538155768, 0.0, 0.0, 0.5307087963446974, 0.6841793421241973], "4": [0.0, 0.0, 0.0, 0.0, 0.0, 0.0, 0.0, 0.0, 0.0, 0.0, 0.0, 0.0, 0.0, 0.0, 0.0, 0.0, 0.0, 0.0, 0.0, 0.0, 0.0, 0.0, 0.0, 0.0, 0.0, 0.0, 0.0, 0.0, 0.0, 0.0, 0.5308209573229153, 0.6845591297304189, 0.0, 0.0]}