{"0": [0.650124179944396, 0.39885029086360224, 0.6498820858697096, 0.39450829293992784, 0.648486965149641, 0.39458068476782904, 0.0, 0.0, 0.0, 0.0, 0.6641130620613694, 0.41657136722847266, 0.6388462983071804, 0.4175608894339315, 0.6722337412958344, 0.4507643262545268, 0.6354413184647759, 0.4502736901795423, 0.0, 0.0, 0.0, 0.0, 0.0, 0.0, 0.0, 0.0, 0.0, 0.0, 0.0, 0.0, 0.0, 0.0, 0.0, 0.0], "1": [0.0, 0.0, 0.0, 0.0, 0.0, 0.0, 0.643713304924313, 0.39447084819829015, 0.6542528621852398, 0.3936219703268122, 0.6378879369546969, 0.41683515221984296, 0.6641555978295705, 0.4157207199820766, 0.6352739248269548, 0.45352661101906394, 0.6724993452119331, 0.4497073007954491, 0.0, 0.0, 0.0, 0.0, 0.643237782176584, 0.4869853413767285, 0.6595201850558321, 0.4857649811440044, 0.6420969982941945, 0.5399197039780793, 0.658718079701066, 0.5317129439777798, 0.6420105136930941, 0.5913562675317128, 0.6651117168987791, 0.5640554026321128], "2": [0.0, 0.0, 0.0, 0.0, 0.0, 0.0, 0.6999795253078143, 0.6040362930960126, 0.7135239406178395, 0.6172178208827972, 0.6783365940054258, 0.6097474054053977, 0.712745726108551, 0.6512341333760155, 0.6534172115226586, 0.6273694744816533, 0.7133954764654239, 0.7066959515213966, 0.0, 0.0, 0.7123116315652926, 0.7663715078322977, 0.6498388934880495, 0.7154010738487597, 0.6794462976356347, 0.7342753825364289, 0.6441856007402141, 0.8054878813249093, 0.6759324014186859, 0.8114588275275848, 0.6345591532066465, 0.8829992819715429, 0.6696816124022007, 0.8848361521131463], "3": [0.0, 0.0, 0.0, 0.0, 0.0, 0.0, 0.0, 0.0, 0.0, 0.0, 0.7144588534953072, 0.6516322988050954, 0.0, 0.0, 0.7134632896631956, 0.7070791128608914, 0.0, 0.0, 0.7122042689472436, 0.7659169523804276, 0.0, 0.0, 0.6796720465024312, 0.7400685314778929, 0.0, 0.0, 0.6771036307017009, 0.8100668276901598, 0.645290087411801, 0.8043172146435137, 0.6701848017672698, 0.8827075130409665, 0.0, 0.0], "4": [0.0, 0.0, 0.0, 0.0, 0.0, 0.0, 0.0, 0.0, 0.0, 0.0, 0.0, 0.0, 0.0, 0.0, 0.0, 0.0, 0.0, 0.0, 0.0, 0.0, 0.0, 0.0, 0.0, 0.0, 0.0, 0.0, 0.6628852192312479, 0.5302601738108529, 0.6407480469594399, 0.5422548135121663, 0.6649205995102724, 0.5640483851786013, 0.6414058824380239, 0.5907304594914119]}