{"0": [0.0, 0.0, 0.0, 0.0, 0.0, 0.0, 0.38813990478714305, 0.5434022082222834, 0.40859577022492893, 0.5410061043721658, 0.3803420689577858, 0.5906795213619868, 0.4244182658692201, 0.5809208823023019, 0.3768100180042287, 0.6656999115590696, 0.426722782291472, 0.6269317745058625, 0.3788494990517696, 0.6969150101697004, 0.0, 0.0, 0.392026869331797, 0.7093580250386838, 0.41255260234077773, 0.7148047687563425, 0.3981599889540425, 0.8036262627622044, 0.4088188854356607, 0.8157078579620078, 0.407847144951423, 0.8832228470731665, 0.0, 0.0], "1": [0.0, 0.0, 0.0, 0.0, 0.0, 0.0, 0.0, 0.0, 0.5041912102450927, 0.5343910393891511, 0.4669678951303165, 0.5241779989666409, 0.5072749251499772, 0.5447869626736199, 0.45233579267126817, 0.5681201630168491, 0.5168713100254536, 0.5712251954608494, 0.4630302519847949, 0.5754922231038412, 0.519003493199125, 0.6024063362015617, 0.4695259212826689, 0.6200862437486648, 0.4959515658517679, 0.620357942139661, 0.45749822656313577, 0.6515555313339941, 0.5029368072127303, 0.6531529669408445, 0.441496791690588, 0.6918683193899967, 0.49811919635782637, 0.7029715021451314]}