{"0": [0.4043305198351542, 0.47632981847833705, 0.4051378827542067, 0.4714457392692566, 0.0, 0.0, 0.0, 0.0, 0.0, 0.0, 0.4193899561961492, 0.5081822645333078, 0.0, 0.0, 0.0, 0.0, 0.0, 0.0, 0.0, 0.0, 0.0, 0.0, 0.0, 0.0, 0.0, 0.0, 0.0, 0.0, 0.0, 0.0, 0.0, 0.0, 0.0, 0.0], "1": [0.0, 0.0, 0.0, 0.0, 0.0, 0.0, 0.40151175515105325, 0.4737870468033685, 0.4101436831677953, 0.47370403431080005, 0.3871474555383126, 0.5167413651943207, 0.42145348340272903, 0.5103578797093145, 0.3758771056930224, 0.5482209523518881, 0.0, 0.0, 0.0, 0.0, 0.0, 0.0, 0.39548921075960003, 0.6132014934663419, 0.4209314756095409, 0.6111244367832249, 0.37858983216186365, 0.6657349811659918, 0.42705866769732287, 0.6624809874428643, 0.37205655096719664, 0.7332444853252835, 0.429647712657849, 0.7282682363633757], "2": [0.0, 0.0, 0.0, 0.0, 0.0, 0.0, 0.46082018725574014, 0.47522782970357824, 0.47046001702547074, 0.4756270783918875, 0.44990835065642987, 0.5070572382873959, 0.48090781227995955, 0.5129973242680231, 0.44091427301367125, 0.5438650514240618, 0.4917147529621919, 0.5521566177683848, 0.0, 0.0, 0.4997242007404566, 0.5825572373690429, 0.4556426441296936, 0.5834368297347317, 0.47700717792225383, 0.582529651677167, 0.4522448065225035, 0.6336656928614333, 0.4870845062037309, 0.6328296783345717, 0.4524763674785694, 0.6856445116853273, 0.5046756093700727, 0.6841385340249095], "3": [0.0, 0.0, 0.0, 0.0, 0.0, 0.0, 0.0, 0.0, 0.0, 0.0, 0.0, 0.0, 0.0, 0.0, 0.36044527888298034, 0.5817137824164497, 0.0, 0.0, 0.0, 0.0, 0.0, 0.0, 0.0, 0.0, 0.0, 0.0, 0.0, 0.0, 0.0, 0.0, 0.0, 0.0, 0.0, 0.0]}