{"0": [0.5022790830116719, 0.5545070944009003, 0.5060648446126531, 0.5469007593614084, 0.49973672951261194, 0.5479917214976416, 0.5149868712139626, 0.5403879384199778, 0.4957439968983332, 0.5446177250671166, 0.533542632808288, 0.5828733028085143, 0.4906805489212275, 0.5759968490512283, 0.5447964734087388, 0.6377170322117982, 0.4816418124362826, 0.6214555517390922, 0.5419587083160877, 0.6946316339351513, 0.4743682350963354, 0.6646056269054059, 0.5215445292492707, 0.7002921512005505, 0.4942403935827315, 0.6932393002841207, 0.5197907943899432, 0.7896323399411308, 0.49404443784927327, 0.782072988262883, 0.0, 0.0, 0.0, 0.0], "1": [0.3613126844788591, 0.39600603260375833, 0.0, 0.0, 0.3613508959611257, 0.39163775399879175, 0.3495275555799405, 0.38218819322409453, 0.35893895998597153, 0.3894444300620644, 0.3379250497867664, 0.3930723737787317, 0.3535291324059168, 0.4084018822069521, 0.31901903357356787, 0.4165731679510187, 0.3512675040091077, 0.4425932155715095, 0.3250772073864937, 0.4288690235879686, 0.3492756642401218, 0.47512028327694644, 0.3255188641448816, 0.460071901038841, 0.3368015973518292, 0.465423407819536, 0.3357650859902303, 0.5146586780608804, 0.33700188994407654, 0.5161992808183035, 0.3308829518035054, 0.5543524004794933, 0.32509457791845003, 0.5655050469769372], "2": [0.0, 0.0, 0.0, 0.0, 0.0, 0.0, 0.0, 0.0, 0.0, 0.0, 0.0, 0.0, 0.0, 0.0, 0.0, 0.0, 0.0, 0.0, 0.0, 0.0, 0.32695456974518794, 0.43104901600767065, 0.0, 0.0, 0.0, 0.0, 0.0, 0.0, 0.0, 0.0, 0.0, 0.0, 0.0, 0.0]}