{"0": [0.5390572570264339, 0.4732631533234208, 0.5431758942703406, 0.4698618208920514, 0.0, 0.0, 0.5441820568715533, 0.47213083461478905, 0.5338107901314895, 0.470436205342412, 0.5511889163404703, 0.5029333399401771, 0.5247435023387274, 0.5010994009397648, 0.5562020030609953, 0.5458305257338064, 0.5102677462312082, 0.5478382565357067, 0.5506776526570321, 0.5780285049367834, 0.0, 0.0, 0.5443513023356596, 0.5904869271649255, 0.5246944586435954, 0.5867645731678716, 0.0, 0.0, 0.0, 0.0, 0.0, 0.0, 0.0, 0.0], "1": [0.0, 0.0, 0.0, 0.0, 0.0, 0.0, 0.6957695794602236, 0.4548054501414299, 0.6895685355421544, 0.45151204665501915, 0.0, 0.0, 0.6836724363267421, 0.47678685894718875, 0.681046640407294, 0.5347003225927, 0.6791297828157743, 0.5401991270206593, 0.6787550490349531, 0.56702897499005, 0.6789194201429685, 0.5676176361463688, 0.655439665603141, 0.5433878205440662, 0.6679197641089558, 0.5463914575400176, 0.650467931975921, 0.5886681795396187, 0.6884392963101467, 0.5843168764202683, 0.6250062571217616, 0.6231770908391034, 0.696287736793359, 0.6446435056350849], "2": [0.0, 0.0, 0.0, 0.0, 0.0, 0.0, 0.0, 0.0, 0.0, 0.0, 0.5244468147555987, 0.4993733511478813, 0.0, 0.0, 0.5095332286010187, 0.5504986845784717, 0.0, 0.0, 0.0, 0.0, 0.0, 0.0, 0.5234241873957217, 0.5883844963930271, 0.5463176215688388, 0.593956196528894, 0.5023417647462338, 0.6244927645833404, 0.5566884623219569, 0.6388178761358614, 0.4904545769095421, 0.6866685702844902, 0.570000717913111, 0.6839008268382815], "3": [0.0, 0.0, 0.0, 0.0, 0.0, 0.0, 0.0, 0.0, 0.0, 0.0, 0.0, 0.0, 0.0, 0.0, 0.0, 0.0, 0.5555346158022682, 0.5526500482802038, 0.0, 0.0, 0.5499809431533019, 0.5806196554391473, 0.0, 0.0, 0.0, 0.0, 0.0, 0.0, 0.0, 0.0, 0.0, 0.0, 0.0, 0.0], "4": [0.0, 0.0, 0.0, 0.0, 0.0, 0.0, 0.0, 0.0, 0.0, 0.0, 0.0, 0.0, 0.0, 0.0, 0.0, 0.0, 0.0, 0.0, 0.0, 0.0, 0.0, 0.0, 0.0, 0.0, 0.0, 0.0, 0.6870737950007121, 0.5839953758098461, 0.6498836435377597, 0.5904859566026264, 0.6953226663172245, 0.6448221272892423, 0.6248181505749623, 0.6229598111576504]}