{"0": [0.45047521963715553, 0.39541564539626795, 0.451528576699396, 0.38991454331963155, 0.4465105560918649, 0.3917827835789433, 0.45369255592425667, 0.3906524345830635, 0.44150523444016776, 0.39566847891719253, 0.46306101692219576, 0.4182752794413655, 0.43532511436690885, 0.42343858038937604, 0.46854155889401833, 0.4542867436453148, 0.42976891398429873, 0.46194880704085034, 0.4694427327563365, 0.48435025413831073, 0.4346191012610991, 0.48532680658002697, 0.46111999520411096, 0.49204820300693863, 0.44394395728595554, 0.4944770665080459, 0.46475529933037857, 0.5451353964430314, 0.448693418626984, 0.5531940820040526, 0.461781782284379, 0.5909530270982671, 0.4568613188962142, 0.596335535713782], "1": [0.5483090900816023, 0.47805911170111764, 0.5521037560848829, 0.4716433569237038, 0.5464290585368872, 0.47045871593334054, 0.5554100396111608, 0.4759710018281583, 0.5454657184580962, 0.47370610811092234, 0.5557475812112291, 0.5137447438858174, 0.5410333034892877, 0.5154079261753294, 0.5574398374805848, 0.5677970661057367, 0.544179196190089, 0.5793293431953147, 0.5634384737660487, 0.6176915090393137, 0.559036402652661, 0.6178626936342981, 0.5584247058878342, 0.6192856485093081, 0.5447480442623297, 0.616374808549881, 0.5652890884627898, 0.6763907495472167, 0.5426465793202321, 0.6733037590980528, 0.564199316004912, 0.734455817717093, 0.5153263108804822, 0.7065502147431728], "2": [0.0, 0.0, 0.0, 0.0, 0.0, 0.0, 0.0, 0.0, 0.0, 0.0, 0.0, 0.0, 0.0, 0.0, 0.0, 0.0, 0.0, 0.0, 0.0, 0.0, 0.0, 0.0, 0.5381109202901523, 0.6063640300874357, 0.0, 0.0, 0.0, 0.0, 0.0, 0.0, 0.0, 0.0, 0.0, 0.0]}