{"0": [0.0, 0.0, 0.0, 0.0, 0.0, 0.0, 0.3678578892101844, 0.5357835368977653, 0.38324989527463915, 0.5388633494023923, 0.3516760048146049, 0.5649343061226385, 0.39070458263158797, 0.5685644937886132, 0.3444069616496563, 0.6097779523443293, 0.39849956389516594, 0.6168594202509633, 0.3440976604819298, 0.6410749366162, 0.38469488030920423, 0.6431116062181969, 0.34836293294404946, 0.6558225040082578, 0.37237491613874835, 0.6606080298070554, 0.3582111522555351, 0.7164535770813624, 0.38113538291460525, 0.7159455711091006, 0.35851311185755425, 0.7766689676627533, 0.39265286674102146, 0.7687090807490878], "1": [0.0, 0.0, 0.0, 0.0, 0.0, 0.0, 0.816932229946057, 0.5369131024237033, 0.8346305906772613, 0.5346775143234818, 0.808921697239081, 0.5771498496885654, 0.8494617105772098, 0.5790182537502713, 0.7985222551350792, 0.6116329043551728, 0.8627179384231567, 0.6270863477830535, 0.7872595820575953, 0.6406863564659877, 0.0, 0.0, 0.8097338652859132, 0.6847826692793104, 0.8281048024694125, 0.6904203761506964, 0.8109225967278084, 0.7715562551109879, 0.815825300787886, 0.7722477845571659, 0.8111874813834826, 0.8464313948595965, 0.8108174842782319, 0.8486144775593722], "2": [0.0, 0.0, 0.0, 0.0, 0.0, 0.0, 0.0, 0.0, 0.0, 0.0, 0.0, 0.0, 0.0, 0.0, 0.0, 0.0, 0.0, 0.0, 0.0, 0.0, 0.864765795506537, 0.6327742359152546, 0.0, 0.0, 0.0, 0.0, 0.0, 0.0, 0.0, 0.0, 0.0, 0.0, 0.0, 0.0]}