{"0": [0.6499567123750846, 0.6756199401837808, 0.6496413536369801, 0.6719281788225527, 0.6478475264894465, 0.6691954868811149, 0.0, 0.0, 0.646033393094937, 0.6690164389433684, 0.0, 0.0, 0.0, 0.0, 0.0, 0.0, 0.0, 0.0, 0.0, 0.0, 0.0, 0.0, 0.0, 0.0, 0.0, 0.0, 0.0, 0.0, 0.0, 0.0, 0.0, 0.0, 0.0, 0.0], "1": [0.0, 0.0, 0.0, 0.0, 0.0, 0.0, 0.7165222644805909, 0.4415566117123321, 0.72840690985322, 0.440821369489034, 0.7086134818693002, 0.4649863048836037, 0.7351686325700333, 0.46385166854770093, 0.7030586623897155, 0.5076438726650344, 0.7421484454224507, 0.5006789965762033, 0.0, 0.0, 0.7435751202826698, 0.5475377173335464, 0.7087836100409427, 0.549754590679098, 0.7267941056129833, 0.544516710302344, 0.7064805974097301, 0.6165469476470241, 0.7204099483788013, 0.6208765921769319, 0.699133646239837, 0.6547913401767059, 0.7144896502063299, 0.6768135914096126], "2": [0.0, 0.0, 0.0, 0.0, 0.0, 0.0, 0.6254995341102282, 0.6599152860818086, 0.0, 0.0, 0.6063107274278688, 0.6971145135385018, 0.6567515912776192, 0.7040403964342894, 0.5929704396675031, 0.7516453079879284, 0.6644499025152375, 0.7050684008333418, 0.0, 0.0, 0.6618656913439432, 0.6702991034904564, 0.0, 0.0, 0.0, 0.0, 0.0, 0.0, 0.0, 0.0, 0.0, 0.0, 0.0, 0.0], "3": [0.0, 0.0, 0.0, 0.0, 0.0, 0.0, 0.0, 0.0, 0.0, 0.0, 0.6543361832698186, 0.702218544262427, 0.6070344529425105, 0.7033953534232246, 0.6657856044669946, 0.7000165213227134, 0.5942390347520511, 0.7493266178501977, 0.6609847774729133, 0.6703517250182038, 0.0, 0.0, 0.6431208659584323, 0.8386834149007444, 0.616926496475935, 0.8394394471689507, 0.6430237313732505, 0.9242396906570152, 0.6177074767649173, 0.9205542063271558, 0.6357260134381553, 0.9838400770116735, 0.0, 0.0], "4": [0.0, 0.0, 0.0, 0.0, 0.0, 0.0, 0.0, 0.0, 0.0, 0.0, 0.0, 0.0, 0.0, 0.0, 0.0, 0.0, 0.0, 0.0, 0.5867956216136615, 0.7529138648951496, 0.0, 0.0, 0.0, 0.0, 0.0, 0.0, 0.0, 0.0, 0.0, 0.0, 0.0, 0.0, 0.0, 0.0], "5": [0.0, 0.0, 0.0, 0.0, 0.0, 0.0, 0.0, 0.0, 0.0, 0.0, 0.0, 0.0, 0.0, 0.0, 0.0, 0.0, 0.0, 0.0, 0.0, 0.0, 0.589196081738919, 0.7518524968234555, 0.0, 0.0, 0.0, 0.0, 0.0, 0.0, 0.0, 0.0, 0.0, 0.0, 0.0, 0.0]}