{"0": [0.24053464233875274, 0.48104916722686203, 0.24438524320721627, 0.4768899950164336, 0.24233794572452708, 0.4765173761932938, 0.24673646253844103, 0.4823741003319069, 0.23706866453091305, 0.4805809749497308, 0.250447803363204, 0.5235263687592966, 0.22302399047960839, 0.5269021303565414, 0.0, 0.0, 0.21514687115947403, 0.5592965122484774, 0.0, 0.0, 0.2056985300655166, 0.6026553543629469, 0.24664928366740543, 0.6315386731315542, 0.0, 0.0, 0.0, 0.0, 0.2505144933859507, 0.6976134527612614, 0.23156502991914749, 0.7629703473161769, 0.23223969576259454, 0.7636308550834656], "1": [0.0, 0.0, 0.0, 0.0, 0.0, 0.0, 0.0, 0.0, 0.0, 0.0, 0.22331932662054896, 0.519231774188854, 0.25045939063032463, 0.5249057014783224, 0.0, 0.0, 0.0, 0.0, 0.20530018576731288, 0.6030230752295918, 0.0, 0.0, 0.0, 0.0, 0.2500944398873438, 0.6285867633222537, 0.25093038578828175, 0.6954092321572479, 0.0, 0.0, 0.0, 0.0, 0.2659445140510798, 0.7270102774655377], "2": [0.0, 0.0, 0.0, 0.0, 0.0, 0.0, 0.0, 0.0, 0.0, 0.0, 0.0, 0.0, 0.0, 0.0, 0.0, 0.0, 0.0, 0.0, 0.0, 0.0, 0.0, 0.0, 0.6307530321801702, 0.624751216062793, 0.6539344521860282, 0.6282605093938333, 0.6435164353034148, 0.6995849786257302, 0.6472674863412976, 0.6997242010853909, 0.6446538221711914, 0.7468006688135641, 0.643357970006764, 0.7494663212034437], "3": [0.0, 0.0, 0.0, 0.0, 0.0, 0.0, 0.0, 0.0, 0.0, 0.0, 0.0, 0.0, 0.0, 0.0, 0.0, 0.0, 0.0, 0.0, 0.0, 0.0, 0.0, 0.0, 0.0, 0.0, 0.0, 0.0, 0.0, 0.0, 0.0, 0.0, 0.2654156525929769, 0.7260057334546689, 0.0, 0.0]}