{"0": [0.6114722878982624, 0.5803196516301896, 0.0, 0.0, 0.6107728198170662, 0.5725474182102416, 0.5879472476740678, 0.5665328008157235, 0.601673938985914, 0.5719548757429476, 0.5697396993016203, 0.5953593052095837, 0.613381938263774, 0.6029407329581402, 0.5580390987296899, 0.661934835270599, 0.6246218128750721, 0.6566482346366953, 0.5746294289827347, 0.698576717906528, 0.6237058214222392, 0.6975929748128962, 0.5800563529133796, 0.7029362667489935, 0.6038018301129341, 0.7054182496335771, 0.5904794360821446, 0.761210584640503, 0.6118866654974665, 0.7831885228343944, 0.0, 0.0, 0.0, 0.0], "1": [0.0, 0.0, 0.0, 0.0, 0.0, 0.0, 0.0, 0.0, 0.4701623233656089, 0.4953267885579003, 0.44957133928934734, 0.5209668860391334, 0.47718379768387725, 0.5290537386028855, 0.44169501115878423, 0.5639494255737022, 0.482829420765241, 0.5864781651231977, 0.4541149384031693, 0.5786971224678887, 0.49724465906620025, 0.6050520580123973, 0.46387027179201445, 0.6265704939762752, 0.47758653194954, 0.6240595486429003, 0.473321230430156, 0.6778634642975198, 0.49235701598227016, 0.6755790235819641, 0.4725108817219734, 0.7377476101672208, 0.47580548052986454, 0.7368414409044716], "2": [0.0, 0.0, 0.0, 0.0, 0.0, 0.0, 0.0, 0.0, 0.0, 0.0, 0.0, 0.0, 0.0, 0.0, 0.0, 0.0, 0.0, 0.0, 0.0, 0.0, 0.0, 0.0, 0.0, 0.0, 0.0, 0.0, 0.6061931207232798, 0.7935218557163521, 0.0, 0.0, 0.6218890431026618, 0.858761504844383, 0.0, 0.0]}