{"0": [0.3650467665555576, 0.4198819967331709, 0.36795993347962697, 0.41476142560994184, 0.362569273263216, 0.41494961888701826, 0.37377003245055673, 0.41514393466490285, 0.3607124250382185, 0.4165313305678191, 0.3831085021297137, 0.4453822862218928, 0.35616065640933814, 0.44524102939499743, 0.39075361589590707, 0.4810384609081127, 0.35339524224400515, 0.48468012804234467, 0.3844024290020267, 0.5081569709711604, 0.35614064400239537, 0.5167908730330291, 0.3796586780498425, 0.5180581869902434, 0.36195691078901293, 0.5219181692158733, 0.3807534529517095, 0.573903799360549, 0.3611290662238995, 0.586261139092622, 0.38081162186960377, 0.6225624817389029, 0.3577277102818091, 0.6425799548625947], "1": [0.0, 0.0, 0.0, 0.0, 0.0, 0.0, 0.13796300118168195, 0.64696191350619, 0.16148748969038326, 0.6333295697945653, 0.14106096973021826, 0.7031562672721015, 0.18707322875658672, 0.6715597167059227, 0.09302505515515805, 0.7255978080961439, 0.2168734041353067, 0.7073940822751159, 0.055920007980118196, 0.7139906668552646, 0.2395575764278571, 0.7007566307429914, 0.16560051043828328, 0.8214919849678323, 0.19888808019459248, 0.8160245343490883, 0.15028859625260035, 0.9103502481072038, 0.2018046181338529, 0.9069789065531008, 0.0, 0.0, 0.0, 0.0], "2": [0.0, 0.0, 0.0, 0.0, 0.0, 0.0, 0.0, 0.0, 0.0, 0.0, 0.0, 0.0, 0.0, 0.0, 0.0, 0.0, 0.0, 0.0, 0.2382595967501402, 0.7007486858301692, 0.0, 0.0, 0.0, 0.0, 0.0, 0.0, 0.0, 0.0, 0.0, 0.0, 0.0, 0.0, 0.0, 0.0], "3": [0.0, 0.0, 0.0, 0.0, 0.0, 0.0, 0.0, 0.0, 0.0, 0.0, 0.0, 0.0, 0.0, 0.0, 0.0, 0.0, 0.0, 0.0, 0.0, 0.0, 0.05718228053301573, 0.7143839686833046, 0.0, 0.0, 0.0, 0.0, 0.0, 0.0, 0.0, 0.0, 0.0, 0.0, 0.0, 0.0], "4": [0.0, 0.0, 0.0, 0.0, 0.0, 0.0, 0.0, 0.0, 0.0, 0.0, 0.0, 0.0, 0.0, 0.0, 0.0, 0.0, 0.0, 0.0, 0.0, 0.0, 0.0, 0.0, 0.0, 0.0, 0.0, 0.0, 0.0, 0.0, 0.1503204807639122, 0.9018515434530047, 0.0, 0.0, 0.0, 0.0]}