{"0": [0.7525021987346311, 0.6478257844569506, 0.755232427517573, 0.6419358082391596, 0.7493287287652493, 0.6377172032992044, 0.0, 0.0, 0.7379630520939827, 0.6346813175413344, 0.7419540689637264, 0.6685091460192645, 0.7272791259611646, 0.6647676233892088, 0.0, 0.0, 0.7149738822132349, 0.72206372052983, 0.0, 0.0, 0.0, 0.0, 0.7184724738200505, 0.742760263438578, 0.706512858811766, 0.7453478754118635, 0.7562517943025644, 0.7774165215315643, 0.7284350299586853, 0.8070637365182242, 0.7526750061661005, 0.8542083438899782, 0.7261023725072544, 0.89231550903232], "1": [0.0, 0.0, 0.0, 0.0, 0.0, 0.0, 0.5140152922521035, 0.4766741340910947, 0.5266374361080428, 0.4770291985736953, 0.5019450837435822, 0.5105636199315389, 0.5278680136427283, 0.5135326480423963, 0.48610348217189314, 0.5485747361624682, 0.5365691557526588, 0.5749211462007628, 0.49941403592626255, 0.5774848679701488, 0.5485858229920269, 0.5787712702044734, 0.5052514992033441, 0.6171202675059989, 0.5290066240976254, 0.6165000734505831, 0.5020790312051152, 0.673446923715097, 0.5409297933181126, 0.6729212096443884, 0.501785991123567, 0.7284569341827322, 0.5465673503776391, 0.7375398756729232], "2": [0.0, 0.0, 0.0, 0.0, 0.0, 0.0, 0.0, 0.0, 0.0, 0.0, 0.0, 0.0, 0.0, 0.0, 0.724126439044873, 0.7213417550479925, 0.0, 0.0, 0.0, 0.0, 0.0, 0.0, 0.0, 0.0, 0.0, 0.0, 0.0, 0.0, 0.0, 0.0, 0.0, 0.0, 0.0, 0.0], "3": [0.0, 0.0, 0.0, 0.0, 0.0, 0.0, 0.0, 0.0, 0.0, 0.0, 0.0, 0.0, 0.0, 0.0, 0.0, 0.0, 0.4866340536624193, 0.5477367239969748, 0.0, 0.0, 0.5010723296552897, 0.5774386478794946, 0.0, 0.0, 0.0, 0.0, 0.0, 0.0, 0.0, 0.0, 0.0, 0.0, 0.0, 0.0], "4": [0.0, 0.0, 0.0, 0.0, 0.0, 0.0, 0.0, 0.0, 0.0, 0.0, 0.0, 0.0, 0.0, 0.0, 0.0, 0.0, 0.0, 0.0, 0.0, 0.0, 0.7149930894685288, 0.7594936246673267, 0.0, 0.0, 0.0, 0.0, 0.0, 0.0, 0.0, 0.0, 0.0, 0.0, 0.0, 0.0], "5": [0.0, 0.0, 0.0, 0.0, 0.0, 0.0, 0.0, 0.0, 0.0, 0.0, 0.0, 0.0, 0.0, 0.0, 0.0, 0.0, 0.0, 0.0, 0.0, 0.0, 0.0, 0.0, 0.0, 0.0, 0.0, 0.0, 0.7279499493539333, 0.807619148272055, 0.0, 0.0, 0.7303316152965029, 0.8906377006460119, 0.0, 0.0], "6": [0.0, 0.0, 0.0, 0.0, 0.0, 0.0, 0.0, 0.0, 0.0, 0.0, 0.0, 0.0, 0.0, 0.0, 0.0, 0.0, 0.0, 0.0, 0.0, 0.0, 0.0, 0.0, 0.0, 0.0, 0.0, 0.0, 0.0, 0.0, 0.0, 0.0, 0.0, 0.0, 0.7528458678474029, 0.8555731693748386]}