{"0": [0.3517826966630916, 0.597540220507869, 0.3553804970656832, 0.5896873696534722, 0.3502204157412052, 0.5922333531909518, 0.3673239715397358, 0.5865906783828029, 0.0, 0.0, 0.38225530733664825, 0.6145063287682003, 0.35227309968322523, 0.6238230917188856, 0.39757394486417375, 0.6552497513040348, 0.3449835260709127, 0.6512040361210152, 0.3939793164033821, 0.6892801523607676, 0.3310488257867595, 0.6779741727781516, 0.37675352043782667, 0.7207846325856668, 0.35672631850466135, 0.7192453843575937, 0.37724300640014313, 0.793250459211844, 0.33784547870357823, 0.7903103711428465, 0.37614974783112604, 0.8090280342985082, 0.3353999226936139, 0.8628383436274749], "1": [0.0, 0.0, 0.0, 0.0, 0.0, 0.0, 0.5198408544063569, 0.4336237760329688, 0.5325011235972246, 0.4337925089730157, 0.5190989969298243, 0.4640474498271942, 0.5353254959685728, 0.4648960376227344, 0.5256474586824577, 0.5204045594842346, 0.5264176993941266, 0.5168087118201785, 0.5098765616615614, 0.5550259387051618, 0.0, 0.0, 0.5190582382182279, 0.5676026624661905, 0.5344287822023034, 0.5717034759344878, 0.5087958234051864, 0.623645803001192, 0.5259077823410432, 0.626314084921722, 0.5074500687420368, 0.6808673845397102, 0.5271166555855112, 0.6896486668675034]}