{"0": [0.575240359082818, 0.3914097861007408, 0.5763396631305416, 0.38687282359158554, 0.5725478385264675, 0.3867936893745705, 0.5774330151888232, 0.3871685694765162, 0.5666268402089675, 0.3873185284711696, 0.5794429957866669, 0.4115201703100293, 0.5582874643305937, 0.4119492334900079, 0.5817324121172229, 0.4349233530185841, 0.5500383316228789, 0.4427656798451035, 0.0, 0.0, 0.5550960645079612, 0.4661352826489343, 0.578818995753924, 0.47948486043347255, 0.5640788869311412, 0.48162192658141806, 0.5823052760213614, 0.5338222574304652, 0.5626566675802072, 0.5332975294854906, 0.5803991182396809, 0.592016096689083, 0.5480062323544795, 0.5621786879168617], "1": [0.26456327754422093, 0.6118354348120866, 0.0, 0.0, 0.2636996315171321, 0.6028210423610828, 0.2386242538690567, 0.6029085471674248, 0.25521054516235986, 0.6047764879685861, 0.22654194167504707, 0.6469767929227264, 0.2517821397011479, 0.6651229101198691, 0.23568162235120932, 0.7291465688634802, 0.26092383529370033, 0.7400238765610588, 0.0, 0.0, 0.2835967217882474, 0.7720675667126974, 0.2435598777141422, 0.7751896998396626, 0.0, 0.0, 0.2538395464420319, 0.8761853517205627, 0.27459455554684004, 0.8448906011051602, 0.24359413731532792, 0.9520331222563982, 0.2898350678849965, 0.8994227993267554], "2": [0.0, 0.0, 0.0, 0.0, 0.0, 0.0, 0.0, 0.0, 0.0, 0.0, 0.0, 0.0, 0.0, 0.0, 0.25834990441799166, 0.7362270552251075, 0.0, 0.0, 0.2828103832900524, 0.7717762697626043, 0.0, 0.0, 0.0, 0.0, 0.0, 0.0, 0.0, 0.0, 0.0, 0.0, 0.0, 0.0, 0.0, 0.0], "3": [0.0, 0.0, 0.0, 0.0, 0.0, 0.0, 0.0, 0.0, 0.0, 0.0, 0.0, 0.0, 0.0, 0.0, 0.0, 0.0, 0.0, 0.0, 0.5858609262232979, 0.4334196283861443, 0.0, 0.0, 0.0, 0.0, 0.0, 0.0, 0.0, 0.0, 0.0, 0.0, 0.0, 0.0, 0.0, 0.0], "4": [0.0, 0.0, 0.0, 0.0, 0.0, 0.0, 0.0, 0.0, 0.0, 0.0, 0.0, 0.0, 0.0, 0.0, 0.0, 0.0, 0.0, 0.0, 0.0, 0.0, 0.5774549858644604, 0.4303805783942894, 0.0, 0.0, 0.0, 0.0, 0.0, 0.0, 0.0, 0.0, 0.0, 0.0, 0.0, 0.0], "5": [0.0, 0.0, 0.0, 0.0, 0.0, 0.0, 0.0, 0.0, 0.0, 0.0, 0.0, 0.0, 0.0, 0.0, 0.0, 0.0, 0.0, 0.0, 0.0, 0.0, 0.0, 0.0, 0.0, 0.0, 0.2500535520414512, 0.7761857330799102, 0.27483810558915134, 0.844201985553459, 0.2545686788856983, 0.8745055922755489, 0.2891931710143884, 0.8981923186116748, 0.24254391491413116, 0.9522877507739597]}