{"0": [0.4190107395251592, 0.46825690799289277, 0.42242277320474386, 0.4640502547776257, 0.417293456196785, 0.4623519237946581, 0.4264209895705183, 0.4648773433985533, 0.41141634806990623, 0.46180831469871386, 0.43048758984853824, 0.49306535444877764, 0.4017788175493478, 0.4922832637197442, 0.4427836153035363, 0.5258446552135326, 0.387539674093326, 0.5317113748303166, 0.4447751669213176, 0.5166686097780864, 0.39844089138011135, 0.553620222431642, 0.42745772913719216, 0.5716151272809064, 0.4094894425322612, 0.5719209832173807, 0.4321684888874492, 0.636525551478068, 0.4148187441130479, 0.6413536154561572, 0.4235305976743499, 0.7170827759636773, 0.4232326108341416, 0.7168850386584247], "1": [0.0, 0.0, 0.0, 0.0, 0.0, 0.0, 0.44904969943066436, 0.3331346286667718, 0.4585459077109893, 0.3322008645093, 0.44486918362478417, 0.35527884871871385, 0.4663412327567737, 0.35470038144676774, 0.44122886744638284, 0.3841320485980423, 0.47078079332907996, 0.3864974028534359, 0.4412724617868662, 0.4117513721187909, 0.47498324960470206, 0.41334050165282354, 0.44978960007429125, 0.41258978170377236, 0.4635001515348752, 0.41287507745954727, 0.449761863052845, 0.45384454340846453, 0.46293277305861313, 0.449130846063296, 0.45133243364592396, 0.4938372357024087, 0.4634795488168796, 0.49091060868015995]}