{"0": [0.3160851662357648, 0.4720238199940434, 0.0, 0.0, 0.0, 0.0, 0.0, 0.0, 0.0, 0.0, 0.0, 0.0, 0.0, 0.0, 0.0, 0.0, 0.0, 0.0, 0.0, 0.0, 0.0, 0.0, 0.0, 0.0, 0.0, 0.0, 0.0, 0.0, 0.0, 0.0, 0.0, 0.0, 0.0, 0.0], "1": [0.0, 0.0, 0.0, 0.0, 0.0, 0.0, 0.40854415483772755, 0.4171199589967728, 0.4220660829295715, 0.41548934954184075, 0.40225780961724616, 0.4503332725277654, 0.43270070180296893, 0.4456863436434005, 0.39912111262480415, 0.4901703406263281, 0.43996325889602306, 0.48717522974367494, 0.4084070523579915, 0.5198942003426729, 0.44491179697215555, 0.526997834444046, 0.4138376913343867, 0.525115285979377, 0.43269075341522695, 0.5229849942856365, 0.41318270812431973, 0.5927458586516203, 0.44156457434097923, 0.5784545443676136, 0.40846568420529367, 0.6549020337837713, 0.4445148103560011, 0.6320787696926682], "2": [0.0, 0.0, 0.0, 0.0, 0.0, 0.0, 0.31681219500799973, 0.4675631982308847, 0.0, 0.0, 0.3143425656793018, 0.4835669391685062, 0.3350949100529154, 0.47907206073955255, 0.3114456974590818, 0.5125071064189628, 0.342183697099487, 0.51536346508397, 0.0, 0.0, 0.3416845281918844, 0.5371961886132205, 0.3196951307356357, 0.534392625534976, 0.33454956381271284, 0.5322525167906725, 0.3198539053400358, 0.5824612513736442, 0.32567465913792454, 0.581285078395848, 0.3253607634454966, 0.6281328519185384, 0.3274165350633363, 0.6268226966261864]}