{"0": [0.0, 0.0, 0.0, 0.0, 0.0, 0.0, 0.5996674636999766, 0.5288170842108904, 0.613994468934834, 0.5336466102688401, 0.5882728508363168, 0.5500470530103754, 0.614549420385932, 0.5662147495205756, 0.5685016141583522, 0.5798078928832655, 0.6180212172369163, 0.613843442996343, 0.0, 0.0, 0.0, 0.0, 0.5658020652830601, 0.6232808967431386, 0.5895873584869453, 0.6393274069936187, 0.5477618515491486, 0.6877800756030612, 0.6028695742910107, 0.7141245040628645, 0.5283483679095904, 0.7425718903541565, 0.6121259799848, 0.753961033070529], "1": [0.0, 0.0, 0.0, 0.0, 0.0, 0.0, 0.0, 0.0, 0.0, 0.0, 0.44898417070508, 0.5215163041044164, 0.48816815793120283, 0.5352519812066164, 0.4318072723224759, 0.5688882289109407, 0.49507645020882296, 0.5853098798681189, 0.0, 0.0, 0.4945228739331166, 0.6021773667247207, 0.45583709903682273, 0.6255899192834342, 0.4816578888334334, 0.6127578070870152, 0.454399428764979, 0.6825937162946771, 0.4811524920087928, 0.6713487046736258, 0.4549000314126412, 0.7378614266161565, 0.47716481659250953, 0.7372500944606684], "2": [0.0, 0.0, 0.0, 0.0, 0.0, 0.0, 0.0, 0.0, 0.0, 0.0, 0.0, 0.0, 0.0, 0.0, 0.0, 0.0, 0.0, 0.0, 0.5614353764181336, 0.5691692559807389, 0.0, 0.0, 0.0, 0.0, 0.0, 0.0, 0.0, 0.0, 0.0, 0.0, 0.0, 0.0, 0.0, 0.0], "3": [0.0, 0.0, 0.0, 0.0, 0.0, 0.0, 0.0, 0.0, 0.0, 0.0, 0.0, 0.0, 0.0, 0.0, 0.0, 0.0, 0.0, 0.0, 0.0, 0.0, 0.0, 0.0, 0.0, 0.0, 0.0, 0.0, 0.0, 0.0, 0.0, 0.0, 0.6130558607478936, 0.752023787079034, 0.0, 0.0], "4": [0.0, 0.0, 0.0, 0.0, 0.0, 0.0, 0.0, 0.0, 0.0, 0.0, 0.0, 0.0, 0.0, 0.0, 0.0, 0.0, 0.0, 0.0, 0.0, 0.0, 0.0, 0.0, 0.0, 0.0, 0.0, 0.0, 0.0, 0.0, 0.0, 0.0, 0.0, 0.0, 0.5279281551639239, 0.7439537566017221]}