{"0": [0.22383164192239444, 0.7742095695463596, 0.22496067335208256, 0.7691595797185544, 0.0, 0.0, 0.2307004011546572, 0.7653238623230545, 0.0, 0.0, 0.24827140991886457, 0.7907978355884553, 0.24392434105587502, 0.784621434520792, 0.2530720206598441, 0.8307828938519514, 0.0, 0.0, 0.0, 0.0, 0.0, 0.0, 0.0, 0.0, 0.25660498620321354, 0.8314937750498453, 0.0, 0.0, 0.22841572848459085, 0.8661705123053657, 0.0, 0.0, 0.22506598457694055, 0.9514548375650689], "1": [0.0, 0.0, 0.0, 0.0, 0.0, 0.0, 0.20470901057124138, 0.7288400973434801, 0.0, 0.0, 0.225639687354366, 0.7636362323054561, 0.2307020105421543, 0.7450322484528576, 0.0, 0.0, 0.0, 0.0, 0.0, 0.0, 0.0, 0.0, 0.0, 0.0, 0.0, 0.0, 0.0, 0.0, 0.0, 0.0, 0.0, 0.0, 0.0, 0.0], "2": [0.0, 0.0, 0.0, 0.0, 0.0, 0.0, 0.47660507606342434, 0.4793787965068111, 0.4925007955481609, 0.4779311015650078, 0.46401352832714715, 0.5226115457713604, 0.4985737418135007, 0.5097486036795157, 0.4516749753927191, 0.5689626945389642, 0.5160745917509, 0.5478854227949072, 0.4540549896657467, 0.5968784664516096, 0.5197647349908948, 0.5797669018860215, 0.4775640030391515, 0.61342946489652, 0.5011742420494556, 0.6099210091211178, 0.4568549002831181, 0.6530677150796962, 0.5166702747344971, 0.6561051465294979, 0.45365383885800836, 0.7280730400924329, 0.5320028141140938, 0.7192549378783615], "3": [0.0, 0.0, 0.0, 0.0, 0.0, 0.0, 0.0, 0.0, 0.22363541399439174, 0.7229957385747521, 0.0, 0.0, 0.0, 0.0, 0.0, 0.0, 0.0, 0.0, 0.0, 0.0, 0.0, 0.0, 0.0, 0.0, 0.0, 0.0, 0.0, 0.0, 0.0, 0.0, 0.0, 0.0, 0.0, 0.0], "4": [0.0, 0.0, 0.0, 0.0, 0.0, 0.0, 0.0, 0.0, 0.0, 0.0, 0.0, 0.0, 0.0, 0.0, 0.0, 0.0, 0.2515139882763227, 0.8245310277850539, 0.0, 0.0, 0.0, 0.0, 0.0, 0.0, 0.0, 0.0, 0.0, 0.0, 0.0, 0.0, 0.0, 0.0, 0.0, 0.0], "5": [0.0, 0.0, 0.0, 0.0, 0.0, 0.0, 0.0, 0.0, 0.0, 0.0, 0.0, 0.0, 0.0, 0.0, 0.0, 0.0, 0.0, 0.0, 0.0, 0.0, 0.0, 0.0, 0.0, 0.0, 0.0, 0.0, 0.22715525988023727, 0.8681470186622054, 0.0, 0.0, 0.2251902254919211, 0.9528520177911829, 0.0, 0.0]}