{"0": [0.3396546884827937, 0.3902932582078157, 0.3392950437963009, 0.38599268462922837, 0.0, 0.0, 0.34255458364884067, 0.3787887604148299, 0.0, 0.0, 0.3529328991348545, 0.385590312216017, 0.3542240897824182, 0.40569158023784274, 0.3563321260347341, 0.4053277224302292, 0.351839878441145, 0.44105640376607574, 0.3366557380805413, 0.4362015644709269, 0.33849553515513736, 0.43687006389653243, 0.36530123030145956, 0.464231433139907, 0.3572779526313146, 0.46382400520421846, 0.3681013513356447, 0.508746815279678, 0.3557396961376071, 0.5093692828107763, 0.3715225198616584, 0.5571223605562139, 0.3698335764308771, 0.5547994088243555], "1": [0.35706441501776376, 0.4107624019185702, 0.35885556911428773, 0.4069504709155472, 0.3544589226444562, 0.40740913792892736, 0.36185771351059276, 0.4064599880465754, 0.0, 0.0, 0.36561563654492296, 0.420438958980419, 0.0, 0.0, 0.3597680679832896, 0.44294024153991984, 0.0, 0.0, 0.35226943337668976, 0.4533932919855471, 0.0, 0.0, 0.0, 0.0, 0.0, 0.0, 0.0, 0.0, 0.0, 0.0, 0.0, 0.0, 0.0, 0.0], "2": [0.4821128011991581, 0.3748505217057687, 0.4818538739656409, 0.37025392408724184, 0.0, 0.0, 0.48393662696083395, 0.37059754221527663, 0.4921527906010548, 0.3665575588190997, 0.4894618490943685, 0.39118292088861817, 0.4950146172195673, 0.3873469799757004, 0.4936002550801883, 0.42386779674777275, 0.4932043778399626, 0.42046971806773437, 0.4824777164806922, 0.4350068028326388, 0.4842460319399834, 0.43348207759360474, 0.5026099354028701, 0.45104141610640064, 0.5093831288317839, 0.44849749130231364, 0.5018692578654737, 0.49442784433011655, 0.5085071064531803, 0.49432220856348674, 0.5216639479001363, 0.52934096513523, 0.521678568671147, 0.5289182027732885], "3": [0.0, 0.0, 0.0, 0.0, 0.0, 0.0, 0.0, 0.0, 0.0, 0.0, 0.0, 0.0, 0.0, 0.0, 0.0, 0.0, 0.0, 0.0, 0.0, 0.0, 0.0, 0.0, 0.0, 0.0, 0.0, 0.0, 0.0, 0.0, 0.0, 0.0, 0.4978709205985069, 0.5135945653473889, 0.0, 0.0]}