{"0": [0.534660094169279, 0.4641105785414025, 0.5361426783725619, 0.4592877048033255, 0.5313416006121163, 0.4592524003099513, 0.5393613107657681, 0.4611380114599511, 0.5276305266345541, 0.46121425716965286, 0.5437370850268053, 0.49250142132104546, 0.5193083771194021, 0.4901843082021784, 0.5503916576504707, 0.5368366334449362, 0.5117737875630458, 0.5215139612555504, 0.5594889679302771, 0.581596868471415, 0.0, 0.0, 0.5385217994451523, 0.564633971231955, 0.5186640502496933, 0.5586180811127027, 0.541716298336784, 0.58990126936524, 0.5009174401561419, 0.6389184355735779, 0.5459600352992614, 0.6345748236885778, 0.49900690242648127, 0.6897890735555579], "1": [0.0, 0.0, 0.0, 0.0, 0.0, 0.0, 0.0, 0.0, 0.0, 0.0, 0.0, 0.0, 0.6342079233378172, 0.5338518844710457, 0.0, 0.0, 0.0, 0.0, 0.0, 0.0, 0.0, 0.0, 0.6348821956664323, 0.5606904913981755, 0.6371449915071329, 0.5607551561461555, 0.6324489624549945, 0.576030542673888, 0.6354740078405787, 0.5746205705183524, 0.6228490867807219, 0.5953395494708309, 0.6225210383534433, 0.5954975611633725], "2": [0.0, 0.0, 0.0, 0.0, 0.0, 0.0, 0.0, 0.0, 0.0, 0.0, 0.0, 0.0, 0.0, 0.0, 0.0, 0.0, 0.0, 0.0, 0.0, 0.0, 0.0, 0.0, 0.0, 0.0, 0.0, 0.0, 0.0, 0.0, 0.5155557970205943, 0.5927440488779986, 0.0, 0.0, 0.0, 0.0], "3": [0.0, 0.0, 0.0, 0.0, 0.0, 0.0, 0.0, 0.0, 0.0, 0.0, 0.0, 0.0, 0.0, 0.0, 0.0, 0.0, 0.0, 0.0, 0.0, 0.0, 0.0, 0.0, 0.0, 0.0, 0.0, 0.0, 0.0, 0.0, 0.0, 0.0, 0.4990410853177309, 0.6927420998337093, 0.0, 0.0]}