{"0": [0.39964553713798523, 0.4703450785742866, 0.40145013723522427, 0.46300071786951136, 0.395437383155028, 0.4649486402670542, 0.4078067265450955, 0.463981388674842, 0.39309063808371625, 0.46480613946914673, 0.41965473983436824, 0.4913350880146027, 0.38882758356630803, 0.4936962356170019, 0.42985285694400477, 0.5295646408089885, 0.0, 0.0, 0.0, 0.0, 0.0, 0.0, 0.4262732794508338, 0.5610089361667633, 0.41745409605403744, 0.5649402068720923, 0.42756521260986724, 0.6130554751113609, 0.41636231044928235, 0.6161425692063791, 0.42817646997670333, 0.6609216888745626, 0.4193574100732803, 0.66250113364723], "1": [0.0, 0.0, 0.0, 0.0, 0.0, 0.0, 0.3676121484488249, 0.531980941913746, 0.3851222856591145, 0.528038196210508, 0.35602793681124845, 0.5708506630526649, 0.3945360419650873, 0.5716536539572257, 0.3410992206384738, 0.6165263787463859, 0.4010184608399868, 0.6111744946627705, 0.3310753923996041, 0.6554308645841148, 0.0, 0.0, 0.3585719250142575, 0.6706056762348722, 0.38373736714323364, 0.67609252123921, 0.3653714188880185, 0.7368532087997528, 0.38539352407096883, 0.7536973410182529, 0.36875301031250884, 0.8092680258812971, 0.3746611254910628, 0.8226696579544632]}