{"0": [0.6204131967077653, 0.5430904588213673, 0.0, 0.0, 0.618924299084271, 0.5372526901739615, 0.5972862633566062, 0.5372840166091919, 0.612418441226085, 0.541046377464577, 0.5836499854922295, 0.5657642507994617, 0.6172560582558314, 0.5725865423679352, 0.5669288365791242, 0.5883017405315681, 0.619540226769944, 0.6255601810360396, 0.5633589285115401, 0.6527803440888723, 0.0, 0.0, 0.5813888085695604, 0.6708834792176881, 0.6058909522990386, 0.6830667171213362, 0.5919366210699082, 0.7581077197083721, 0.6062465043035142, 0.7542389474533222, 0.6000861699382464, 0.8134526513240955, 0.6017131201612452, 0.8126688972667411], "1": [0.0, 0.0, 0.0, 0.0, 0.0, 0.0, 0.0, 0.0, 0.0, 0.0, 0.470452102770408, 0.5181163547215638, 0.5038056989510854, 0.5256591743893093, 0.4551842217644056, 0.5627325314062613, 0.5143132106711467, 0.5779680024694513, 0.45501372814178465, 0.5894502813065493, 0.0, 0.0, 0.47689469781083366, 0.6121399897116202, 0.5004693120718002, 0.6117902564229789, 0.48193331466366846, 0.6758290206944501, 0.5136001798013846, 0.6740356930979976, 0.4828354299068451, 0.7364894425979367, 0.5222347861155867, 0.7371049812270536]}