{"0": [0.3134888634085655, 0.44724796922118576, 0.31412680074572563, 0.442386003445696, 0.3121598929166794, 0.44073476762321123, 0.0, 0.0, 0.3035609206805627, 0.43471241935535715, 0.30471397129197914, 0.4632338796776753, 0.28899373207241297, 0.4632134326354221, 0.30607869060089193, 0.5005079417868897, 0.284891454813381, 0.5022674531848342, 0.3151244786878427, 0.5210746124938682, 0.28973676819975175, 0.5377148020046728, 0.307056067387263, 0.5449952295532933, 0.2948960659404596, 0.5470829138049373, 0.30840377981464073, 0.5982607165972392, 0.29557917813460033, 0.6037737143605396, 0.30919771020611125, 0.645798631950661, 0.28991508663942417, 0.6711460677561937], "1": [0.0, 0.0, 0.0, 0.0, 0.0, 0.0, 0.8210059650242328, 0.6250801467785129, 0.8403566678365072, 0.621529922661958, 0.8159487646073103, 0.671825909504184, 0.8545444635053474, 0.6631005047372094, 0.8021854202185447, 0.7387984615785105, 0.8862295707555574, 0.692295589302502, 0.7808063012237351, 0.7440808512546399, 0.9275151864315073, 0.6908142646153768, 0.816540960719188, 0.796669067994312, 0.837810980528593, 0.8021049020466982, 0.8113986669108272, 0.872253363000022, 0.8184478597094615, 0.872525961973049, 0.8064493299151461, 0.9329192912137066, 0.0, 0.0], "2": [0.0, 0.0, 0.0, 0.0, 0.0, 0.0, 0.0, 0.0, 0.0, 0.0, 0.0, 0.0, 0.0, 0.0, 0.0, 0.0, 0.0, 0.0, 0.0, 0.0, 0.313675487600267, 0.5222253600756327, 0.0, 0.0, 0.0, 0.0, 0.0, 0.0, 0.0, 0.0, 0.0, 0.0, 0.0, 0.0], "3": [0.0, 0.0, 0.0, 0.0, 0.0, 0.0, 0.0, 0.0, 0.0, 0.0, 0.0, 0.0, 0.0, 0.0, 0.0, 0.0, 0.0, 0.0, 0.0, 0.0, 0.7825063080837329, 0.7430916790609008, 0.0, 0.0, 0.0, 0.0, 0.0, 0.0, 0.0, 0.0, 0.0, 0.0, 0.0, 0.0]}