{"0": [0.0, 0.0, 0.0, 0.0, 0.0, 0.0, 0.471245385085543, 0.43595264531947947, 0.48422857125600177, 0.4368812168086016, 0.46166750515500704, 0.46275055808601556, 0.4876576639711857, 0.4661505628515173, 0.4497825610140959, 0.4993145673915192, 0.5022007096248369, 0.5190445202368277, 0.43789658347765603, 0.515673203766346, 0.5134770457943281, 0.5286323844282715, 0.462604625026385, 0.54445233821386, 0.48218528895328444, 0.5461403143626672, 0.45433029557267823, 0.5997985903863554, 0.4879685964435339, 0.6060932395634828, 0.4403316102921962, 0.6681457515116093, 0.4878796712805828, 0.6674186657976221], "1": [0.0, 0.0, 0.0, 0.0, 0.0, 0.0, 0.6790307616194089, 0.5364086132910516, 0.693139131863912, 0.5399523509873284, 0.6676226956148942, 0.5581503694808042, 0.6947275643547376, 0.5884438428889822, 0.0, 0.0, 0.7083885956555604, 0.6415975961972166, 0.0, 0.0, 0.743389223019282, 0.643920863116229, 0.6557738201071819, 0.6639240078352115, 0.6778442786385616, 0.6699028275079197, 0.6520897623292209, 0.7322158504415441, 0.704176693658034, 0.7068913322356012, 0.6333556573837995, 0.7915335575739543, 0.7065896290975312, 0.7836863983560491], "2": [0.0, 0.0, 0.0, 0.0, 0.0, 0.0, 0.0, 0.0, 0.0, 0.0, 0.0, 0.0, 0.0, 0.0, 0.6566098145519693, 0.5493801143434313, 0.0, 0.0, 0.0, 0.0, 0.0, 0.0, 0.0, 0.0, 0.0, 0.0, 0.0, 0.0, 0.0, 0.0, 0.0, 0.0, 0.0, 0.0], "3": [0.0, 0.0, 0.0, 0.0, 0.0, 0.0, 0.0, 0.0, 0.0, 0.0, 0.0, 0.0, 0.0, 0.0, 0.0, 0.0, 0.0, 0.0, 0.6586069963872433, 0.5510314654972818, 0.0, 0.0, 0.0, 0.0, 0.0, 0.0, 0.0, 0.0, 0.0, 0.0, 0.0, 0.0, 0.0, 0.0]}