{"0": [0.45327684506773946, 0.37981457986213535, 0.45650649052113296, 0.3763711017590982, 0.4512387548883756, 0.37473328875170814, 0.46014335711176196, 0.38145392583855603, 0.4473819420983394, 0.37529883561310945, 0.46157765115300814, 0.40616350173950194, 0.4424429619063934, 0.4034362753784215, 0.4561032185020546, 0.43866842631940495, 0.4358690421717863, 0.440772168903991, 0.42665082290768624, 0.4326577710884589, 0.42284467349915456, 0.42977929512659707, 0.45941582874705394, 0.4715750561820136, 0.4432450055455169, 0.47620547888455567, 0.47077407216032346, 0.5331628424149972, 0.4455465433498224, 0.5365295052528382, 0.4938344544187809, 0.5609941169067665, 0.4494576583305995, 0.5908467966097373], "1": [0.4343694344162941, 0.399557786959189, 0.43521023684491716, 0.39361613635663634, 0.43286594599485395, 0.3963271728268376, 0.43911548911904297, 0.39535686329559044, 0.0, 0.0, 0.0, 0.0, 0.0, 0.0, 0.0, 0.0, 0.0, 0.0, 0.0, 0.0, 0.0, 0.0, 0.0, 0.0, 0.0, 0.0, 0.0, 0.0, 0.0, 0.0, 0.0, 0.0, 0.0, 0.0], "2": [0.0, 0.0, 0.0, 0.0, 0.0, 0.0, 0.0, 0.0, 0.0, 0.0, 0.0, 0.0, 0.0, 0.0, 0.0, 0.0, 0.0, 0.0, 0.0, 0.0, 0.0, 0.0, 0.0, 0.0, 0.0, 0.0, 0.0, 0.0, 0.0, 0.0, 0.45372601722677547, 0.5881241516382606, 0.0, 0.0]}