{"0": [0.33107099394934875, 0.434306788554898, 0.33235552596549195, 0.42945675099337544, 0.3296014286577702, 0.42840858366754325, 0.0, 0.0, 0.3205675285309553, 0.42359082301457723, 0.3265977445368966, 0.45055946222058046, 0.3073233800629775, 0.4504330743242193, 0.3311519067346429, 0.489816568074403, 0.2972751013313731, 0.48706627554363674, 0.3402279062817494, 0.5073564403621411, 0.3109903298318386, 0.5116228132336228, 0.32565925382077693, 0.5303652156282355, 0.3145961774115373, 0.5310034074165203, 0.32198371527095637, 0.5895877957344056, 0.3205101979275545, 0.5890631527674419, 0.32226827268799146, 0.646654955987577, 0.3194460911055406, 0.6458669046560924], "1": [0.0, 0.0, 0.0, 0.0, 0.0, 0.0, 0.7076294496655464, 0.5940762998881164, 0.7293175996591648, 0.5957515025028477, 0.6918414015322923, 0.6357880696102425, 0.7357758570772907, 0.6515072663625081, 0.6772574009218563, 0.6668198099842779, 0.7470286956056952, 0.7270943041200991, 0.6664808745185534, 0.6999411631927446, 0.7619792214284341, 0.7799287645905106, 0.6929885899027189, 0.7651520361502965, 0.7189576521050185, 0.7729432416182977, 0.6926314481844503, 0.8572556789274569, 0.7137904986739159, 0.832446228298876, 0.6905338181803624, 0.9437514088220067, 0.7120679760972659, 0.901204036783289], "2": [0.0, 0.0, 0.0, 0.0, 0.0, 0.0, 0.0, 0.0, 0.0, 0.0, 0.0, 0.0, 0.0, 0.0, 0.0, 0.0, 0.0, 0.0, 0.0, 0.0, 0.0, 0.0, 0.0, 0.0, 0.0, 0.0, 0.0, 0.0, 0.0, 0.0, 0.0, 0.0, 0.6904582398633162, 0.9478202784502948]}