{"0": [0.0, 0.0, 0.0, 0.0, 0.0, 0.0, 0.36399501413106916, 0.37689558201365997, 0.3748976565897465, 0.37549308041731516, 0.35518359144528705, 0.4052913220944228, 0.38336934472123774, 0.39923394388622707, 0.35106665212661026, 0.4417853911717733, 0.39343266133219, 0.4324561395027019, 0.34737429798891145, 0.4711214497133538, 0.3981044372543693, 0.46330919585846086, 0.36104798161735135, 0.4711421615547604, 0.3801450918118159, 0.47226940194765726, 0.3584248128036658, 0.5171698815292782, 0.38168662941704196, 0.5267564336458841, 0.35255371757472553, 0.5682168852399896, 0.3830061594645182, 0.581921141318701], "1": [0.0, 0.0, 0.0, 0.0, 0.0, 0.0, 0.3282848222802083, 0.708543027219949, 0.3451675307005644, 0.6963694744639927, 0.33176976727942625, 0.7438340179346227, 0.3596384869267543, 0.712415975553018, 0.0, 0.0, 0.0, 0.0, 0.0, 0.0, 0.0, 0.0, 0.0, 0.0, 0.0, 0.0, 0.0, 0.0, 0.0, 0.0, 0.0, 0.0, 0.0, 0.0]}