{"0": [0.5486833732575178, 0.43500142318231083, 0.5497666617234548, 0.4304432246420119, 0.0, 0.0, 0.5541861594965061, 0.433662506579249, 0.565045466242979, 0.43380569793559887, 0.5458759217212598, 0.4626233360833592, 0.5740312504271666, 0.46183408200740816, 0.5365981119374434, 0.5015347134183954, 0.0, 0.0, 0.5266869713241855, 0.5188898845955178, 0.0, 0.0, 0.5474024108611047, 0.5508130577979264, 0.5670002681513627, 0.5536094857586755, 0.5345720384890834, 0.5938172664907243, 0.5626152589917183, 0.6225339765901918, 0.5396799807747205, 0.6610129162117288, 0.5571454793214798, 0.6803761351991583], "1": [0.0, 0.0, 0.0, 0.0, 0.0, 0.0, 0.30295044016093015, 0.5420680041666384, 0.31785521376878023, 0.5432144704792234, 0.3161261680225531, 0.5728056752019458, 0.322385346206526, 0.5741719227215206, 0.30595078635960815, 0.6269880962592584, 0.3062255599613612, 0.6266040460930931, 0.0, 0.0, 0.0, 0.0, 0.31634869674841565, 0.6774507437039304, 0.3167542265444359, 0.6760107977943147, 0.32059862638513253, 0.7780487720613126, 0.2923616300026576, 0.7433244467885407, 0.35875804548462237, 0.8264474137513725, 0.29328906430552404, 0.8148559345139398], "2": [0.0, 0.0, 0.0, 0.0, 0.0, 0.0, 0.0, 0.0, 0.0, 0.0, 0.0, 0.0, 0.0, 0.0, 0.0, 0.0, 0.0, 0.0, 0.0, 0.0, 0.5292795948684216, 0.5158669119631802, 0.0, 0.0, 0.0, 0.0, 0.0, 0.0, 0.0, 0.0, 0.0, 0.0, 0.0, 0.0], "3": [0.0, 0.0, 0.0, 0.0, 0.0, 0.0, 0.0, 0.0, 0.0, 0.0, 0.0, 0.0, 0.0, 0.0, 0.0, 0.0, 0.0, 0.0, 0.0, 0.0, 0.0, 0.0, 0.0, 0.0, 0.0, 0.0, 0.2923799393077691, 0.7428479366832309, 0.0, 0.0, 0.0, 0.0, 0.0, 0.0], "4": [0.0, 0.0, 0.0, 0.0, 0.0, 0.0, 0.0, 0.0, 0.0, 0.0, 0.0, 0.0, 0.0, 0.0, 0.0, 0.0, 0.0, 0.0, 0.0, 0.0, 0.0, 0.0, 0.0, 0.0, 0.0, 0.0, 0.0, 0.0, 0.0, 0.0, 0.0, 0.0, 0.3579970377186934, 0.8267572197097318]}