{"0": [0.6750801415493091, 0.5511544895392877, 0.0, 0.0, 0.6754388367136319, 0.5448898655120973, 0.0, 0.0, 0.6683918981812894, 0.5419118779676931, 0.6489589000020501, 0.5544184254571575, 0.6521481103457822, 0.5639482019124208, 0.6227949630081032, 0.5554562129356243, 0.0, 0.0, 0.0, 0.0, 0.0, 0.0, 0.6315865675575394, 0.6688083014792079, 0.640289471236368, 0.6705638376375039, 0.6372032264868418, 0.7176816039615207, 0.6714070272942384, 0.7217261112398573, 0.0, 0.0, 0.6880601321657499, 0.7944784309025165], "1": [0.0, 0.0, 0.0, 0.0, 0.0, 0.0, 0.5496622309088707, 0.5210603718404416, 0.5669701602309942, 0.5223437400051841, 0.5329472055037816, 0.5613857860918399, 0.5748606622219086, 0.5643608810725037, 0.5229563233791851, 0.6058965060445998, 0.5826252703865369, 0.6201480280469965, 0.513275446742773, 0.6402952477887824, 0.5867402488986652, 0.6587650665530452, 0.5341094374656677, 0.6621250237027804, 0.5601942870921145, 0.6679289537447469, 0.5189680425760648, 0.7158461837856859, 0.5502727548281352, 0.7224716506346508, 0.5172213872273763, 0.7754507404786569, 0.5382980449746052, 0.7795539493914002], "2": [0.0, 0.0, 0.0, 0.0, 0.0, 0.0, 0.8442538746011754, 0.15829502167525114, 0.8506651889532805, 0.1607441770809668, 0.8370857701947292, 0.16832079975693315, 0.8505497592190902, 0.17226930867742607, 0.8293212786316871, 0.18956297249705703, 0.8522544916874418, 0.19039438157169905, 0.8252186333139737, 0.21175172787021707, 0.0, 0.0, 0.836349410439531, 0.2044818342835815, 0.8456830496589343, 0.2034546166382454, 0.0, 0.0, 0.8450444024056196, 0.22640224684167792, 0.0, 0.0, 0.0, 0.0], "3": [0.0, 0.0, 0.0, 0.0, 0.0, 0.0, 0.655178868273894, 0.5329160652778767, 0.0, 0.0, 0.0, 0.0, 0.0, 0.0, 0.0, 0.0, 0.0, 0.0, 0.0, 0.0, 0.0, 0.0, 0.0, 0.0, 0.0, 0.0, 0.0, 0.0, 0.0, 0.0, 0.0, 0.0, 0.0, 0.0], "4": [0.0, 0.0, 0.0, 0.0, 0.0, 0.0, 0.0, 0.0, 0.0, 0.0, 0.0, 0.0, 0.0, 0.0, 0.0, 0.0, 0.0, 0.0, 0.0, 0.0, 0.0, 0.0, 0.0, 0.0, 0.0, 0.0, 0.0, 0.0, 0.0, 0.0, 0.6019116614324351, 0.7445466890103287, 0.0, 0.0]}