{"0": [0.3964393225808938, 0.38006387794459306, 0.0, 0.0, 0.3967626053839922, 0.37606400781207616, 0.0, 0.0, 0.39278796669095756, 0.37691641339549314, 0.3801192036519448, 0.3913211771735439, 0.385436920375408, 0.3962581015433426, 0.3935860455346604, 0.4441241392382869, 0.3852983539784124, 0.4363068319344402, 0.4111482915158073, 0.45294166472223074, 0.4123489501575629, 0.4545106175873015, 0.3682743450937172, 0.4566047462048354, 0.3739052090172966, 0.46026576271763553, 0.0, 0.0, 0.38168244579186045, 0.5029738090656422, 0.36877328619981803, 0.5350827014004743, 0.3678856801862518, 0.5368806305858824], "1": [0.6098094768822193, 0.39263982198856495, 0.0, 0.0, 0.609378058090806, 0.3897038985733633, 0.0, 0.0, 0.6080856603880723, 0.3890412657625145, 0.5941798358845214, 0.3961725453811663, 0.6005990361173947, 0.4006694440488462, 0.0, 0.0, 0.601091567799449, 0.4343356218602922, 0.0, 0.0, 0.6094636251529058, 0.42103014941568734, 0.5751960673679908, 0.45345873876854226, 0.5808725484646857, 0.4588076931458932, 0.5718334466218948, 0.510562100454613, 0.0, 0.0, 0.548536253720522, 0.5315802746348911, 0.0, 0.0], "2": [0.0, 0.0, 0.0, 0.0, 0.0, 0.0, 0.0, 0.0, 0.0, 0.0, 0.0, 0.0, 0.0, 0.0, 0.3703502878546715, 0.4251897699854992, 0.0, 0.0, 0.0, 0.0, 0.0, 0.0, 0.0, 0.0, 0.0, 0.0, 0.0, 0.0, 0.0, 0.0, 0.0, 0.0, 0.0, 0.0], "3": [0.0, 0.0, 0.0, 0.0, 0.0, 0.0, 0.0, 0.0, 0.0, 0.0, 0.0, 0.0, 0.0, 0.0, 0.0, 0.0, 0.0, 0.0, 0.6084171840300162, 0.41918767894859665, 0.0, 0.0, 0.0, 0.0, 0.0, 0.0, 0.0, 0.0, 0.0, 0.0, 0.0, 0.0, 0.0, 0.0], "4": [0.0, 0.0, 0.0, 0.0, 0.0, 0.0, 0.0, 0.0, 0.0, 0.0, 0.0, 0.0, 0.0, 0.0, 0.0, 0.0, 0.0, 0.0, 0.0, 0.0, 0.0, 0.0, 0.0, 0.0, 0.0, 0.0, 0.38232618086040027, 0.5050258563624488, 0.0, 0.0, 0.0, 0.0, 0.0, 0.0], "5": [0.0, 0.0, 0.0, 0.0, 0.0, 0.0, 0.0, 0.0, 0.0, 0.0, 0.0, 0.0, 0.0, 0.0, 0.0, 0.0, 0.0, 0.0, 0.0, 0.0, 0.0, 0.0, 0.0, 0.0, 0.0, 0.0, 0.0, 0.0, 0.5742314239343007, 0.5112019293838077, 0.0, 0.0, 0.5484209503978491, 0.5323361350430382]}