{"0": [0.4415866894026597, 0.36818816882592664, 0.4437859405258981, 0.36467792899520307, 0.4392778128695985, 0.3638208722626722, 0.4476792761745552, 0.36830356253518, 0.4358549516648054, 0.3670570147534212, 0.4552649873619278, 0.39337401147241946, 0.4308647396042943, 0.392063515274613, 0.4672216941912969, 0.4115544060314143, 0.4183441636773447, 0.40621982349289787, 0.48019561829666296, 0.42437206274933287, 0.0, 0.0, 0.4514143654455741, 0.4621529784467485, 0.43647687062621116, 0.46258022296759815, 0.4543215274810791, 0.5145165802152069, 0.43703036879499757, 0.511183707581626, 0.4535654708743095, 0.5655131030965733, 0.43704134486615653, 0.560357564135834], "1": [0.36889440109953286, 0.39621612718673765, 0.37164631262421605, 0.3918414970239003, 0.3661183257897695, 0.39159015593705354, 0.37657601600512863, 0.39460861097883293, 0.36307600513100624, 0.396024615538341, 0.38245795952777073, 0.4260256537339754, 0.36662563383579255, 0.42591497400189166, 0.3896732297260314, 0.46378901788481963, 0.3693022241195043, 0.46311260935057097, 0.38804260914524397, 0.49120640931306064, 0.3691128614048163, 0.48422272525451804, 0.38473358458528917, 0.500795398928501, 0.3728511088139688, 0.5011381403163627, 0.38661663892368475, 0.5513360926398525, 0.3703694005807241, 0.5446161809480853, 0.39589498614271473, 0.6057405332724254, 0.38053375463932754, 0.5883393738556791], "2": [0.0, 0.0, 0.0, 0.0, 0.0, 0.0, 0.0, 0.0, 0.0, 0.0, 0.0, 0.0, 0.0, 0.0, 0.0, 0.0, 0.0, 0.0, 0.0, 0.0, 0.42685145658130447, 0.4020967640258648, 0.0, 0.0, 0.0, 0.0, 0.0, 0.0, 0.0, 0.0, 0.0, 0.0, 0.0, 0.0]}