{"0": [0.0, 0.0, 0.0, 0.0, 0.0, 0.0, 0.41921903428932034, 0.3724929908911387, 0.43140825196169325, 0.3724981728527281, 0.4128115164736907, 0.4018333178979379, 0.4402808538948496, 0.3985348714722528, 0.4084861021488905, 0.4360942597742434, 0.44651015686492124, 0.4338477200931973, 0.4053184283276399, 0.4656898260116577, 0.4498212051888307, 0.46441014265572583, 0.4172830964128177, 0.46551431483692596, 0.4349268834106624, 0.4663757935718254, 0.4151757277548313, 0.5164779095738022, 0.43328816766540207, 0.5172683638555032, 0.4260378417869408, 0.5603484669217357, 0.43155153077095754, 0.5601063347525066], "1": [0.0, 0.0, 0.0, 0.0, 0.0, 0.0, 0.48576611873383324, 0.629329186015659, 0.5045484269658724, 0.6259310060077243, 0.4800231004754702, 0.6693254988502573, 0.5264539797479908, 0.6607075426313612, 0.46901875436306, 0.7316662474914833, 0.5451376007248958, 0.7167390494434922, 0.46080471742898227, 0.7768027789062923, 0.0, 0.0, 0.49269155971705914, 0.7790879662390109, 0.5205450973163048, 0.7723240170213912, 0.5021646284265444, 0.8780845674099745, 0.5116711674878994, 0.8778270237078821, 0.0, 0.0, 0.5170422619829576, 0.9390212752200939]}