{"0": [0.0, 0.0, 0.0, 0.0, 0.0, 0.0, 0.5923588426162799, 0.37812669586252284, 0.6042856811235349, 0.3801137579811944, 0.583013923217853, 0.4036100781281237, 0.6099847629045446, 0.4055524943051515, 0.5763065272942185, 0.4343773357294224, 0.6135940147563815, 0.44390896404231034, 0.5663883623977503, 0.43431445658206935, 0.0, 0.0, 0.5839183473338684, 0.47039856888284837, 0.6015816462226212, 0.47265989515516493, 0.5776115425551931, 0.5185284329785241, 0.5959211188058059, 0.5239108782123636, 0.5697004639854034, 0.5693019566712556, 0.5862562621633213, 0.5774510458663659], "1": [0.0, 0.0, 0.0, 0.0, 0.0, 0.0, 0.6429333665097753, 0.4150974419381883, 0.6547295833627383, 0.4208212638342822, 0.6316575727735957, 0.43242708444595335, 0.653892066453894, 0.44838392455820686, 0.6191214224634071, 0.46534849140379164, 0.6564527481483916, 0.4813750701921958, 0.0, 0.0, 0.6427108342448871, 0.5181112655886897, 0.6236196912825107, 0.5066581480481006, 0.6434247699566186, 0.5083101041339062, 0.6264695536966125, 0.5586916163563729, 0.6293778907507658, 0.5594540602355091, 0.6240483860174815, 0.6005409145796741, 0.6239168579379718, 0.6004178395977726]}