{"0": [0.6394891066864754, 0.43759304682413735, 0.6423517301678657, 0.4319626727589854, 0.636695263038079, 0.4325688434419809, 0.6460376429061095, 0.4344810112758919, 0.6315986809010307, 0.43438236006984005, 0.6503274773557981, 0.46501512196328904, 0.622747257631272, 0.4630817910173425, 0.6533369448035956, 0.5034317040884936, 0.6160214717189471, 0.5320651041136848, 0.6580132167786359, 0.5378428017099698, 0.6187855909617307, 0.5669529872084106, 0.6434857533623775, 0.54626558025678, 0.6255100779235363, 0.545491987908328, 0.6397535384166986, 0.6205612343770486, 0.6223974572805067, 0.6167212208112081, 0.6429209358990192, 0.6798589128035085, 0.0, 0.0], "1": [0.6129080740114053, 0.3636302521935216, 0.6126207321882248, 0.36051049541544034, 0.0, 0.0, 0.6140661331824958, 0.3591963580913014, 0.6212636309365431, 0.3559353011625785, 0.6202288615733882, 0.37480074252844753, 0.6341232364376385, 0.37060435193556324, 0.614881249765555, 0.4065070655610826, 0.639036281965673, 0.3982862801463516, 0.6086199415226777, 0.43464180087601695, 0.0, 0.0, 0.6237998704736432, 0.43591738740603136, 0.6236216114213069, 0.43755472434891596, 0.0, 0.0, 0.0, 0.0, 0.0, 0.0, 0.0, 0.0], "2": [0.0, 0.0, 0.0, 0.0, 0.0, 0.0, 0.0, 0.0, 0.0, 0.0, 0.0, 0.0, 0.0, 0.0, 0.6385610435778896, 0.4085208872954051, 0.0, 0.0, 0.0, 0.0, 0.0, 0.0, 0.0, 0.0, 0.0, 0.0, 0.0, 0.0, 0.0, 0.0, 0.0, 0.0, 0.0, 0.0], "3": [0.0, 0.0, 0.0, 0.0, 0.0, 0.0, 0.0, 0.0, 0.0, 0.0, 0.0, 0.0, 0.0, 0.0, 0.0, 0.0, 0.6142238744534552, 0.4090035359064738, 0.0, 0.0, 0.6085890531539917, 0.4367934090119821, 0.0, 0.0, 0.0, 0.0, 0.0, 0.0, 0.0, 0.0, 0.0, 0.0, 0.0, 0.0], "4": [0.0, 0.0, 0.0, 0.0, 0.0, 0.0, 0.0, 0.0, 0.0, 0.0, 0.0, 0.0, 0.0, 0.0, 0.0, 0.0, 0.0, 0.0, 0.6228277023493621, 0.3967391854359044, 0.0, 0.0, 0.0, 0.0, 0.0, 0.0, 0.0, 0.0, 0.0, 0.0, 0.0, 0.0, 0.0, 0.0]}