{"0": [0.0, 0.0, 0.0, 0.0, 0.0, 0.0, 0.4101861760641138, 0.4278502685052377, 0.42249705018475653, 0.4299419010127032, 0.3984262243223687, 0.45302389374485724, 0.4238738452394804, 0.45693433560706953, 0.3910931841780742, 0.4917014450938613, 0.4290997685243686, 0.4992515818388374, 0.38818607330322263, 0.5242473357253604, 0.0, 0.0, 0.3973978765308857, 0.531728043379607, 0.41703137569129467, 0.5360607375701268, 0.3861746804788709, 0.5734913022981749, 0.4323986988514662, 0.5711255616611904, 0.373567988909781, 0.6141710727303117, 0.428472616771857, 0.6347066008382374], "1": [0.0, 0.0, 0.0, 0.0, 0.0, 0.0, 0.8135448896015683, 0.1630093815150084, 0.8233669038551549, 0.16526328435650578, 0.8055692076683044, 0.18297995075031562, 0.826782951503992, 0.18772543172041575, 0.0, 0.0, 0.8313151764761035, 0.21579802831013997, 0.0, 0.0, 0.0, 0.0, 0.0, 0.0, 0.0, 0.0, 0.0, 0.0, 0.0, 0.0, 0.0, 0.0, 0.0, 0.0], "2": [0.0, 0.0, 0.0, 0.0, 0.0, 0.0, 0.4549855018655459, 0.49305498611044, 0.0, 0.0, 0.4515475474918882, 0.5197486886271724, 0.4820678123583396, 0.5185981827753562, 0.4438318450547134, 0.5507033691362099, 0.49247227162122725, 0.5784238108882198, 0.4418639769156774, 0.6017394185066223, 0.4982384355738759, 0.6144919781773178, 0.4521152216009795, 0.6037562167996333, 0.4746060068408648, 0.602699660261472, 0.44099590157469115, 0.6260791565671011, 0.47851103519399957, 0.6279137642295272, 0.0, 0.0, 0.47930987750490506, 0.676591952972942], "3": [0.0, 0.0, 0.0, 0.0, 0.0, 0.0, 0.0, 0.0, 0.0, 0.0, 0.0, 0.0, 0.0, 0.0, 0.0, 0.0, 0.0, 0.0, 0.0, 0.0, 0.0, 0.0, 0.0, 0.0, 0.0, 0.0, 0.43536447336276374, 0.5751469682764124, 0.0, 0.0, 0.42945743910968304, 0.6438044163915846, 0.0, 0.0]}