{"0": [0.0, 0.0, 0.0, 0.0, 0.0, 0.0, 0.5245071078340213, 0.5470894387474766, 0.542243859047691, 0.5455598582824072, 0.5155125067258874, 0.5871492640839683, 0.5496393248438836, 0.5804762641588846, 0.49939086511731146, 0.6008643441730075, 0.5665415448447069, 0.6374645595197325, 0.0, 0.0, 0.5795432652036349, 0.6728524426619212, 0.5230285699401672, 0.6923369264161144, 0.5419070934255917, 0.6975154311568649, 0.5306160709510247, 0.7675335884646134, 0.5506828104456266, 0.7688776559299894, 0.5389195811624329, 0.8620480803979768, 0.5389217030877869, 0.8621491732420745], "1": [0.0, 0.0, 0.0, 0.0, 0.0, 0.0, 0.4290588037421306, 0.5144602576891582, 0.4410287710527579, 0.5126923406565631, 0.4367304811875025, 0.5462860057751338, 0.4454307250678539, 0.541125343464039, 0.4127813876916965, 0.5760955530184286, 0.0, 0.0, 0.0, 0.0, 0.0, 0.0, 0.0, 0.0, 0.4633502007772526, 0.6209177118760568, 0.0, 0.0, 0.47429021870096516, 0.6932338563932314, 0.0, 0.0, 0.503293777257204, 0.7238439891073439], "2": [0.0, 0.0, 0.0, 0.0, 0.0, 0.0, 0.0, 0.0, 0.0, 0.0, 0.0, 0.0, 0.425195737183094, 0.5499180968160983, 0.0, 0.0, 0.4120987972865502, 0.5759667453942475, 0.0, 0.0, 0.0, 0.0, 0.4593350081394116, 0.6270024741137469, 0.0, 0.0, 0.47448867435256636, 0.6937895153407697, 0.0, 0.0, 0.5036011558026076, 0.7243000547091165, 0.0, 0.0], "3": [0.0, 0.0, 0.0, 0.0, 0.0, 0.0, 0.0, 0.0, 0.0, 0.0, 0.0, 0.0, 0.0, 0.0, 0.0, 0.0, 0.0, 0.0, 0.0, 0.0, 0.0, 0.0, 0.0, 0.0, 0.0, 0.0, 0.0, 0.0, 0.0, 0.0, 0.39535171737273533, 0.7041631634588594, 0.0, 0.0], "4": [0.0, 0.0, 0.0, 0.0, 0.0, 0.0, 0.0, 0.0, 0.0, 0.0, 0.0, 0.0, 0.0, 0.0, 0.0, 0.0, 0.0, 0.0, 0.0, 0.0, 0.0, 0.0, 0.0, 0.0, 0.0, 0.0, 0.0, 0.0, 0.0, 0.0, 0.0, 0.0, 0.3952439376463493, 0.7046837153258148]}