{"0": [0.0, 0.0, 0.0, 0.0, 0.0, 0.0, 0.40794352255761623, 0.510386566541813, 0.42067417850097016, 0.5085050950447718, 0.3945063448200623, 0.5435821798664552, 0.43389521799981595, 0.5381980436819571, 0.38715277326603736, 0.5949703993620696, 0.4469370052218437, 0.5837880258206968, 0.3890406112497052, 0.6565223851689586, 0.453203039119641, 0.625179201474896, 0.40085989112655324, 0.6484274325547394, 0.4283114886532227, 0.6419213406465671, 0.4071123448510965, 0.7244450209317383, 0.44208317274848624, 0.686037617204366, 0.41132844189802803, 0.808610858299114, 0.4618818309158087, 0.7644560632882295], "1": [0.0, 0.0, 0.0, 0.0, 0.0, 0.0, 0.3330847702920437, 0.5567483899769959, 0.3442595180434485, 0.5520304330383186, 0.344205128091077, 0.5808080428176456, 0.33956593693001197, 0.5830555273426903, 0.3324012156575919, 0.62691475837319, 0.33259158258636795, 0.625116757882966, 0.3229314825875917, 0.6458895299169753, 0.3224011368739108, 0.6412076088013472, 0.36134229581803085, 0.6688423486771407, 0.3563374069364121, 0.6686459767597693, 0.0, 0.0, 0.3311708001497512, 0.6986872405917557, 0.0, 0.0, 0.31057108549090723, 0.7579411970244514], "2": [0.0, 0.0, 0.0, 0.0, 0.0, 0.0, 0.0, 0.0, 0.0, 0.0, 0.0, 0.0, 0.0, 0.0, 0.36995351339379945, 0.6355506773348207, 0.0, 0.0, 0.0, 0.0, 0.0, 0.0, 0.0, 0.0, 0.0, 0.0, 0.0, 0.0, 0.0, 0.0, 0.0, 0.0, 0.0, 0.0], "3": [0.0, 0.0, 0.0, 0.0, 0.0, 0.0, 0.0, 0.0, 0.0, 0.0, 0.0, 0.0, 0.0, 0.0, 0.0, 0.0, 0.0, 0.0, 0.0, 0.0, 0.0, 0.0, 0.0, 0.0, 0.0, 0.0, 0.331967181712389, 0.6989457213216359, 0.4066516160964966, 0.7261211863270512, 0.31071107626582184, 0.7590487016019998, 0.4110564497609933, 0.8092421167426639], "4": [0.0, 0.0, 0.0, 0.0, 0.0, 0.0, 0.0, 0.0, 0.0, 0.0, 0.0, 0.0, 0.0, 0.0, 0.0, 0.0, 0.0, 0.0, 0.0, 0.0, 0.0, 0.0, 0.0, 0.0, 0.0, 0.0, 0.0, 0.0, 0.0, 0.0, 0.43757030852138995, 0.7377291282569921, 0.0, 0.0], "5": [0.0, 0.0, 0.0, 0.0, 0.0, 0.0, 0.0, 0.0, 0.0, 0.0, 0.0, 0.0, 0.0, 0.0, 0.0, 0.0, 0.0, 0.0, 0.0, 0.0, 0.0, 0.0, 0.0, 0.0, 0.0, 0.0, 0.0, 0.0, 0.0, 0.0, 0.0, 0.0, 0.43640233650803567, 0.7357499964811184]}