{"0": [0.34166492708027363, 0.4362819742273401, 0.34311267659068106, 0.4316772125385426, 0.34055528733879326, 0.4301031170067964, 0.0, 0.0, 0.33218034940461316, 0.42605441392019944, 0.3372026129315297, 0.4496753987338808, 0.3187169690732844, 0.4519220678894608, 0.34074099399149416, 0.4945729946648633, 0.3142940067065259, 0.4928816853022134, 0.35221795248799026, 0.5129615083888724, 0.0, 0.0, 0.33225048693517845, 0.5339190836305971, 0.32328039448087414, 0.5301293360966223, 0.3319324084868034, 0.6025300861508758, 0.3255842755238215, 0.5945675415021402, 0.3305618224265249, 0.6524744788375444, 0.32437511873295277, 0.6447545185227381], "1": [0.0, 0.0, 0.0, 0.0, 0.0, 0.0, 0.6127040460705757, 0.5050098463341042, 0.627452998359998, 0.5018596836814174, 0.6043699872990449, 0.5358709708408073, 0.6414564656714599, 0.532105850731885, 0.5917003065347671, 0.5785993196346142, 0.6473319308832288, 0.5840077960932696, 0.5834043433268865, 0.6072581189650077, 0.0, 0.0, 0.6155800902595122, 0.6273033923572964, 0.6381890481958786, 0.6293010334173839, 0.6096559489145875, 0.7006476493345366, 0.6417005702853202, 0.6991086511148347, 0.610053806224217, 0.7728191337099781, 0.6531367519249519, 0.7695810353314435], "2": [0.0, 0.0, 0.0, 0.0, 0.0, 0.0, 0.0, 0.0, 0.0, 0.0, 0.0, 0.0, 0.0, 0.0, 0.0, 0.0, 0.0, 0.0, 0.0, 0.0, 0.0, 0.0, 0.0, 0.0, 0.0, 0.0, 0.639845722882698, 0.6993968619240655, 0.0, 0.0, 0.0, 0.0, 0.0, 0.0]}