{"0": [0.40844556465744974, 0.37242699673882235, 0.0, 0.0, 0.40824206608037156, 0.3685823882067645, 0.39782058840307094, 0.367888437377082, 0.4066782063494126, 0.3683583784986425, 0.3903752822428942, 0.390422327319781, 0.4079028339435657, 0.38815632495615215, 0.3868168837080399, 0.41802150750601735, 0.4096348681176702, 0.4183661073860195, 0.0, 0.0, 0.41721571646630756, 0.4461353123188019, 0.3926306162029505, 0.4499995544000908, 0.40586527306586506, 0.4497081366954027, 0.3946813041344285, 0.49500781452214276, 0.4078859866907199, 0.4989206629770773, 0.392544233550628, 0.5359009540743298, 0.40159704759716985, 0.5350965526368883], "1": [0.0, 0.0, 0.0, 0.0, 0.0, 0.0, 0.0, 0.0, 0.0, 0.0, 0.419073560119917, 0.5043964502988039, 0.44352875244803724, 0.504625204095134, 0.0, 0.0, 0.4530080786595742, 0.5322267176928344, 0.0, 0.0, 0.45244709458202126, 0.5616986012017284, 0.4230508721123139, 0.5590508295430078, 0.4395256521839959, 0.5561152034335666, 0.40018876269459724, 0.6049849333586517, 0.44231112202008566, 0.5872709361491378, 0.38293032969037694, 0.6486523789940057, 0.4489970528831085, 0.6357303866633662], "2": [0.0, 0.0, 0.0, 0.0, 0.0, 0.0, 0.0, 0.0, 0.0, 0.0, 0.0, 0.0, 0.0, 0.0, 0.0, 0.0, 0.0, 0.0, 0.0, 0.0, 0.0, 0.0, 0.0, 0.0, 0.0, 0.0, 0.0, 0.0, 0.4008087443808714, 0.6056535676673607, 0.0, 0.0, 0.38282485244174796, 0.6488706111356064]}