{"0": [0.0, 0.0, 0.0, 0.0, 0.0, 0.0, 0.3830713709195455, 0.5083266766534911, 0.39956194038192433, 0.5090605115448987, 0.36899025735134877, 0.5400170538160536, 0.41023999468112987, 0.5434311262987278, 0.36207278023163486, 0.594612388699143, 0.4182329119493564, 0.5813336743938702, 0.35429554805159574, 0.6390437175830205, 0.0, 0.0, 0.37699628742411734, 0.6452760544088151, 0.4010847243169943, 0.6413762236634891, 0.37054117036362494, 0.7165259435221001, 0.40252489776661, 0.7218630532147707, 0.36926114475354554, 0.7910137236118316, 0.40168309112389883, 0.7897416028711531], "1": [0.0, 0.0, 0.0, 0.0, 0.0, 0.0, 0.0, 0.0, 0.0, 0.0, 0.0, 0.0, 0.5451197472711404, 0.5239289163439362, 0.0, 0.0, 0.5193520285189152, 0.5500220935653757, 0.0, 0.0, 0.5009177058935166, 0.5877257257699966, 0.0, 0.0, 0.0, 0.0, 0.0, 0.0, 0.0, 0.0, 0.0, 0.0, 0.0, 0.0], "2": [0.0, 0.0, 0.0, 0.0, 0.0, 0.0, 0.0, 0.0, 0.0, 0.0, 0.0, 0.0, 0.5649435102939606, 0.5620002980585451, 0.0, 0.0, 0.0, 0.0, 0.0, 0.0, 0.0, 0.0, 0.5306555058807135, 0.6458546645111507, 0.5503978883226712, 0.6465305519324762, 0.532489129404227, 0.7016704888255508, 0.5585116006433963, 0.7032887072474868, 0.529438987125953, 0.7475232217046949, 0.5411503434181213, 0.7653118754978533], "3": [0.0, 0.0, 0.0, 0.0, 0.0, 0.0, 0.0, 0.0, 0.0, 0.0, 0.0, 0.0, 0.0, 0.0, 0.5185525841700535, 0.551398274688809, 0.0, 0.0, 0.5003537525733311, 0.5888324281131779, 0.0, 0.0, 0.0, 0.0, 0.0, 0.0, 0.0, 0.0, 0.0, 0.0, 0.0, 0.0, 0.0, 0.0]}