{"0": [0.32703853289907175, 0.4362525330649482, 0.32844094410538677, 0.43138508862919284, 0.32580587590734156, 0.42946672792787904, 0.0, 0.0, 0.3176045808941126, 0.42542126697522625, 0.3207301157216232, 0.4498076319694519, 0.30293361861258744, 0.45146377241169966, 0.3258113093674183, 0.49092310987136983, 0.2975770915858448, 0.49804296515606067, 0.33404300721983116, 0.5147204544395209, 0.3015724545655151, 0.537343857354588, 0.3191888024409612, 0.5310863270803734, 0.3092588343967994, 0.5342502432840842, 0.3167874214549859, 0.5864734713678007, 0.3165374338626862, 0.5866356763574814, 0.316526065270106, 0.6473047445217769, 0.31542279993494354, 0.6469882603044864], "1": [0.0, 0.0, 0.0, 0.0, 0.0, 0.0, 0.6354363473966562, 0.5204419096310934, 0.6511361775298913, 0.5198138212716138, 0.6231567940209062, 0.5581993883406674, 0.6630636384089788, 0.5567378492267042, 0.6158841963857412, 0.599007292147036, 0.6675620675086975, 0.6117031002486194, 0.0, 0.0, 0.0, 0.0, 0.6223572896793484, 0.6548783695808164, 0.647142976646622, 0.6621874378787147, 0.6131307868907849, 0.7219171535361696, 0.6423087565849225, 0.7308288681286352, 0.6123144196967284, 0.7841207438045078, 0.6376079246401787, 0.8000891477973373]}