{"0": [0.2918535031378269, 0.4173324326674143, 0.29244581113259, 0.413037817787241, 0.29008406655242047, 0.4118891701654151, 0.0, 0.0, 0.2823860046764215, 0.41000917509750084, 0.28078646448751293, 0.4353327890237173, 0.273918737967809, 0.4372187923502039, 0.2890901376493275, 0.4862844142648909, 0.2700237923612197, 0.4864872791148998, 0.29146121616164844, 0.5202334602673848, 0.2768813624452919, 0.5308305572760122, 0.2851598261700322, 0.5269784353397511, 0.2767299194509784, 0.5269646264888622, 0.29042153352250655, 0.5818504304797562, 0.27615122124552727, 0.5838460315156866, 0.28339337135354675, 0.6336322864724531, 0.2780836530029774, 0.6340403324475995], "1": [0.0, 0.0, 0.0, 0.0, 0.0, 0.0, 0.6707771722227335, 0.5140261349302752, 0.6866334999601046, 0.51519190158557, 0.6559775078358749, 0.5466980576515198, 0.7012679894765218, 0.5559447930918799, 0.6449715542296569, 0.5959032695602487, 0.7064696856153508, 0.6133441145773287, 0.6522129857058947, 0.6300608657024525, 0.0, 0.0, 0.6592808122436206, 0.6537740667661031, 0.6843665281931559, 0.6565207318023399, 0.6472264463702839, 0.7202564658942047, 0.6770583732131248, 0.7301527507879116, 0.6397979110479355, 0.7931481571109207, 0.6713069597880046, 0.8050938687942646], "2": [0.0, 0.0, 0.0, 0.0, 0.0, 0.0, 0.0, 0.0, 0.0, 0.0, 0.0, 0.0, 0.0, 0.0, 0.0, 0.0, 0.0, 0.0, 0.0, 0.0, 0.6923557665199042, 0.6120674577024248, 0.0, 0.0, 0.0, 0.0, 0.0, 0.0, 0.0, 0.0, 0.0, 0.0, 0.0, 0.0], "3": [0.0, 0.0, 0.0, 0.0, 0.0, 0.0, 0.0, 0.0, 0.0, 0.0, 0.0, 0.0, 0.0, 0.0, 0.0, 0.0, 0.0, 0.0, 0.0, 0.0, 0.0, 0.0, 0.0, 0.0, 0.0, 0.0, 0.0, 0.0, 0.0, 0.0, 0.6705827347934246, 0.805442859949889, 0.0, 0.0]}