{"0": [0.6349146503334244, 0.6004707135536054, 0.6354123654794724, 0.5940246284008026, 0.6328575264662504, 0.5923698005852875, 0.0, 0.0, 0.6210978418588639, 0.590324815555855, 0.6227487977904578, 0.621828532660449, 0.601824839770173, 0.6124133126603233, 0.6188690160478776, 0.6997521612655233, 0.5681484489391248, 0.6499906174562594, 0.6201944823066393, 0.7164852272581171, 0.5497807931154967, 0.7110807003798308, 0.6058538393117487, 0.7214048643355017, 0.5848050444076459, 0.7144235660356504, 0.6040967933679614, 0.7772756877833997, 0.0, 0.0, 0.5863137966021895, 0.8361596012556994, 0.585681792596976, 0.8389209182174118], "1": [0.0, 0.0, 0.0, 0.0, 0.0, 0.0, 0.0, 0.0, 0.0, 0.0, 0.4940014511657258, 0.5349342284379182, 0.46262377947568895, 0.5312533559622588, 0.0, 0.0, 0.0, 0.0, 0.0, 0.0, 0.4522213782494267, 0.611493417068764, 0.0, 0.0, 0.0, 0.0, 0.0, 0.0, 0.0, 0.0, 0.0, 0.0, 0.0, 0.0], "2": [0.0, 0.0, 0.0, 0.0, 0.0, 0.0, 0.0, 0.0, 0.0, 0.0, 0.0, 0.0, 0.49596381137768425, 0.5354044002515298, 0.0, 0.0, 0.49803539327501006, 0.5920529767319008, 0.0, 0.0, 0.5096470691884557, 0.6166409448341088, 0.46966287891070047, 0.6424063430892096, 0.4875212909032901, 0.6431083884504106, 0.4845394544303417, 0.6887604541248744, 0.49150597552458447, 0.686510995582298, 0.48400800650318465, 0.7442186993995199, 0.4842439413070679, 0.7443740934961371], "3": [0.0, 0.0, 0.0, 0.0, 0.0, 0.0, 0.0, 0.0, 0.0, 0.0, 0.0, 0.0, 0.0, 0.0, 0.4485531518856684, 0.5748716610449331, 0.0, 0.0, 0.4513806201517582, 0.6116139598466732, 0.0, 0.0, 0.0, 0.0, 0.0, 0.0, 0.0, 0.0, 0.0, 0.0, 0.0, 0.0, 0.0, 0.0], "4": [0.0, 0.0, 0.0, 0.0, 0.0, 0.0, 0.0, 0.0, 0.0, 0.0, 0.0, 0.0, 0.0, 0.0, 0.0, 0.0, 0.0, 0.0, 0.0, 0.0, 0.0, 0.0, 0.0, 0.0, 0.0, 0.0, 0.0, 0.0, 0.6103491323534399, 0.7883334259192148, 0.0, 0.0, 0.6242513813078403, 0.8635257149184191], "5": [0.0, 0.0, 0.0, 0.0, 0.0, 0.0, 0.0, 0.0, 0.0, 0.0, 0.0, 0.0, 0.0, 0.0, 0.0, 0.0, 0.0, 0.0, 0.0, 0.0, 0.0, 0.0, 0.0, 0.0, 0.0, 0.0, 0.0, 0.0, 0.0, 0.0, 0.6237859851991137, 0.861665697340612, 0.0, 0.0]}