{"0": [0.0, 0.0, 0.0, 0.0, 0.0, 0.0, 0.6452621849874656, 0.5143315958755987, 0.6581394068896772, 0.5169574057614362, 0.6327556448678175, 0.5331247528394063, 0.6672968827188014, 0.5414840515013093, 0.6191418579469125, 0.5463180561860402, 0.6848668054367105, 0.5957410358720355, 0.0, 0.0, 0.7067525881963471, 0.6141986994831651, 0.6388578634088238, 0.6412673640030402, 0.659448163708051, 0.6424002418915431, 0.6455189149826766, 0.7072936278664403, 0.670396026968956, 0.7093163196687345, 0.649406589816014, 0.7722808593953098, 0.6746138749023278, 0.7869052675035265], "1": [0.0, 0.0, 0.0, 0.0, 0.0, 0.0, 0.5023168990854174, 0.5123029938450566, 0.5159077974657218, 0.5114281009744714, 0.4911865675201019, 0.5424694474096653, 0.525334183126688, 0.5408519038447628, 0.4780481000741323, 0.5883336286853861, 0.538597857269148, 0.5828198420780676, 0.465456390629212, 0.6255296504056013, 0.5504324223846198, 0.617140194884053, 0.5028724540024996, 0.6333376970452567, 0.52292089931337, 0.6319208629705287, 0.4915616331001123, 0.6939939827830703, 0.5450609707583983, 0.6876207300910243, 0.0, 0.0, 0.5716016080230475, 0.7389503977916859]}