{"0": [0.0, 0.0, 0.0, 0.0, 0.0, 0.0, 0.32014809983472037, 0.5779715566723433, 0.3383542134116094, 0.5737295157931469, 0.31555017549544573, 0.6302222870014332, 0.3523302711391201, 0.6077965107229021, 0.312274381890893, 0.685539329631461, 0.0, 0.0, 0.314728724071756, 0.7304406103160647, 0.0, 0.0, 0.3293534939487775, 0.7351482815212673, 0.3567767908175786, 0.7233442155299363, 0.3047583551456531, 0.7736053965709827, 0.3560701608347395, 0.7506546662913428, 0.29351885966025293, 0.859183402856191, 0.37089760303497316, 0.8079435222678715], "1": [0.0, 0.0, 0.0, 0.0, 0.0, 0.0, 0.45567064185937245, 0.5226213744669049, 0.4712792863448461, 0.52190302969129, 0.4477863109204918, 0.5641911486784618, 0.48387326498826344, 0.5620978465786688, 0.43686750568449495, 0.6196998026635913, 0.48822948746383193, 0.6138587452747204, 0.4229257320985198, 0.6693148190224613, 0.0, 0.0, 0.4583336705962818, 0.6542700428653646, 0.47965939020117127, 0.6497538916490696, 0.0, 0.0, 0.48841570851703486, 0.6822858697838253, 0.0, 0.0, 0.50375207811594, 0.7310346595667027], "2": [0.0, 0.0, 0.0, 0.0, 0.0, 0.0, 0.0, 0.0, 0.0, 0.0, 0.0, 0.0, 0.0, 0.0, 0.0, 0.0, 0.0, 0.0, 0.0, 0.0, 0.37102562511960663, 0.8068145604045303, 0.0, 0.0, 0.0, 0.0, 0.0, 0.0, 0.0, 0.0, 0.0, 0.0, 0.0, 0.0], "3": [0.0, 0.0, 0.0, 0.0, 0.0, 0.0, 0.0, 0.0, 0.0, 0.0, 0.0, 0.0, 0.0, 0.0, 0.0, 0.0, 0.0, 0.0, 0.0, 0.0, 0.0, 0.0, 0.0, 0.0, 0.0, 0.0, 0.0, 0.0, 0.0, 0.0, 0.40888046361505986, 0.7487524580072473, 0.0, 0.0], "4": [0.0, 0.0, 0.0, 0.0, 0.0, 0.0, 0.0, 0.0, 0.0, 0.0, 0.0, 0.0, 0.0, 0.0, 0.0, 0.0, 0.0, 0.0, 0.0, 0.0, 0.0, 0.0, 0.0, 0.0, 0.0, 0.0, 0.0, 0.0, 0.0, 0.0, 0.0, 0.0, 0.29403638327494264, 0.8585823204782275]}