{"0": [0.0, 0.0, 0.0, 0.0, 0.0, 0.0, 0.4284166884919008, 0.6439026163683997, 0.45124911088496444, 0.6471515688631271, 0.41393634571528626, 0.6968430836331626, 0.455085123082002, 0.6938001756314878, 0.4036151801546415, 0.7521207399942257, 0.4620482246081034, 0.7709375946610062, 0.4003154914826155, 0.7739968722755158, 0.0, 0.0, 0.41868572377134117, 0.8100976693409461, 0.44511725318928563, 0.809807527617172, 0.4176021531224251, 0.9120191565266362, 0.0, 0.0, 0.0, 0.0, 0.45763200918833413, 0.9828799075550503], "1": [0.0, 0.0, 0.0, 0.0, 0.0, 0.0, 0.725934199243784, 0.4505670799149407, 0.7420892484486102, 0.4546931404758383, 0.7164076440036297, 0.4818309525648753, 0.7462148390710354, 0.4860080553425683, 0.7083863995969295, 0.5108840081426832, 0.0, 0.0, 0.6984373719741901, 0.5446011314099586, 0.7483669021477302, 0.5742320904025325, 0.7139932010322809, 0.5611252497743677, 0.737932126969099, 0.5671141208873854, 0.0, 0.0, 0.0, 0.0, 0.0, 0.0, 0.0, 0.0], "2": [0.0, 0.0, 0.0, 0.0, 0.0, 0.0, 0.0, 0.0, 0.0, 0.0, 0.7467994915942351, 0.4860686677473563, 0.7170529954135418, 0.48404464180822726, 0.0, 0.0, 0.7079700872302055, 0.5089621674131464, 0.7482990979527434, 0.5739449599964751, 0.6992890415092309, 0.5440473219034848, 0.7374791284402211, 0.5711787652086329, 0.7150950986581545, 0.5690068470107185, 0.7289331329365571, 0.6318098024085715, 0.715912344182531, 0.6310310668415493, 0.7204823017120361, 0.6796472355171487, 0.7152498401080568, 0.6867013160829191], "3": [0.0, 0.0, 0.0, 0.0, 0.0, 0.0, 0.0, 0.0, 0.0, 0.0, 0.0, 0.0, 0.0, 0.0, 0.0, 0.0, 0.0, 0.0, 0.0, 0.0, 0.0, 0.0, 0.0, 0.0, 0.0, 0.0, 0.44473463104416927, 0.8973244649392588, 0.4187236431753263, 0.9002057800414386, 0.4577946927398443, 0.9807108788578599, 0.0, 0.0]}