{"0": [0.0, 0.0, 0.0, 0.0, 0.0, 0.0, 0.4390014290809631, 0.567304925289419, 0.4622521800299485, 0.5584247973782045, 0.4322932543853918, 0.6007505001845184, 0.4751879683385293, 0.5942643483479818, 0.4213614671180646, 0.6328200732116346, 0.4956643516818683, 0.6552237156916547, 0.0, 0.0, 0.499497478082776, 0.7032195278891812, 0.4461882914106051, 0.7144730457829104, 0.47111143246293063, 0.7132567963114491, 0.44287215765608506, 0.8007363846199365, 0.4658623886605104, 0.8106742749335589, 0.0, 0.0, 0.0, 0.0], "1": [0.0, 0.0, 0.0, 0.0, 0.0, 0.0, 0.43022277653217317, 0.5134441441959805, 0.4440805175962547, 0.5119423649929188, 0.4231899561360478, 0.5437692722788563, 0.0, 0.0, 0.0, 0.0, 0.0, 0.0, 0.0, 0.0, 0.0, 0.0, 0.0, 0.0, 0.0, 0.0, 0.0, 0.0, 0.0, 0.0, 0.0, 0.0, 0.0, 0.0], "2": [0.0, 0.0, 0.0, 0.0, 0.0, 0.0, 0.0, 0.0, 0.0, 0.0, 0.0, 0.0, 0.0, 0.0, 0.0, 0.0, 0.0, 0.0, 0.0, 0.0, 0.0, 0.0, 0.0, 0.0, 0.0, 0.0, 0.0, 0.0, 0.47786949450771016, 0.7704585048887466, 0.0, 0.0, 0.0, 0.0]}