{"0": [0.6726597789985438, 0.3776035922544974, 0.6719847170636057, 0.37311735605752033, 0.0, 0.0, 0.6754396187762419, 0.3706391603858383, 0.0, 0.0, 0.6859257895809908, 0.38789784919332576, 0.6907424071182807, 0.38358451238384955, 0.691194695358475, 0.41843773234221676, 0.6878758976650533, 0.42418858272316673, 0.6777196211740375, 0.45822930821666014, 0.6755179947863023, 0.4588088406456841, 0.688079268236955, 0.45904582650573167, 0.6932035376628239, 0.4560231656388, 0.6860013524691264, 0.5073050585126987, 0.6853318326485653, 0.5067071191138691, 0.6905096174528201, 0.5578053515266489, 0.6803646087646484, 0.5566012978553772], "1": [0.6393027837077777, 0.37025370951052067, 0.0, 0.0, 0.6397597464267164, 0.36498433031417704, 0.6293476035197576, 0.3588150624875669, 0.6377652782946825, 0.3625042970533724, 0.6192408209045728, 0.3725293968562727, 0.6324675640712182, 0.382376549034207, 0.6053766005362073, 0.4036152900438066, 0.6283475431303182, 0.4197435681466703, 0.6137036218618354, 0.4013288193278842, 0.6344935345773896, 0.4545211415599894, 0.6118008223672707, 0.4402006037257336, 0.6217740895847478, 0.44431432441428853, 0.6147616029251367, 0.48875078404391253, 0.6242050610482692, 0.49315894671060423, 0.6135134531805913, 0.5321597072813246, 0.6155359890932838, 0.5340529711158187], "2": [0.0, 0.0, 0.0, 0.0, 0.0, 0.0, 0.9612155492107075, 0.965617917643653, 0.9709343557556469, 0.9648028466436598, 0.9572980577747027, 0.9855236799628646, 0.9775737103207898, 0.9845187426608336, 0.0, 0.0, 0.0, 0.0, 0.0, 0.0, 0.0, 0.0, 0.0, 0.0, 0.0, 0.0, 0.0, 0.0, 0.0, 0.0, 0.0, 0.0, 0.0, 0.0], "3": [0.0, 0.0, 0.0, 0.0, 0.0, 0.0, 0.0, 0.0, 0.0, 0.0, 0.984242723385493, 0.9860843082269033, 0.0, 0.0, 0.0, 0.0, 0.0, 0.0, 0.0, 0.0, 0.0, 0.0, 0.0, 0.0, 0.0, 0.0, 0.0, 0.0, 0.0, 0.0, 0.0, 0.0, 0.0, 0.0], "4": [0.0, 0.0, 0.0, 0.0, 0.0, 0.0, 0.0, 0.0, 0.0, 0.0, 0.0, 0.0, 0.0, 0.0, 0.0, 0.0, 0.0, 0.0, 0.6826977404455344, 0.4165345721774631, 0.0, 0.0, 0.0, 0.0, 0.0, 0.0, 0.0, 0.0, 0.0, 0.0, 0.0, 0.0, 0.0, 0.0]}