{"0": [0.425603220363458, 0.4038305580891945, 0.4279098109031717, 0.3979986931438799, 0.42250054478645327, 0.39916312186806296, 0.43348072171211244, 0.3981949457415828, 0.41999058226744335, 0.4019990723442148, 0.44670160536964737, 0.4253908821830043, 0.41659043952822683, 0.4304696531207473, 0.4582846350967884, 0.4557090519065107, 0.4110955702140927, 0.4651101529598236, 0.4580249361693859, 0.47607069103806104, 0.4152070996041099, 0.49489801239084313, 0.44663738099237277, 0.49710291072174356, 0.4272028436341012, 0.4999493625601409, 0.4479155100627395, 0.5505937237430502, 0.4311342423859363, 0.5543272446703028, 0.4516430316803356, 0.6202649548097893, 0.43836378181974095, 0.5972691810793347], "1": [0.48578208945691587, 0.44609362107736095, 0.4881986471513907, 0.4409218814086031, 0.4837055082122485, 0.44160931154533667, 0.492482161273559, 0.440639497174157, 0.4789614112426837, 0.44161255447952835, 0.49811610537581147, 0.4667210980697915, 0.4721746138607462, 0.4675023630813316, 0.5049309022724628, 0.5143354654312133, 0.466483319674929, 0.5049442366317466, 0.5021157869913926, 0.5159162406568174, 0.0, 0.0, 0.49269668720662596, 0.5461867054303488, 0.4770663812640123, 0.5530355471151847, 0.48959944588229215, 0.6187716804720738, 0.48212658111006024, 0.6179969463635374, 0.4848157921185096, 0.6668023932863165, 0.4808465950191021, 0.6733647527518096]}