{"0": [0.0, 0.0, 0.0, 0.0, 0.0, 0.0, 0.6782838673641284, 0.5214954750957312, 0.693559595492358, 0.5217218437680492, 0.6658732318629821, 0.55054692460431, 0.7017299047360818, 0.5543349012180611, 0.656336371973157, 0.5930646587301184, 0.7185819063956539, 0.6106368372285808, 0.6682775817811489, 0.5971343101726638, 0.7378278709948063, 0.6211375722178707, 0.6697443870827555, 0.6620638939517516, 0.6901647499452035, 0.6634190926673236, 0.6996561995397013, 0.7383365754727964, 0.7031299817065398, 0.7380324774318271, 0.6988658276697, 0.8212895865793581, 0.7009871953931519, 0.8164185403533497], "1": [0.0, 0.0, 0.0, 0.0, 0.0, 0.0, 0.5130700379610061, 0.512859962163148, 0.5261997771759828, 0.5110855427053239, 0.5042177292207877, 0.5422162877188789, 0.5348115744069218, 0.5362041603635859, 0.49829730242490766, 0.5806239721951661, 0.5391315687758227, 0.5785490576867705, 0.4921276542047659, 0.5970272020609292, 0.0, 0.0, 0.5107893993146717, 0.6211596067304963, 0.5319442379598817, 0.625651731562835, 0.4937908602606816, 0.6469467876134095, 0.5322583636268974, 0.6651744191293364, 0.4958502451578776, 0.7123346505341707, 0.5523710414456825, 0.7098846693833669]}