{"0": [0.4444620827833811, 0.3946783077937585, 0.44709396560986836, 0.39024587670962013, 0.4419404062132041, 0.38946149939740143, 0.45042315994699794, 0.3913543533395838, 0.4383303294579188, 0.38946953388275923, 0.45557338173190753, 0.41620904295532796, 0.4312351134838536, 0.41472384708899046, 0.46367669422179464, 0.4367789617291203, 0.42492440069715176, 0.4476632685573012, 0.4574187601606052, 0.433732249725748, 0.4186391863351067, 0.4768844877680143, 0.45078405116995174, 0.48553229051607627, 0.43576294220983985, 0.4848745142144186, 0.44884180619070924, 0.5432627905298162, 0.4377367615699768, 0.5428192102246814, 0.4433860399139425, 0.5812031022100537, 0.43778169006109235, 0.5838548009042387], "1": [0.489368992485106, 0.3776163277802644, 0.4919489825765292, 0.37367929137415357, 0.4870073713362217, 0.37394387763407494, 0.49552462759117283, 0.37688488297992284, 0.48373764082789417, 0.3769582298066881, 0.5027466989432772, 0.4025087416172028, 0.4771429500503776, 0.40126905971103244, 0.5067622472532094, 0.4337133695957837, 0.47008363579710327, 0.43288055498290945, 0.0, 0.0, 0.47780746277421715, 0.42031014859676363, 0.49592734277248385, 0.4703219106455368, 0.4795041794578234, 0.46818735952730534, 0.4958485330144564, 0.5249990233668574, 0.47834783295790356, 0.5263231458487334, 0.4919855193545421, 0.5781195433051497, 0.47754961469521123, 0.5775481016547591], "2": [0.0, 0.0, 0.0, 0.0, 0.0, 0.0, 0.0, 0.0, 0.0, 0.0, 0.9652677639697989, 0.97450289224033, 0.0, 0.0, 0.0, 0.0, 0.0, 0.0, 0.9646009775829346, 0.9739398006211828, 0.0, 0.0, 0.0, 0.0, 0.0, 0.0, 0.0, 0.0, 0.0, 0.0, 0.0, 0.0, 0.0, 0.0], "3": [0.0, 0.0, 0.0, 0.0, 0.0, 0.0, 0.0, 0.0, 0.0, 0.0, 0.0, 0.0, 0.0, 0.0, 0.0, 0.0, 0.0, 0.0, 0.45912489195664724, 0.4781197419597043, 0.0, 0.0, 0.0, 0.0, 0.0, 0.0, 0.0, 0.0, 0.0, 0.0, 0.0, 0.0, 0.0, 0.0]}