{"0": [0.0, 0.0, 0.0, 0.0, 0.0, 0.0, 0.7183629925673206, 0.6216965651070631, 0.7383181820313136, 0.6223304064185531, 0.7003287645677726, 0.664832161753266, 0.751949354649211, 0.6692511284792865, 0.6857044261569778, 0.7158097801385103, 0.7687789118596507, 0.722338310615332, 0.6729880988597869, 0.7622846674036097, 0.7790204431861639, 0.7702122224701776, 0.7010042085001866, 0.7886941197017828, 0.7325963033984105, 0.7968516501563566, 0.7111672588934501, 0.8613775646245039, 0.7433399723842739, 0.877917822284831, 0.0, 0.0, 0.7327557670573394, 0.961901334700761], "1": [0.0, 0.0, 0.0, 0.0, 0.0, 0.0, 0.0, 0.0, 0.0, 0.0, 0.48467188626527785, 0.557019650053095, 0.0, 0.0, 0.4776083870480458, 0.5819171155216517, 0.0, 0.0, 0.0, 0.0, 0.0, 0.0, 0.48802630715072154, 0.6266660252103099, 0.5147064790517712, 0.6245603714828137, 0.4824413888156414, 0.6830411303926397, 0.5241799514740705, 0.6809964639169198, 0.48514412182072797, 0.7416152223392769, 0.5471359168489774, 0.7375663235231682], "2": [0.0, 0.0, 0.0, 0.0, 0.0, 0.0, 0.0, 0.0, 0.0, 0.0, 0.0, 0.0, 0.0, 0.0, 0.0, 0.0, 0.5232767214377722, 0.5880772858306214, 0.0, 0.0, 0.0, 0.0, 0.0, 0.0, 0.0, 0.0, 0.0, 0.0, 0.0, 0.0, 0.0, 0.0, 0.0, 0.0], "3": [0.0, 0.0, 0.0, 0.0, 0.0, 0.0, 0.0, 0.0, 0.0, 0.0, 0.0, 0.0, 0.0, 0.0, 0.0, 0.0, 0.0, 0.0, 0.0, 0.0, 0.0, 0.0, 0.5130339653541645, 0.6251114617895197, 0.0, 0.0, 0.0, 0.0, 0.0, 0.0, 0.5465023413300514, 0.7387850712846827, 0.0, 0.0], "4": [0.0, 0.0, 0.0, 0.0, 0.0, 0.0, 0.0, 0.0, 0.0, 0.0, 0.0, 0.0, 0.0, 0.0, 0.0, 0.0, 0.0, 0.0, 0.0, 0.0, 0.0, 0.0, 0.0, 0.0, 0.0, 0.0, 0.0, 0.0, 0.0, 0.0, 0.7308915888269742, 0.9654710117313597, 0.0, 0.0]}