{"0": [0.0, 0.0, 0.0, 0.0, 0.0, 0.0, 0.5894571607311566, 0.5047452721330855, 0.6050387367606163, 0.5055779142512216, 0.5768739579090227, 0.5363081753253938, 0.6107515889840821, 0.5452797590030565, 0.5632307725648086, 0.5739936745691079, 0.6169558667888244, 0.573401719055794, 0.5601086386789879, 0.6077997130376321, 0.0, 0.0, 0.5773704452440143, 0.6285396132204267, 0.6016067159362137, 0.6345075464910931, 0.5519641418242827, 0.6469055942915105, 0.6246189986666043, 0.6549574725605823, 0.5548636915783087, 0.719405393688767, 0.6258306914319595, 0.6931496638390753], "1": [0.0, 0.0, 0.0, 0.0, 0.0, 0.0, 0.0, 0.0, 0.0, 0.0, 0.6558683460578323, 0.5000399907499, 0.0, 0.0, 0.6597074443474412, 0.5331092377503713, 0.0, 0.0, 0.6652983602136373, 0.5611706835252267, 0.0, 0.0, 0.0, 0.0, 0.0, 0.0, 0.0, 0.0, 0.0, 0.0, 0.0, 0.0, 0.0, 0.0], "2": [0.0, 0.0, 0.0, 0.0, 0.0, 0.0, 0.0, 0.0, 0.0, 0.0, 0.0, 0.0, 0.6348129098614057, 0.5109563831929808, 0.0, 0.0, 0.6597289879495899, 0.5378242466184828, 0.0, 0.0, 0.6655232466136416, 0.5620137426588271, 0.0, 0.0, 0.6395752689864215, 0.5573662835138815, 0.0, 0.0, 0.0, 0.0, 0.0, 0.0, 0.6518131016443173, 0.6057569457425012], "3": [0.0, 0.0, 0.0, 0.0, 0.0, 0.0, 0.0, 0.0, 0.0, 0.0, 0.0, 0.0, 0.0, 0.0, 0.0, 0.0, 0.0, 0.0, 0.0, 0.0, 0.0, 0.0, 0.6387785352145632, 0.5562838455041249, 0.0, 0.0, 0.0, 0.0, 0.0, 0.0, 0.0, 0.0, 0.0, 0.0], "4": [0.0, 0.0, 0.0, 0.0, 0.0, 0.0, 0.0, 0.0, 0.0, 0.0, 0.0, 0.0, 0.0, 0.0, 0.0, 0.0, 0.0, 0.0, 0.0, 0.0, 0.0, 0.0, 0.0, 0.0, 0.0, 0.0, 0.6511675897985697, 0.5525089443281844, 0.6505815959225099, 0.5523230443398158, 0.6510827382405598, 0.6043465033173561, 0.0, 0.0]}