{"0": [0.19154854342341424, 0.7800284404445578, 0.18915669545531272, 0.7705278211169773, 0.0, 0.0, 0.2007626826564471, 0.7649382969847431, 0.0, 0.0, 0.2276126413916548, 0.7701935419329891, 0.20560734545191128, 0.810490667378461, 0.2876798554013173, 0.8019457936286927, 0.22243702681735159, 0.8756524401682394, 0.0, 0.0, 0.0, 0.0, 0.2714478245625893, 0.8277052252380938, 0.259276636565725, 0.8292322379571421, 0.0, 0.0, 0.0, 0.0, 0.0, 0.0, 0.0, 0.0], "1": [0.0, 0.0, 0.0, 0.0, 0.0, 0.0, 0.0, 0.0, 0.0, 0.0, 0.47418622573216757, 0.5231865254817185, 0.5064886745375892, 0.5137009778508435, 0.46742011258999505, 0.5672090790889881, 0.521125857035319, 0.5465495456148077, 0.45837832080821195, 0.5975886507166757, 0.5176192895819743, 0.5750627344405209, 0.48370223070184387, 0.6173929728843549, 0.5070844031870366, 0.6121815725609109, 0.47230875430007774, 0.677553111852871, 0.5122126512229442, 0.663040544975687, 0.47792442558954157, 0.7452862119233168, 0.512730086333514, 0.728559509121955], "2": [0.0, 0.0, 0.0, 0.0, 0.0, 0.0, 0.0, 0.0, 0.0, 0.0, 0.0, 0.0, 0.0, 0.0, 0.0, 0.0, 0.0, 0.0, 0.0, 0.0, 0.21153687462210652, 0.8773037812776036, 0.0, 0.0, 0.0, 0.0, 0.0, 0.0, 0.0, 0.0, 0.0, 0.0, 0.0, 0.0], "3": [0.0, 0.0, 0.0, 0.0, 0.0, 0.0, 0.0, 0.0, 0.0, 0.0, 0.0, 0.0, 0.0, 0.0, 0.0, 0.0, 0.0, 0.0, 0.0, 0.0, 0.0, 0.0, 0.0, 0.0, 0.0, 0.0, 0.24815218968627353, 0.8822065973723376, 0.2247930146753788, 0.8774508804634766, 0.2739767542729775, 0.9631429466936323, 0.2223814345896244, 0.9287781634816417], "4": [0.0, 0.0, 0.0, 0.0, 0.0, 0.0, 0.0, 0.0, 0.0, 0.0, 0.0, 0.0, 0.0, 0.0, 0.0, 0.0, 0.0, 0.0, 0.0, 0.0, 0.0, 0.0, 0.0, 0.0, 0.0, 0.0, 0.0, 0.0, 0.0, 0.0, 0.0, 0.0, 0.2735900145024061, 0.9628699351240088]}