{"0": [0.0, 0.0, 0.0, 0.0, 0.0, 0.0, 0.4133914125462373, 0.39282373631442036, 0.42508410240213074, 0.3914797127246857, 0.40565501935780046, 0.42191486711855286, 0.43338327705860136, 0.4183146594023263, 0.40253262864425776, 0.46179856370996547, 0.4419962473213673, 0.45385536430058654, 0.0, 0.0, 0.44803947931310784, 0.47591031635249104, 0.4144768700003624, 0.4920768606993887, 0.43098886326576274, 0.4880103705105958, 0.417829964744548, 0.5343452243893235, 0.4387568999702732, 0.5396014970761758, 0.4199719041585922, 0.5836700989140404, 0.43733636712034546, 0.601292367776235], "1": [0.0, 0.0, 0.0, 0.0, 0.0, 0.0, 0.0, 0.0, 0.0, 0.0, 0.3590553217877944, 0.5149115342646837, 0.33742531898121036, 0.5300038845726738, 0.0, 0.0, 0.3355935601051897, 0.5638291184548978, 0.0, 0.0, 0.33125088391595153, 0.5853711931793778, 0.36390095551808677, 0.5479689342004281, 0.0, 0.0, 0.3735511778543393, 0.5899609800842073, 0.0, 0.0, 0.39503696461518606, 0.6395857170776085, 0.0, 0.0], "2": [0.0, 0.0, 0.0, 0.0, 0.0, 0.0, 0.0, 0.0, 0.0, 0.0, 0.3387747674559554, 0.5261255003787854, 0.0, 0.0, 0.0, 0.0, 0.0, 0.0, 0.0, 0.0, 0.0, 0.0, 0.0, 0.0, 0.0, 0.0, 0.0, 0.0, 0.0, 0.0, 0.0, 0.0, 0.0, 0.0], "3": [0.0, 0.0, 0.0, 0.0, 0.0, 0.0, 0.0, 0.0, 0.0, 0.0, 0.0, 0.0, 0.0, 0.0, 0.0, 0.0, 0.0, 0.0, 0.0, 0.0, 0.0, 0.0, 0.0, 0.0, 0.36177406658728917, 0.5446089943939889, 0.0, 0.0, 0.37509750785926976, 0.5917918028654876, 0.0, 0.0, 0.39491329789161683, 0.6397525915393123]}