{"0": [0.356968835927546, 0.5489467106483601, 0.35913389722506206, 0.5444746612467698, 0.0, 0.0, 0.36726651142040895, 0.5492953022321065, 0.0, 0.0, 0.3830721862614154, 0.5787152806917827, 0.37077178520460924, 0.5837262831352376, 0.39695174035926656, 0.6251173617111312, 0.36852362640202047, 0.6289736738911382, 0.40177149381488564, 0.6767350465059281, 0.34919052620728813, 0.6526308691060102, 0.39039093529184665, 0.6853837946222887, 0.38504535891115665, 0.6844170867844864, 0.3755452613035838, 0.7709135093070842, 0.0, 0.0, 0.37940293898185096, 0.8310927154841246, 0.0, 0.0], "1": [0.0, 0.0, 0.0, 0.0, 0.0, 0.0, 0.6404457946618398, 0.47211029132207233, 0.6494057984401782, 0.47142668410583777, 0.6248036193350951, 0.5074134455950655, 0.6589732491721709, 0.4953365875615014, 0.0, 0.0, 0.0, 0.0, 0.0, 0.0, 0.0, 0.0, 0.6229580040788278, 0.6030668947431777, 0.647175848359863, 0.6030089104617083, 0.6358252565376461, 0.6766220578440915, 0.6441064210298162, 0.6768005932922716, 0.639936750382185, 0.7279035813278623, 0.6403239097446203, 0.7278214460169827], "2": [0.0, 0.0, 0.0, 0.0, 0.0, 0.0, 0.0, 0.0, 0.0, 0.0, 0.0, 0.0, 0.0, 0.0, 0.0, 0.0, 0.0, 0.0, 0.34870438935856024, 0.6525566630893284, 0.0, 0.0, 0.0, 0.0, 0.0, 0.0, 0.0, 0.0, 0.0, 0.0, 0.0, 0.0, 0.0, 0.0], "3": [0.0, 0.0, 0.0, 0.0, 0.0, 0.0, 0.0, 0.0, 0.0, 0.0, 0.0, 0.0, 0.0, 0.0, 0.0, 0.0, 0.0, 0.0, 0.0, 0.0, 0.0, 0.0, 0.0, 0.0, 0.0, 0.0, 0.0, 0.0, 0.3753216636677583, 0.7702035387357076, 0.0, 0.0, 0.0, 0.0]}