{"0": [0.6421265929937363, 0.4758824615566819, 0.0, 0.0, 0.6413364134728908, 0.47049156223182326, 0.643574614264071, 0.47325162225299416, 0.6350838467478752, 0.4722426774325194, 0.6545394683877626, 0.5033237508049717, 0.6257416075716417, 0.5036713743651354, 0.0, 0.0, 0.0, 0.0, 0.0, 0.0, 0.0, 0.0, 0.0, 0.0, 0.0, 0.0, 0.0, 0.0, 0.0, 0.0, 0.0, 0.0, 0.0, 0.0], "1": [0.0, 0.0, 0.6433652432635426, 0.47132730042492904, 0.0, 0.0, 0.0, 0.0, 0.0, 0.0, 0.0, 0.0, 0.0, 0.0, 0.0, 0.0, 0.0, 0.0, 0.0, 0.0, 0.0, 0.0, 0.0, 0.0, 0.0, 0.0, 0.0, 0.0, 0.0, 0.0, 0.0, 0.0, 0.0, 0.0], "2": [0.0, 0.0, 0.0, 0.0, 0.0, 0.0, 0.3348432397469878, 0.4050926328809173, 0.3489833486576875, 0.4079455278537892, 0.32437385991215706, 0.42849863679320727, 0.3557705782353878, 0.42878854760417234, 0.31296887546777724, 0.4622749631603558, 0.36125023749967416, 0.46096385607013, 0.31065252066279453, 0.5052804580441228, 0.0, 0.0, 0.33021171738704047, 0.5088099415655489, 0.35077731510003407, 0.5086095297778094, 0.33039086864640316, 0.5555919722274497, 0.3510984867811203, 0.5705589936839209, 0.3322159379720688, 0.5959387713008457, 0.34975234543283773, 0.6268372115161683], "3": [0.0, 0.0, 0.0, 0.0, 0.0, 0.0, 0.0, 0.0, 0.0, 0.0, 0.6230826901116718, 0.5041111537703762, 0.6538941877583663, 0.5056215778545097, 0.6091194175183773, 0.5465422502270452, 0.6639046657209595, 0.5519100395203741, 0.6171528402715921, 0.6032520752538133, 0.6654658991843462, 0.5881147747790372, 0.6236321866512299, 0.6019761370288002, 0.6439997903537005, 0.6032018899365708, 0.625608857969443, 0.6697573020502373, 0.6388530174270273, 0.6712787601682876, 0.6180253748471538, 0.7211151658384888, 0.6326223718623321, 0.7177751786179013], "4": [0.0, 0.0, 0.0, 0.0, 0.0, 0.0, 0.0, 0.0, 0.0, 0.0, 0.0, 0.0, 0.0, 0.0, 0.0, 0.0, 0.0, 0.0, 0.0, 0.0, 0.0, 0.0, 0.0, 0.0, 0.0, 0.0, 0.0, 0.0, 0.0, 0.0, 0.3507540310422579, 0.6261968265804978, 0.0, 0.0], "5": [0.0, 0.0, 0.0, 0.0, 0.0, 0.0, 0.0, 0.0, 0.0, 0.0, 0.0, 0.0, 0.0, 0.0, 0.0, 0.0, 0.0, 0.0, 0.0, 0.0, 0.0, 0.0, 0.0, 0.0, 0.0, 0.0, 0.0, 0.0, 0.0, 0.0, 0.0, 0.0, 0.3315537457664808, 0.5988657364138852]}