{"0": [0.0, 0.0, 0.0, 0.0, 0.0, 0.0, 0.505324515203635, 0.4061645503397341, 0.517801903001964, 0.4087605430020226, 0.49364940675441177, 0.4303765334464886, 0.5220396252349019, 0.44219834981141265, 0.4826102438072363, 0.46537738729406286, 0.5232077648552755, 0.48177415838948, 0.47619510497897866, 0.5047858692981578, 0.5193951020017267, 0.5047089137412883, 0.49592569892605154, 0.5138618227508333, 0.5116246944914261, 0.5140131517140953, 0.496644090116024, 0.5557555075044985, 0.5103803541394882, 0.5766565269894071, 0.4882039117316405, 0.6020519085504391, 0.5053159659728408, 0.6283233711013088], "1": [0.0, 0.0, 0.0, 0.0, 0.0, 0.0, 0.0, 0.0, 0.0, 0.0, 0.35924303556481996, 0.5226468228907497, 0.3869122788310051, 0.5301557439344902, 0.0, 0.0, 0.39922135646144546, 0.5700481545042109, 0.0, 0.0, 0.4165106830497583, 0.5915962912418224, 0.37145575955510135, 0.6250857221307577, 0.3874042958021164, 0.6252185309926669, 0.3860207554573814, 0.6952233018698516, 0.3880344862739245, 0.6947037420890949, 0.37776895066102345, 0.7632845732900831, 0.37720490857803574, 0.7657295475403468], "2": [0.0, 0.0, 0.0, 0.0, 0.0, 0.0, 0.0, 0.0, 0.0, 0.0, 0.0, 0.0, 0.0, 0.0, 0.0, 0.0, 0.0, 0.0, 0.0, 0.0, 0.0, 0.0, 0.0, 0.0, 0.0, 0.0, 0.0, 0.0, 0.0, 0.0, 0.3956353892882665, 0.7283223028536197, 0.0, 0.0], "3": [0.0, 0.0, 0.0, 0.0, 0.0, 0.0, 0.0, 0.0, 0.0, 0.0, 0.0, 0.0, 0.0, 0.0, 0.0, 0.0, 0.0, 0.0, 0.0, 0.0, 0.0, 0.0, 0.0, 0.0, 0.0, 0.0, 0.0, 0.0, 0.0, 0.0, 0.0, 0.0, 0.396469709277153, 0.7284965027261663]}