{"0": [0.0, 0.0, 0.7389993261545896, 0.6173294774912021, 0.7331195544451475, 0.6170327598298038, 0.0, 0.0, 0.0, 0.0, 0.0, 0.0, 0.0, 0.0, 0.0, 0.0, 0.0, 0.0, 0.0, 0.0, 0.0, 0.0, 0.0, 0.0, 0.0, 0.0, 0.0, 0.0, 0.0, 0.0, 0.0, 0.0, 0.0, 0.0], "1": [0.0, 0.0, 0.0, 0.0, 0.0, 0.0, 0.384070631240805, 0.5039094929341916, 0.39772470998577775, 0.5080523424678378, 0.36601178372899695, 0.53063999304065, 0.4058672826737165, 0.5446127228852775, 0.35339456213017306, 0.5825551920466954, 0.4138684422398607, 0.5928941289583841, 0.36939657889306543, 0.5914647749176731, 0.0, 0.0, 0.3723263234520952, 0.6419142680035697, 0.3970178246498108, 0.6439479843333915, 0.36944350935518744, 0.7059582899014155, 0.39698429610580205, 0.7121285027927824, 0.36921321709329885, 0.7785874516875656, 0.39921619122227037, 0.7773880260962027], "2": [0.0, 0.0, 0.0, 0.0, 0.0, 0.0, 0.0, 0.0, 0.7330695601801077, 0.6115078993969494, 0.7419147645433743, 0.6212731482806029, 0.7194085630277792, 0.6194588076185297, 0.0, 0.0, 0.7175267313917478, 0.6614797874733254, 0.0, 0.0, 0.7419940893848735, 0.6563474112086825, 0.7436273995321244, 0.7070999645248607, 0.7275364348975321, 0.7214700839585728, 0.7286763665576775, 0.7698021789391836, 0.7288436805208522, 0.7723131230583897, 0.7198840375989676, 0.8360833123878195, 0.7197107354799906, 0.8351380964120229]}