{"0": [0.6655488448838393, 0.5432729386621051, 0.0, 0.0, 0.6645618758319567, 0.5364106613728735, 0.0, 0.0, 0.6562158385912578, 0.5350380429515132, 0.6518084222761293, 0.5692886142819016, 0.6403690795103709, 0.5641870721622749, 0.6489143796265125, 0.6261396850976679, 0.6337049751232068, 0.6052590136174802, 0.6530273320774237, 0.6501550533153393, 0.6527954795087377, 0.6509848201716387, 0.641475523263216, 0.6764326263357092, 0.6276060963670412, 0.6714615263320781, 0.6445769735301534, 0.7527141651621572, 0.6145391353600037, 0.730431283182568, 0.6571531110753616, 0.8438544065863998, 0.6046586447705825, 0.7713062531418271], "1": [0.0, 0.0, 0.0, 0.0, 0.0, 0.0, 0.5464773334562778, 0.5158622628008878, 0.5653391557435195, 0.5209008038043976, 0.5320655561362704, 0.5567572134512442, 0.5711639235417049, 0.5664568880503927, 0.5202948953956366, 0.6103309157269973, 0.5726874779599408, 0.6385613988946985, 0.5176886821786563, 0.645087562666999, 0.577910479468604, 0.6764677425225576, 0.5304525495817264, 0.6556030502542853, 0.555802656399707, 0.6639749695857365, 0.5262518973400195, 0.7120036992761823, 0.5564118093190094, 0.7367938382758035, 0.520656256005168, 0.7502447973798823, 0.5523257672010611, 0.8004071867024456], "2": [0.0, 0.0, 0.0, 0.0, 0.0, 0.0, 0.0, 0.0, 0.0, 0.0, 0.0, 0.0, 0.0, 0.0, 0.0, 0.0, 0.0, 0.0, 0.0, 0.0, 0.0, 0.0, 0.0, 0.0, 0.0, 0.0, 0.0, 0.0, 0.6445412754391631, 0.7524980049994257, 0.0, 0.0, 0.6572479526201884, 0.8452237447102865], "3": [0.0, 0.0, 0.0, 0.0, 0.0, 0.0, 0.0, 0.0, 0.0, 0.0, 0.0, 0.0, 0.0, 0.0, 0.0, 0.0, 0.0, 0.0, 0.0, 0.0, 0.0, 0.0, 0.0, 0.0, 0.0, 0.0, 0.0, 0.0, 0.0, 0.0, 0.604774682968855, 0.7735022178954548, 0.0, 0.0]}