{"0": [0.8684116358868778, 0.1543965979858681, 0.8698703681429227, 0.1515938304088734, 0.8666589698443811, 0.15115923892568658, 0.8718984970822931, 0.15340625985904977, 0.8628969617187977, 0.1524715033394319, 0.8755701926847298, 0.1692440880669488, 0.858769961198171, 0.16761353380150265, 0.8787278417497874, 0.18741317965366222, 0.0, 0.0, 0.0, 0.0, 0.0, 0.0, 0.0, 0.0, 0.0, 0.0, 0.0, 0.0, 0.0, 0.0, 0.0, 0.0, 0.0, 0.0], "1": [0.0, 0.0, 0.0, 0.0, 0.0, 0.0, 0.6275845773518085, 0.5327536150261208, 0.6460473131388426, 0.5343739540488631, 0.6148046164618184, 0.5595535279148155, 0.6540051241715749, 0.5815044408370913, 0.0, 0.0, 0.664450069454809, 0.6470848063627879, 0.0, 0.0, 0.680550276239713, 0.6943633353268659, 0.6218446890513102, 0.6983180025109539, 0.6419272466252247, 0.7000293915470441, 0.6328324983517329, 0.7712883880844822, 0.6491526490698258, 0.7618568219520427, 0.6366605058312416, 0.8347660024960836, 0.6429102636873723, 0.8356562539383218], "2": [0.0, 0.0, 0.0, 0.0, 0.0, 0.0, 0.5789075537274281, 0.5047475402001982, 0.5932623199808101, 0.5101774288548364, 0.5659296548614899, 0.5323404877274125, 0.6002630129399523, 0.5514820027234425, 0.5481425694655627, 0.5781631763334627, 0.0, 0.0, 0.5511991208419204, 0.598188152578142, 0.0, 0.0, 0.5623064894229174, 0.6208519712642387, 0.5862172418319698, 0.6230114284904592, 0.5426567204296588, 0.6834908813238144, 0.5898816504205266, 0.6767783392358709, 0.5236476759115855, 0.7407192194903338, 0.5898966462040941, 0.7308876980234076], "3": [0.0, 0.0, 0.0, 0.0, 0.0, 0.0, 0.0, 0.0, 0.6015357707937559, 0.5613711275436261, 0.0, 0.0, 0.0, 0.0, 0.0, 0.0, 0.0, 0.0, 0.0, 0.0, 0.0, 0.0, 0.0, 0.0, 0.0, 0.0, 0.0, 0.0, 0.0, 0.0, 0.0, 0.0, 0.0, 0.0], "4": [0.0, 0.0, 0.0, 0.0, 0.0, 0.0, 0.0, 0.0, 0.0, 0.0, 0.5930625040705005, 0.5822357194843115, 0.0, 0.0, 0.0, 0.0, 0.0, 0.0, 0.0, 0.0, 0.0, 0.0, 0.0, 0.0, 0.0, 0.0, 0.0, 0.0, 0.0, 0.0, 0.0, 0.0, 0.0, 0.0], "5": [0.0, 0.0, 0.0, 0.0, 0.0, 0.0, 0.0, 0.0, 0.0, 0.0, 0.0, 0.0, 0.0, 0.0, 0.0, 0.0, 0.0, 0.0, 0.0, 0.0, 0.0, 0.0, 0.0, 0.0, 0.0, 0.0, 0.5909232817590236, 0.6764001299937566, 0.0, 0.0, 0.5896960717936357, 0.7302985677012691, 0.0, 0.0], "6": [0.0, 0.0, 0.0, 0.0, 0.0, 0.0, 0.0, 0.0, 0.0, 0.0, 0.0, 0.0, 0.0, 0.0, 0.0, 0.0, 0.0, 0.0, 0.0, 0.0, 0.0, 0.0, 0.0, 0.0, 0.0, 0.0, 0.0, 0.0, 0.0, 0.0, 0.0, 0.0, 0.5227743079264958, 0.7446596225930585]}