{"0": [0.3973090027148525, 0.47296639018588593, 0.3990691665560007, 0.4661284367243449, 0.39415464662015437, 0.46843031600669577, 0.3996951016287008, 0.4658602202380145, 0.3862203859413664, 0.46539141248773647, 0.40261929122110207, 0.5011011645749763, 0.3721635534738501, 0.5008574355531622, 0.40814266676704086, 0.5502954103328563, 0.3581446481247743, 0.5348146729999118, 0.41795624047517776, 0.5782986066959522, 0.3637316899374127, 0.5703354504373338, 0.3974017370181778, 0.5984165814187792, 0.3755302786827087, 0.6019035035813296, 0.39764677975326784, 0.6555507783320974, 0.3812541332115264, 0.6558255713846949, 0.0, 0.0, 0.0, 0.0], "1": [0.0, 0.0, 0.0, 0.0, 0.0, 0.0, 0.0, 0.0, 0.5525245224436124, 0.5401934511131711, 0.5259763432045778, 0.5478948098641855, 0.5339850020905336, 0.5544969819210194, 0.0, 0.0, 0.535645255818963, 0.655344027598147, 0.0, 0.0, 0.5511891587326924, 0.6989639156394535, 0.5219789198289315, 0.6644303712579939, 0.5259760615726311, 0.6673908337398812, 0.0, 0.0, 0.5544152612487474, 0.7130053424172931, 0.0, 0.0, 0.5394990495871752, 0.785918821670391], "2": [0.0, 0.0, 0.0, 0.0, 0.0, 0.0, 0.0, 0.0, 0.0, 0.0, 0.0, 0.0, 0.0, 0.0, 0.5351839841498683, 0.6521116539284035, 0.0, 0.0, 0.0, 0.0, 0.0, 0.0, 0.0, 0.0, 0.0, 0.0, 0.0, 0.0, 0.0, 0.0, 0.0, 0.0, 0.0, 0.0], "3": [0.0, 0.0, 0.0, 0.0, 0.0, 0.0, 0.0, 0.0, 0.0, 0.0, 0.0, 0.0, 0.0, 0.0, 0.0, 0.0, 0.0, 0.0, 0.0, 0.0, 0.41816852850218617, 0.5782550330515261, 0.0, 0.0, 0.0, 0.0, 0.0, 0.0, 0.0, 0.0, 0.0, 0.0, 0.0, 0.0], "4": [0.0, 0.0, 0.0, 0.0, 0.0, 0.0, 0.0, 0.0, 0.0, 0.0, 0.0, 0.0, 0.0, 0.0, 0.0, 0.0, 0.0, 0.0, 0.0, 0.0, 0.0, 0.0, 0.0, 0.0, 0.0, 0.0, 0.37956969340642294, 0.6576575235084251, 0.39795786961913104, 0.6589796234060217, 0.3854281983959178, 0.7204932625646945, 0.39172627280155814, 0.7196545552324366], "5": [0.0, 0.0, 0.0, 0.0, 0.0, 0.0, 0.0, 0.0, 0.0, 0.0, 0.0, 0.0, 0.0, 0.0, 0.0, 0.0, 0.0, 0.0, 0.0, 0.0, 0.0, 0.0, 0.0, 0.0, 0.0, 0.0, 0.0, 0.0, 0.0, 0.0, 0.5408529825508595, 0.784324774035701, 0.0, 0.0]}