{"0": [0.6639256338278453, 0.4469609163425587, 0.6663333460688591, 0.4424228977274012, 0.6625598299006621, 0.4419591709419533, 0.6719887180874745, 0.44335581903104426, 0.6629075789203246, 0.44188714369579596, 0.6776187311237057, 0.4676419704048722, 0.6595812338093917, 0.4652801560031043, 0.0, 0.0, 0.6583984582374494, 0.49403257303767734, 0.0, 0.0, 0.6525901993736625, 0.5209929522540834, 0.6816532098688185, 0.5324382029197834, 0.6784401216525767, 0.529999134860642, 0.6678409449756145, 0.6083974458553172, 0.6759501006454229, 0.6028897969811051, 0.668738305971298, 0.6801864818290427, 0.6923303003112474, 0.6591710536568254], "1": [0.0, 0.0, 0.0, 0.0, 0.0, 0.0, 0.37415252936383087, 0.5072771289006427, 0.3883381453653177, 0.507573406605257, 0.3593757583449284, 0.5395077698760562, 0.4008566858867804, 0.5423178478523537, 0.3529598461464048, 0.5909201992882622, 0.4098907028635343, 0.5889320478912582, 0.35445426329970364, 0.6285645882288615, 0.41836233430852493, 0.652241023823067, 0.3689021018488953, 0.6454635068222329, 0.3926142252981662, 0.6466642272693139, 0.3587782564262548, 0.7148556686109967, 0.39226374067366115, 0.7228300277833585, 0.36357868555933237, 0.7857138763975213, 0.39137826263904574, 0.7824787552709933], "2": [0.0, 0.0, 0.0, 0.0, 0.0, 0.0, 0.0, 0.0, 0.0, 0.0, 0.0, 0.0, 0.6829187403122584, 0.46595567288222134, 0.0, 0.0, 0.0, 0.0, 0.0, 0.0, 0.0, 0.0, 0.0, 0.0, 0.0, 0.0, 0.0, 0.0, 0.0, 0.0, 0.0, 0.0, 0.0, 0.0], "3": [0.0, 0.0, 0.0, 0.0, 0.0, 0.0, 0.0, 0.0, 0.0, 0.0, 0.0, 0.0, 0.0, 0.0, 0.0, 0.0, 0.0, 0.0, 0.6521052259078715, 0.5215618891848458, 0.0, 0.0, 0.0, 0.0, 0.0, 0.0, 0.0, 0.0, 0.0, 0.0, 0.0, 0.0, 0.0, 0.0], "4": [0.0, 0.0, 0.0, 0.0, 0.0, 0.0, 0.0, 0.0, 0.0, 0.0, 0.0, 0.0, 0.0, 0.0, 0.0, 0.0, 0.0, 0.0, 0.0, 0.0, 0.0, 0.0, 0.0, 0.0, 0.0, 0.0, 0.0, 0.0, 0.0, 0.0, 0.6919991041223207, 0.6602606027214617, 0.0, 0.0], "5": [0.0, 0.0, 0.0, 0.0, 0.0, 0.0, 0.0, 0.0, 0.0, 0.0, 0.0, 0.0, 0.0, 0.0, 0.0, 0.0, 0.0, 0.0, 0.0, 0.0, 0.0, 0.0, 0.0, 0.0, 0.0, 0.0, 0.0, 0.0, 0.0, 0.0, 0.3446344407275319, 0.7670226727094915, 0.0, 0.0]}