{"0": [0.7486857417970895, 0.6591027712380445, 0.752038732683286, 0.6535060045895753, 0.745657246063153, 0.650308526886834, 0.0, 0.0, 0.7362083201607068, 0.6448241723908319, 0.7502936360736688, 0.6738724242757868, 0.7182177187874913, 0.6660226910202591, 0.7574460614472628, 0.6815892941421933, 0.691967194651564, 0.7131317504026272, 0.7696474658325314, 0.7058945184504545, 0.7107662107892457, 0.750541202155973, 0.7186886926724886, 0.7539661919629133, 0.6986927531038721, 0.7557727548811171, 0.7434181936085225, 0.8051536061145641, 0.7122552969803413, 0.8202026401404982, 0.7351440132285157, 0.8806203572838394, 0.6955045841634273, 0.8929742436166163], "1": [0.8548093435664973, 0.16280478106604682, 0.8568292193735638, 0.15949612458546955, 0.8531599750121435, 0.15919009992093952, 0.8603047677238161, 0.16102545923656889, 0.8519344650364169, 0.16015862750786322, 0.8634405170877775, 0.17595869523507576, 0.8479727700430278, 0.1756486694018046, 0.8618212897330523, 0.19436800214979383, 0.8435442603348444, 0.19423896228825605, 0.8529902077590426, 0.19368291519306324, 0.8484608422964811, 0.19200680520799424, 0.8605133600144957, 0.21102077262131153, 0.8508778060475987, 0.2111411387825178, 0.0, 0.0, 0.0, 0.0, 0.0, 0.0, 0.0, 0.0], "2": [0.0, 0.0, 0.0, 0.0, 0.0, 0.0, 0.0, 0.0, 0.0, 0.0, 0.5131108375887076, 0.5125763453819133, 0.5434713938894371, 0.5157664355304507, 0.5006372336298227, 0.5581115725967619, 0.5487551647137375, 0.5570621913003657, 0.5089818444103003, 0.5815366708466576, 0.5551192032794158, 0.5833281720126117, 0.5101830365601927, 0.6087825112872653, 0.535152984627833, 0.612807215584649, 0.49528713275988895, 0.6567039999696944, 0.5403560655812423, 0.6601262445803042, 0.48148685581982137, 0.7149006675583897, 0.5418940930316846, 0.7141696602657989]}