{"0": [0.0, 0.0, 0.0, 0.0, 0.0, 0.0, 0.2552445570627848, 0.6132576489890064, 0.2768107573812207, 0.6097673566253097, 0.24297668989747764, 0.6701099178305379, 0.29204023952285446, 0.6442500321953385, 0.0, 0.0, 0.32042954005301, 0.6954424103101096, 0.0, 0.0, 0.3369857301314672, 0.7285093771086799, 0.2729212796354356, 0.7892195174263583, 0.30368945623437565, 0.7745270686844985, 0.25149174549927317, 0.8683583954970042, 0.0, 0.0, 0.25189256318844855, 0.9700629697905646, 0.0, 0.0], "1": [0.0, 0.0, 0.0, 0.0, 0.0, 0.0, 0.42602803620199364, 0.5121889860541732, 0.43726452055076753, 0.5112942198912304, 0.4193564971288045, 0.5442219528059165, 0.4510660932088892, 0.5362432412527226, 0.41351948169370495, 0.584490050651409, 0.4584995076060295, 0.5829376950308128, 0.40758251870671913, 0.6097420656018787, 0.0, 0.0, 0.4300799055645863, 0.6273392114374373, 0.45342814922332764, 0.6257726310717838, 0.40921427545448147, 0.6672302720723329, 0.46912857688342524, 0.6834533457402829, 0.3933482316012184, 0.7404241623701873, 0.4870055052141348, 0.7390322153215055], "2": [0.0, 0.0, 0.0, 0.0, 0.0, 0.0, 0.0, 0.0, 0.0, 0.0, 0.0, 0.0, 0.0, 0.0, 0.0, 0.0, 0.0, 0.0, 0.0, 0.0, 0.0, 0.0, 0.0, 0.0, 0.0, 0.0, 0.0, 0.0, 0.31825636988505723, 0.8218023849858178, 0.0, 0.0, 0.0, 0.0], "3": [0.0, 0.0, 0.0, 0.0, 0.0, 0.0, 0.0, 0.0, 0.0, 0.0, 0.0, 0.0, 0.0, 0.0, 0.0, 0.0, 0.0, 0.0, 0.0, 0.0, 0.0, 0.0, 0.0, 0.0, 0.0, 0.0, 0.0, 0.0, 0.0, 0.0, 0.0, 0.0, 0.2521755547185118, 0.9680303072487867]}