{"0": [0.515170188434422, 0.5497329243907222, 0.5153855565314491, 0.5444419842396638, 0.5129722417642673, 0.5430460309540784, 0.0, 0.0, 0.0, 0.0, 0.0, 0.0, 0.0, 0.0, 0.0, 0.0, 0.0, 0.0, 0.0, 0.0, 0.0, 0.0, 0.0, 0.0, 0.0, 0.0, 0.0, 0.0, 0.0, 0.0, 0.0, 0.0, 0.0, 0.0], "1": [0.0, 0.0, 0.0, 0.0, 0.0, 0.0, 0.3080513194203377, 0.44481003174075373, 0.3218367327004671, 0.444894434566851, 0.30084873363375664, 0.4771759633112837, 0.32734319134615364, 0.4732123037179311, 0.29124024187525116, 0.5192714788295605, 0.33472088295966385, 0.5283154753623185, 0.29190625486274563, 0.5602544610147123, 0.3424631974349419, 0.5732271328568459, 0.303421014174819, 0.5651507246273535, 0.32289007640016887, 0.565606787469652, 0.3065943264092008, 0.6298933298499496, 0.32180990949273114, 0.6259900509552271, 0.31458561569452287, 0.6856669204102621, 0.3195513814687729, 0.6871327298658866], "2": [0.0, 0.0, 0.0, 0.0, 0.0, 0.0, 0.0, 0.0, 0.0, 0.0, 0.5109604893252254, 0.5200569256588264, 0.5190975949190427, 0.5350461356237783, 0.5243960507214069, 0.567988912264506, 0.523268749875327, 0.5672067407656599, 0.5307411855086683, 0.5873903516266081, 0.5307079177970687, 0.5857043703397115, 0.4990221645655538, 0.5977413101916618, 0.500330987945199, 0.596779551550194, 0.5045426618307829, 0.6696882874325469, 0.5036109688381354, 0.6696245408168545, 0.49311268907040356, 0.7180271945617817, 0.49635563008487227, 0.7285577417523772]}