{"0": [0.0, 0.0, 0.0, 0.0, 0.0, 0.0, 0.6597753861298163, 0.5141753882169724, 0.6767004366032779, 0.5144976740082104, 0.64399449583143, 0.5489398342591745, 0.6883759271353483, 0.5537622648256796, 0.633438964933157, 0.6028271878207171, 0.6909241293867431, 0.6055039880452333, 0.644519612006843, 0.597315940812782, 0.0, 0.0, 0.6473588761563103, 0.6484073458998292, 0.6735709945360819, 0.6564822362528907, 0.6415585083266099, 0.7084792374460785, 0.6685673844379684, 0.7312099330955082, 0.6370583958923817, 0.7688742370517165, 0.6628728751093149, 0.8034816792441739], "1": [0.0, 0.0, 0.0, 0.0, 0.0, 0.0, 0.0, 0.0, 0.28624507375061514, 0.4850162372406986, 0.2624496693412463, 0.5214712472977462, 0.2947115119546651, 0.5298682055815502, 0.2610205218195915, 0.572221302986145, 0.30084691643714906, 0.5888599461737882, 0.0, 0.0, 0.31687921074529485, 0.6154441555341085, 0.2777126727625728, 0.6326608701988503, 0.2953915812075138, 0.6275653159176862, 0.2827894834180673, 0.6867363225530696, 0.29909195601940153, 0.6878853605853187, 0.27444045916199683, 0.7471195602858508, 0.29529586335023245, 0.7505262809771078], "2": [0.0, 0.0, 0.0, 0.0, 0.0, 0.0, 0.0, 0.0, 0.0, 0.0, 0.0, 0.0, 0.0, 0.0, 0.0, 0.0, 0.0, 0.0, 0.0, 0.0, 0.0, 0.0, 0.0, 0.0, 0.0, 0.0, 0.0, 0.0, 0.0, 0.0, 0.6631149176508189, 0.8036703736693772, 0.0, 0.0]}