{"0": [0.3181731335197886, 0.7343284754841416, 0.31774847619235513, 0.7276159255592911, 0.0, 0.0, 0.3310431273809324, 0.7173859044357582, 0.0, 0.0, 0.35524199133117995, 0.7235463889660658, 0.3435406717316558, 0.7005243630872833, 0.0, 0.0, 0.0, 0.0, 0.0, 0.0, 0.0, 0.0, 0.3930567421019077, 0.7646040285075152, 0.3659013002203641, 0.7698045669011582, 0.0, 0.0, 0.34271753802895544, 0.8205920274610872, 0.0, 0.0, 0.3497727956622839, 0.8995978392660617], "1": [0.0, 0.0, 0.0, 0.0, 0.0, 0.0, 0.44381006861416, 0.4735338842427289, 0.0, 0.0, 0.4597843712195754, 0.5036133024427626, 0.44104188755154616, 0.5143229471864523, 0.44393153452935324, 0.5738662165762097, 0.4431065204242865, 0.5722291458536077, 0.4266123394792278, 0.5965292399404225, 0.4275620425119996, 0.5958324251351533, 0.4711940777798494, 0.6112298354506492, 0.45234770026678844, 0.6147345238261752, 0.47514516338706014, 0.6674327550110993, 0.4436549595324323, 0.6644211442382247, 0.4937487080337936, 0.730418022915169, 0.4513215672845642, 0.7364640968817252], "2": [0.0, 0.0, 0.0, 0.0, 0.0, 0.0, 0.0, 0.0, 0.0, 0.0, 0.0, 0.0, 0.0, 0.0, 0.0, 0.0, 0.0, 0.0, 0.0, 0.0, 0.0, 0.0, 0.369575677998364, 0.7669627138861903, 0.0, 0.0, 0.3423165392130613, 0.8219755797474473, 0.0, 0.0, 0.3501065939664841, 0.9045317276760384, 0.0, 0.0], "3": [0.0, 0.0, 0.0, 0.0, 0.0, 0.0, 0.0, 0.0, 0.0, 0.0, 0.0, 0.0, 0.0, 0.0, 0.0, 0.0, 0.0, 0.0, 0.0, 0.0, 0.0, 0.0, 0.4536614422996839, 0.6112749885629725, 0.4717933391531309, 0.6098148560082471, 0.4445813290774822, 0.6649378118691621, 0.47625677256534504, 0.6682493390860381, 0.4509949975957473, 0.7383477286056236, 0.4939377220037082, 0.7309051674825174]}