{"0": [0.4039691333969434, 0.4755338562859429, 0.40524559499075014, 0.47173821572904234, 0.4012139219790697, 0.4710320477132444, 0.40691818681855996, 0.4733685533205668, 0.0, 0.0, 0.41828766005734597, 0.5071811736871799, 0.39074583128094675, 0.5056689117793683, 0.4288060008237759, 0.5500757346550623, 0.3788883723318577, 0.529196155126448, 0.4296417725582918, 0.5503407580984964, 0.0, 0.0, 0.41239869544903435, 0.5976262557285803, 0.39061901221672696, 0.6046991490655476, 0.4173073448240757, 0.6357752486511513, 0.38557561791191497, 0.6591476007744118, 0.4174935358266036, 0.6709988156402552, 0.38537701070308683, 0.7261866410573323], "1": [0.5041054322073857, 0.5277929807150805, 0.0, 0.0, 0.5047397786130507, 0.5223235618047141, 0.0, 0.0, 0.5003267511725427, 0.5226152499516805, 0.48498643850907686, 0.53391185314567, 0.4897134863541981, 0.5461406715684021, 0.0, 0.0, 0.4905866129944722, 0.5924259015807399, 0.0, 0.0, 0.5092607013881206, 0.6256613586787826, 0.44880779857436814, 0.6062196515224598, 0.4653594977532824, 0.6122072875499726, 0.45548000012834866, 0.6421823029164915, 0.4942151946326097, 0.654872163578316, 0.4395594750045954, 0.6847978263541504, 0.507082250714302, 0.7255195427823948], "2": [0.0, 0.0, 0.0, 0.0, 0.0, 0.0, 0.0, 0.0, 0.4007532456268867, 0.47323078093705356, 0.0, 0.0, 0.0, 0.0, 0.0, 0.0, 0.0, 0.0, 0.0, 0.0, 0.0, 0.0, 0.0, 0.0, 0.0, 0.0, 0.0, 0.0, 0.0, 0.0, 0.0, 0.0, 0.0, 0.0], "3": [0.0, 0.0, 0.0, 0.0, 0.0, 0.0, 0.0, 0.0, 0.0, 0.0, 0.0, 0.0, 0.0, 0.0, 0.0, 0.0, 0.0, 0.0, 0.0, 0.0, 0.0, 0.0, 0.0, 0.0, 0.0, 0.0, 0.3843245745946964, 0.6623285166643283, 0.0, 0.0, 0.38483103197067975, 0.7267872814778928, 0.0, 0.0]}