{"0": [0.644177684870859, 0.406903949048784, 0.6442506596446037, 0.40258897498801904, 0.6425143010914326, 0.4025150368611018, 0.0, 0.0, 0.6354411467405346, 0.40409882328024616, 0.6353345744544641, 0.4279880417717828, 0.6301064532250166, 0.4301342606544495, 0.6400028809594611, 0.4660578231016795, 0.6278486048181852, 0.4666583352618747, 0.0, 0.0, 0.0, 0.0, 0.6318195148060719, 0.5051761075302407, 0.62902220847706, 0.5056892836535418, 0.6350469992806514, 0.5497940557974356, 0.6339970280726751, 0.5503342435315803, 0.6337424742678801, 0.5963209874272623, 0.633072238912185, 0.59603839593905], "1": [0.5456643794973691, 0.47142871485816107, 0.5460518186291059, 0.4641220697650203, 0.5431329239159822, 0.4631305703410396, 0.5486018390084306, 0.467763129207823, 0.5371948419759671, 0.46609106593661837, 0.5501510595281919, 0.5028173347314199, 0.528420985241731, 0.5025998523941746, 0.544506739328305, 0.5632851596231814, 0.5388817665477593, 0.5663148990659802, 0.5590106454988321, 0.5908378375901117, 0.5597174018621445, 0.5918611120294641, 0.5386598985642195, 0.6015942955458605, 0.0, 0.0, 0.5364524858693281, 0.6535601717454417, 0.0, 0.0, 0.5308446723036468, 0.7041480757572034, 0.0, 0.0], "2": [0.0, 0.0, 0.0, 0.0, 0.0, 0.0, 0.0, 0.0, 0.0, 0.0, 0.0, 0.0, 0.0, 0.0, 0.0, 0.0, 0.0, 0.0, 0.0, 0.0, 0.0, 0.0, 0.0, 0.0, 0.5361876666545868, 0.5974320480117091, 0.0, 0.0, 0.5367245485385259, 0.6539882333190352, 0.0, 0.0, 0.5311626048836237, 0.7074499106138117], "3": [0.0, 0.0, 0.0, 0.0, 0.0, 0.0, 0.0, 0.0, 0.0, 0.0, 0.0, 0.0, 0.0, 0.0, 0.0, 0.0, 0.0, 0.0, 0.0, 0.0, 0.0, 0.0, 0.0, 0.0, 0.0, 0.0, 0.0, 0.0, 0.0, 0.0, 0.6010671144972245, 0.5941263549857669, 0.0, 0.0], "4": [0.0, 0.0, 0.0, 0.0, 0.0, 0.0, 0.0, 0.0, 0.0, 0.0, 0.0, 0.0, 0.0, 0.0, 0.0, 0.0, 0.0, 0.0, 0.0, 0.0, 0.0, 0.0, 0.0, 0.0, 0.0, 0.0, 0.0, 0.0, 0.0, 0.0, 0.0, 0.0, 0.6008658631394307, 0.5946417284232599]}