{"0": [0.0, 0.0, 0.0, 0.0, 0.0, 0.0, 0.4579023882746696, 0.43968062157984134, 0.468736263353882, 0.43898753579016087, 0.45301895843197904, 0.46535827407130487, 0.4744997133811315, 0.461271063486735, 0.0, 0.0, 0.47685285244757925, 0.5014804536545718, 0.0, 0.0, 0.0, 0.0, 0.4475611994974315, 0.5464108323609388, 0.46838223316396277, 0.5441388253260542, 0.4398661228517691, 0.6121743085207763, 0.47212471067905426, 0.6062723071486862, 0.42768548826376596, 0.6650821164802269, 0.48202129372706015, 0.6681395203978928], "1": [0.0, 0.0, 0.0, 0.0, 0.0, 0.0, 0.6970076004664103, 0.5291031804349687, 0.7148026498655479, 0.5322175871442866, 0.686375794497629, 0.5603178906219977, 0.7147200235010435, 0.5762418784477092, 0.6780699515094359, 0.6196512243262043, 0.7198699728896221, 0.6276188141769833, 0.0, 0.0, 0.7358029650524258, 0.6487672218018108, 0.6805427065119146, 0.6651576218781647, 0.6978855968879846, 0.6745823200102206, 0.6923280950635672, 0.7514312691710614, 0.6976758381749053, 0.7452757712412138, 0.6773257168630759, 0.830030686767013, 0.6767867832444608, 0.8328603860956652], "2": [0.0, 0.0, 0.0, 0.0, 0.0, 0.0, 0.0, 0.0, 0.0, 0.0, 0.0, 0.0, 0.0, 0.0, 0.0, 0.0, 0.0, 0.0, 0.0, 0.0, 0.0, 0.0, 0.0, 0.0, 0.44753271909430625, 0.5508522417810228, 0.4722262288133303, 0.6038783414496316, 0.4390067927539349, 0.6130518641736772, 0.48220479240020114, 0.6676622913943396, 0.4277164318909248, 0.6641368690464232], "3": [0.0, 0.0, 0.0, 0.0, 0.0, 0.0, 0.0, 0.0, 0.0, 0.0, 0.0, 0.0, 0.0, 0.0, 0.0, 0.0, 0.0, 0.0, 0.0, 0.0, 0.0, 0.0, 0.0, 0.0, 0.0, 0.0, 0.0, 0.0, 0.0, 0.0, 0.7082716142137845, 0.789133595482067, 0.0, 0.0], "4": [0.0, 0.0, 0.0, 0.0, 0.0, 0.0, 0.0, 0.0, 0.0, 0.0, 0.0, 0.0, 0.0, 0.0, 0.0, 0.0, 0.0, 0.0, 0.0, 0.0, 0.0, 0.0, 0.0, 0.0, 0.0, 0.0, 0.0, 0.0, 0.0, 0.0, 0.0, 0.0, 0.7089690698931616, 0.7896760825757626]}