{"0": [0.0, 0.0, 0.0, 0.0, 0.0, 0.0, 0.6422831501811743, 0.4208838846948411, 0.6556033454214533, 0.42376764593301, 0.6307021872450908, 0.44659735218242363, 0.6562561960847233, 0.45931510307170725, 0.6200691817949215, 0.47049533415723727, 0.6599646757977704, 0.5062234644536618, 0.0, 0.0, 0.6687336086179129, 0.5500813564768544, 0.6333675528566043, 0.5349946481210214, 0.6490413426111142, 0.5356465179611135, 0.64768641560028, 0.588934032946687, 0.6548027481883765, 0.5886740088186883, 0.636398502401325, 0.641035388820726, 0.6395304278118326, 0.6409466161061181], "1": [0.0, 0.0, 0.0, 0.0, 0.0, 0.0, 0.36556730543573696, 0.5264752800817842, 0.37930204557875796, 0.5244092610147264, 0.3620345470805963, 0.5733737427327368, 0.3919637408107519, 0.558762845231427, 0.35410883041719593, 0.6265118530503025, 0.4009945622334878, 0.6108897629297442, 0.3391947455393771, 0.6329847577821326, 0.3849571581929922, 0.6136402920440391, 0.37278171692353984, 0.6689088190043415, 0.38759849444031713, 0.663690471869928, 0.3701069024701914, 0.7437524387681925, 0.37647148004422587, 0.7494844723630834, 0.3707133988539378, 0.8088705444777453, 0.4080563087016344, 0.7993580116166009], "2": [0.0, 0.0, 0.0, 0.0, 0.0, 0.0, 0.0, 0.0, 0.0, 0.0, 0.0, 0.0, 0.0, 0.0, 0.0, 0.0, 0.0, 0.0, 0.0, 0.0, 0.3405176452050606, 0.6321815320739039, 0.0, 0.0, 0.0, 0.0, 0.0, 0.0, 0.0, 0.0, 0.0, 0.0, 0.0, 0.0], "3": [0.0, 0.0, 0.0, 0.0, 0.0, 0.0, 0.0, 0.0, 0.0, 0.0, 0.0, 0.0, 0.0, 0.0, 0.0, 0.0, 0.0, 0.0, 0.0, 0.0, 0.0, 0.0, 0.0, 0.0, 0.0, 0.0, 0.0, 0.0, 0.0, 0.0, 0.408110119899114, 0.7983982735209995, 0.0, 0.0], "4": [0.0, 0.0, 0.0, 0.0, 0.0, 0.0, 0.0, 0.0, 0.0, 0.0, 0.0, 0.0, 0.0, 0.0, 0.0, 0.0, 0.0, 0.0, 0.0, 0.0, 0.0, 0.0, 0.0, 0.0, 0.0, 0.0, 0.0, 0.0, 0.0, 0.0, 0.0, 0.0, 0.37070148934920627, 0.8075841285564281]}