{"0": [0.8746966507285834, 0.16689423278526025, 0.876441637178262, 0.16483392538847746, 0.8739070573200782, 0.16503533080772118, 0.8798372715711593, 0.1662384741836124, 0.8724507753737271, 0.16656204594506158, 0.8832930944859981, 0.18100880704544212, 0.8701615778108438, 0.1808394248286883, 0.8826819863170385, 0.19730707693983007, 0.8671528959025939, 0.19571718385925999, 0.8757430581996838, 0.1833913297564895, 0.8712268187354008, 0.18298677095660457, 0.8801665671169758, 0.2100109604773698, 0.8715996293971936, 0.20948635019637918, 0.0, 0.0, 0.0, 0.0, 0.0, 0.0, 0.0, 0.0], "1": [0.7591935055951278, 0.5980209173979583, 0.0, 0.0, 0.7579209797084331, 0.5906060439568979, 0.0, 0.0, 0.7497082111736139, 0.5857941616464544, 0.7518453184515238, 0.6169493904820195, 0.7200859036296606, 0.6107424118728549, 0.7477933039423078, 0.6748121162255605, 0.7123542414994707, 0.6605292129289335, 0.7512257915611068, 0.671817555140566, 0.7362738277142247, 0.6692537203983024, 0.7358209849645694, 0.7366734230959857, 0.7120565238098302, 0.7340785803618255, 0.7499516852200031, 0.7979381838330516, 0.703041322218875, 0.7910556996310197, 0.7626361854374408, 0.8888014733791352, 0.6838093171517055, 0.8370575904846191], "2": [0.849724575628837, 0.16976985401577419, 0.8515300546462338, 0.16529819082330774, 0.8481957691721618, 0.1658367015697338, 0.8548278448482356, 0.16795425635797007, 0.8458268736799558, 0.16833164471167106, 0.8586007780085008, 0.18747088291026928, 0.8421884382764498, 0.1874087158176634, 0.8614698227494955, 0.20259438377839548, 0.0, 0.0, 0.0, 0.0, 0.0, 0.0, 0.0, 0.0, 0.0, 0.0, 0.0, 0.0, 0.0, 0.0, 0.0, 0.0, 0.0, 0.0], "3": [0.0, 0.0, 0.0, 0.0, 0.0, 0.0, 0.0, 0.0, 0.5644157563957075, 0.4817926945509734, 0.5374505144854387, 0.5177419927385118, 0.5747972064961991, 0.5294569262061958, 0.5228157131932676, 0.5532517930975667, 0.5845203551153342, 0.579179432215514, 0.5217086344957351, 0.5844472185329155, 0.0, 0.0, 0.5381599432478349, 0.6139714285179421, 0.5623157468934854, 0.6205217880231363, 0.5290512097378571, 0.6814579528790933, 0.5590080611407756, 0.6828808206099051, 0.5267230513505637, 0.7391482887444673, 0.5546252163747947, 0.7417302197880216], "4": [0.0, 0.0, 0.0, 0.0, 0.0, 0.0, 0.0, 0.0, 0.0, 0.0, 0.0, 0.0, 0.0, 0.0, 0.0, 0.0, 0.0, 0.0, 0.0, 0.0, 0.5889166260138154, 0.5900692679263928, 0.0, 0.0, 0.0, 0.0, 0.0, 0.0, 0.0, 0.0, 0.0, 0.0, 0.0, 0.0], "5": [0.0, 0.0, 0.0, 0.0, 0.0, 0.0, 0.0, 0.0, 0.0, 0.0, 0.0, 0.0, 0.0, 0.0, 0.0, 0.0, 0.0, 0.0, 0.0, 0.0, 0.699870690703392, 0.7378604458438025, 0.0, 0.0, 0.0, 0.0, 0.0, 0.0, 0.0, 0.0, 0.0, 0.0, 0.0, 0.0]}