{"0": [0.25149829319367806, 0.7459268689155578, 0.25109227734307443, 0.7404396511890269, 0.0, 0.0, 0.2600621084372203, 0.7363631548704924, 0.0, 0.0, 0.2761243307342132, 0.7545803145126059, 0.2658771264056365, 0.7542728770662237, 0.2728978169868545, 0.7893429978026284, 0.2647154787400116, 0.7858862188127306, 0.26177617895106475, 0.8307125491124613, 0.2593052682777246, 0.830394094740903, 0.3000032549103101, 0.7723438626086271, 0.27877114589015645, 0.7883982201969182, 0.31308621615171434, 0.8779879811323351, 0.24500101059675217, 0.8549282852698257, 0.0, 0.0, 0.24295060969889165, 0.9537419310322515], "1": [0.0, 0.0, 0.0, 0.0, 0.0, 0.0, 0.0, 0.0, 0.0, 0.0, 0.4859232312378784, 0.5184574144857901, 0.5171409770846366, 0.5123003853691949, 0.4784572415053844, 0.574484656944319, 0.5300662306447823, 0.5492089966932933, 0.4796296040217082, 0.5651551966313962, 0.53406785565118, 0.5804386339805744, 0.49663756030301254, 0.6052346471283171, 0.5177417541543643, 0.6029936415177806, 0.4818691189711293, 0.6457628813054826, 0.5237046801795562, 0.6556933667510748, 0.4893683004658669, 0.7202414839356034, 0.5307704716920852, 0.7174092606261925], "2": [0.0, 0.0, 0.0, 0.0, 0.0, 0.0, 0.0, 0.0, 0.0, 0.0, 0.0, 0.0, 0.0, 0.0, 0.0, 0.0, 0.24899307948847613, 0.8097519259761881, 0.0, 0.0, 0.0, 0.0, 0.0, 0.0, 0.0, 0.0, 0.0, 0.0, 0.0, 0.0, 0.0, 0.0, 0.0, 0.0], "3": [0.0, 0.0, 0.0, 0.0, 0.0, 0.0, 0.0, 0.0, 0.0, 0.0, 0.0, 0.0, 0.0, 0.0, 0.0, 0.0, 0.0, 0.0, 0.0, 0.0, 0.2465186799565951, 0.7592940334782556, 0.0, 0.0, 0.0, 0.0, 0.0, 0.0, 0.0, 0.0, 0.0, 0.0, 0.0, 0.0], "4": [0.0, 0.0, 0.0, 0.0, 0.0, 0.0, 0.0, 0.0, 0.0, 0.0, 0.0, 0.0, 0.0, 0.0, 0.0, 0.0, 0.0, 0.0, 0.0, 0.0, 0.0, 0.0, 0.0, 0.0, 0.0, 0.0, 0.24650970709820585, 0.8540564812995769, 0.0, 0.0, 0.2427081899096568, 0.9544602773807667, 0.0, 0.0]}