{"0": [0.7095503963530063, 0.7412385713171076, 0.0, 0.0, 0.7106981285537283, 0.7332491433178937, 0.0, 0.0, 0.7025628907606005, 0.7228485566598398, 0.6935053758323193, 0.7675065201741678, 0.6757538175831238, 0.72712660740923, 0.7070247117429972, 0.8181665672748177, 0.0, 0.0, 0.7247692175209522, 0.8759156737062667, 0.0, 0.0, 0.0, 0.0, 0.6358673913404346, 0.8110372146936479, 0.0, 0.0, 0.0, 0.0, 0.0, 0.0, 0.0, 0.0], "1": [0.535834914445877, 0.47646408368040016, 0.5368528873970111, 0.47147114784629257, 0.5316169921929638, 0.47023705464822274, 0.5409449699024359, 0.47366785164232605, 0.5273753285718461, 0.47418398327297634, 0.5426169657458861, 0.5013254289273863, 0.519281468167901, 0.5038143568568759, 0.5436774751404301, 0.5645950672803102, 0.0, 0.0, 0.5498712579409282, 0.5848837170335982, 0.0, 0.0, 0.5366903930902481, 0.6041264197616666, 0.5171427895625432, 0.6022241745833997, 0.0, 0.0, 0.0, 0.0, 0.0, 0.0, 0.0, 0.0], "2": [0.0, 0.0, 0.0, 0.0, 0.0, 0.0, 0.0, 0.0, 0.826271182609101, 0.16209824879964194, 0.8160431278248629, 0.17495651189927702, 0.8257839823762576, 0.1785013097303885, 0.0, 0.0, 0.8279314544672768, 0.20125645840609516, 0.0, 0.0, 0.8424584673096738, 0.1934118056738818, 0.0, 0.0, 0.0, 0.0, 0.0, 0.0, 0.0, 0.0, 0.0, 0.0, 0.0, 0.0], "3": [0.0, 0.0, 0.0, 0.0, 0.0, 0.0, 0.0, 0.0, 0.0, 0.0, 0.0, 0.0, 0.6978634920436888, 0.7726320350611652, 0.0, 0.0, 0.0, 0.0, 0.0, 0.0, 0.0, 0.0, 0.0, 0.0, 0.0, 0.0, 0.0, 0.0, 0.0, 0.0, 0.0, 0.0, 0.0, 0.0], "4": [0.0, 0.0, 0.0, 0.0, 0.0, 0.0, 0.0, 0.0, 0.0, 0.0, 0.0, 0.0, 0.0, 0.0, 0.0, 0.0, 0.5438816117743651, 0.567290533416801, 0.0, 0.0, 0.5514397990579406, 0.5894396089845233, 0.0, 0.0, 0.0, 0.0, 0.0, 0.0, 0.0, 0.0, 0.0, 0.0, 0.0, 0.0], "5": [0.0, 0.0, 0.0, 0.0, 0.0, 0.0, 0.0, 0.0, 0.0, 0.0, 0.0, 0.0, 0.0, 0.0, 0.0, 0.0, 0.0, 0.0, 0.0, 0.0, 0.0, 0.0, 0.5144399114729217, 0.5980738349534848, 0.5380069601039091, 0.6047392775615056, 0.5099287706116836, 0.6562663309552051, 0.5438624166650697, 0.6559802671273549, 0.49797636570486553, 0.7138122433865511, 0.5417881318678458, 0.7231884438682485]}