{"0": [0.7866862524300814, 0.6372506978335204, 0.7871015305320422, 0.6289666831493379, 0.7816970193448166, 0.6289663005758215, 0.0, 0.0, 0.7669414391120274, 0.6318465371926626, 0.779794982696573, 0.6760059783856074, 0.7597497597957651, 0.6842023133127778, 0.7876361434658369, 0.7158557331120526, 0.782265350036323, 0.7142019175268985, 0.8153642204279701, 0.6658599632757681, 0.8164450712502003, 0.6646221590262872, 0.7831898465752601, 0.8101367387506696, 0.7630977698912224, 0.8096258700997742, 0.7879836238920689, 0.894710710534343, 0.7608302115773161, 0.8977468289710858, 0.7791656143963337, 0.9818058399138627, 0.7275485651567578, 0.9645468561737626], "1": [0.35473682011167207, 0.3738402769245483, 0.3560709548338006, 0.3690500775973002, 0.3522182160678009, 0.3696291819766715, 0.3600005392916501, 0.36797349397782925, 0.34930728475252787, 0.3704101973109775, 0.37004731011887393, 0.3879107590074892, 0.34427389757086835, 0.39102201064427694, 0.38339136516054473, 0.40909188654687667, 0.3408311437815428, 0.4152936652854637, 0.3799180846661329, 0.43456645056053445, 0.0, 0.0, 0.3677260034407179, 0.45566301681101323, 0.35422793341179687, 0.45914636982811824, 0.37164642388621966, 0.4995413677835906, 0.35634305282340695, 0.5063581043923343, 0.3721629632636905, 0.533506824572881, 0.3584743560602267, 0.5574150322764008], "2": [0.0, 0.0, 0.0, 0.0, 0.0, 0.0, 0.0, 0.0, 0.0, 0.0, 0.0, 0.0, 0.36883986747513214, 0.3872207939624786, 0.0, 0.0, 0.0, 0.0, 0.0, 0.0, 0.0, 0.0, 0.0, 0.0, 0.0, 0.0, 0.0, 0.0, 0.0, 0.0, 0.0, 0.0, 0.0, 0.0], "3": [0.0, 0.0, 0.0, 0.0, 0.0, 0.0, 0.0, 0.0, 0.0, 0.0, 0.0, 0.0, 0.0, 0.0, 0.0, 0.0, 0.7592609205593666, 0.7512369096279145, 0.0, 0.0, 0.811979292705655, 0.7298051021717212, 0.0, 0.0, 0.0, 0.0, 0.0, 0.0, 0.0, 0.0, 0.0, 0.0, 0.0, 0.0], "4": [0.0, 0.0, 0.0, 0.0, 0.0, 0.0, 0.0, 0.0, 0.0, 0.0, 0.0, 0.0, 0.0, 0.0, 0.0, 0.0, 0.0, 0.0, 0.8108457202091813, 0.7291720905789623, 0.0, 0.0, 0.0, 0.0, 0.0, 0.0, 0.0, 0.0, 0.0, 0.0, 0.0, 0.0, 0.0, 0.0], "5": [0.0, 0.0, 0.0, 0.0, 0.0, 0.0, 0.0, 0.0, 0.0, 0.0, 0.0, 0.0, 0.0, 0.0, 0.0, 0.0, 0.0, 0.0, 0.0, 0.0, 0.3339311721424262, 0.4125924615948289, 0.0, 0.0, 0.0, 0.0, 0.0, 0.0, 0.0, 0.0, 0.0, 0.0, 0.0, 0.0], "6": [0.0, 0.0, 0.0, 0.0, 0.0, 0.0, 0.0, 0.0, 0.0, 0.0, 0.0, 0.0, 0.0, 0.0, 0.0, 0.0, 0.0, 0.0, 0.0, 0.0, 0.0, 0.0, 0.0, 0.0, 0.0, 0.0, 0.0, 0.0, 0.0, 0.0, 0.7274712385299306, 0.9640353242556254, 0.0, 0.0]}