{"0": [0.6583596107860405, 0.4358944031927321, 0.0, 0.0, 0.6578792876253525, 0.4294091034818578, 0.0, 0.0, 0.651498063094914, 0.42502892381615104, 0.6356894709123382, 0.4450590062886431, 0.6424247579028209, 0.4500519041661863, 0.641462385157744, 0.4925749023272483, 0.6417669370770455, 0.4930134084765558, 0.0, 0.0, 0.6479416182613932, 0.5207087826949579, 0.627343607833609, 0.533918313185374, 0.6367474722365538, 0.5318604734208848, 0.6300439284493525, 0.5862968740639862, 0.6436587580945342, 0.5933483609446772, 0.628412003070116, 0.6441776937908597, 0.6428651645779611, 0.6573500833025685], "1": [0.0, 0.0, 0.0, 0.0, 0.0, 0.0, 0.3770297403874186, 0.5258536802397834, 0.3917690739035607, 0.5257086122477496, 0.36629068218171595, 0.5658762430703198, 0.40422930667797724, 0.5600239251498823, 0.3592549701531728, 0.6119691718507696, 0.41183489250640076, 0.6006311513759471, 0.3606913491152227, 0.6490869160051699, 0.406832719532152, 0.6275484366549386, 0.3758081958939632, 0.6622308599728125, 0.3988729627802968, 0.662550743917624, 0.37470487207174297, 0.7504470686117808, 0.39768398467761773, 0.7264251187995628, 0.378325005620718, 0.8335790084192046, 0.40286590668062366, 0.7911354298944825], "2": [0.0, 0.0, 0.0, 0.0, 0.0, 0.0, 0.0, 0.0, 0.0, 0.0, 0.0, 0.0, 0.0, 0.0, 0.0, 0.0, 0.0, 0.0, 0.0, 0.0, 0.0, 0.0, 0.0, 0.0, 0.0, 0.0, 0.0, 0.0, 0.0, 0.0, 0.0, 0.0, 0.37852304354310035, 0.8346142539271602]}