{"0": [0.6746918647239606, 0.43320119270571955, 0.0, 0.0, 0.6735896450156967, 0.42775599040366985, 0.0, 0.0, 0.6680657080064217, 0.42556297952930133, 0.6547811358731728, 0.4495639037967367, 0.6593023605644703, 0.4548906001227873, 0.6641310771927238, 0.49457510224095097, 0.6580180329581101, 0.49444973998599584, 0.0, 0.0, 0.6708216408888499, 0.5463641533145198, 0.6398495400945345, 0.5342539586402751, 0.6538821220397949, 0.5363854020282074, 0.6418629355728627, 0.5890884941512787, 0.6598549693201979, 0.5978548977110121, 0.6312429731808759, 0.646059967411889, 0.6612809509038925, 0.6543262724523191], "1": [0.0, 0.0, 0.0, 0.0, 0.0, 0.0, 0.37744209496304393, 0.5303510400432128, 0.3954707731803258, 0.5318099805602321, 0.3675573951254289, 0.5764284469463207, 0.4069562974075477, 0.5750717072575181, 0.3530650122091174, 0.6248752234158692, 0.4135817264517148, 0.6273899054085766, 0.3400050657490889, 0.656791701692122, 0.0, 0.0, 0.3755894314497709, 0.6754394606307702, 0.39976496025919916, 0.6770659996955483, 0.37090654398004214, 0.7706022911601597, 0.4085328862071037, 0.7411863817109002, 0.3779048773770531, 0.8470182776451111, 0.42319575808942317, 0.7926381760173373], "2": [0.0, 0.0, 0.0, 0.0, 0.0, 0.0, 0.0, 0.0, 0.0, 0.0, 0.0, 0.0, 0.0, 0.0, 0.0, 0.0, 0.0, 0.0, 0.6724758798566958, 0.5083673484899379, 0.0, 0.0, 0.0, 0.0, 0.0, 0.0, 0.0, 0.0, 0.0, 0.0, 0.0, 0.0, 0.0, 0.0], "3": [0.0, 0.0, 0.0, 0.0, 0.0, 0.0, 0.0, 0.0, 0.0, 0.0, 0.0, 0.0, 0.0, 0.0, 0.0, 0.0, 0.0, 0.0, 0.0, 0.0, 0.0, 0.0, 0.0, 0.0, 0.0, 0.0, 0.0, 0.0, 0.0, 0.0, 0.6616080510119597, 0.6525322918538695, 0.0, 0.0], "4": [0.0, 0.0, 0.0, 0.0, 0.0, 0.0, 0.0, 0.0, 0.0, 0.0, 0.0, 0.0, 0.0, 0.0, 0.0, 0.0, 0.0, 0.0, 0.0, 0.0, 0.0, 0.0, 0.0, 0.0, 0.0, 0.0, 0.0, 0.0, 0.0, 0.0, 0.0, 0.0, 0.3778336738546689, 0.8479330733970359]}