{"0": [0.4303282078355551, 0.4403978616551117, 0.0, 0.0, 0.42947848079105216, 0.43517192789801845, 0.4143746252171695, 0.4347886681556702, 0.4225409748653571, 0.4357880901407312, 0.4126887367068559, 0.4610282665155707, 0.4148425256988654, 0.4648521257771386, 0.41509931633869807, 0.5155598554346297, 0.4181882751484711, 0.519372374702383, 0.0, 0.0, 0.4367596263686816, 0.5510172970317028, 0.41024427530355756, 0.5512746085171346, 0.41691762357950213, 0.5522555609544119, 0.41512958022455376, 0.6081396846859544, 0.417115014170607, 0.6098592661045216, 0.3983325757086277, 0.6550060934490628, 0.40952816531062763, 0.6635195736991498], "1": [0.0, 0.0, 0.0, 0.0, 0.0, 0.0, 0.5845428299158811, 0.46067547025503935, 0.6002957543979088, 0.46318660372937165, 0.5771606944346179, 0.5025712326720909, 0.5987315911178788, 0.49923080520497426, 0.0, 0.0, 0.6105319282660882, 0.5083316044674979, 0.0, 0.0, 0.617254235719641, 0.5336907673765112, 0.5787338015933832, 0.5670426607683853, 0.5915180047353109, 0.5686658327226285, 0.5823028118660053, 0.6188022424777349, 0.6045924986402194, 0.6157500028610231, 0.5769020146845529, 0.6789954747314806, 0.6055167537803451, 0.6696646864215533], "2": [0.0, 0.0, 0.0, 0.0, 0.0, 0.0, 0.0, 0.0, 0.0, 0.0, 0.599805794407924, 0.497213187261864, 0.0, 0.0, 0.0, 0.0, 0.0, 0.0, 0.6158855321506659, 0.5324087025942625, 0.0, 0.0, 0.0, 0.0, 0.0, 0.0, 0.0, 0.0, 0.0, 0.0, 0.0, 0.0, 0.0, 0.0]}