{"0": [0.31186905279755595, 0.44559496177567376, 0.3144847915663073, 0.4392387376891242, 0.3092172073821227, 0.4400096296712204, 0.3209836398561795, 0.43752615363509567, 0.30732264295220374, 0.4404731017020014, 0.33341871996720635, 0.46556765415050366, 0.30406332227090993, 0.4666509027834292, 0.346666789924105, 0.5071635427298369, 0.30313428056736785, 0.5088322128410693, 0.3552838032444319, 0.5496349767402368, 0.3035543559739987, 0.5441903060233151, 0.3327455869565407, 0.5529102989920863, 0.31197185019652046, 0.5548583646615346, 0.3380468619366487, 0.611024473917981, 0.3123993342121443, 0.6196011708842384, 0.33975145653821526, 0.668209950791465, 0.31143763723472756, 0.6792777844049313], "1": [0.22576869452993073, 0.4540030797322591, 0.22835403184096018, 0.448109438839472, 0.2220499562099576, 0.4489645764783577, 0.23403343794246514, 0.44776857934064335, 0.2187562491177232, 0.4503183806384051, 0.24447909568746884, 0.4761033053751345, 0.21664672444264094, 0.4890470963937265, 0.2524148482208451, 0.5163946306263959, 0.21776744481176138, 0.5294115103367302, 0.24845156005273264, 0.5341309090455373, 0.22370291948318483, 0.5438056603074074, 0.24529194136460622, 0.5544325603379144, 0.22401124127209188, 0.5603688342703713, 0.24911924116313455, 0.6284525061095202, 0.22170299316445988, 0.6373512400521173, 0.25271507985889907, 0.6853745653673454, 0.2285724981377522, 0.6820305645465851], "2": [0.0, 0.0, 0.0, 0.0, 0.0, 0.0, 0.0, 0.0, 0.0, 0.0, 0.0, 0.0, 0.0, 0.0, 0.0, 0.0, 0.0, 0.0, 0.22811786470313866, 0.5436134110998224, 0.0, 0.0, 0.0, 0.0, 0.0, 0.0, 0.0, 0.0, 0.0, 0.0, 0.0, 0.0, 0.0, 0.0]}