{"0": [0.5900774367153645, 0.4303103853155065, 0.5909219428896904, 0.42616228262583417, 0.5880540306369464, 0.4267734377472489, 0.0, 0.0, 0.5853688084947256, 0.4321707840319033, 0.5686311545548961, 0.46077115734418234, 0.5954834615190824, 0.4580273354495013, 0.0, 0.0, 0.6116086177527904, 0.5035864830017089, 0.0, 0.0, 0.6297800865024328, 0.5396379486278251, 0.5696979426468413, 0.5601711242839142, 0.585194471742337, 0.5653894243416963, 0.568661949923262, 0.642074755165312, 0.5761370216185848, 0.6482905374770915, 0.5686996946499373, 0.7113059154263249, 0.5694934319704771, 0.7106113639142779], "1": [0.44510787253578504, 0.4744527370841415, 0.4469274699067076, 0.4704942690001594, 0.441990523537, 0.47019751356155787, 0.4486253723502159, 0.47185616095860805, 0.0, 0.0, 0.4601695583978047, 0.5056088931030698, 0.43205149471759796, 0.5010445174243715, 0.476169856886069, 0.5551222593696029, 0.42006124096612135, 0.524881801340315, 0.4693869313846032, 0.5374943070941501, 0.4175094957153002, 0.5230609326450913, 0.4551582860449949, 0.5888768647211018, 0.4346577555562059, 0.5851295643382602, 0.45626796393189584, 0.6457041404865406, 0.4283615663647652, 0.6412976348289737, 0.4623258690039317, 0.711899979909261, 0.0, 0.0], "2": [0.0, 0.0, 0.0, 0.0, 0.0, 0.0, 0.5747654233127832, 0.4384877037118982, 0.0, 0.0, 0.0, 0.0, 0.0, 0.0, 0.0, 0.0, 0.0, 0.0, 0.0, 0.0, 0.0, 0.0, 0.0, 0.0, 0.0, 0.0, 0.0, 0.0, 0.0, 0.0, 0.0, 0.0, 0.0, 0.0], "3": [0.0, 0.0, 0.0, 0.0, 0.0, 0.0, 0.0, 0.0, 0.4423149209469557, 0.47180245419343314, 0.0, 0.0, 0.0, 0.0, 0.0, 0.0, 0.0, 0.0, 0.0, 0.0, 0.0, 0.0, 0.0, 0.0, 0.0, 0.0, 0.0, 0.0, 0.0, 0.0, 0.0, 0.0, 0.0, 0.0], "4": [0.0, 0.0, 0.0, 0.0, 0.0, 0.0, 0.0, 0.0, 0.0, 0.0, 0.5959950959930818, 0.4581360571914249, 0.0, 0.0, 0.6118389575431744, 0.5032129411344175, 0.0, 0.0, 0.6297292912999789, 0.5394313982239476, 0.0, 0.0, 0.586668340365092, 0.5560513266810665, 0.0, 0.0, 0.0, 0.0, 0.0, 0.0, 0.0, 0.0, 0.0, 0.0], "5": [0.0, 0.0, 0.0, 0.0, 0.0, 0.0, 0.0, 0.0, 0.0, 0.0, 0.0, 0.0, 0.0, 0.0, 0.0, 0.0, 0.4767182457881669, 0.5548457739529787, 0.0, 0.0, 0.0, 0.0, 0.0, 0.0, 0.0, 0.0, 0.0, 0.0, 0.0, 0.0, 0.0, 0.0, 0.0, 0.0], "6": [0.0, 0.0, 0.0, 0.0, 0.0, 0.0, 0.0, 0.0, 0.0, 0.0, 0.0, 0.0, 0.0, 0.0, 0.0, 0.0, 0.0, 0.0, 0.5681148132309317, 0.4340390117632018, 0.0, 0.0, 0.0, 0.0, 0.0, 0.0, 0.0, 0.0, 0.0, 0.0, 0.0, 0.0, 0.0, 0.0], "7": [0.0, 0.0, 0.0, 0.0, 0.0, 0.0, 0.0, 0.0, 0.0, 0.0, 0.0, 0.0, 0.0, 0.0, 0.0, 0.0, 0.0, 0.0, 0.0, 0.0, 0.0, 0.0, 0.0, 0.0, 0.0, 0.0, 0.0, 0.0, 0.45586145129054784, 0.6472357764288231, 0.0, 0.0, 0.46186118846138313, 0.712882849905226]}