{"0": [0.0, 0.0, 0.0, 0.0, 0.0, 0.0, 0.6775553934896986, 0.5150125603984903, 0.6936441285147642, 0.5181274698840247, 0.6617915750791629, 0.54922263401526, 0.7062282219567956, 0.5588479903561098, 0.6508370276540518, 0.5948971108154015, 0.7152889010806879, 0.6145602486751698, 0.6658640188475451, 0.5983921828093353, 0.0, 0.0, 0.6640024488791824, 0.6498439911339018, 0.6889734465628863, 0.6578921872156638, 0.6531631914277871, 0.7205607956206357, 0.6857986347439389, 0.7365886760530649, 0.6439696495886892, 0.7954064086631493, 0.6838276997208595, 0.8064677521034523], "1": [0.0, 0.0, 0.0, 0.0, 0.0, 0.0, 0.0, 0.0, 0.0, 0.0, 0.22703365891550978, 0.5398620713640142, 0.2647143330269804, 0.5386837785994565, 0.2194895228991906, 0.5951462847215157, 0.27083623136083285, 0.5958135524281749, 0.2114503402262926, 0.6451950768629711, 0.0, 0.0, 0.2426284983754158, 0.6579462393566414, 0.26198335625231267, 0.6541809714502758, 0.25069246950248875, 0.7171455211109585, 0.26155230564375714, 0.7163409693373575, 0.2599182945180406, 0.7710521294153551, 0.26073627671628874, 0.7693598601292757], "2": [0.0, 0.0, 0.0, 0.0, 0.0, 0.0, 0.0, 0.0, 0.0, 0.0, 0.0, 0.0, 0.22698111260930698, 0.543803091512786, 0.0, 0.0, 0.0, 0.0, 0.0, 0.0, 0.0, 0.0, 0.0, 0.0, 0.0, 0.0, 0.0, 0.0, 0.0, 0.0, 0.0, 0.0, 0.0, 0.0], "3": [0.0, 0.0, 0.0, 0.0, 0.0, 0.0, 0.0, 0.0, 0.0, 0.0, 0.0, 0.0, 0.0, 0.0, 0.0, 0.0, 0.0, 0.0, 0.0, 0.0, 0.7131607686479886, 0.6037570714881575, 0.0, 0.0, 0.0, 0.0, 0.0, 0.0, 0.0, 0.0, 0.0, 0.0, 0.0, 0.0]}