{"0": [0.36054253950715065, 0.4457076728343964, 0.36357912098368017, 0.4401898177685561, 0.3576024526109298, 0.4396580387044836, 0.3685387294584264, 0.442191994300595, 0.3542493674904108, 0.4419426378276613, 0.3742100242525339, 0.47052165911429455, 0.35088163688778873, 0.4705411339799563, 0.0, 0.0, 0.34851142211506764, 0.5097982422069267, 0.0, 0.0, 0.3419268259157737, 0.5537456435185891, 0.37541818208992483, 0.54916227945575, 0.3626492578536272, 0.5510592391645467, 0.3682198201616605, 0.6095722573774833, 0.36646077831586205, 0.6098648338406174, 0.3680803632363677, 0.6773452190337358, 0.3680898641546567, 0.6768852103639532], "1": [0.0, 0.0, 0.0, 0.0, 0.0, 0.0, 0.6391516012450059, 0.5083139906878824, 0.6532682421306769, 0.5080838323743255, 0.6259426075965167, 0.5413681292975391, 0.6676645429184039, 0.5431606050994661, 0.6197366511449218, 0.5871737343293648, 0.6796868150432904, 0.5914873337304151, 0.6198789863536756, 0.6165439440144433, 0.0, 0.0, 0.6338342686494192, 0.6423770431015227, 0.6576756014178197, 0.6434309906429715, 0.6328689401348432, 0.7124377601676517, 0.6613225699712832, 0.7128713744658011, 0.6339883627990883, 0.7845331503285303, 0.6621725083639224, 0.7874057557847765], "2": [0.0, 0.0, 0.0, 0.0, 0.0, 0.0, 0.0, 0.0, 0.0, 0.0, 0.0, 0.0, 0.0, 0.0, 0.0, 0.0, 0.0, 0.0, 0.0, 0.0, 0.0, 0.0, 0.0, 0.0, 0.0, 0.0, 0.0, 0.0, 0.0, 0.0, 0.3836801012357076, 0.6281877937140288, 0.0, 0.0], "3": [0.0, 0.0, 0.0, 0.0, 0.0, 0.0, 0.0, 0.0, 0.0, 0.0, 0.0, 0.0, 0.0, 0.0, 0.0, 0.0, 0.0, 0.0, 0.0, 0.0, 0.0, 0.0, 0.0, 0.0, 0.0, 0.0, 0.0, 0.0, 0.0, 0.0, 0.0, 0.0, 0.38395767882466314, 0.6283278200361464]}