{"0": [0.0, 0.0, 0.0, 0.0, 0.0, 0.0, 0.3520184424434168, 0.4779133896170943, 0.0, 0.0, 0.34048766748358805, 0.5228118215446119, 0.374737032999595, 0.5176800436443753, 0.3281515690187613, 0.5888353399173529, 0.3867401963720719, 0.5668513286030955, 0.32233957201242447, 0.594643387860722, 0.3773744374513626, 0.5897078745894961, 0.34828986873229345, 0.6272454577463644, 0.37184846550226214, 0.6245652894179027, 0.35191950467415156, 0.6957913884410153, 0.3731606033165008, 0.6945911581869479, 0.36552189737558366, 0.7648580878973006, 0.37512978712717693, 0.7581944823265075], "1": [0.0, 0.0, 0.0, 0.0, 0.0, 0.0, 0.5682773679494858, 0.5073818298522383, 0.0, 0.0, 0.5771048134639083, 0.53762717169744, 0.5636790016666055, 0.534033422337638, 0.5848066202054422, 0.5620377613438501, 0.5625144554922978, 0.554018458392885, 0.5833076832195123, 0.5908131268289354, 0.5519006016353766, 0.5806397192456104, 0.5749021850526332, 0.5906148303438116, 0.5650626403900484, 0.5895849630236626, 0.5689327747561037, 0.6270062529378467, 0.5633368480950594, 0.6216072069274055, 0.6016766197358568, 0.6559069053166442, 0.565674411257108, 0.6661289310013806], "2": [0.0, 0.0, 0.0, 0.0, 0.0, 0.0, 0.0, 0.0, 0.0, 0.0, 0.0, 0.0, 0.0, 0.0, 0.0, 0.0, 0.0, 0.0, 0.0, 0.0, 0.0, 0.0, 0.0, 0.0, 0.0, 0.0, 0.0, 0.0, 0.0, 0.0, 0.5659637313336134, 0.6665503435664707, 0.0, 0.0], "3": [0.0, 0.0, 0.0, 0.0, 0.0, 0.0, 0.0, 0.0, 0.0, 0.0, 0.0, 0.0, 0.0, 0.0, 0.0, 0.0, 0.0, 0.0, 0.0, 0.0, 0.0, 0.0, 0.0, 0.0, 0.0, 0.0, 0.0, 0.0, 0.0, 0.0, 0.0, 0.0, 0.6014417684947451, 0.6559522231971776]}