{"0": [0.0, 0.0, 0.0, 0.0, 0.0, 0.0, 0.6214897478620212, 0.41870873424190064, 0.636498663201928, 0.42071259485350715, 0.6104358548899957, 0.4466363064668797, 0.6428378893683354, 0.45559963594294256, 0.602187386675117, 0.48494351658004303, 0.6452873613685369, 0.4943042588454706, 0.0, 0.0, 0.0, 0.0, 0.6124679105977218, 0.5366697321611422, 0.6311789096798748, 0.5377527861683457, 0.6161640989283721, 0.5903828020449038, 0.6278955655172467, 0.595949298667687, 0.6217399491618077, 0.6362779076452607, 0.6248519492646059, 0.6360087891419729], "1": [0.0, 0.0, 0.0, 0.0, 0.0, 0.0, 0.337984898686409, 0.5396076948554428, 0.355434544570744, 0.5374200398999232, 0.33813316114246844, 0.5841253647097835, 0.3668715331703424, 0.5709409042640968, 0.32693503609237573, 0.6487644160787265, 0.0, 0.0, 0.3051372903088729, 0.6606727984216478, 0.0, 0.0, 0.34847953990101815, 0.7077217783364985, 0.35988641579945885, 0.7051481249155823, 0.3401897148539622, 0.7748038723512932, 0.0, 0.0, 0.34607129618525506, 0.8241035377537763, 0.3719833901152015, 0.8330325570095467], "2": [0.0, 0.0, 0.0, 0.0, 0.0, 0.0, 0.0, 0.0, 0.0, 0.0, 0.0, 0.0, 0.0, 0.0, 0.0, 0.0, 0.32839805210630096, 0.6474589347839356, 0.0, 0.0, 0.30677985375126204, 0.6596320291360218, 0.0, 0.0, 0.0, 0.0, 0.0, 0.0, 0.0, 0.0, 0.0, 0.0, 0.0, 0.0], "3": [0.0, 0.0, 0.0, 0.0, 0.0, 0.0, 0.0, 0.0, 0.0, 0.0, 0.0, 0.0, 0.0, 0.0, 0.0, 0.0, 0.0, 0.0, 0.0, 0.0, 0.0, 0.0, 0.0, 0.0, 0.0, 0.0, 0.0, 0.0, 0.34038715064525604, 0.7732947070841436, 0.0, 0.0, 0.34691838373740513, 0.8217609491613176], "4": [0.0, 0.0, 0.0, 0.0, 0.0, 0.0, 0.0, 0.0, 0.0, 0.0, 0.0, 0.0, 0.0, 0.0, 0.0, 0.0, 0.0, 0.0, 0.0, 0.0, 0.0, 0.0, 0.0, 0.0, 0.0, 0.0, 0.0, 0.0, 0.0, 0.0, 0.3715603897968928, 0.833148978954112, 0.0, 0.0]}