{"0": [0.6608148999822636, 0.40023969853365865, 0.0, 0.0, 0.6606289483762036, 0.3964597326737863, 0.6519279518940796, 0.3913757476541731, 0.6589401014149189, 0.394994107330287, 0.6481160502880811, 0.408706224626965, 0.6481427405339976, 0.4100316749678718, 0.6495150047043959, 0.4467586647581171, 0.6390674707479775, 0.43325229206432897, 0.0, 0.0, 0.0, 0.0, 0.6457283509274324, 0.48515882686090966, 0.6413661757709088, 0.4779894791625889, 0.6468874554460248, 0.5333276713335956, 0.6467904880642891, 0.5337720817989773, 0.6406977280156144, 0.577056118391776, 0.6361856055526937, 0.5780774223079223], "1": [0.0, 0.0, 0.0, 0.0, 0.0, 0.0, 0.5537179452677568, 0.4361806767958182, 0.5675808101892471, 0.43528109126620823, 0.5494364436715842, 0.46892310447163055, 0.5754373235007129, 0.46688911120096843, 0.5431936862568061, 0.5137429465850194, 0.5849769372182588, 0.5069370115796725, 0.5341618855794271, 0.5380156946403009, 0.5926221812764804, 0.5446219685314982, 0.5499424574275812, 0.5531599914586103, 0.5677240876480937, 0.5534790291830346, 0.5458193710694711, 0.6139769302474128, 0.5621960585316023, 0.6135500921143426, 0.5523024870703618, 0.6797691552727311, 0.5633419739703337, 0.677628625984545]}