{"0": [0.4591153902312119, 0.47582120762930974, 0.46014413234467305, 0.4712359593422325, 0.0, 0.0, 0.4637536130224665, 0.47322052540602505, 0.0, 0.0, 0.47727536846262714, 0.508524826279393, 0.45005359736581646, 0.509705373092934, 0.0, 0.0, 0.0, 0.0, 0.48596817584087454, 0.5953777111790798, 0.0, 0.0, 0.47669992844263714, 0.599401134914822, 0.45464430563151836, 0.6030735046223358, 0.4815031692851335, 0.6555068206455973, 0.4388058014214039, 0.6583113228833234, 0.5030433150629203, 0.7204919086562261, 0.0, 0.0], "1": [0.0, 0.0, 0.0, 0.0, 0.0, 0.0, 0.33305276930332184, 0.5599031276173062, 0.35127253954609233, 0.5527364910752685, 0.3266504557182391, 0.6135620664667201, 0.3649555751743416, 0.5783472443068469, 0.3270392632849204, 0.6572507293136032, 0.3839816239972909, 0.6009990045317897, 0.0, 0.0, 0.39545812457799917, 0.6170806577912084, 0.3596217293292284, 0.692762982569359, 0.37747462435315055, 0.6861586639174709, 0.32837202238539853, 0.7642709224312395, 0.3721384427820643, 0.7288526094070187, 0.3304699822639426, 0.8484413656371611, 0.3867863145967325, 0.7922977041315149], "2": [0.0, 0.0, 0.0, 0.0, 0.0, 0.0, 0.0, 0.0, 0.4597302450488011, 0.4733699251104284, 0.0, 0.0, 0.0, 0.0, 0.0, 0.0, 0.0, 0.0, 0.0, 0.0, 0.0, 0.0, 0.0, 0.0, 0.0, 0.0, 0.0, 0.0, 0.0, 0.0, 0.0, 0.0, 0.0, 0.0], "3": [0.0, 0.0, 0.0, 0.0, 0.0, 0.0, 0.0, 0.0, 0.0, 0.0, 0.4461106702685356, 0.5134085500681842, 0.4782483181605736, 0.5102916108237372, 0.4391798567958176, 0.5728506774814041, 0.48736623823642733, 0.5655484946789565, 0.4321246829504768, 0.5832751618491279, 0.4854454159212764, 0.594574561715126, 0.45603159576033553, 0.5982676550194069, 0.4780912763128678, 0.596266475788973, 0.4380209100743135, 0.6605861456305893, 0.48134711979267497, 0.6568171450385341, 0.43498483632380763, 0.73794314281808, 0.5039385586977005, 0.7212052250349963], "4": [0.0, 0.0, 0.0, 0.0, 0.0, 0.0, 0.0, 0.0, 0.0, 0.0, 0.0, 0.0, 0.0, 0.0, 0.0, 0.0, 0.0, 0.0, 0.0, 0.0, 0.0, 0.0, 0.0, 0.0, 0.0, 0.0, 0.0, 0.0, 0.0, 0.0, 0.0, 0.0, 0.3318125829100609, 0.8496166313136067]}