{"0": [0.3761146583904822, 0.598003390983299, 0.3803592006365458, 0.5901074515448677, 0.37133447105685874, 0.5917479740248787, 0.38805269872148834, 0.5940778394540152, 0.36630567461252206, 0.598354873833833, 0.40464853967229525, 0.6422710982737719, 0.3594033980121215, 0.6427631713725902, 0.41050237729214134, 0.6929156460695797, 0.3503708650668462, 0.707613475744923, 0.39364615607385833, 0.7129140995166919, 0.3415605495373408, 0.7563354629057425, 0.3988799465199311, 0.7761713427525979, 0.3716792734960715, 0.7803345987090358, 0.3994415407379469, 0.8725382297127335, 0.3804137190183004, 0.8716812233130137, 0.3914902612566948, 0.9325240415555459, 0.3898924123495818, 0.9326421302777749], "1": [0.0, 0.0, 0.0, 0.0, 0.0, 0.0, 0.0, 0.0, 0.0, 0.0, 0.20717583652585744, 0.5381037347846561, 0.24424396483227612, 0.5353947934177187, 0.2007795383532842, 0.5929685879636694, 0.2534693972518047, 0.5730837613344193, 0.19360498989311356, 0.6454461146284033, 0.260312243605343, 0.605919317845945, 0.22030088653167088, 0.6464803627243748, 0.2432171369592349, 0.646028662831695, 0.22557854081193607, 0.7000830325815413, 0.24355192440561954, 0.7109491908991779, 0.23277299652496974, 0.7535984581267392, 0.2486434215679765, 0.7797197483204029], "2": [0.0, 0.0, 0.0, 0.0, 0.0, 0.0, 0.0, 0.0, 0.0, 0.0, 0.0, 0.0, 0.20749625265598298, 0.5424936727241233, 0.0, 0.0, 0.0, 0.0, 0.0, 0.0, 0.1943032018840313, 0.6456174684895409, 0.0, 0.0, 0.0, 0.0, 0.0, 0.0, 0.0, 0.0, 0.0, 0.0, 0.0, 0.0], "3": [0.0, 0.0, 0.0, 0.0, 0.0, 0.0, 0.0, 0.0, 0.0, 0.0, 0.0, 0.0, 0.0, 0.0, 0.0, 0.0, 0.0, 0.0, 0.0, 0.0, 0.0, 0.0, 0.0, 0.0, 0.0, 0.0, 0.0, 0.0, 0.0, 0.0, 0.24847133768101534, 0.7835098156222591, 0.0, 0.0]}