{"0": [0.0, 0.0, 0.0, 0.0, 0.0, 0.0, 0.5746515582005183, 0.4181962863438659, 0.5876411731044452, 0.4202225281132592, 0.565866814677914, 0.4429131110509237, 0.5924920008828243, 0.45316898646178067, 0.5568376534307996, 0.4718756316988556, 0.5938521333349248, 0.4917004136023698, 0.0, 0.0, 0.5936719398557518, 0.5304140650011875, 0.5661846285065015, 0.5179360681109958, 0.5822907666986187, 0.5206864833831787, 0.5474528142561516, 0.5774031360944112, 0.5756761339803537, 0.5610661657872024, 0.5409074445565542, 0.6314816277336192, 0.5755221031606197, 0.6120983756250805], "1": [0.0, 0.0, 0.0, 0.0, 0.0, 0.0, 0.6641960078539948, 0.4227698454150447, 0.6736784800887107, 0.4260105615481734, 0.6565170953981578, 0.4414548415828634, 0.6707550338159005, 0.44774885017562793, 0.64537255341808, 0.4618658096702011, 0.6718810064097246, 0.47731449234264867, 0.0, 0.0, 0.0, 0.0, 0.6446676701928179, 0.5082994505211159, 0.656070766877383, 0.5118474070672636, 0.653911792114377, 0.5588413125110997, 0.6606624547702571, 0.5632734391424391, 0.6584835017720858, 0.6134809103276995, 0.6582093899448712, 0.6139471844390586], "2": [0.0, 0.0, 0.0, 0.0, 0.0, 0.0, 0.0, 0.0, 0.0, 0.0, 0.0, 0.0, 0.0, 0.0, 0.0, 0.0, 0.0, 0.0, 0.5620832121620576, 0.43974526005762593, 0.0, 0.0, 0.0, 0.0, 0.0, 0.0, 0.0, 0.0, 0.0, 0.0, 0.0, 0.0, 0.0, 0.0]}