{"0": [0.870043246075511, 0.13400982485877144, 0.8712809986124436, 0.13006950307775428, 0.8684833588389059, 0.13094214995702108, 0.8744141717751821, 0.1315759813344037, 0.8663846204678217, 0.1329475745006844, 0.879452485466997, 0.1514599276361642, 0.8588797310988109, 0.1501908342043559, 0.8861238278448582, 0.17704915470547147, 0.8526501481731733, 0.17563966788627483, 0.8918901741504669, 0.20297526330859575, 0.8514506722489993, 0.19694411125448014, 0.873694947672387, 0.20150577050668222, 0.8610820805033048, 0.2009759238472691, 0.0, 0.0, 0.0, 0.0, 0.0, 0.0, 0.0, 0.0], "1": [0.0, 0.0, 0.0, 0.0, 0.0, 0.0, 0.0, 0.0, 0.4809924412984401, 0.457703165213267, 0.5012019365405043, 0.4840398559967677, 0.4692536288872361, 0.4922030564811495, 0.5064599968027323, 0.5222113942425629, 0.45983699106921755, 0.5165067719088661, 0.0, 0.0, 0.4495554228623708, 0.5355231164782136, 0.49617619303365557, 0.5743530334145934, 0.0, 0.0, 0.5003687277436256, 0.6042258344314716, 0.4734995093817512, 0.6215529256396823, 0.0, 0.0, 0.47048376450935997, 0.6792327848849473], "2": [0.0, 0.0, 0.0, 0.0, 0.0, 0.0, 0.0, 0.0, 0.0, 0.0, 0.4683933645176391, 0.4920747301644749, 0.5004634986321131, 0.4851480232344733, 0.45954503025859594, 0.5175329709494555, 0.0, 0.0, 0.4486086529990037, 0.5365693394232679, 0.0, 0.0, 0.4718046548465888, 0.5748934661900555, 0.4951277475804091, 0.5724578937998525, 0.47280537635087966, 0.6219977188993383, 0.0, 0.0, 0.0, 0.0, 0.0, 0.0], "3": [0.0, 0.0, 0.0, 0.0, 0.0, 0.0, 0.0, 0.0, 0.0, 0.0, 0.8586440150936444, 0.14919749741201044, 0.0, 0.0, 0.852779907360673, 0.1760332187016805, 0.0, 0.0, 0.0, 0.0, 0.0, 0.0, 0.0, 0.0, 0.0, 0.0, 0.0, 0.0, 0.0, 0.0, 0.0, 0.0, 0.0, 0.0], "4": [0.0, 0.0, 0.0, 0.0, 0.0, 0.0, 0.0, 0.0, 0.0, 0.0, 0.0, 0.0, 0.8795944049954414, 0.1504317698655305, 0.0, 0.0, 0.0, 0.0, 0.0, 0.0, 0.0, 0.0, 0.0, 0.0, 0.0, 0.0, 0.0, 0.0, 0.0, 0.0, 0.0, 0.0, 0.0, 0.0], "5": [0.0, 0.0, 0.0, 0.0, 0.0, 0.0, 0.0, 0.0, 0.0, 0.0, 0.0, 0.0, 0.0, 0.0, 0.0, 0.0, 0.0, 0.0, 0.0, 0.0, 0.0, 0.0, 0.0, 0.0, 0.0, 0.0, 0.0, 0.0, 0.49964420559505623, 0.5945672202993322, 0.0, 0.0, 0.0, 0.0]}