{"0": [0.0, 0.0, 0.0, 0.0, 0.0, 0.0, 0.5939743739552796, 0.3791353307388447, 0.6048520279427371, 0.38226716904728497, 0.5842374794185161, 0.39973995398592066, 0.6089863672852516, 0.407496005958981, 0.5761557346209883, 0.4324737345730817, 0.6114964282761017, 0.44375000816804394, 0.5730982772329898, 0.4376520605284664, 0.615815781056881, 0.4665438674114369, 0.5835437846680482, 0.46158091160986153, 0.5984230485123893, 0.4642570937121356, 0.5843170007069906, 0.5100165592299567, 0.5923846715440353, 0.5125647169572336, 0.5877680294215679, 0.5619085170604564, 0.5883192071070273, 0.5613963996922529], "1": [0.0, 0.0, 0.0, 0.0, 0.0, 0.0, 0.6653522933522861, 0.4191836603813701, 0.6768911748658866, 0.42492834219226133, 0.6543414818743865, 0.4353905819080494, 0.6753117412328719, 0.44437602714256, 0.6458738694588343, 0.45966902882964517, 0.6739341415464878, 0.47237493285426385, 0.0, 0.0, 0.0, 0.0, 0.6445278749490778, 0.4916696412143884, 0.6644800406259795, 0.4922228266519529, 0.6356140954109529, 0.5396923319057182, 0.0, 0.0, 0.6375701280931632, 0.5804678069220649, 0.6607892315213879, 0.5237204204003016], "2": [0.0, 0.0, 0.0, 0.0, 0.0, 0.0, 0.0, 0.0, 0.0, 0.0, 0.0, 0.0, 0.0, 0.0, 0.0, 0.0, 0.0, 0.0, 0.0, 0.0, 0.0, 0.0, 0.0, 0.0, 0.0, 0.0, 0.0, 0.0, 0.6385796686634422, 0.5417733333728931, 0.0, 0.0, 0.6374238851169746, 0.5800587382581499], "3": [0.0, 0.0, 0.0, 0.0, 0.0, 0.0, 0.0, 0.0, 0.0, 0.0, 0.0, 0.0, 0.0, 0.0, 0.0, 0.0, 0.0, 0.0, 0.0, 0.0, 0.0, 0.0, 0.0, 0.0, 0.0, 0.0, 0.0, 0.0, 0.0, 0.0, 0.6588427233199279, 0.5239955140484704, 0.0, 0.0]}