{"0": [0.6155226344863574, 0.4074364392845719, 0.6182257773975531, 0.4029347939071832, 0.6141963993820051, 0.40271912769035056, 0.6244643231232961, 0.4047888000806173, 0.0, 0.0, 0.631280735717155, 0.4342113877888079, 0.6189378129939238, 0.43407828741603427, 0.6364637807011604, 0.47082434086887925, 0.6167020455002785, 0.4766451370936853, 0.0, 0.0, 0.0, 0.0, 0.6305347876002391, 0.5128716210524241, 0.6209118317812681, 0.513474119261459, 0.6253886659940083, 0.5666245427258588, 0.6184774811690052, 0.5647847566339704, 0.6314596472152819, 0.6199708541234334, 0.631070542583863, 0.6194336289057025], "1": [0.0, 0.0, 0.0, 0.0, 0.0, 0.0, 0.5473484837139646, 0.5569629391034444, 0.5641639032401145, 0.5619973134111476, 0.5266111992609998, 0.5904312390972066, 0.5682294874762496, 0.6066954893094522, 0.5214115167657535, 0.6487935391841111, 0.5735856143136819, 0.6734535294550437, 0.0, 0.0, 0.5696238168825706, 0.700039185418023, 0.5348435632263621, 0.71605048444536, 0.561486142128706, 0.7165558406600245, 0.5358511577049891, 0.7899091607994504, 0.5787778393675883, 0.7819548386666509, 0.0, 0.0, 0.5773667896476885, 0.867386825437899]}