{"0": [0.0, 0.0, 0.0, 0.0, 0.0, 0.0, 0.37185165087382, 0.5176891896459791, 0.3902755948404471, 0.5165486368868086, 0.3618644403914611, 0.5474345233705309, 0.40055603000024953, 0.5508970715381482, 0.3514530147736271, 0.6013815685554788, 0.4107030662707984, 0.5966875181153969, 0.3575428587694963, 0.6404248140752316, 0.0, 0.0, 0.36738153869907053, 0.647224129901992, 0.3943467443188032, 0.6491507600854944, 0.35493101129929233, 0.7258311134797556, 0.0, 0.0, 0.35804251320660113, 0.792700074337147, 0.0, 0.0], "1": [0.0, 0.0, 0.0, 0.0, 0.0, 0.0, 0.0, 0.0, 0.6341706936558088, 0.5224829691427725, 0.6162765494237343, 0.5329296094399911, 0.6281635125478109, 0.5445907294750214, 0.0, 0.0, 0.6265486060331266, 0.5758222318357892, 0.0, 0.0, 0.0, 0.0, 0.5961763316144546, 0.5826495292010131, 0.6055143599708875, 0.5870578525242982, 0.6001869236429532, 0.6262471632549056, 0.6251626320183277, 0.6368221817193208, 0.6031142920255661, 0.6632314210136732, 0.6375559907406568, 0.6692938775927932], "2": [0.0, 0.0, 0.0, 0.0, 0.0, 0.0, 0.0, 0.0, 0.0, 0.0, 0.0, 0.0, 0.0, 0.0, 0.0, 0.0, 0.0, 0.0, 0.0, 0.0, 0.0, 0.0, 0.0, 0.0, 0.0, 0.0, 0.0, 0.0, 0.6022470994852483, 0.6305129113020721, 0.0, 0.0, 0.6038724891841412, 0.6645189061209008], "3": [0.0, 0.0, 0.0, 0.0, 0.0, 0.0, 0.0, 0.0, 0.0, 0.0, 0.0, 0.0, 0.0, 0.0, 0.0, 0.0, 0.0, 0.0, 0.0, 0.0, 0.0, 0.0, 0.0, 0.0, 0.0, 0.0, 0.0, 0.0, 0.35776392271121343, 0.7259131179915536, 0.0, 0.0, 0.35803696711858113, 0.7940465609232584]}