{"0": [0.6548386866847674, 0.4346140152878232, 0.0, 0.0, 0.6545981210966905, 0.4282556202676561, 0.0, 0.0, 0.6483430716519555, 0.4250616386532784, 0.6434640283075471, 0.4491770925345244, 0.6356826298249264, 0.4461633887555864, 0.6461107147236665, 0.49251501707843054, 0.0, 0.0, 0.6517811929807067, 0.5122299900761357, 0.0, 0.0, 0.6337944042964733, 0.5289627219281168, 0.6309157155454159, 0.5299151344155824, 0.6312842293927392, 0.5895280228524047, 0.6364822554275273, 0.5923615957438295, 0.6276824275287276, 0.6506987153765433, 0.639928423302869, 0.6571848969768594], "1": [0.0, 0.0, 0.0, 0.0, 0.0, 0.0, 0.39697589750091233, 0.5202687395943536, 0.4126685334990422, 0.5207955964185573, 0.3859584926938017, 0.5642285329324228, 0.4240975588560104, 0.5606878994791596, 0.37809589337557553, 0.6267182482061563, 0.4285107343147198, 0.6179262133108245, 0.368781467404915, 0.6725095472953938, 0.0, 0.0, 0.3891656753296653, 0.6762238559899507, 0.4141608519790073, 0.6699330207650308, 0.3881709648917119, 0.7562662742756031, 0.42391096198310463, 0.7349749679918642, 0.3875722475349903, 0.8313789464809277, 0.4332563899457455, 0.7970719067034898], "2": [0.0, 0.0, 0.0, 0.0, 0.0, 0.0, 0.0, 0.0, 0.0, 0.0, 0.0, 0.0, 0.0, 0.0, 0.0, 0.0, 0.0, 0.0, 0.0, 0.0, 0.6499331629524628, 0.5120014022897791, 0.0, 0.0, 0.0, 0.0, 0.0, 0.0, 0.0, 0.0, 0.0, 0.0, 0.0, 0.0], "3": [0.0, 0.0, 0.0, 0.0, 0.0, 0.0, 0.0, 0.0, 0.0, 0.0, 0.0, 0.0, 0.0, 0.0, 0.0, 0.0, 0.0, 0.0, 0.0, 0.0, 0.6247013707955679, 0.4535819192727406, 0.0, 0.0, 0.0, 0.0, 0.0, 0.0, 0.0, 0.0, 0.0, 0.0, 0.0, 0.0]}