{"0": [0.3669090093423923, 0.37687184280819364, 0.36898951344192027, 0.37257506913608973, 0.3639272791643938, 0.37312677955185924, 0.3722965984915693, 0.3724706618874161, 0.3606958433675269, 0.3744335184770602, 0.3791923274596532, 0.39719672804629363, 0.35483475116391977, 0.4006884455680847, 0.3884209372103215, 0.4265956125877522, 0.3518908752594143, 0.4350733789028945, 0.3879647210240364, 0.46453856892055934, 0.35286104232072835, 0.4652744149720227, 0.37771600795288884, 0.4629498011915496, 0.36213808755079907, 0.4652381517268993, 0.38414646759629245, 0.5169846525898686, 0.36673247007032234, 0.5215437317336047, 0.376616657525301, 0.5688580828684348, 0.37529521187146503, 0.5672921012949061], "1": [0.43482924737036227, 0.3672927396716895, 0.43608084246516227, 0.3625735521316528, 0.43290229216218, 0.36398099285584906, 0.44128247499465945, 0.3608725155945177, 0.4330701015889645, 0.36153403410205137, 0.44998995612064996, 0.3795123994350434, 0.43274124835928274, 0.3836424986521403, 0.45788414341708017, 0.40374556239004494, 0.4341160884747903, 0.4163056704733107, 0.44500552378594876, 0.4019017304535265, 0.42805855832993983, 0.4469972167853956, 0.4529968312631051, 0.44028786980995427, 0.4429017856096228, 0.4412853672548577, 0.4536094417174657, 0.4920360320144229, 0.4462939461072286, 0.4922195954731217, 0.4572565108537674, 0.5446519383953677, 0.4505159366875887, 0.543052468917988], "2": [0.0, 0.0, 0.0, 0.0, 0.0, 0.0, 0.0, 0.0, 0.0, 0.0, 0.0, 0.0, 0.0, 0.0, 0.0, 0.0, 0.0, 0.0, 0.45700178456803164, 0.44476095658761483, 0.0, 0.0, 0.0, 0.0, 0.0, 0.0, 0.0, 0.0, 0.0, 0.0, 0.0, 0.0, 0.0, 0.0], "3": [0.0, 0.0, 0.0, 0.0, 0.0, 0.0, 0.0, 0.0, 0.0, 0.0, 0.0, 0.0, 0.0, 0.0, 0.0, 0.0, 0.0, 0.0, 0.0, 0.0, 0.44587012591461334, 0.4010589480400085, 0.0, 0.0, 0.0, 0.0, 0.0, 0.0, 0.0, 0.0, 0.0, 0.0, 0.0, 0.0]}