{"0": [0.0, 0.0, 0.0, 0.0, 0.0, 0.0, 0.6635396507879098, 0.5288643112337147, 0.6830974442263444, 0.5306301945889438, 0.6482399206298093, 0.5678644917629382, 0.6935248693606506, 0.5777463288218887, 0.6390795693111916, 0.6235589117915542, 0.6994481566051644, 0.6341256814974326, 0.6363249552125733, 0.6700138436423406, 0.701061298387746, 0.6758157564534082, 0.6504306084165971, 0.6759313868151771, 0.6778490210572878, 0.6832476732907472, 0.6450833130627871, 0.7487208280298445, 0.6779852092266083, 0.7556437470294812, 0.6399487619288265, 0.8183844091577662, 0.6769169751244287, 0.8249895423650742], "1": [0.0, 0.0, 0.0, 0.0, 0.0, 0.0, 0.3390676527284085, 0.41561014983389105, 0.3517779879271984, 0.4177109255834862, 0.32697229587938637, 0.4421734079166695, 0.3577186896155278, 0.4477366168189932, 0.318116419762373, 0.4758639916225716, 0.3568031957373023, 0.4907910519176059, 0.31708688996732237, 0.516726741084346, 0.35017592882116627, 0.525019759160501, 0.32470893959204356, 0.5232442756493886, 0.34341873191297057, 0.5260648756115525, 0.32358408737927674, 0.5860526967931676, 0.3427143416677912, 0.5865677760707008, 0.3230589145794511, 0.6364927031375743, 0.34330019749080143, 0.6395542425137978]}