{"0": [0.0, 0.0, 0.0, 0.0, 0.0, 0.0, 0.5169488225132227, 0.5446386144806942, 0.5327627457678318, 0.5442294810243227, 0.5063975369092077, 0.5793731433373911, 0.5414880664398273, 0.5763480318917169, 0.4958609886467456, 0.6129676818847656, 0.5503515315552553, 0.6189430126713382, 0.49441223554313185, 0.6472865142756038, 0.5671148654073477, 0.6635073597232499, 0.5128121071442169, 0.6679292935642557, 0.5383694154520829, 0.6733347484359035, 0.0, 0.0, 0.568486406498899, 0.6813666275254002, 0.0, 0.0, 0.5798509612679481, 0.7509903535798745], "1": [0.0, 0.0, 0.0, 0.0, 0.0, 0.0, 0.6037765361368657, 0.508016770084699, 0.6194254217048486, 0.5121535391719253, 0.5902847669397792, 0.5384655292387361, 0.6307814434791604, 0.5484946352464182, 0.5767751496285201, 0.5885214699639214, 0.0, 0.0, 0.0, 0.0, 0.0, 0.0, 0.0, 0.0, 0.0, 0.0, 0.0, 0.0, 0.0, 0.0, 0.0, 0.0, 0.0, 0.0], "2": [0.0, 0.0, 0.0, 0.0, 0.0, 0.0, 0.0, 0.0, 0.0, 0.0, 0.0, 0.0, 0.0, 0.0, 0.0, 0.0, 0.0, 0.0, 0.0, 0.0, 0.6396428271895275, 0.6582054120522959, 0.0, 0.0, 0.0, 0.0, 0.0, 0.0, 0.0, 0.0, 0.0, 0.0, 0.0, 0.0], "3": [0.0, 0.0, 0.0, 0.0, 0.0, 0.0, 0.0, 0.0, 0.0, 0.0, 0.0, 0.0, 0.0, 0.0, 0.0, 0.0, 0.0, 0.0, 0.0, 0.0, 0.0, 0.0, 0.0, 0.0, 0.0, 0.0, 0.5027071040744583, 0.68220657993246, 0.0, 0.0, 0.5015330124646425, 0.7246422443124984, 0.0, 0.0]}