{"0": [0.5777883286277453, 0.4104842273173509, 0.57933256427447, 0.4040125237294921, 0.5742149149378141, 0.4052572754798112, 0.5830442649622758, 0.40370251288835857, 0.5688496811082586, 0.4054478775571893, 0.5894965932549288, 0.4288658647625534, 0.56376605356733, 0.43283461746242313, 0.5938819157425315, 0.4632192261517048, 0.5554109334324797, 0.4644585210967947, 0.0, 0.0, 0.5582404293119907, 0.4392094513884297, 0.585260159879302, 0.5073126192032187, 0.5684962009079755, 0.5083961401824598, 0.578728919972976, 0.5575238359195215, 0.5678903169929981, 0.5655811546025453, 0.574839147925377, 0.6177224121711872, 0.5722040443991622, 0.6202021819573862], "1": [0.0, 0.0, 0.0, 0.0, 0.0, 0.0, 0.5991015307605266, 0.42890260528635094, 0.6114362532893817, 0.43032172278121666, 0.5966158609837293, 0.45803448579929495, 0.6142387706475954, 0.46246720949808756, 0.0, 0.0, 0.0, 0.0, 0.0, 0.0, 0.0, 0.0, 0.5971886968861023, 0.542309997037605, 0.6062961389310658, 0.5392428623305426, 0.5929099940384428, 0.595446290075779, 0.6030210227395097, 0.5949211580885782, 0.5996186783154315, 0.6589354744544866, 0.6096471033990383, 0.6579046236144172]}