{"0": [0.0, 0.0, 0.0, 0.0, 0.0, 0.0, 0.6347446787481507, 0.4217062835340147, 0.6485095508396626, 0.42439496804166715, 0.6240559226522843, 0.4472497034955908, 0.6521650818331788, 0.45844164733533505, 0.615642569710811, 0.47861372547017206, 0.6624440841376782, 0.504007969962226, 0.0, 0.0, 0.6770126938043783, 0.5359546109482094, 0.626940113445744, 0.5347288851384764, 0.6415398257474105, 0.5351974804092337, 0.6413671460002661, 0.591299808466876, 0.6450955688953399, 0.5906673860770685, 0.6350768847642113, 0.6408856241066215, 0.6362828125897446, 0.6414693059177491], "1": [0.0, 0.0, 0.0, 0.0, 0.0, 0.0, 0.3690093953162432, 0.5108362383312649, 0.0, 0.0, 0.3642566191653411, 0.5587609895953426, 0.3956972410281499, 0.547646943728129, 0.3611111824711164, 0.6160219364696079, 0.40347447060048575, 0.6014633534131225, 0.3451097168028355, 0.6428439484702215, 0.0, 0.0, 0.3717991403942665, 0.6728626800647707, 0.3907117755462726, 0.6578236840389393, 0.36625325456261637, 0.7460627177247294, 0.3845563250904282, 0.7217559503736319, 0.3851947929399709, 0.823766652080748, 0.38903446837017935, 0.77990883577753], "2": [0.0, 0.0, 0.0, 0.0, 0.0, 0.0, 0.0, 0.0, 0.0, 0.0, 0.0, 0.0, 0.3626136913895607, 0.5607549692745561, 0.0, 0.0, 0.0, 0.0, 0.0, 0.0, 0.0, 0.0, 0.0, 0.0, 0.0, 0.0, 0.0, 0.0, 0.0, 0.0, 0.0, 0.0, 0.0, 0.0], "3": [0.0, 0.0, 0.0, 0.0, 0.0, 0.0, 0.0, 0.0, 0.0, 0.0, 0.0, 0.0, 0.0, 0.0, 0.0, 0.0, 0.0, 0.0, 0.6764547896881898, 0.5358936159699051, 0.0, 0.0, 0.0, 0.0, 0.0, 0.0, 0.0, 0.0, 0.0, 0.0, 0.0, 0.0, 0.0, 0.0], "4": [0.0, 0.0, 0.0, 0.0, 0.0, 0.0, 0.0, 0.0, 0.0, 0.0, 0.0, 0.0, 0.0, 0.0, 0.0, 0.0, 0.0, 0.0, 0.0, 0.0, 0.0, 0.0, 0.0, 0.0, 0.0, 0.0, 0.0, 0.0, 0.0, 0.0, 0.38579099078973134, 0.7802939465752354, 0.0, 0.0], "5": [0.0, 0.0, 0.0, 0.0, 0.0, 0.0, 0.0, 0.0, 0.0, 0.0, 0.0, 0.0, 0.0, 0.0, 0.0, 0.0, 0.0, 0.0, 0.0, 0.0, 0.0, 0.0, 0.0, 0.0, 0.0, 0.0, 0.0, 0.0, 0.0, 0.0, 0.0, 0.0, 0.38546214951978375, 0.8231866017535882]}