{"0": [0.3260933458805084, 0.4699187716952077, 0.3309468822553754, 0.46389323086650286, 0.3242851534237464, 0.4620668936106893, 0.0, 0.0, 0.32152888538936775, 0.4642674419615004, 0.32142586323122185, 0.5200406769911449, 0.3206741320590178, 0.5218100173053918, 0.32455513762931026, 0.5476655688550737, 0.3186661298541973, 0.5539952501102731, 0.32914103840788206, 0.5873925595371812, 0.3250276938080788, 0.5871355242199368, 0.3188407857126246, 0.5954781315392919, 0.3231030703211824, 0.5929851818967748, 0.32175949936111775, 0.6446931622646472, 0.32252786168828607, 0.6467963958228076, 0.3162935988340416, 0.6826968706611519, 0.3195675522325727, 0.6939838361992199], "1": [0.0, 0.0, 0.0, 0.0, 0.0, 0.0, 0.6457644409189621, 0.5123958313906635, 0.6610607774307332, 0.5106821914513906, 0.6331275567412377, 0.5467972064459765, 0.675667961438497, 0.5460243424883595, 0.6275123749549192, 0.5984439326657189, 0.6837134540081025, 0.6024001718671234, 0.6231568087358028, 0.6380497844130905, 0.6854735639334346, 0.6444334398817133, 0.6400247655188044, 0.6479585063954194, 0.6653814717506369, 0.6535853465398153, 0.6389516551668445, 0.7223230938047722, 0.6684371728760501, 0.7260094439541851, 0.6396822119519735, 0.8020243036526221, 0.6684538567438723, 0.802654946843783]}