{"0": [0.5989288197830319, 0.46807534606368456, 0.6043418064713478, 0.46099639998541936, 0.596449651196599, 0.4620087831108659, 0.6108242879311244, 0.46254425589685094, 0.5934354041082164, 0.46407286381279983, 0.6177784322450558, 0.4884750646573526, 0.5942078413441777, 0.4935368397721538, 0.6102376508371283, 0.5296373287086479, 0.0, 0.0, 0.0, 0.0, 0.0, 0.0, 0.6209317478040854, 0.5660632370798676, 0.6039675192286571, 0.5674192313794737, 0.6423263862729074, 0.6231597284475963, 0.5856833085107307, 0.6026883161730237, 0.6630843733747801, 0.6769592670378861, 0.5741806299736102, 0.6630998742525225], "1": [0.0, 0.0, 0.0, 0.0, 0.0, 0.0, 0.35566853334506354, 0.5124754821812665, 0.36939599110434457, 0.5123437453199315, 0.3411481899519761, 0.5488335097277606, 0.38348314066727957, 0.544753797573072, 0.3365758122255405, 0.5971878733347964, 0.3942048772548636, 0.5924029917628677, 0.3392867108806968, 0.634966265934485, 0.40081529269615807, 0.6386969411814655, 0.3546788812925418, 0.6530695268401393, 0.37869756718476616, 0.649137611080099, 0.3601089629344642, 0.7246431171894073, 0.38406072966754434, 0.720593273418921, 0.3663698154191176, 0.8053251347056142, 0.3876407581071059, 0.7904181299386202]}