{"0": [0.3532689797381561, 0.43355117172554686, 0.3534611841042837, 0.4291779840434039, 0.35122181245436274, 0.4283271140522427, 0.0, 0.0, 0.3423308596014977, 0.4274851238286054, 0.35146219860762357, 0.4549885098580961, 0.3290774827202162, 0.4555437500398882, 0.35350154402355355, 0.48669809290656335, 0.3226423797818522, 0.49816304555645696, 0.35134928120921055, 0.5089307894309362, 0.32604466459403436, 0.5362368474955912, 0.3438316322087, 0.5273401070524145, 0.3312978691693085, 0.5248615465782307, 0.34377252613388315, 0.586184392372767, 0.3382083163907131, 0.5872397036464126, 0.32650860243787366, 0.6387161274751028, 0.3308122810597221, 0.648225649094416], "1": [0.0, 0.0, 0.0, 0.0, 0.0, 0.0, 0.0, 0.0, 0.0, 0.0, 0.5930625021457672, 0.5335899004229793, 0.0, 0.0, 0.5800171869496504, 0.5830196802262907, 0.0, 0.0, 0.5685830214216063, 0.6094984870266031, 0.0, 0.0, 0.5991066846996546, 0.6536352067082016, 0.6243498519062995, 0.6413989637185026, 0.5980041975776355, 0.6988352053695256, 0.6293733405570189, 0.6832354331458055, 0.5958579031129679, 0.7651267102471105, 0.639604217283583, 0.768837328310366], "2": [0.0, 0.0, 0.0, 0.0, 0.0, 0.0, 0.0, 0.0, 0.0, 0.0, 0.0, 0.0, 0.0, 0.0, 0.0, 0.0, 0.0, 0.0, 0.0, 0.0, 0.0, 0.0, 0.0, 0.0, 0.0, 0.0, 0.6291523464024068, 0.6828988841286413, 0.0, 0.0, 0.6398830771446228, 0.7699059786619964, 0.0, 0.0], "3": [0.0, 0.0, 0.0, 0.0, 0.0, 0.0, 0.0, 0.0, 0.0, 0.0, 0.0, 0.0, 0.0, 0.0, 0.0, 0.0, 0.0, 0.0, 0.0, 0.0, 0.0, 0.0, 0.0, 0.0, 0.0, 0.0, 0.0, 0.0, 0.5984922276809812, 0.6987396415736941, 0.0, 0.0, 0.5961117339630921, 0.7639723201592762]}