{"0": [0.0, 0.0, 0.0, 0.0, 0.0, 0.0, 0.44688211530447014, 0.43349389833984553, 0.4590909597774347, 0.4342558913760715, 0.4371630425254504, 0.45705702437294854, 0.46208322954674563, 0.4633102007486202, 0.42819316027065124, 0.47165241075886616, 0.0, 0.0, 0.0, 0.0, 0.0, 0.0, 0.4332967499891917, 0.5512331912914912, 0.45332433357834817, 0.5511254265904426, 0.42251438001791636, 0.605593752419507, 0.4582817876090607, 0.6089039319091372, 0.41380848207821447, 0.6565432592674538, 0.4691990867567559, 0.673068254523807], "1": [0.0, 0.0, 0.0, 0.0, 0.0, 0.0, 0.6583985007057588, 0.5134248772153148, 0.6697729768852393, 0.515861940935806, 0.6423466105014086, 0.5326171093516879, 0.6741652553280194, 0.5500462102669257, 0.6334935061633586, 0.5620449620264548, 0.6920950682212909, 0.601876007186042, 0.0, 0.0, 0.7179796442389487, 0.6038022639988749, 0.6436304788881292, 0.638477028078503, 0.6671221226453782, 0.6404919548719018, 0.6419699981808661, 0.703529151501479, 0.6747602599362533, 0.7060109659477517, 0.6325800569107135, 0.7701670205151593, 0.6718274173637231, 0.7760547070591538]}