{"0": [0.0, 0.0, 0.0, 0.0, 0.0, 0.0, 0.6400530405342579, 0.4224237773153517, 0.6546346592406432, 0.42543067937647855, 0.6286340278883775, 0.44819449039038134, 0.6577786060671011, 0.4592019416667797, 0.6193691107754906, 0.47669013617215333, 0.668203677299122, 0.5040962016140973, 0.0, 0.0, 0.0, 0.0, 0.6309999184372524, 0.5347143111405549, 0.6476296841166912, 0.5357593216277935, 0.6449218293031057, 0.5900962261138138, 0.6503117762506008, 0.5895970877673891, 0.6416301332746026, 0.6419257138159076, 0.6406354429137242, 0.6444809963549987], "1": [0.0, 0.0, 0.0, 0.0, 0.0, 0.0, 0.3683978850953281, 0.5286812822024027, 0.3851609563144545, 0.5282688548167547, 0.3626660566776991, 0.5729571814890261, 0.3967947386205196, 0.5614827345918726, 0.35628107804999065, 0.6294843697989428, 0.4023681870661676, 0.6137119202702134, 0.3408462731788556, 0.6400799353917441, 0.0, 0.0, 0.37243331400677554, 0.6698141313261456, 0.3919316401084264, 0.6647654565396133, 0.3634850807487965, 0.7573965403768751, 0.39166075078149637, 0.7303457857833968, 0.3753809941311677, 0.8413986713797957, 0.4033459001531204, 0.793502340051863], "2": [0.0, 0.0, 0.0, 0.0, 0.0, 0.0, 0.0, 0.0, 0.0, 0.0, 0.0, 0.0, 0.0, 0.0, 0.0, 0.0, 0.0, 0.0, 0.0, 0.0, 0.6806136153638362, 0.5345007236357089, 0.0, 0.0, 0.0, 0.0, 0.0, 0.0, 0.0, 0.0, 0.0, 0.0, 0.0, 0.0], "3": [0.0, 0.0, 0.0, 0.0, 0.0, 0.0, 0.0, 0.0, 0.0, 0.0, 0.0, 0.0, 0.0, 0.0, 0.0, 0.0, 0.0, 0.0, 0.0, 0.0, 0.3420849107205868, 0.6387716341901708, 0.0, 0.0, 0.0, 0.0, 0.0, 0.0, 0.0, 0.0, 0.0, 0.0, 0.0, 0.0], "4": [0.0, 0.0, 0.0, 0.0, 0.0, 0.0, 0.0, 0.0, 0.0, 0.0, 0.0, 0.0, 0.0, 0.0, 0.0, 0.0, 0.0, 0.0, 0.0, 0.0, 0.0, 0.0, 0.0, 0.0, 0.0, 0.0, 0.0, 0.0, 0.0, 0.0, 0.0, 0.0, 0.3761855353290836, 0.842873983471482]}