{"0": [0.5394873804102341, 0.4763299906695331, 0.0, 0.0, 0.5387722353761395, 0.46983460320366754, 0.0, 0.0, 0.533744482944409, 0.46903163448528007, 0.5449932061135769, 0.5026306165589227, 0.5195181322594483, 0.49797815327291134, 0.5508608681460222, 0.5493941726507964, 0.0, 0.0, 0.0, 0.0, 0.0, 0.0, 0.0, 0.0, 0.5152541893223922, 0.58100732796722, 0.0, 0.0, 0.0, 0.0, 0.0, 0.0, 0.0, 0.0], "1": [0.0, 0.0, 0.0, 0.0, 0.0, 0.0, 0.6232152982304494, 0.42772642175356546, 0.6364831568052371, 0.42653330547942053, 0.6151570718114575, 0.45949766900804306, 0.643395884335041, 0.4586636139286889, 0.6110757732763886, 0.5000073164537618, 0.6509748628983895, 0.5048733697997199, 0.6113638283063968, 0.5300631640409982, 0.664485729811713, 0.5373061967392763, 0.6257212935636441, 0.537303504154638, 0.6410839054733515, 0.5358793536822002, 0.6405931422486901, 0.5926871379216512, 0.647194373359283, 0.5849956993703489, 0.6198640286922454, 0.6297864273742393, 0.6611768597736954, 0.6226317816310459], "2": [0.0, 0.0, 0.0, 0.0, 0.0, 0.0, 0.0, 0.0, 0.0, 0.0, 0.5190365979758401, 0.4934798533165896, 0.5425970690945784, 0.5051590336693658, 0.5084958035498858, 0.5453623436115406, 0.5529903351018827, 0.5580699156831812, 0.0, 0.0, 0.561270736468335, 0.5943758178640295, 0.515688598031799, 0.5815604548280437, 0.5411189741144578, 0.5858730219028614, 0.5002165927241246, 0.6225094528109939, 0.5576022287209829, 0.6200014513951759, 0.4864570006728172, 0.6781777631077501, 0.5668738301843405, 0.6819169759750366], "3": [0.0, 0.0, 0.0, 0.0, 0.0, 0.0, 0.0, 0.0, 0.0, 0.0, 0.0, 0.0, 0.0, 0.0, 0.0, 0.0, 0.0, 0.0, 0.0, 0.0, 0.0, 0.0, 0.0, 0.0, 0.0, 0.0, 0.5565861868672073, 0.619635549739555, 0.0, 0.0, 0.0, 0.0, 0.0, 0.0], "4": [0.0, 0.0, 0.0, 0.0, 0.0, 0.0, 0.0, 0.0, 0.0, 0.0, 0.0, 0.0, 0.0, 0.0, 0.0, 0.0, 0.0, 0.0, 0.0, 0.0, 0.0, 0.0, 0.0, 0.0, 0.0, 0.0, 0.0, 0.0, 0.0, 0.0, 0.6601370268811783, 0.6227423233014566, 0.0, 0.0], "5": [0.0, 0.0, 0.0, 0.0, 0.0, 0.0, 0.0, 0.0, 0.0, 0.0, 0.0, 0.0, 0.0, 0.0, 0.0, 0.0, 0.0, 0.0, 0.0, 0.0, 0.0, 0.0, 0.0, 0.0, 0.0, 0.0, 0.0, 0.0, 0.0, 0.0, 0.0, 0.0, 0.6199463459352652, 0.629006106765182]}