{"0": [0.551584622512261, 0.5477363343592043, 0.0, 0.0, 0.5511532990882794, 0.5434439077421471, 0.0, 0.0, 0.5441093394222359, 0.5415630318500377, 0.5422111208240191, 0.5627100357302912, 0.5217910930514336, 0.5582862231466506, 0.5376918517053128, 0.5973174299354906, 0.5090157377223173, 0.5872165990096552, 0.5400966318013768, 0.6211264727292237, 0.5223915517951051, 0.5973813125380764, 0.5251832974453767, 0.6131002317976069, 0.5104391138826031, 0.6110759579128138, 0.5338704019784928, 0.6355115932446938, 0.0, 0.0, 0.5329755347222089, 0.6718857208887737, 0.5171398249765237, 0.6642369761511132], "1": [0.4181495257963737, 0.4135203906783351, 0.0, 0.0, 0.41698290780186653, 0.4107850346576284, 0.40450067768494286, 0.4094347526629766, 0.41410791054368024, 0.41292991594032, 0.39468622505664824, 0.434695530600018, 0.4214226501683394, 0.44046673631226574, 0.3861907391498486, 0.4637944414107888, 0.424302946900328, 0.47661729377728923, 0.0, 0.0, 0.42406448125839236, 0.5010046817638256, 0.3970235935101906, 0.5049230036912141, 0.4154652509838343, 0.5064654754267799, 0.3926677336295446, 0.5470855328771803, 0.41353369367619347, 0.5507724491534409, 0.38620530609041454, 0.5969995665881369, 0.4206592789540688, 0.6007943369724132], "2": [0.0, 0.0, 0.0, 0.0, 0.0, 0.0, 0.0, 0.0, 0.0, 0.0, 0.0, 0.0, 0.9835828134169181, 0.37266613598223086, 0.0, 0.0, 0.9745448046674331, 0.4010777129067315, 0.0, 0.0, 0.0, 0.0, 0.0, 0.0, 0.0, 0.0, 0.0, 0.0, 0.0, 0.0, 0.0, 0.0, 0.0, 0.0], "3": [0.0, 0.0, 0.0, 0.0, 0.0, 0.0, 0.0, 0.0, 0.0, 0.0, 0.0, 0.0, 0.0, 0.0, 0.0, 0.0, 0.0, 0.0, 0.0, 0.0, 0.5121370732784272, 0.6531986642766882, 0.0, 0.0, 0.0, 0.0, 0.0, 0.0, 0.0, 0.0, 0.0, 0.0, 0.0, 0.0], "4": [0.0, 0.0, 0.0, 0.0, 0.0, 0.0, 0.0, 0.0, 0.0, 0.0, 0.0, 0.0, 0.0, 0.0, 0.0, 0.0, 0.0, 0.0, 0.0, 0.0, 0.0, 0.0, 0.0, 0.0, 0.0, 0.0, 0.5287638100485006, 0.6797420373669378, 0.0, 0.0, 0.0, 0.0, 0.0, 0.0], "5": [0.0, 0.0, 0.0, 0.0, 0.0, 0.0, 0.0, 0.0, 0.0, 0.0, 0.0, 0.0, 0.0, 0.0, 0.0, 0.0, 0.0, 0.0, 0.0, 0.0, 0.0, 0.0, 0.0, 0.0, 0.0, 0.0, 0.0, 0.0, 0.500656333193183, 0.6013433390193516, 0.0, 0.0, 0.0, 0.0], "6": [0.0, 0.0, 0.0, 0.0, 0.0, 0.0, 0.0, 0.0, 0.0, 0.0, 0.0, 0.0, 0.0, 0.0, 0.0, 0.0, 0.0, 0.0, 0.0, 0.0, 0.0, 0.0, 0.0, 0.0, 0.0, 0.0, 0.0, 0.0, 0.5243565366913875, 0.6812970618406932, 0.0, 0.0, 0.0, 0.0]}