{"0": [0.0, 0.0, 0.0, 0.0, 0.0, 0.0, 0.4674871891736984, 0.5301747243713449, 0.48486011611918606, 0.5278388139274385, 0.45676268643389145, 0.5728576264999531, 0.4992459616313378, 0.5653650117141229, 0.451501762929062, 0.636250490170938, 0.5070301880439122, 0.6121083117193646, 0.4460325561463832, 0.6833293343031848, 0.49348979148392874, 0.6294928455794299, 0.4644649456643189, 0.6829513231913249, 0.4914283722639084, 0.6845927325111847, 0.46553631151715913, 0.736863703487648, 0.49321207081278173, 0.7578968378128829, 0.4689908638130874, 0.7888407936595656, 0.49368287418813755, 0.8185987010322235], "1": [0.0, 0.0, 0.0, 0.0, 0.0, 0.0, 0.35787227128942806, 0.5541377305984497, 0.3701482381671667, 0.5493823258965104, 0.37263317887360853, 0.5818826464591202, 0.3805264757325252, 0.5758443117141724, 0.0, 0.0, 0.3949828972419103, 0.5982117648477907, 0.39397534310507276, 0.6854498674472173, 0.36129511470595993, 0.661143907463109, 0.39458463148524364, 0.696943595012029, 0.39509985260665414, 0.6864111772289982, 0.371058016270399, 0.7425298929214478, 0.37070729285478593, 0.7414473679330613, 0.3871679370601972, 0.7820121186750908, 0.38645809330046177, 0.7798200459391983], "2": [0.0, 0.0, 0.0, 0.0, 0.0, 0.0, 0.0, 0.0, 0.0, 0.0, 0.0, 0.0, 0.0, 0.0, 0.3938578432581077, 0.5975249333514108, 0.0, 0.0, 0.0, 0.0, 0.0, 0.0, 0.0, 0.0, 0.0, 0.0, 0.0, 0.0, 0.0, 0.0, 0.0, 0.0, 0.0, 0.0], "3": [0.0, 0.0, 0.0, 0.0, 0.0, 0.0, 0.0, 0.0, 0.0, 0.0, 0.0, 0.0, 0.0, 0.0, 0.0, 0.0, 0.37441801590224105, 0.6319800766529861, 0.0, 0.0, 0.0, 0.0, 0.0, 0.0, 0.0, 0.0, 0.0, 0.0, 0.0, 0.0, 0.0, 0.0, 0.0, 0.0], "4": [0.0, 0.0, 0.0, 0.0, 0.0, 0.0, 0.0, 0.0, 0.0, 0.0, 0.0, 0.0, 0.0, 0.0, 0.0, 0.0, 0.0, 0.0, 0.36016917251981795, 0.6626758611036672, 0.0, 0.0, 0.0, 0.0, 0.0, 0.0, 0.0, 0.0, 0.0, 0.0, 0.0, 0.0, 0.0, 0.0]}