{"0": [0.0, 0.0, 0.0, 0.0, 0.0, 0.0, 0.37840387026468914, 0.5235461007665705, 0.39843529388308524, 0.5167869890177691, 0.3635038134952386, 0.5680212172093215, 0.40656172186136247, 0.5597376019314483, 0.35266252209742865, 0.6248752486926538, 0.4186142803480228, 0.6126497655003159, 0.3542046825091044, 0.6732654609062054, 0.41855352696341774, 0.6630681654645336, 0.37982393279671667, 0.6860379272588977, 0.40165740186348564, 0.6776255976822642, 0.3869827130188544, 0.7792348011776252, 0.40211904569296164, 0.7746551347551522, 0.0, 0.0, 0.0, 0.0], "1": [0.0, 0.0, 0.0, 0.0, 0.0, 0.0, 0.0, 0.0, 0.0, 0.0, 0.0, 0.0, 0.0, 0.0, 0.0, 0.0, 0.0, 0.0, 0.0, 0.0, 0.0, 0.0, 0.0, 0.0, 0.0, 0.0, 0.42485701764623324, 0.6931592952873972, 0.0, 0.0, 0.435865519164751, 0.759474807701729, 0.0, 0.0], "2": [0.0, 0.0, 0.0, 0.0, 0.0, 0.0, 0.0, 0.0, 0.0, 0.0, 0.0, 0.0, 0.0, 0.0, 0.0, 0.0, 0.0, 0.0, 0.0, 0.0, 0.0, 0.0, 0.0, 0.0, 0.0, 0.0, 0.0, 0.0, 0.4254301319519679, 0.6931817858859346, 0.0, 0.0, 0.4367368720471859, 0.7599751682745086]}