{"0": [0.325667774801453, 0.46073656965185095, 0.32741314759477974, 0.454786992514575, 0.32120389540990196, 0.45405100672333326, 0.33162188896288475, 0.45781375390511975, 0.3145124774115781, 0.4575977312193977, 0.33524863325680293, 0.4860959071803976, 0.3059770420814554, 0.49810086091359457, 0.34291981905698776, 0.5181893648924651, 0.29417092393462857, 0.5402642329533894, 0.35643008630722756, 0.5473124256840458, 0.3081642732024193, 0.5541534189824705, 0.3242871917666026, 0.5893727808610213, 0.0, 0.0, 0.3313832903901736, 0.6356141319981328, 0.3131129612525304, 0.6357394514260468, 0.3275177242855231, 0.6988009110645012, 0.30055277223388355, 0.6818271464771695], "1": [0.0, 0.0, 0.0, 0.0, 0.0, 0.0, 0.6406745793918769, 0.510171675019794, 0.6546142816543579, 0.5087852746248245, 0.627716873648266, 0.545024526891885, 0.671094536036253, 0.5455835747498053, 0.6209145842740933, 0.5940738360087077, 0.6789534001300732, 0.6024625886369634, 0.6240457211931546, 0.6338057811061542, 0.679240785414974, 0.643098955684238, 0.6357510798921188, 0.6470761351011417, 0.6605698888655752, 0.650447451626813, 0.632786822070678, 0.7207435292226297, 0.6629081440468629, 0.7241232693195343, 0.6344684569785992, 0.7920942842960358, 0.6627752141406139, 0.799228917227851], "2": [0.0, 0.0, 0.0, 0.0, 0.0, 0.0, 0.0, 0.0, 0.0, 0.0, 0.0, 0.0, 0.0, 0.0, 0.0, 0.0, 0.0, 0.0, 0.0, 0.0, 0.0, 0.0, 0.0, 0.0, 0.3176268166551987, 0.6046485815887098, 0.3127572769920031, 0.6366942229094329, 0.33132112824047605, 0.6388711657789018, 0.30132356025278567, 0.6819676218209443, 0.3276364530126254, 0.6986771717115685]}