{"0": [0.5202773354947567, 0.3777794727572688, 0.5224184224382042, 0.37383436116355434, 0.5177616132423281, 0.37254261407587264, 0.5241242248564959, 0.3761207969100387, 0.5129457620282968, 0.3735548749014183, 0.522802458377555, 0.4004393314873731, 0.506786493336161, 0.4009612913484927, 0.5272236808824042, 0.4286016181663231, 0.5061525712255388, 0.44237717798462617, 0.5405907846987248, 0.4489333026938968, 0.5234678122525414, 0.4467335522174835, 0.5221812651803096, 0.4662696248955197, 0.5107678094257911, 0.47085522722314904, 0.5276349239051342, 0.5161941420148919, 0.5113415890062849, 0.5229650695566778, 0.519079055575033, 0.5529336666619337, 0.5086657430976629, 0.5748540511837712], "1": [0.6701179915418227, 0.35086216341566157, 0.6714374969402949, 0.3481646144831622, 0.670437787224849, 0.34723811149597167, 0.0, 0.0, 0.6659587683777014, 0.34328330865612733, 0.6646564814106871, 0.3514482946583518, 0.6566456153057517, 0.354269282023112, 0.6753126704444488, 0.35468000063189753, 0.6560598133131862, 0.39338925502918387, 0.6848044833168387, 0.35633598102463615, 0.6660485878586769, 0.4248247349703753, 0.6479853756803399, 0.40518060790167915, 0.648566679470241, 0.4069961512530291, 0.6471489895756046, 0.44460006908134175, 0.6573269038150708, 0.4472197202620683, 0.6434098814303676, 0.48241636753082273, 0.6560975253426781, 0.48341823573465703], "2": [0.0, 0.0, 0.0, 0.0, 0.0, 0.0, 0.0, 0.0, 0.0, 0.0, 0.0, 0.0, 0.0, 0.0, 0.0, 0.0, 0.6755308449268341, 0.35477970065893955, 0.0, 0.0, 0.0, 0.0, 0.0, 0.0, 0.0, 0.0, 0.0, 0.0, 0.0, 0.0, 0.0, 0.0, 0.0, 0.0]}