{"0": [0.402837281053265, 0.47216684906571, 0.40525454947104056, 0.46601260326526783, 0.3987940297772487, 0.4645839676812843, 0.40793857425451285, 0.46706087721718687, 0.39330043184260527, 0.4653794765472412, 0.40600300088214375, 0.4942268145305139, 0.38453069508767895, 0.5039094785906022, 0.0, 0.0, 0.3765922858069341, 0.5708579582196696, 0.0, 0.0, 0.0, 0.0, 0.4011552912493547, 0.5806630890126582, 0.3867176263282696, 0.5811499589295299, 0.40751342400908463, 0.6455470641454061, 0.3821438662707805, 0.6390700393252903, 0.4095732731744646, 0.6967901084158155, 0.3601863726042211, 0.6676998632925528], "1": [0.0, 0.0, 0.0, 0.0, 0.0, 0.0, 0.30999022762601575, 0.46313591886449745, 0.3104879321763292, 0.46285798373045745, 0.3235693490753571, 0.49486764735645716, 0.2877660556385914, 0.504695067803065, 0.3353714945105215, 0.5327683978610569, 0.28087682199353975, 0.543978224253213, 0.34159524564941723, 0.5800888324225391, 0.27705743288776524, 0.5892575039079896, 0.3215654226640861, 0.5938267295007352, 0.2970689113562306, 0.5947970350583395, 0.3231083829111109, 0.6512699447296284, 0.29691449627280236, 0.6514638997890331, 0.32303099510415145, 0.7106536560588412, 0.2953518319875002, 0.7188475538183141], "2": [0.0, 0.0, 0.0, 0.0, 0.0, 0.0, 0.0, 0.0, 0.0, 0.0, 0.0, 0.0, 0.0, 0.0, 0.0, 0.0, 0.0, 0.0, 0.0, 0.0, 0.3800859944274029, 0.5909476395006533, 0.0, 0.0, 0.0, 0.0, 0.0, 0.0, 0.0, 0.0, 0.0, 0.0, 0.0, 0.0], "3": [0.0, 0.0, 0.0, 0.0, 0.0, 0.0, 0.0, 0.0, 0.0, 0.0, 0.0, 0.0, 0.0, 0.0, 0.0, 0.0, 0.0, 0.0, 0.0, 0.0, 0.0, 0.0, 0.3807480679514507, 0.577791185732241, 0.0, 0.0, 0.38191256386538347, 0.638631366358863, 0.40552624420573313, 0.6461240931793495, 0.3608211683730284, 0.6673521933732209, 0.410436216990153, 0.6953303432023084], "4": [0.0, 0.0, 0.0, 0.0, 0.0, 0.0, 0.0, 0.0, 0.0, 0.0, 0.0, 0.0, 0.0, 0.0, 0.0, 0.0, 0.0, 0.0, 0.0, 0.0, 0.0, 0.0, 0.0, 0.0, 0.0, 0.0, 0.0, 0.0, 0.0, 0.0, 0.29596724212169645, 0.7257711975662796, 0.0, 0.0]}