{"0": [0.0, 0.0, 0.0, 0.0, 0.0, 0.0, 0.37501499069233735, 0.41335390166000086, 0.38723242754737536, 0.4139799850958365, 0.36687291488051416, 0.43719659271063627, 0.3937357037929663, 0.4422035519723539, 0.3580155801028013, 0.4696263390558737, 0.3970478002602855, 0.47699209727622843, 0.3605953865529348, 0.5004238770239883, 0.3940745468251407, 0.502262474430932, 0.3684654656487207, 0.50560190445847, 0.38583594219138223, 0.5056916374851156, 0.3664515852928162, 0.5443912926888852, 0.38772514859835305, 0.5415683309237164, 0.36902948869392277, 0.5920699587574711, 0.3927908390760422, 0.5887362736794683], "1": [0.0, 0.0, 0.0, 0.0, 0.0, 0.0, 0.5357521852478385, 0.454706830503764, 0.5237177581215898, 0.45692032354849355, 0.527243630681187, 0.4976296650038825, 0.517500731597344, 0.5008036503637279, 0.5255614951252937, 0.5337146434519026, 0.526179222514232, 0.5351052900155385, 0.0, 0.0, 0.5419412571936846, 0.5526786975286625, 0.514085897989571, 0.5674409966225977, 0.5108457769888143, 0.5687592287858327, 0.5249665913482507, 0.6249378548728095, 0.527691858013471, 0.6250583968228764, 0.5150403500224153, 0.6808518290519714, 0.5165159709751606, 0.6844258590980813]}