{"0": [0.4504702805231015, 0.4753311360323871, 0.4517078253440559, 0.47042680669713904, 0.44888197431961696, 0.47065218488375343, 0.4560328110276411, 0.4746335106867331, 0.4429228685175379, 0.4736089993406225, 0.46844045370817183, 0.522691457801395, 0.43523406762008865, 0.5143515285518434, 0.48222634457051755, 0.5426112892451109, 0.42230006605386733, 0.558448862919101, 0.495780220379432, 0.5697421550750732, 0.4307746244904895, 0.5769404967625936, 0.46921498545755946, 0.5895267012494582, 0.44087316915392877, 0.588903850429105, 0.48864997910956537, 0.6127617236640718, 0.4314049665350467, 0.6074644812831173, 0.5076482300957044, 0.6808358499297389, 0.4286491133272648, 0.6594830687399262], "1": [0.0, 0.0, 0.0, 0.0, 0.0, 0.0, 0.0, 0.0, 0.0, 0.0, 0.33116299302006763, 0.5614385790295071, 0.35645469945545, 0.5653207812044355, 0.3276543739562233, 0.5874094541426058, 0.0, 0.0, 0.3215403862297535, 0.625827700679225, 0.0, 0.0, 0.3347077609350284, 0.6356632336422249, 0.347588932265838, 0.6436372090269018, 0.3196293827767173, 0.682673329114914, 0.3413627992073695, 0.7055925055786415, 0.3061549398039157, 0.7221913951069668, 0.3704596040149529, 0.7393827561978941], "2": [0.0, 0.0, 0.0, 0.0, 0.0, 0.0, 0.0, 0.0, 0.0, 0.0, 0.0, 0.0, 0.3336300729463498, 0.5583912466411237, 0.0, 0.0, 0.0, 0.0, 0.0, 0.0, 0.0, 0.0, 0.0, 0.0, 0.0, 0.0, 0.0, 0.0, 0.0, 0.0, 0.0, 0.0, 0.0, 0.0], "3": [0.0, 0.0, 0.0, 0.0, 0.0, 0.0, 0.0, 0.0, 0.0, 0.0, 0.0, 0.0, 0.0, 0.0, 0.0, 0.0, 0.0, 0.0, 0.0, 0.0, 0.0, 0.0, 0.0, 0.0, 0.0, 0.0, 0.33948089679858334, 0.7077297058370379, 0.0, 0.0, 0.3704327543576558, 0.7406231017024428, 0.0, 0.0], "4": [0.0, 0.0, 0.0, 0.0, 0.0, 0.0, 0.0, 0.0, 0.0, 0.0, 0.0, 0.0, 0.0, 0.0, 0.0, 0.0, 0.0, 0.0, 0.0, 0.0, 0.0, 0.0, 0.0, 0.0, 0.0, 0.0, 0.0, 0.0, 0.3197331896672646, 0.6823832915888892, 0.0, 0.0, 0.30528753275672593, 0.7202460567156473], "5": [0.0, 0.0, 0.0, 0.0, 0.0, 0.0, 0.0, 0.0, 0.0, 0.0, 0.0, 0.0, 0.0, 0.0, 0.0, 0.0, 0.0, 0.0, 0.0, 0.0, 0.0, 0.0, 0.0, 0.0, 0.0, 0.0, 0.0, 0.0, 0.0, 0.0, 0.0, 0.0, 0.5088064875453711, 0.685013285389653]}