{"0": [0.9701575609544915, 0.3846760952914203, 0.9720878096918265, 0.37913186859201503, 0.9677098008493581, 0.3781576339845304, 0.975890289992094, 0.38029325560287197, 0.963480727126201, 0.37776104653323145, 0.9807247114678224, 0.40719887415568035, 0.956085636621962, 0.40365300623148126, 0.9868526862313352, 0.439284724328253, 0.0, 0.0, 0.0, 0.0, 0.0, 0.0, 0.0, 0.0, 0.0, 0.0, 0.0, 0.0, 0.0, 0.0, 0.0, 0.0, 0.0, 0.0], "1": [0.22077777658899625, 0.47452098683074667, 0.22410415932536126, 0.47003003138083, 0.21723382398486138, 0.4716200634285256, 0.22869407112399737, 0.4724200442985252, 0.21401109372576077, 0.4754577859684273, 0.24355751645440857, 0.5068871396007362, 0.2101205841017266, 0.5168307096869859, 0.2596955479433139, 0.5206695689095391, 0.20063917276759943, 0.5497459612510822, 0.26896125385537745, 0.5608542931300623, 0.1893984618751953, 0.5743172653019428, 0.24947022870182992, 0.5789431556507393, 0.22613497494409485, 0.5839100186471586, 0.26107112591465315, 0.6419830371936163, 0.22962942669788997, 0.6626764306039722, 0.2768568680000802, 0.7014512170244146, 0.22899811193346978, 0.7288675926349781], "2": [0.0, 0.0, 0.0, 0.0, 0.0, 0.0, 0.6561892202938907, 0.5081327508997034, 0.67010131465892, 0.5102093144699379, 0.6400146728691956, 0.5441303613561171, 0.6830868835250538, 0.5445116119873192, 0.6348025137558579, 0.5944586789166486, 0.689630755999436, 0.5848909960852728, 0.6458047340313594, 0.6147068889052779, 0.0, 0.0, 0.6459448670347531, 0.6422143937261017, 0.6712931980689366, 0.6448766182970117, 0.6414402425289154, 0.7082449787744769, 0.6712095081806183, 0.7258366756969028, 0.6359598405038317, 0.7721949689918094, 0.6714765345056851, 0.7996876771803255], "3": [0.0, 0.0, 0.0, 0.0, 0.0, 0.0, 0.0, 0.0, 0.0, 0.0, 0.9585194071133931, 0.9899798779575913, 0.9731310059006015, 0.9868592017226749, 0.0, 0.0, 0.0, 0.0, 0.0, 0.0, 0.0, 0.0, 0.0, 0.0, 0.0, 0.0, 0.0, 0.0, 0.0, 0.0, 0.0, 0.0, 0.0, 0.0], "4": [0.0, 0.0, 0.0, 0.0, 0.0, 0.0, 0.0, 0.0, 0.0, 0.0, 0.0, 0.0, 0.0, 0.0, 0.0, 0.0, 0.0, 0.0, 0.0, 0.0, 0.0, 0.0, 0.0, 0.0, 0.0, 0.0, 0.0, 0.0, 0.0, 0.0, 0.22960083782672883, 0.7294572441666215, 0.0, 0.0], "5": [0.0, 0.0, 0.0, 0.0, 0.0, 0.0, 0.0, 0.0, 0.0, 0.0, 0.0, 0.0, 0.0, 0.0, 0.0, 0.0, 0.0, 0.0, 0.0, 0.0, 0.0, 0.0, 0.0, 0.0, 0.0, 0.0, 0.0, 0.0, 0.0, 0.0, 0.0, 0.0, 0.2772015402714411, 0.7036292239471719]}