{"0": [0.3276576698447267, 0.43550192824116457, 0.32872698865830896, 0.4303766994564622, 0.3261179735263189, 0.42862238707365813, 0.0, 0.0, 0.3172054794927438, 0.42408899355817725, 0.3217426370829344, 0.4503098759386275, 0.3022921578027308, 0.45232310471711334, 0.32599742636084555, 0.4923082416532216, 0.29739300180226563, 0.49207865292275393, 0.33433167239030204, 0.5141803688473172, 0.0, 0.0, 0.3184106431591014, 0.5291040557954046, 0.3103668680724999, 0.5293316118695118, 0.3160089214642843, 0.5843971987565358, 0.31620789244770997, 0.5847223882321958, 0.31578075016538304, 0.6474475687300717, 0.31591907354692617, 0.6471595886680815], "1": [0.0, 0.0, 0.0, 0.0, 0.0, 0.0, 0.0, 0.0, 0.0, 0.0, 0.0, 0.0, 0.0, 0.0, 0.0, 0.0, 0.0, 0.0, 0.0, 0.0, 0.0, 0.0, 0.6271255775587633, 0.6529350545671251, 0.0, 0.0, 0.6318245264391105, 0.6942553008044208, 0.6092386763542891, 0.6991989063995856, 0.629646169518431, 0.7710434205002253, 0.0, 0.0], "2": [0.0, 0.0, 0.0, 0.0, 0.0, 0.0, 0.0, 0.0, 0.0, 0.0, 0.0, 0.0, 0.0, 0.0, 0.0, 0.0, 0.0, 0.0, 0.0, 0.0, 0.0, 0.0, 0.0, 0.0, 0.0, 0.0, 0.0, 0.0, 0.6317735956981778, 0.6945889921100051, 0.0, 0.0, 0.6296355741719405, 0.7710624286422023]}