{"0": [0.0, 0.0, 0.0, 0.0, 0.0, 0.0, 0.29962003404895465, 0.5452978543109364, 0.3186378145202374, 0.5390206632790742, 0.296956509600083, 0.5887164987347745, 0.335672963410616, 0.5681458137653492, 0.29068277801076575, 0.6504863368140327, 0.3462090263764063, 0.5886183556859139, 0.2752503371487061, 0.6970297943662713, 0.0, 0.0, 0.3220979770645499, 0.6994797207139156, 0.3396468557106952, 0.6865098379276416, 0.3198706492781639, 0.7736362396015062, 0.322457563256224, 0.7725453979439205, 0.3344661677877108, 0.849570705934807, 0.33401042645176243, 0.8481017364533963], "1": [0.0, 0.0, 0.0, 0.0, 0.0, 0.0, 0.4504517834633589, 0.5052418931766792, 0.463428507745266, 0.5036082954318435, 0.4379843458533287, 0.5390283917939223, 0.4751889166732629, 0.5229397107053686, 0.4302681307618817, 0.591128158569336, 0.48720367426673566, 0.5540493459613235, 0.4364082666734854, 0.6067623696945331, 0.4967495366930962, 0.5812354620408129, 0.4516376725708445, 0.6346227733073411, 0.47792059158285455, 0.6326862082437232, 0.44246143127481147, 0.6739782593868396, 0.4993165264527003, 0.6688040894490701, 0.45540379409988724, 0.73669251471206, 0.524620280166467, 0.7202830049726698], "2": [0.0, 0.0, 0.0, 0.0, 0.0, 0.0, 0.0, 0.0, 0.0, 0.0, 0.0, 0.0, 0.0, 0.0, 0.0, 0.0, 0.0, 0.0, 0.0, 0.0, 0.0, 0.0, 0.0, 0.0, 0.0, 0.0, 0.0, 0.0, 0.0, 0.0, 0.0, 0.0, 0.3149094134569168, 0.8328658215425633]}