{"0": [0.6656604066491127, 0.474918262163798, 0.6695058482388655, 0.4703282912572225, 0.6636976861705383, 0.4686445929385998, 0.6735969200109442, 0.4743660260129858, 0.658037593960762, 0.47029259496678916, 0.6755751570065817, 0.5092453936735789, 0.6496839642524719, 0.5036002225346036, 0.6806754158809781, 0.5643004673498648, 0.0, 0.0, 0.6851423524009684, 0.6026790666359442, 0.0, 0.0, 0.6648863224933544, 0.6009215295314789, 0.6516741356501977, 0.5948781681281549, 0.6557421094737947, 0.6710711541551131, 0.6548914697021246, 0.6713874884225705, 0.6514618861178557, 0.7089671242016333, 0.6512514474491279, 0.7078381476026995], "1": [0.0, 0.0, 0.0, 0.0, 0.0, 0.0, 0.603736495723327, 0.43207396312996194, 0.6169919976343711, 0.43223926093843246, 0.5954470916340748, 0.4627509237025623, 0.6232892696124811, 0.46260763655106224, 0.5853827583254315, 0.5078837342284344, 0.6197020393485825, 0.5202352965319598, 0.5835247417291005, 0.5476661966906653, 0.623897818227609, 0.5423997817216096, 0.5948886877546707, 0.5502161023793397, 0.6113756787652771, 0.5509411081671715, 0.5927846416831016, 0.6086929932788566, 0.6044879652559757, 0.610962300154346, 0.5971600790818532, 0.6559123879781475, 0.6015934254974127, 0.6608499253237688], "2": [0.0, 0.0, 0.0, 0.0, 0.0, 0.0, 0.9622655053933461, 0.973356797684122, 0.0, 0.0, 0.9623610194772482, 0.9906190302636888, 0.9773646354985736, 0.9889635575659297, 0.0, 0.0, 0.0, 0.0, 0.0, 0.0, 0.0, 0.0, 0.0, 0.0, 0.0, 0.0, 0.0, 0.0, 0.0, 0.0, 0.0, 0.0, 0.0, 0.0], "3": [0.0, 0.0, 0.0, 0.0, 0.0, 0.0, 0.0, 0.0, 0.0, 0.0, 0.0, 0.0, 0.0, 0.0, 0.0, 0.0, 0.6359756737947464, 0.5180708010991414, 0.0, 0.0, 0.0, 0.0, 0.0, 0.0, 0.0, 0.0, 0.0, 0.0, 0.0, 0.0, 0.0, 0.0, 0.0, 0.0]}