{"0": [0.0, 0.0, 0.0, 0.0, 0.0, 0.0, 0.620282111565272, 0.4171847105026245, 0.6347945736100277, 0.41674114774774623, 0.607008476346145, 0.4433098700587273, 0.641519117852052, 0.4453181169651173, 0.6048167516787847, 0.48373580387345066, 0.6447732986261447, 0.4838824598877518, 0.0, 0.0, 0.0, 0.0, 0.6135795479019482, 0.51693008740743, 0.6304376337056359, 0.5207338639983424, 0.6136391642813881, 0.5651751661742175, 0.6266976469196379, 0.5663497127040669, 0.6140002722541491, 0.6038879145626669, 0.6243659595648448, 0.6133067475424873], "1": [0.0, 0.0, 0.0, 0.0, 0.0, 0.0, 0.0, 0.0, 0.0, 0.0, 0.0, 0.0, 0.0, 0.0, 0.0, 0.0, 0.0, 0.0, 0.0, 0.0, 0.0, 0.0, 0.592982072631518, 0.4908962556609401, 0.0, 0.0, 0.5915606625378131, 0.5288973979927876, 0.0, 0.0, 0.5699549683680137, 0.5642607079611884, 0.0, 0.0], "2": [0.0, 0.0, 0.0, 0.0, 0.0, 0.0, 0.0, 0.0, 0.0, 0.0, 0.0, 0.0, 0.0, 0.0, 0.0, 0.0, 0.0, 0.0, 0.0, 0.0, 0.0, 0.0, 0.0, 0.0, 0.5979663249958928, 0.4915305433449922, 0.0, 0.0, 0.5916946622232596, 0.5298733358029966, 0.0, 0.0, 0.5691296050945918, 0.563074337553095]}