{"0": [0.0, 0.0, 0.0, 0.0, 0.0, 0.0, 0.36394377971688907, 0.4218752353279679, 0.37709525447474646, 0.4174568757966713, 0.3600402328806619, 0.4537269011691765, 0.3905385343357921, 0.44487295548121136, 0.35431160827477776, 0.502788390495159, 0.39529604812463126, 0.48635278200661697, 0.34195701641341053, 0.5399492897369244, 0.0, 0.0, 0.3649653157219291, 0.5320283563048751, 0.39211200376351674, 0.5307704200347264, 0.35229070647619665, 0.534132394084224, 0.38706341758370394, 0.5599014649788538, 0.34974909499287604, 0.5928741108488154, 0.3902819795534015, 0.6143556343184577], "1": [0.0, 0.0, 0.0, 0.0, 0.0, 0.0, 0.41010991483926773, 0.4471841507487827, 0.4214701137195031, 0.447187872727712, 0.40768487167855105, 0.4714055916777364, 0.42684394208093485, 0.4738669832547506, 0.4020640006715742, 0.4994717449501709, 0.4419927018384139, 0.520436982093034, 0.0, 0.0, 0.43460302638510856, 0.5331251645529712, 0.41716033436100525, 0.538924061760173, 0.429378682623307, 0.5452576769722832, 0.4135727678736051, 0.5989789735387873, 0.4351806483852367, 0.6123299147243852, 0.41699979528784753, 0.699283842963201, 0.4527379786595702, 0.6661789717497649], "2": [0.0, 0.0, 0.0, 0.0, 0.0, 0.0, 0.0, 0.0, 0.0, 0.0, 0.0, 0.0, 0.0, 0.0, 0.0, 0.0, 0.0, 0.0, 0.43251472301781174, 0.5355312960015403, 0.0, 0.0, 0.0, 0.0, 0.0, 0.0, 0.0, 0.0, 0.0, 0.0, 0.0, 0.0, 0.0, 0.0], "3": [0.0, 0.0, 0.0, 0.0, 0.0, 0.0, 0.0, 0.0, 0.0, 0.0, 0.0, 0.0, 0.0, 0.0, 0.0, 0.0, 0.0, 0.0, 0.0, 0.0, 0.0, 0.0, 0.0, 0.0, 0.0, 0.0, 0.4344157908111811, 0.6118382771809896, 0.0, 0.0, 0.4526303069666028, 0.6661536459569578, 0.0, 0.0], "4": [0.0, 0.0, 0.0, 0.0, 0.0, 0.0, 0.0, 0.0, 0.0, 0.0, 0.0, 0.0, 0.0, 0.0, 0.0, 0.0, 0.0, 0.0, 0.0, 0.0, 0.0, 0.0, 0.0, 0.0, 0.0, 0.0, 0.0, 0.0, 0.0, 0.0, 0.39001213684678077, 0.614787581231859, 0.0, 0.0]}