{"0": [0.4673919313897689, 0.5580298594854496, 0.4677999425058564, 0.5532965418365267, 0.0, 0.0, 0.4727050764020532, 0.5553395728270214, 0.0, 0.0, 0.486458090506494, 0.5749724360527816, 0.48960171174646044, 0.5677015098156752, 0.5045911642412345, 0.5935925759651044, 0.5037742160260678, 0.593004897347203, 0.5008419332404931, 0.6232999779559948, 0.0, 0.0, 0.5024633981908361, 0.6385499556859334, 0.49422923000529406, 0.6394102443147589, 0.5031518643101056, 0.6784824537458243, 0.4966670751571655, 0.6792253419204994, 0.5008158840239048, 0.7097120973798964, 0.0, 0.0], "1": [0.5834499488274256, 0.43538602767167267, 0.5852351929992438, 0.4322156548500061, 0.0, 0.0, 0.5876894938449065, 0.43555435295458195, 0.5986998454357187, 0.43576461142963835, 0.5855984951990346, 0.4649854905075497, 0.6039033864935239, 0.4655766805013021, 0.5788484380890926, 0.521355314221647, 0.6109910163407525, 0.5095412786360141, 0.5604829842379938, 0.5375495256097228, 0.0, 0.0, 0.5852164754488816, 0.5605858392185636, 0.5997413627803325, 0.5607190738121669, 0.570382027576367, 0.6053860925965839, 0.5921500129004321, 0.6042800212899844, 0.5713296346366405, 0.6660649235601779, 0.598553754389286, 0.6544034346386239], "2": [0.0, 0.0, 0.0, 0.0, 0.0, 0.0, 0.0, 0.0, 0.0, 0.0, 0.0, 0.0, 0.5841646996637185, 0.46651835176679823, 0.0, 0.0, 0.5814703817324092, 0.5164981056142737, 0.0, 0.0, 0.5617637149989605, 0.5363021011705752, 0.0, 0.0, 0.0, 0.0, 0.0, 0.0, 0.0, 0.0, 0.0, 0.0, 0.0, 0.0], "3": [0.0, 0.0, 0.0, 0.0, 0.0, 0.0, 0.0, 0.0, 0.0, 0.0, 0.0, 0.0, 0.0, 0.0, 0.0, 0.0, 0.4881068281829357, 0.6254148413185721, 0.0, 0.0, 0.48562253738443056, 0.6561480364865727, 0.0, 0.0, 0.0, 0.0, 0.0, 0.0, 0.0, 0.0, 0.0, 0.0, 0.0, 0.0], "4": [0.0, 0.0, 0.0, 0.0, 0.0, 0.0, 0.0, 0.0, 0.0, 0.0, 0.0, 0.0, 0.0, 0.0, 0.0, 0.0, 0.0, 0.0, 0.0, 0.0, 0.4973658271754781, 0.6235494569495872, 0.0, 0.0, 0.0, 0.0, 0.0, 0.0, 0.0, 0.0, 0.0, 0.0, 0.0, 0.0], "5": [0.0, 0.0, 0.0, 0.0, 0.0, 0.0, 0.0, 0.0, 0.0, 0.0, 0.0, 0.0, 0.0, 0.0, 0.0, 0.0, 0.0, 0.0, 0.0, 0.0, 0.0, 0.0, 0.0, 0.0, 0.0, 0.0, 0.47841157404084994, 0.7149702421630975, 0.0, 0.0, 0.46301412197450803, 0.7558078324353253, 0.0, 0.0], "6": [0.0, 0.0, 0.0, 0.0, 0.0, 0.0, 0.0, 0.0, 0.0, 0.0, 0.0, 0.0, 0.0, 0.0, 0.0, 0.0, 0.0, 0.0, 0.0, 0.0, 0.0, 0.0, 0.0, 0.0, 0.0, 0.0, 0.0, 0.0, 0.47886822285751507, 0.7153106779963881, 0.0, 0.0, 0.4630624479303757, 0.7532632220674444], "7": [0.0, 0.0, 0.0, 0.0, 0.0, 0.0, 0.0, 0.0, 0.0, 0.0, 0.0, 0.0, 0.0, 0.0, 0.0, 0.0, 0.0, 0.0, 0.0, 0.0, 0.0, 0.0, 0.0, 0.0, 0.0, 0.0, 0.0, 0.0, 0.0, 0.0, 0.0, 0.0, 0.5006471854945025, 0.7082133740186691]}