{"0": [0.7209189089636008, 0.5799610001069528, 0.0, 0.0, 0.720709627494216, 0.5757511465637772, 0.0, 0.0, 0.7174865039686362, 0.575792110407794, 0.6963519268301231, 0.584684881682857, 0.6991995549502682, 0.5929843587371626, 0.6993950934459766, 0.626127222939222, 0.7003996262947718, 0.6274690823422537, 0.7120974936832984, 0.6512408561176724, 0.7142935994702081, 0.6524545199341245, 0.6584752478947242, 0.6519944272659443, 0.6653954450041056, 0.6533077851489738, 0.0, 0.0, 0.6962587229907513, 0.6500411612016183, 0.6607192267663777, 0.7192512430526592, 0.7094736150776346, 0.7201085406321067], "1": [0.0, 0.0, 0.0, 0.0, 0.0, 0.0, 0.5515625884446005, 0.504883473890799, 0.5629946743448575, 0.5115707260591013, 0.5364600711812576, 0.5310725414090687, 0.5696711532771588, 0.5452812456422382, 0.5147809638641775, 0.5786116403562052, 0.5778531316667795, 0.6060635637353968, 0.5205442969460382, 0.6093371465154587, 0.5870968904346228, 0.6532983130878873, 0.5312515125321321, 0.6384942959856104, 0.556149389455095, 0.6464134179883533, 0.5268913334856431, 0.6990290351487972, 0.5632132049649954, 0.7179866576636279, 0.520047464966774, 0.7530752255960746, 0.5593658967564503, 0.7792609086743106], "2": [0.0, 0.0, 0.0, 0.0, 0.0, 0.0, 0.0, 0.0, 0.0, 0.0, 0.0, 0.0, 0.0, 0.0, 0.0, 0.0, 0.0, 0.0, 0.0, 0.0, 0.7093036917348703, 0.7173380335172017, 0.0, 0.0, 0.0, 0.0, 0.0, 0.0, 0.0, 0.0, 0.0, 0.0, 0.0, 0.0], "3": [0.0, 0.0, 0.0, 0.0, 0.0, 0.0, 0.0, 0.0, 0.0, 0.0, 0.0, 0.0, 0.0, 0.0, 0.0, 0.0, 0.0, 0.0, 0.0, 0.0, 0.0, 0.0, 0.0, 0.0, 0.0, 0.0, 0.6948140562822421, 0.6492453301394427, 0.0, 0.0, 0.0, 0.0, 0.0, 0.0], "4": [0.0, 0.0, 0.0, 0.0, 0.0, 0.0, 0.0, 0.0, 0.0, 0.0, 0.0, 0.0, 0.0, 0.0, 0.0, 0.0, 0.0, 0.0, 0.0, 0.0, 0.0, 0.0, 0.0, 0.0, 0.0, 0.0, 0.661820583542188, 0.6849109642207623, 0.0, 0.0, 0.0, 0.0, 0.0, 0.0], "5": [0.0, 0.0, 0.0, 0.0, 0.0, 0.0, 0.0, 0.0, 0.0, 0.0, 0.0, 0.0, 0.0, 0.0, 0.0, 0.0, 0.0, 0.0, 0.0, 0.0, 0.0, 0.0, 0.0, 0.0, 0.0, 0.0, 0.0, 0.0, 0.0, 0.0, 0.0, 0.0, 0.6604348152875901, 0.7172548976209429]}