{"0": [0.0, 0.0, 0.0, 0.0, 0.0, 0.0, 0.6835025242219369, 0.5168309522999658, 0.7000157936165731, 0.5202999962700738, 0.6684912147776534, 0.5509631677910133, 0.7056609571600954, 0.5629337500642847, 0.662939901649952, 0.5881477637423409, 0.7087377479920784, 0.6160375811435559, 0.0, 0.0, 0.7184096314013004, 0.650041006008784, 0.672415133845061, 0.6577525207289943, 0.692188558106621, 0.6622840922739772, 0.6747847070296605, 0.7160970684554842, 0.6869716723759969, 0.7379185655050807, 0.6683241011885305, 0.7764903565247854, 0.6780109139159322, 0.816274008486006], "1": [0.0, 0.0, 0.0, 0.0, 0.0, 0.0, 0.44086689924200384, 0.4388578366350245, 0.4526157802591721, 0.43971715304586617, 0.4353132851033782, 0.4645473213107498, 0.4556208159774542, 0.46337377980903344, 0.0, 0.0, 0.0, 0.0, 0.0, 0.0, 0.0, 0.0, 0.42465891713897386, 0.5474140884699645, 0.4442857841029763, 0.5500299163438656, 0.4212532546371221, 0.6076002562487567, 0.45730496719479563, 0.6104673723931666, 0.41603721616168815, 0.663245142278848, 0.4680534129341443, 0.6706234879791737], "2": [0.0, 0.0, 0.0, 0.0, 0.0, 0.0, 0.0, 0.0, 0.0, 0.0, 0.0, 0.0, 0.0, 0.0, 0.0, 0.0, 0.0, 0.0, 0.0, 0.0, 0.0, 0.0, 0.44360974347218873, 0.5553958725046229, 0.4251373656094074, 0.5539492443755821, 0.4573422886431217, 0.6095222856159563, 0.4204680185765028, 0.6067549140365035, 0.46747798174619676, 0.6695532177333479, 0.41594107188284396, 0.6627944937734692], "3": [0.0, 0.0, 0.0, 0.0, 0.0, 0.0, 0.0, 0.0, 0.0, 0.0, 0.0, 0.0, 0.0, 0.0, 0.0, 0.0, 0.0, 0.0, 0.0, 0.0, 0.0, 0.0, 0.0, 0.0, 0.0, 0.0, 0.0, 0.0, 0.0, 0.0, 0.6776222268740336, 0.8160060571299659, 0.0, 0.0], "4": [0.0, 0.0, 0.0, 0.0, 0.0, 0.0, 0.0, 0.0, 0.0, 0.0, 0.0, 0.0, 0.0, 0.0, 0.0, 0.0, 0.0, 0.0, 0.0, 0.0, 0.0, 0.0, 0.0, 0.0, 0.0, 0.0, 0.0, 0.0, 0.0, 0.0, 0.0, 0.0, 0.6710534176478783, 0.7779094921218024]}