{"0": [0.8319818993409475, 0.13184588176232798, 0.8340245542426903, 0.1281091438399421, 0.8303927259519697, 0.1293366617626614, 0.8376416080941756, 0.1298876682917277, 0.8281324207782745, 0.1315430760383606, 0.8439542505114029, 0.14875466956032646, 0.8248008862137796, 0.15195603264426744, 0.8503647580742836, 0.16102732949786716, 0.8267586112332841, 0.18038914347136462, 0.8473175846661131, 0.16390151182810467, 0.8409780579308669, 0.18002390839435436, 0.8408816842983167, 0.19516777120254658, 0.8289634487281243, 0.19672204065654014, 0.8541485153138637, 0.19168751416382968, 0.0, 0.0, 0.0, 0.0, 0.0, 0.0], "1": [0.0, 0.0, 0.0, 0.0, 0.0, 0.0, 0.5804333185156186, 0.5427485345690338, 0.5982514301935832, 0.538294846923263, 0.5695959436396758, 0.5889878877128164, 0.6105539972583451, 0.5719646096229553, 0.5615723424901565, 0.6374911921995657, 0.6335551430781682, 0.6278427514764998, 0.5565548052079976, 0.6662081082661947, 0.6610088178887963, 0.6442371019610652, 0.5898515639383424, 0.6856869394146362, 0.0, 0.0, 0.5723496383676926, 0.7579300030514045, 0.0, 0.0, 0.5789136907706658, 0.848820911127108, 0.0, 0.0], "2": [0.0, 0.0, 0.0, 0.0, 0.0, 0.0, 0.6363274208580454, 0.5287481643535473, 0.6448261744032303, 0.532703779803382, 0.6317169637729723, 0.5571844608695419, 0.0, 0.0, 0.0, 0.0, 0.0, 0.0, 0.0, 0.0, 0.0, 0.0, 0.0, 0.0, 0.0, 0.0, 0.0, 0.0, 0.0, 0.0, 0.0, 0.0, 0.0, 0.0], "3": [0.0, 0.0, 0.0, 0.0, 0.0, 0.0, 0.0, 0.0, 0.0, 0.0, 0.0, 0.0, 0.632375938196977, 0.5596822892074231, 0.0, 0.0, 0.0, 0.0, 0.0, 0.0, 0.0, 0.0, 0.0, 0.0, 0.6139211976279815, 0.6622934631175466, 0.0, 0.0, 0.645003562172254, 0.7032260013951196, 0.0, 0.0, 0.6613072769716383, 0.7828491204314761], "4": [0.0, 0.0, 0.0, 0.0, 0.0, 0.0, 0.0, 0.0, 0.0, 0.0, 0.0, 0.0, 0.0, 0.0, 0.0, 0.0, 0.0, 0.0, 0.0, 0.0, 0.0, 0.0, 0.0, 0.0, 0.0, 0.0, 0.0, 0.0, 0.0, 0.0, 0.6600705439845721, 0.7815089922381082, 0.0, 0.0], "5": [0.0, 0.0, 0.0, 0.0, 0.0, 0.0, 0.0, 0.0, 0.0, 0.0, 0.0, 0.0, 0.0, 0.0, 0.0, 0.0, 0.0, 0.0, 0.0, 0.0, 0.0, 0.0, 0.0, 0.0, 0.0, 0.0, 0.0, 0.0, 0.0, 0.0, 0.0, 0.0, 0.5777383980651697, 0.8462147686216568]}