{"0": [0.5024243378390868, 0.752867637740241, 0.5032655201852322, 0.7445167449061517, 0.49947227475543815, 0.7432670806293135, 0.0, 0.0, 0.4880803436040878, 0.7351279238859814, 0.48009816590850285, 0.7592522951694761, 0.47654514852911234, 0.7564841085010104, 0.4854323216917692, 0.8301061453642669, 0.0, 0.0, 0.0, 0.0, 0.0, 0.0, 0.47458351515233516, 0.8614896818443581, 0.463410222530365, 0.8620967839051176, 0.4758259197076162, 0.9327965219815573, 0.0, 0.0, 0.4676936212927103, 0.9865574991261518, 0.46800994301835697, 0.9832031039176163], "1": [0.8706780061125755, 0.15528584056430392, 0.8727641829599937, 0.1531530671649509, 0.8689599925807366, 0.15139054545649774, 0.8748621625204881, 0.15503484849576596, 0.8653838573023677, 0.15189808375995467, 0.8762788982441028, 0.17132285745055587, 0.8592413020630677, 0.1683611238444293, 0.8762939090530077, 0.19237833376284, 0.8504444087545077, 0.18886130380582203, 0.0, 0.0, 0.0, 0.0, 0.8709601012368997, 0.20737765630086263, 0.8602541305900862, 0.2085405257013109, 0.0, 0.0, 0.0, 0.0, 0.0, 0.0, 0.0, 0.0], "2": [0.0, 0.0, 0.0, 0.0, 0.0, 0.0, 0.6217844076454638, 0.3582037648668996, 0.6332251019775867, 0.36086094776789346, 0.6118520695716143, 0.37910602622561984, 0.6356809340106945, 0.3802573145539672, 0.6066154151534041, 0.41344355896667195, 0.6397040466001879, 0.4173111422194375, 0.607493062193195, 0.44480574131011963, 0.6495164473851521, 0.44186417504593184, 0.6154536109417676, 0.4465727457293757, 0.6309524513781071, 0.44707649339128425, 0.6117573256293933, 0.49155896648212716, 0.6385014524062474, 0.4969762027263641, 0.6089179399112862, 0.5388652379866, 0.6400346238166094, 0.5483580273610574], "3": [0.0, 0.0, 0.0, 0.0, 0.0, 0.0, 0.0, 0.0, 0.0, 0.0, 0.0, 0.0, 0.0, 0.0, 0.0, 0.0, 0.0, 0.0, 0.0, 0.0, 0.8626469176262617, 0.16128972172737122, 0.0, 0.0, 0.0, 0.0, 0.0, 0.0, 0.0, 0.0, 0.0, 0.0, 0.0, 0.0], "4": [0.0, 0.0, 0.0, 0.0, 0.0, 0.0, 0.0, 0.0, 0.0, 0.0, 0.0, 0.0, 0.0, 0.0, 0.0, 0.0, 0.0, 0.0, 0.0, 0.0, 0.0, 0.0, 0.0, 0.0, 0.0, 0.0, 0.0, 0.0, 0.4744650524109602, 0.9333926834441998, 0.0, 0.0, 0.0, 0.0], "5": [0.0, 0.0, 0.0, 0.0, 0.0, 0.0, 0.0, 0.0, 0.0, 0.0, 0.0, 0.0, 0.0, 0.0, 0.0, 0.0, 0.0, 0.0, 0.0, 0.0, 0.0, 0.0, 0.0, 0.0, 0.0, 0.0, 0.0, 0.0, 0.0, 0.0, 0.48753646624584995, 0.9839029113451639, 0.0, 0.0], "6": [0.0, 0.0, 0.0, 0.0, 0.0, 0.0, 0.0, 0.0, 0.0, 0.0, 0.0, 0.0, 0.0, 0.0, 0.0, 0.0, 0.0, 0.0, 0.0, 0.0, 0.0, 0.0, 0.0, 0.0, 0.0, 0.0, 0.0, 0.0, 0.0, 0.0, 0.639561647269875, 0.5476961493492126, 0.0, 0.0], "7": [0.0, 0.0, 0.0, 0.0, 0.0, 0.0, 0.0, 0.0, 0.0, 0.0, 0.0, 0.0, 0.0, 0.0, 0.0, 0.0, 0.0, 0.0, 0.0, 0.0, 0.0, 0.0, 0.0, 0.0, 0.0, 0.0, 0.0, 0.0, 0.0, 0.0, 0.0, 0.0, 0.4892730211218198, 0.9839002788066864]}