{"0": [0.7542159850398701, 0.6247145459607796, 0.0, 0.0, 0.7539306758592527, 0.6155945886064458, 0.0, 0.0, 0.7440573074234028, 0.609345840524744, 0.7446595802903175, 0.643837692560973, 0.7235930468266208, 0.6333983579167614, 0.7559735444684822, 0.6656205137570699, 0.0, 0.0, 0.7604982152115554, 0.67261071867413, 0.0, 0.0, 0.7279412294427555, 0.7196444056652211, 0.7065234907281895, 0.7208506334711005, 0.7519880846918869, 0.7828115100110019, 0.7058380239332716, 0.8073877809224305, 0.751775124669075, 0.8563965719055247, 0.0, 0.0], "1": [0.0, 0.0, 0.0, 0.0, 0.0, 0.0, 0.0, 0.0, 0.0, 0.0, 0.5130439939598243, 0.5161466471574925, 0.5448647110412518, 0.518137412821805, 0.4998084301749865, 0.5553090581187495, 0.5532398326019996, 0.5656284458942957, 0.5041521033893029, 0.5922019229994879, 0.0, 0.0, 0.5159318812191486, 0.6149289303355746, 0.5415473478535812, 0.6189759519089151, 0.5057400470289092, 0.6668719207798993, 0.5431440481295188, 0.6754380374043076, 0.4980777722162505, 0.7226807760971564, 0.539811501155297, 0.7372741338003564], "2": [0.0, 0.0, 0.0, 0.0, 0.0, 0.0, 0.0, 0.0, 0.0, 0.0, 0.719534947661062, 0.6255039585409341, 0.0, 0.0, 0.0, 0.0, 0.0, 0.0, 0.0, 0.0, 0.0, 0.0, 0.0, 0.0, 0.0, 0.0, 0.0, 0.0, 0.0, 0.0, 0.0, 0.0, 0.0, 0.0], "3": [0.0, 0.0, 0.0, 0.0, 0.0, 0.0, 0.0, 0.0, 0.0, 0.0, 0.0, 0.0, 0.0, 0.0, 0.0, 0.0, 0.0, 0.0, 0.0, 0.0, 0.0, 0.0, 0.0, 0.0, 0.0, 0.0, 0.7068830062945684, 0.8066213813092974, 0.7515354588627816, 0.7838278081681993, 0.0, 0.0, 0.7517105150346954, 0.8586587000776221], "4": [0.0, 0.0, 0.0, 0.0, 0.0, 0.0, 0.0, 0.0, 0.0, 0.0, 0.0, 0.0, 0.0, 0.0, 0.0, 0.0, 0.0, 0.0, 0.0, 0.0, 0.0, 0.0, 0.0, 0.0, 0.0, 0.0, 0.0, 0.0, 0.0, 0.0, 0.6767869221667449, 0.8046741365282624, 0.0, 0.0], "5": [0.0, 0.0, 0.0, 0.0, 0.0, 0.0, 0.0, 0.0, 0.0, 0.0, 0.0, 0.0, 0.0, 0.0, 0.0, 0.0, 0.0, 0.0, 0.0, 0.0, 0.0, 0.0, 0.0, 0.0, 0.0, 0.0, 0.0, 0.0, 0.0, 0.0, 0.0, 0.0, 0.676792921187977, 0.80529515058906]}