{"0": [0.0, 0.0, 0.0, 0.0, 0.0, 0.0, 0.5203147030125062, 0.5200783027542962, 0.5346481430654725, 0.5240491571249786, 0.5061878751032054, 0.5476569052095767, 0.540285215775172, 0.5625790750538862, 0.49149158149957656, 0.585117906111258, 0.5445125597218673, 0.6132902041629509, 0.4912483371794224, 0.6256401098436779, 0.5506205076972643, 0.6458653792187019, 0.5008882111559312, 0.6380879792902204, 0.5209878933926423, 0.6427536505239981, 0.4808416516830524, 0.6810466655978449, 0.5410640229781468, 0.6574115207901707, 0.4602233663201332, 0.7271433119420652, 0.5468373912076155, 0.7292796251122599], "1": [0.0, 0.0, 0.0, 0.0, 0.0, 0.0, 0.39680033226807915, 0.512979229732796, 0.4095475841934482, 0.5057117806540595, 0.386155652316908, 0.5477676855193244, 0.42204352784901855, 0.5238382670614454, 0.0, 0.0, 0.44350410777454574, 0.5661171955642876, 0.0, 0.0, 0.44908562675118446, 0.6036431532560125, 0.40826535845796263, 0.6372106631596883, 0.432470277696848, 0.6327357698921804, 0.39369683850867054, 0.7247348105465924, 0.43374972914656007, 0.6859872481889195, 0.3867586673547824, 0.8026225768857532, 0.44242174761990705, 0.7515561544784793], "2": [0.0, 0.0, 0.0, 0.0, 0.0, 0.0, 0.0, 0.0, 0.0, 0.0, 0.0, 0.0, 0.0, 0.0, 0.0, 0.0, 0.0, 0.0, 0.0, 0.0, 0.0, 0.0, 0.0, 0.0, 0.0, 0.0, 0.0, 0.0, 0.0, 0.0, 0.0, 0.0, 0.38724187165498736, 0.8023882804093537]}