{"0": [0.0, 0.0, 0.0, 0.0, 0.0, 0.0, 0.35083681916197146, 0.541623224593975, 0.36967727163185676, 0.5380514168077045, 0.34673228276272616, 0.5847383693412498, 0.3834604565054178, 0.5821227541676274, 0.3382393063356479, 0.647590471804142, 0.3913138307631016, 0.641190429666528, 0.3295679380496343, 0.677090364639406, 0.0, 0.0, 0.3617246590554714, 0.6928491115570068, 0.38420820496976377, 0.6916259549282215, 0.356507416566213, 0.7767404207476862, 0.38468792376418903, 0.7585211470723152, 0.3638761862491568, 0.8519310143258838, 0.3953384762008985, 0.8183236097985949], "1": [0.0, 0.0, 0.0, 0.0, 0.0, 0.0, 0.0, 0.0, 0.0, 0.0, 0.0, 0.0, 0.0, 0.0, 0.0, 0.0, 0.0, 0.0, 0.0, 0.0, 0.0, 0.0, 0.0, 0.0, 0.0, 0.0, 0.0, 0.0, 0.35841747423013054, 0.7738026433520847, 0.0, 0.0, 0.3639549677570661, 0.8530152945606797]}