{"0": [0.6608107482393583, 0.6452638661419904, 0.6636286582176882, 0.6392156249947019, 0.6583061737318833, 0.6373769144217172, 0.0, 0.0, 0.6471798325578371, 0.6318653633197149, 0.6511519914492965, 0.6592647711435954, 0.6298613694806893, 0.6575953536563449, 0.6533912529548009, 0.6760480518694277, 0.6225535898779829, 0.6984882424275081, 0.6621569078415632, 0.6915775312317742, 0.0, 0.0, 0.6345654264713327, 0.7154417527494608, 0.6236621137087544, 0.7159419552043632, 0.6292078814158837, 0.7425432284673054, 0.6278006822491685, 0.7417941331863404, 0.6260682066281636, 0.7850903113683064, 0.622850079741329, 0.7846808972182098], "1": [0.5272696958699574, 0.47220136501170973, 0.52862115688622, 0.46601014600859747, 0.5234487856427827, 0.4651655722547461, 0.0, 0.0, 0.5164555290093025, 0.4688664784034093, 0.5194484384730458, 0.4992678558384931, 0.0, 0.0, 0.5217399573574464, 0.5381857284793148, 0.0, 0.0, 0.5354571666064051, 0.5501582980155945, 0.0, 0.0, 0.0, 0.0, 0.0, 0.0, 0.0, 0.0, 0.0, 0.0, 0.0, 0.0, 0.0, 0.0], "2": [0.0, 0.0, 0.0, 0.0, 0.0, 0.0, 0.0, 0.0, 0.0, 0.0, 0.4911517856021722, 0.512997540169292, 0.5153162257745861, 0.5152503292869639, 0.4866613641381264, 0.5347688306260991, 0.5202752161771059, 0.5456686278184255, 0.0, 0.0, 0.5379574111352364, 0.5559667002271723, 0.4928840778147181, 0.5813171579606004, 0.5125062192479769, 0.5837835051395276, 0.4877309677501519, 0.6313743390418866, 0.5242041055113077, 0.6438783230604948, 0.4732608166833719, 0.6933817446231844, 0.5278779167681933, 0.7042298740810818]}