{"0": [0.0, 0.0, 0.0, 0.0, 0.0, 0.0, 0.32693149033002555, 0.5454276155542445, 0.34505530347426727, 0.5419027873763331, 0.3225688036841651, 0.5955431047413084, 0.35707852194706596, 0.5807557298077477, 0.3156084592143695, 0.6469266176223755, 0.36652352710564934, 0.6351346313953399, 0.30304689177622396, 0.6528485558651111, 0.0, 0.0, 0.33565061542515956, 0.6927262506275267, 0.3529213446502884, 0.6910692894900288, 0.3313800989029308, 0.782473823317775, 0.33476206809282305, 0.7813940488560884, 0.3332127253214518, 0.8395900463616407, 0.3665386127928893, 0.838354586230384], "1": [0.0, 0.0, 0.0, 0.0, 0.0, 0.0, 0.6394082197298606, 0.4198408515365035, 0.6530001326153676, 0.422837613247059, 0.6274734064005315, 0.4465131727633653, 0.6542068257927893, 0.4548581814324415, 0.6185131809208542, 0.4768006455015253, 0.6605557026186336, 0.503433167051386, 0.0, 0.0, 0.6698549581070741, 0.5447525168734568, 0.6312581887478397, 0.5313343646349731, 0.6467697829008101, 0.5337275995148553, 0.643615371050934, 0.5868376372037111, 0.6515668429123859, 0.5871897834318656, 0.6339025483398316, 0.6367816766374542, 0.6382049214304665, 0.6384901499457877], "2": [0.0, 0.0, 0.0, 0.0, 0.0, 0.0, 0.9593312699347735, 0.9672215629506994, 0.0, 0.0, 0.9575662190715472, 0.9895985345045726, 0.9722225620100896, 0.983326068189409, 0.0, 0.0, 0.0, 0.0, 0.0, 0.0, 0.0, 0.0, 0.0, 0.0, 0.0, 0.0, 0.0, 0.0, 0.0, 0.0, 0.0, 0.0, 0.0, 0.0], "3": [0.0, 0.0, 0.0, 0.0, 0.0, 0.0, 0.0, 0.0, 0.0, 0.0, 0.0, 0.0, 0.0, 0.0, 0.0, 0.0, 0.0, 0.0, 0.0, 0.0, 0.30643005794845524, 0.6503171026706697, 0.0, 0.0, 0.0, 0.0, 0.0, 0.0, 0.0, 0.0, 0.0, 0.0, 0.0, 0.0], "4": [0.0, 0.0, 0.0, 0.0, 0.0, 0.0, 0.0, 0.0, 0.0, 0.0, 0.0, 0.0, 0.0, 0.0, 0.0, 0.0, 0.0, 0.0, 0.0, 0.0, 0.0, 0.0, 0.0, 0.0, 0.0, 0.0, 0.0, 0.0, 0.0, 0.0, 0.366563281044364, 0.8380579866744854, 0.0, 0.0], "5": [0.0, 0.0, 0.0, 0.0, 0.0, 0.0, 0.0, 0.0, 0.0, 0.0, 0.0, 0.0, 0.0, 0.0, 0.0, 0.0, 0.0, 0.0, 0.0, 0.0, 0.0, 0.0, 0.0, 0.0, 0.0, 0.0, 0.0, 0.0, 0.0, 0.0, 0.0, 0.0, 0.3331934998432795, 0.8387305846920721]}