{"0": [0.5973906349390745, 0.475644138124254, 0.5992828357964755, 0.47138606618951867, 0.5938906961741547, 0.46908523241678873, 0.6024858050358792, 0.47447129399688154, 0.5865953126301368, 0.4722877416345808, 0.6054010699192683, 0.5017543247452488, 0.5807604279058675, 0.5014566728362331, 0.0, 0.0, 0.0, 0.0, 0.0, 0.0, 0.0, 0.0, 0.6013611982266108, 0.5872593629139441, 0.5799468898524841, 0.5876978681043342, 0.6191828742312888, 0.6426282317550094, 0.5652462633326649, 0.6529996633529663, 0.6277570409079393, 0.7075049621432468, 0.5657321525116762, 0.7225555985062211], "1": [0.0, 0.0, 0.0, 0.0, 0.0, 0.0, 0.0, 0.0, 0.0, 0.0, 0.5051876158763965, 0.5201247153458772, 0.5422743688027064, 0.5180134292002078, 0.4930297899370392, 0.5569986049775724, 0.0, 0.0, 0.4906684392442306, 0.5791198207272423, 0.5532515610257784, 0.5378582194447518, 0.510053068647782, 0.6037910584843269, 0.5292869916806618, 0.6109819285847523, 0.5006698584804933, 0.6452228389404439, 0.5178688090915481, 0.666020804864389, 0.4810922040604055, 0.6968791495870661, 0.49926924270888173, 0.7214455969907619], "2": [0.0, 0.0, 0.0, 0.0, 0.0, 0.0, 0.0, 0.0, 0.0, 0.0, 0.0, 0.0, 0.0, 0.0, 0.0, 0.0, 0.5622510726253193, 0.5521405257008694, 0.0, 0.0, 0.0, 0.0, 0.0, 0.0, 0.0, 0.0, 0.0, 0.0, 0.0, 0.0, 0.0, 0.0, 0.0, 0.0], "3": [0.0, 0.0, 0.0, 0.0, 0.0, 0.0, 0.0, 0.0, 0.0, 0.0, 0.0, 0.0, 0.0, 0.0, 0.0, 0.0, 0.0, 0.0, 0.0, 0.0, 0.5732931584430238, 0.5202006920620247, 0.0, 0.0, 0.0, 0.0, 0.0, 0.0, 0.0, 0.0, 0.0, 0.0, 0.0, 0.0], "4": [0.0, 0.0, 0.0, 0.0, 0.0, 0.0, 0.0, 0.0, 0.0, 0.0, 0.0, 0.0, 0.0, 0.0, 0.0, 0.0, 0.0, 0.0, 0.0, 0.0, 0.0, 0.0, 0.0, 0.0, 0.0, 0.0, 0.5637271637717883, 0.6537676898417649, 0.0, 0.0, 0.5663094783822695, 0.7252953577924657, 0.0, 0.0], "5": [0.0, 0.0, 0.0, 0.0, 0.0, 0.0, 0.0, 0.0, 0.0, 0.0, 0.0, 0.0, 0.0, 0.0, 0.0, 0.0, 0.0, 0.0, 0.0, 0.0, 0.0, 0.0, 0.0, 0.0, 0.0, 0.0, 0.0, 0.0, 0.0, 0.0, 0.49901840438445416, 0.7190802662460892, 0.0, 0.0]}