{"0": [0.45144708653291066, 0.6107709460788303, 0.4556809241573016, 0.6037156351350454, 0.44940741509199145, 0.6050047304895189, 0.46643410647908845, 0.6005720180493815, 0.4455959886312485, 0.6015239221078378, 0.48185150921344755, 0.6286062660040678, 0.4441819743253291, 0.6340708424647649, 0.4905142793043703, 0.6788719706605252, 0.4359689443061749, 0.6572201389957358, 0.47632203840961057, 0.7333217976269899, 0.44391009365208445, 0.6346596330404282, 0.4693368253608544, 0.7422904336894001, 0.45067620500922195, 0.7354237415172435, 0.45277328143517176, 0.8067865941259597, 0.45197744116497535, 0.8045647375561573, 0.0, 0.0, 0.0, 0.0], "1": [0.0, 0.0, 0.0, 0.0, 0.0, 0.0, 0.0, 0.0, 0.5511288054908315, 0.4731070794441082, 0.5643544061109423, 0.5069043649567498, 0.5416968411455552, 0.5125804084318656, 0.5721192128956318, 0.5422595734949465, 0.5371159911155701, 0.5493929308873636, 0.5621538271506628, 0.5411433932957825, 0.0, 0.0, 0.0, 0.0, 0.0, 0.0, 0.0, 0.0, 0.0, 0.0, 0.0, 0.0, 0.0, 0.0], "2": [0.0, 0.0, 0.0, 0.0, 0.0, 0.0, 0.0, 0.0, 0.0, 0.0, 0.5372973784804345, 0.5105087726204484, 0.5643745682667941, 0.5050715603210308, 0.5361428558826447, 0.5446809166283519, 0.5727053017045061, 0.542777054950043, 0.0, 0.0, 0.0, 0.0, 0.5411958249906699, 0.6064461648464203, 0.5598933948203921, 0.6098461634582943, 0.5272543316086133, 0.6603503200742934, 0.5523463717661798, 0.6580631401803758, 0.5285903505980968, 0.7278573735996529, 0.5531176731611291, 0.7247905845995304], "3": [0.0, 0.0, 0.0, 0.0, 0.0, 0.0, 0.0, 0.0, 0.0, 0.0, 0.0, 0.0, 0.0, 0.0, 0.0, 0.0, 0.0, 0.0, 0.0, 0.0, 0.4302916511893272, 0.7144678458847381, 0.0, 0.0, 0.0, 0.0, 0.0, 0.0, 0.0, 0.0, 0.0, 0.0, 0.0, 0.0], "4": [0.0, 0.0, 0.0, 0.0, 0.0, 0.0, 0.0, 0.0, 0.0, 0.0, 0.0, 0.0, 0.0, 0.0, 0.0, 0.0, 0.0, 0.0, 0.0, 0.0, 0.5671272682646911, 0.5384235050943162, 0.0, 0.0, 0.0, 0.0, 0.0, 0.0, 0.0, 0.0, 0.0, 0.0, 0.0, 0.0], "5": [0.0, 0.0, 0.0, 0.0, 0.0, 0.0, 0.0, 0.0, 0.0, 0.0, 0.0, 0.0, 0.0, 0.0, 0.0, 0.0, 0.0, 0.0, 0.0, 0.0, 0.0, 0.0, 0.0, 0.0, 0.0, 0.0, 0.0, 0.0, 0.0, 0.0, 0.43723725800712904, 0.8197925138252753, 0.0, 0.0], "6": [0.0, 0.0, 0.0, 0.0, 0.0, 0.0, 0.0, 0.0, 0.0, 0.0, 0.0, 0.0, 0.0, 0.0, 0.0, 0.0, 0.0, 0.0, 0.0, 0.0, 0.0, 0.0, 0.0, 0.0, 0.0, 0.0, 0.0, 0.0, 0.0, 0.0, 0.0, 0.0, 0.4367359414696693, 0.8185370922088623]}