{"0": [0.4972097154085835, 0.47127306858698526, 0.4994624450802803, 0.4647230943044027, 0.49617058895528315, 0.46417166027757856, 0.5040930899480979, 0.46301582006185693, 0.0, 0.0, 0.512556857864062, 0.4868874318069882, 0.4835503689944744, 0.4940643671486113, 0.5198739717404047, 0.5287708968476013, 0.4719457671812207, 0.5417417707244166, 0.5272253539568434, 0.5720792361983547, 0.0, 0.0, 0.5096670110399525, 0.5868124582149364, 0.4898992223975559, 0.5857567928455494, 0.5207321705917517, 0.6481699374487141, 0.475503608584404, 0.651472713549932, 0.0, 0.0, 0.0, 0.0], "1": [0.0, 0.0, 0.0, 0.0, 0.7156303661564986, 0.5278276262459931, 0.6968874834477902, 0.5325202955140008, 0.7130916032940149, 0.5347049673398335, 0.6810839004348963, 0.5595691380401452, 0.7176049899309873, 0.578034340010749, 0.6644362809446951, 0.5782909808335481, 0.7266704879701138, 0.6466465083537278, 0.6333403075734775, 0.6027345767727604, 0.7355281649312625, 0.6920360569600705, 0.6738314595073461, 0.6706403153362097, 0.6914510361850261, 0.6762248467516017, 0.6982226424229642, 0.721167916169873, 0.7133905104051035, 0.7171221494674682, 0.7014755537112554, 0.8063170931957387, 0.7025081756791545, 0.8024186852771096], "2": [0.0, 0.0, 0.0, 0.0, 0.0, 0.0, 0.0, 0.0, 0.5010667969783147, 0.4623199356926812, 0.0, 0.0, 0.0, 0.0, 0.0, 0.0, 0.0, 0.0, 0.0, 0.0, 0.0, 0.0, 0.0, 0.0, 0.0, 0.0, 0.0, 0.0, 0.0, 0.0, 0.0, 0.0, 0.0, 0.0], "3": [0.0, 0.0, 0.0, 0.0, 0.0, 0.0, 0.0, 0.0, 0.0, 0.0, 0.0, 0.0, 0.0, 0.0, 0.0, 0.0, 0.0, 0.0, 0.0, 0.0, 0.5275400370359421, 0.5724702926697555, 0.0, 0.0, 0.0, 0.0, 0.0, 0.0, 0.0, 0.0, 0.0, 0.0, 0.0, 0.0], "4": [0.0, 0.0, 0.0, 0.0, 0.0, 0.0, 0.0, 0.0, 0.0, 0.0, 0.0, 0.0, 0.0, 0.0, 0.0, 0.0, 0.0, 0.0, 0.0, 0.0, 0.4724359403985242, 0.5273493113341154, 0.0, 0.0, 0.0, 0.0, 0.0, 0.0, 0.0, 0.0, 0.0, 0.0, 0.0, 0.0], "5": [0.0, 0.0, 0.0, 0.0, 0.0, 0.0, 0.0, 0.0, 0.0, 0.0, 0.0, 0.0, 0.0, 0.0, 0.0, 0.0, 0.0, 0.0, 0.0, 0.0, 0.0, 0.0, 0.4890120926623543, 0.5920753951425904, 0.51041308898081, 0.5924175311017921, 0.4753250730534395, 0.6526176033196627, 0.5205756285538276, 0.6478509421425837, 0.48167762011289594, 0.711610597592813, 0.5411117350061735, 0.7076344710533266]}