{"0": [0.0, 0.0, 0.0, 0.0, 0.0, 0.0, 0.4800880067050457, 0.4099331532363539, 0.4931079843391975, 0.40829164098810267, 0.471596722304821, 0.44150540028457286, 0.5029616457099716, 0.4368037908165543, 0.4652896116177241, 0.4795629992529198, 0.5109651340171696, 0.46894832407986675, 0.4590263788898785, 0.5130019761897898, 0.5192292508979639, 0.5068077841842616, 0.47970966175198554, 0.5165865083535512, 0.49686643642683825, 0.5169113172425164, 0.4701691746711731, 0.5609872367646959, 0.4896585263389473, 0.583684300714069, 0.46060064400856693, 0.6122864055412787, 0.4835836389412483, 0.6417986753914091], "1": [0.0, 0.0, 0.0, 0.0, 0.0, 0.0, 0.35451492021481196, 0.43070520758628844, 0.36504158849517504, 0.42922410413070966, 0.35110393992314737, 0.45274987706431635, 0.3728876171691809, 0.45065945386886597, 0.0, 0.0, 0.379067991177241, 0.47613696511144993, 0.0, 0.0, 0.0, 0.0, 0.3616686649620533, 0.4994911181154075, 0.3731739465923359, 0.500078883042766, 0.0, 0.0, 0.0, 0.0, 0.3620527741809686, 0.536571034402759, 0.0, 0.0], "2": [0.0, 0.0, 0.0, 0.0, 0.0, 0.0, 0.0, 0.0, 0.0, 0.0, 0.0, 0.0, 0.0, 0.0, 0.0, 0.0, 0.0, 0.0, 0.0, 0.0, 0.0, 0.0, 0.0, 0.0, 0.0, 0.0, 0.36237538295487565, 0.5119960634796707, 0.0, 0.0, 0.0, 0.0, 0.0, 0.0]}