{"0": [0.0, 0.0, 0.0, 0.0, 0.0, 0.0, 0.5589767539252838, 0.5178844096484008, 0.5737326035896937, 0.5225036640686017, 0.5400837686533729, 0.5467989204106507, 0.5781441311041514, 0.5590008766286902, 0.5310019659809768, 0.5945895639834581, 0.5803278276075919, 0.6122278925445345, 0.5243278245131174, 0.6355437614299633, 0.0, 0.0, 0.5375204143424829, 0.6497703972789977, 0.5650965858561298, 0.6563733990545627, 0.5244562745094299, 0.6967677628552472, 0.567831947406133, 0.7237567074872829, 0.5119446622828643, 0.7570505914864718, 0.5684816664084792, 0.7881306989325417], "1": [0.0, 0.0, 0.0, 0.0, 0.0, 0.0, 0.0, 0.0, 0.0, 0.0, 0.6250668766597907, 0.6321537137031554, 0.6116661729911963, 0.6291846571145234, 0.6267984549514949, 0.647917079621995, 0.6042048901319503, 0.6553826700620077, 0.0, 0.0, 0.6035964583357175, 0.6678337139111978, 0.6286916371434927, 0.6909687099633393, 0.6172185029834509, 0.691952993582796, 0.6412452215949694, 0.7335388748734085, 0.6094020237525304, 0.7211624440219666, 0.6467451550066471, 0.8119141109563687, 0.6029460575431586, 0.7581896010372374], "2": [0.0, 0.0, 0.0, 0.0, 0.0, 0.0, 0.0, 0.0, 0.0, 0.0, 0.0, 0.0, 0.0, 0.0, 0.0, 0.0, 0.0, 0.0, 0.6488020202144981, 0.6867444934668364, 0.0, 0.0, 0.0, 0.0, 0.0, 0.0, 0.0, 0.0, 0.0, 0.0, 0.0, 0.0, 0.0, 0.0], "3": [0.0, 0.0, 0.0, 0.0, 0.0, 0.0, 0.0, 0.0, 0.0, 0.0, 0.0, 0.0, 0.0, 0.0, 0.0, 0.0, 0.0, 0.0, 0.6220704623187582, 0.6060356153382196, 0.0, 0.0, 0.0, 0.0, 0.0, 0.0, 0.0, 0.0, 0.0, 0.0, 0.0, 0.0, 0.0, 0.0], "4": [0.0, 0.0, 0.0, 0.0, 0.0, 0.0, 0.0, 0.0, 0.0, 0.0, 0.0, 0.0, 0.0, 0.0, 0.0, 0.0, 0.0, 0.0, 0.5217999324202538, 0.697971844010883, 0.0, 0.0, 0.0, 0.0, 0.0, 0.0, 0.0, 0.0, 0.0, 0.0, 0.0, 0.0, 0.0, 0.0], "5": [0.0, 0.0, 0.0, 0.0, 0.0, 0.0, 0.0, 0.0, 0.0, 0.0, 0.0, 0.0, 0.0, 0.0, 0.0, 0.0, 0.0, 0.0, 0.0, 0.0, 0.0, 0.0, 0.0, 0.0, 0.0, 0.0, 0.0, 0.0, 0.6412311327954133, 0.7360638272983057, 0.0, 0.0, 0.6471680911878744, 0.8126366451934531]}