{"0": [0.33389801817635695, 0.4374048054218292, 0.33544554603674137, 0.43199637079680414, 0.33247833251953124, 0.42999019335817407, 0.0, 0.0, 0.3240428914626439, 0.42627678074770503, 0.32887163932124774, 0.4510598588872839, 0.31139316130429506, 0.4537674527477335, 0.33029223419725895, 0.49275088535138856, 0.3102931322452302, 0.49277330358271243, 0.3435424123114596, 0.5132596682619166, 0.0, 0.0, 0.32321572058523695, 0.5337694437415511, 0.3152601273730397, 0.5307843271229002, 0.3196726888895719, 0.5841491863213599, 0.32672890089452267, 0.5842703017923567, 0.3329649398724238, 0.6559029002156522, 0.33247936181724075, 0.6563570232303053], "1": [0.0, 0.0, 0.0, 0.0, 0.0, 0.0, 0.6561666749417782, 0.5134501137115337, 0.6703901328146457, 0.5126042485237121, 0.645661873370409, 0.5483681948096663, 0.6839694100121657, 0.5505250324805577, 0.6354502874310128, 0.5890073264638583, 0.6904906067997217, 0.6077545792968186, 0.6298263685156902, 0.606767491058067, 0.0, 0.0, 0.6510882041727502, 0.6408153197624618, 0.673618046939373, 0.6480612916044063, 0.6383243296295404, 0.7066859945102975, 0.6707749647398791, 0.7270390854941474, 0.6285278307894866, 0.7787641165433107, 0.6727288216352463, 0.7996236553898564], "2": [0.0, 0.0, 0.0, 0.0, 0.0, 0.0, 0.0, 0.0, 0.0, 0.0, 0.0, 0.0, 0.0, 0.0, 0.0, 0.0, 0.0, 0.0, 0.0, 0.0, 0.6799337315062682, 0.6119782389314087, 0.0, 0.0, 0.0, 0.0, 0.0, 0.0, 0.0, 0.0, 0.0, 0.0, 0.0, 0.0], "3": [0.0, 0.0, 0.0, 0.0, 0.0, 0.0, 0.0, 0.0, 0.0, 0.0, 0.0, 0.0, 0.0, 0.0, 0.0, 0.0, 0.0, 0.0, 0.0, 0.0, 0.0, 0.0, 0.0, 0.0, 0.0, 0.0, 0.0, 0.0, 0.0, 0.0, 0.3095828477914135, 0.6408325087693002, 0.0, 0.0], "4": [0.0, 0.0, 0.0, 0.0, 0.0, 0.0, 0.0, 0.0, 0.0, 0.0, 0.0, 0.0, 0.0, 0.0, 0.0, 0.0, 0.0, 0.0, 0.0, 0.0, 0.0, 0.0, 0.0, 0.0, 0.0, 0.0, 0.0, 0.0, 0.0, 0.0, 0.0, 0.0, 0.3093999981880188, 0.6411730969117747]}