{"0": [0.0, 0.0, 0.0, 0.0, 0.0, 0.0, 0.5214380803207556, 0.4773334374582326, 0.5374027109394471, 0.47554264024451925, 0.5101176236756146, 0.5175469436027386, 0.5487382316341003, 0.5165485046528003, 0.5012447714805603, 0.5737743387343707, 0.5592314193646113, 0.5618479545469637, 0.512732153137525, 0.5940879918910839, 0.5703108056137959, 0.6133154705718713, 0.5158623134096464, 0.6193826537441325, 0.541938862328728, 0.6177251854428538, 0.5128821353117625, 0.6786241327170972, 0.5456235292057197, 0.6717845040339011, 0.5127868791421254, 0.7361570316332358, 0.5463951490819454, 0.7395797771436197], "1": [0.0, 0.0, 0.0, 0.0, 0.0, 0.0, 0.3978164664003998, 0.4461240591826262, 0.4104610798453602, 0.4427926867096512, 0.39830227497344217, 0.4678147636078022, 0.4186617457113972, 0.47321245785175897, 0.0, 0.0, 0.41184487491846083, 0.5303793013647751, 0.0, 0.0, 0.40385334715247156, 0.5402912932413596, 0.4256766473253568, 0.5601743318416454, 0.43243877242008844, 0.5584942931378329, 0.41827516065289577, 0.612097641604918, 0.42065671185652415, 0.6106935384648817, 0.43231326316793767, 0.6565750903553432, 0.432069285834829, 0.6550682439296334], "2": [0.0, 0.0, 0.0, 0.0, 0.0, 0.0, 0.0, 0.0, 0.0, 0.0, 0.4185258320377519, 0.505277012012623, 0.0, 0.0, 0.4146258361986838, 0.5322733616387403, 0.0, 0.0, 0.39915515234073, 0.5468980769316355, 0.0, 0.0, 0.0, 0.0, 0.0, 0.0, 0.0, 0.0, 0.0, 0.0, 0.0, 0.0, 0.0, 0.0]}