{"0": [0.6318255918721358, 0.4794908192422655, 0.0, 0.0, 0.0, 0.0, 0.0, 0.0, 0.6246436615784963, 0.47596135912118137, 0.6349009953749677, 0.5123878163320047, 0.608627483372887, 0.5077979171441661, 0.6458335111538569, 0.5768782439055267, 0.5843717197577158, 0.5463432323049616, 0.0, 0.0, 0.5686238347552717, 0.579877687935476, 0.6225997617468237, 0.5664654345700034, 0.0, 0.0, 0.6272551466710865, 0.6217501763944273, 0.6011168618996938, 0.6248176688397372, 0.6261010815699896, 0.6555587335869119, 0.6012569159269333, 0.6601941689297005], "1": [0.0, 0.0, 0.0, 0.0, 0.0, 0.0, 0.0, 0.0, 0.0, 0.0, 0.5963718309998512, 0.5337556640307108, 0.6339045525838931, 0.5121662883846848, 0.5837870785345634, 0.5497201614909701, 0.646224393074711, 0.5816972149742974, 0.5681253219023347, 0.5807436414338925, 0.6550953367104133, 0.6227628054442229, 0.6022344544374695, 0.5738309767787103, 0.6226884377344201, 0.566127474826795, 0.6009399874756733, 0.6236377404795752, 0.6267703638412059, 0.6193181497079355, 0.6022661430140336, 0.6573777855546387, 0.6268538303673268, 0.6561944198829156], "2": [0.0, 0.0, 0.0, 0.0, 0.0, 0.0, 0.0, 0.0, 0.0, 0.0, 0.0, 0.0, 0.0, 0.0, 0.0, 0.0, 0.0, 0.0, 0.0, 0.0, 0.0, 0.0, 0.0, 0.0, 0.0, 0.0, 0.0, 0.0, 0.0, 0.0, 0.0, 0.0, 0.6569169123346607, 0.6296578113679533]}