{"0": [0.37078057204683623, 0.385032919159642, 0.0, 0.0, 0.36987934273978074, 0.38073854060084733, 0.35928748523195586, 0.38080553511778514, 0.3671740531921387, 0.38289834525850086, 0.34938203245401384, 0.40179673543682803, 0.37051539023717245, 0.4010623925262028, 0.3421275487790505, 0.43150529166062673, 0.38329141909877457, 0.4293174692878017, 0.3393411651408921, 0.46151403111440165, 0.39472351626803476, 0.45796341322086476, 0.35167763099695243, 0.4543950778466684, 0.36502341932306687, 0.45341308801262464, 0.3503195529182752, 0.48544314393290766, 0.37814101663728555, 0.4789491018763295, 0.34293119696279367, 0.5143519705368413, 0.3763837372263272, 0.5212048171846955], "1": [0.0, 0.0, 0.0, 0.0, 0.0, 0.0, 0.46361060421913863, 0.43602294811496023, 0.47657048059627416, 0.4400554558193242, 0.4491361072907845, 0.4542711086847164, 0.46943160773565373, 0.4657581607500712, 0.4353333176812157, 0.4648223589967798, 0.46894677681848407, 0.5131052769996501, 0.0, 0.0, 0.49136014903585123, 0.5287390974384767, 0.44199106730520726, 0.5350246332309864, 0.46008408662552636, 0.5370165765113025, 0.4380632930745681, 0.5814167494023288, 0.4806346878409385, 0.5816449938548935, 0.4332192623366912, 0.6299231988412363, 0.4994257017970085, 0.624369928351155], "2": [0.0, 0.0, 0.0, 0.0, 0.0, 0.0, 0.0, 0.0, 0.0, 0.0, 0.0, 0.0, 0.0, 0.0, 0.0, 0.0, 0.0, 0.0, 0.0, 0.0, 0.0, 0.0, 0.0, 0.0, 0.0, 0.0, 0.47975039134422937, 0.5813686596022711, 0.0, 0.0, 0.0, 0.0, 0.0, 0.0]}