{"0": [0.7061614308118199, 0.44811561564328495, 0.0, 0.0, 0.7068003750095765, 0.44389282332526314, 0.6956015317390363, 0.4361405138616209, 0.7058665990519027, 0.4442559200304526, 0.6848386224359274, 0.44931432284690714, 0.6934573446710904, 0.459304044202522, 0.6866453487426043, 0.49743479909720245, 0.6871096101899942, 0.4996166958577103, 0.6924896250168483, 0.5360795232984755, 0.6932555110504232, 0.5370711045167237, 0.6644509072570751, 0.5195236950008958, 0.6685138642322273, 0.5212082652030168, 0.6693965708216033, 0.5618232877166183, 0.6744818630317847, 0.5633190106462549, 0.6690146293801565, 0.6174593730105296, 0.6744356741507846, 0.6200404089910013], "1": [0.0, 0.0, 0.0, 0.0, 0.0, 0.0, 0.5199279252439737, 0.4375339146013613, 0.5320822299147646, 0.4348827124745757, 0.5159973067541918, 0.46377637921660037, 0.5397857617742071, 0.46103068965452687, 0.510643047063301, 0.5092879822960606, 0.5490619361400604, 0.5004296978866613, 0.5043650940060616, 0.5457453441840631, 0.0, 0.0, 0.5255872686704, 0.5421172128783331, 0.5411383447547754, 0.5375353429604459, 0.5270102430290232, 0.6070026547820478, 0.5355982125581552, 0.6057625298146848, 0.5309744491862755, 0.6672795626852246, 0.5306052638217806, 0.667303169215167]}