{"0": [0.7093964908272028, 0.47797490976474905, 0.710317213484086, 0.4727375352824176, 0.7059256840807696, 0.47105000460589375, 0.0, 0.0, 0.7015659793280065, 0.47624919337254984, 0.710157923369358, 0.5133806883184998, 0.6975036695599555, 0.5143981958980913, 0.0, 0.0, 0.0, 0.0, 0.7158320259302855, 0.542104595678824, 0.7145067927815641, 0.538843576003004, 0.6945351385173552, 0.614232712725297, 0.7009234212338924, 0.6223433315753937, 0.6940434864411752, 0.6938412729236815, 0.7190713540340463, 0.6983904942318245, 0.0, 0.0, 0.0, 0.0], "1": [0.0, 0.0, 0.0, 0.0, 0.0, 0.0, 0.2554754247268041, 0.5924881462697631, 0.2780133633563916, 0.5937576316021107, 0.2389986629287402, 0.6374132909156658, 0.28605744608988365, 0.6493665030709019, 0.22709250345457505, 0.6852989665956961, 0.0, 0.0, 0.0, 0.0, 0.0, 0.0, 0.0, 0.0, 0.0, 0.0, 0.0, 0.0, 0.0, 0.0, 0.0, 0.0, 0.0, 0.0]}