{"0": [0.0, 0.0, 0.0, 0.0, 0.0, 0.0, 0.7123353930811087, 0.527896801409898, 0.727184081861439, 0.5274919631304564, 0.6977110347089668, 0.5622125691837736, 0.7365466223408779, 0.5625143285150881, 0.6889144370953243, 0.6128589959056289, 0.7510325983166695, 0.6160542022298884, 0.0, 0.0, 0.7578987898925941, 0.6518792748451233, 0.702719027424852, 0.6588248908519745, 0.725194230551521, 0.6579310558460377, 0.7339101289709409, 0.7215137282455409, 0.7377150192856787, 0.7209892779588699, 0.7371585508187611, 0.7845226109027863, 0.74437482385717, 0.7705639859812264], "1": [0.0, 0.0, 0.0, 0.0, 0.0, 0.0, 0.45459909612933797, 0.46521887139037804, 0.0, 0.0, 0.46156217766304813, 0.4977553444880026, 0.4500699695199728, 0.50985769033432, 0.46736790239810944, 0.5331961768644827, 0.4496589839458466, 0.5363781932879377, 0.0, 0.0, 0.44933815399805704, 0.5618598485434497, 0.4711964597304662, 0.5646523945861393, 0.4537454592684904, 0.5598262574385714, 0.4910511964311203, 0.6172099571537089, 0.0, 0.0, 0.5072549986342589, 0.6686627127506115, 0.0, 0.0], "2": [0.0, 0.0, 0.0, 0.0, 0.0, 0.0, 0.0, 0.0, 0.0, 0.0, 0.0, 0.0, 0.0, 0.0, 0.0, 0.0, 0.44222907001773515, 0.5887164673457543, 0.0, 0.0, 0.4441374449059367, 0.6342701018960387, 0.0, 0.0, 0.0, 0.0, 0.0, 0.0, 0.0, 0.0, 0.0, 0.0, 0.0, 0.0], "3": [0.0, 0.0, 0.0, 0.0, 0.0, 0.0, 0.0, 0.0, 0.0, 0.0, 0.0, 0.0, 0.0, 0.0, 0.0, 0.0, 0.0, 0.0, 0.0, 0.0, 0.0, 0.0, 0.0, 0.0, 0.47353199670712154, 0.5632470585681774, 0.0, 0.0, 0.4908854590107998, 0.6179150678493358, 0.0, 0.0, 0.5080851229528586, 0.6716166924547267], "4": [0.0, 0.0, 0.0, 0.0, 0.0, 0.0, 0.0, 0.0, 0.0, 0.0, 0.0, 0.0, 0.0, 0.0, 0.0, 0.0, 0.0, 0.0, 0.0, 0.0, 0.0, 0.0, 0.0, 0.0, 0.0, 0.0, 0.0, 0.0, 0.44190147978564104, 0.5827248139513863, 0.0, 0.0, 0.4440262944748004, 0.6392577406432893]}