{"0": [0.6531278822571039, 0.43487771583928003, 0.6545783825218677, 0.4309955623414781, 0.6526197313641507, 0.4285427342962336, 0.0, 0.0, 0.6461948821942013, 0.4235841561246801, 0.631270706744787, 0.4419338998971162, 0.6362343499436974, 0.44685347278912857, 0.0, 0.0, 0.6389784825965762, 0.49153428817236866, 0.0, 0.0, 0.642865751683712, 0.5187478754255507, 0.6236869545032581, 0.5292910150079816, 0.6346022957315047, 0.5303216274689745, 0.6242816872894764, 0.5874393511701514, 0.6404192378123602, 0.5936656830487428, 0.6226777428761124, 0.6457157938568681, 0.6374027399967114, 0.6560510603366074], "1": [0.21659425298372906, 0.6150604393747118, 0.2210998951147, 0.6061910258399116, 0.212098678201437, 0.6073267691665226, 0.22733608074486258, 0.601869136095047, 0.0, 0.0, 0.2396478775733461, 0.6327287859386868, 0.22711300745528812, 0.6379016748181096, 0.2329232747356097, 0.6859960542232902, 0.0, 0.0, 0.0, 0.0, 0.2218282125890255, 0.6466104029505341, 0.2418751942614714, 0.7504936617833595, 0.2277373366678755, 0.7510385284269298, 0.24465744520227115, 0.8293518435072016, 0.22334431689232587, 0.8261128116812971, 0.26455112447341284, 0.9106959139859235, 0.2268887608932952, 0.9355631925441601], "2": [0.0, 0.0, 0.0, 0.0, 0.0, 0.0, 0.0, 0.0, 0.0, 0.0, 0.0, 0.0, 0.0, 0.0, 0.0, 0.0, 0.19713343679904938, 0.6548851849304305, 0.0, 0.0, 0.0, 0.0, 0.0, 0.0, 0.0, 0.0, 0.0, 0.0, 0.0, 0.0, 0.0, 0.0, 0.0, 0.0], "3": [0.0, 0.0, 0.0, 0.0, 0.0, 0.0, 0.0, 0.0, 0.0, 0.0, 0.0, 0.0, 0.0, 0.0, 0.0, 0.0, 0.0, 0.0, 0.0, 0.0, 0.0, 0.0, 0.0, 0.0, 0.24586703889071942, 0.7456096233041198, 0.2222624108195305, 0.8386654615402221, 0.24598256970445312, 0.8294475312586184, 0.22619522443662088, 0.9346427652570937, 0.2633413272599379, 0.9091042598088582]}