{"0": [0.0, 0.0, 0.0, 0.0, 0.0, 0.0, 0.3239643515398105, 0.43304098943869274, 0.33387573634584744, 0.4330689027077622, 0.31771825527151426, 0.4571537492451844, 0.33595102826754253, 0.4557894040037085, 0.30685539344946544, 0.47723144215566143, 0.3410986819614967, 0.4950935255598139, 0.0, 0.0, 0.3509038953731458, 0.5290114660505896, 0.3128863154600064, 0.5347535903807039, 0.32852123603224753, 0.5336272937280161, 0.32194272801280016, 0.5821111519579534, 0.33820469553271926, 0.5823183995154169, 0.3246481704215209, 0.6401518463536545, 0.33267153315246106, 0.6475161485098027], "1": [0.0, 0.0, 0.0, 0.0, 0.0, 0.0, 0.0, 0.0, 0.0, 0.0, 0.5284655230740706, 0.5377215138188115, 0.5166542954009006, 0.5395136211351298, 0.0, 0.0, 0.5178916902591785, 0.6034729353669617, 0.0, 0.0, 0.5351036242209375, 0.6413883981881319, 0.5190328072135647, 0.6479156659157188, 0.5265059707065423, 0.6487868461895872, 0.5216946346064408, 0.7172355592250824, 0.5367242392152548, 0.7122333078472701, 0.0, 0.0, 0.5374966991444429, 0.7677838151101712], "2": [0.0, 0.0, 0.0, 0.0, 0.0, 0.0, 0.0, 0.0, 0.0, 0.0, 0.0, 0.0, 0.0, 0.0, 0.0, 0.0, 0.0, 0.0, 0.0, 0.0, 0.0, 0.0, 0.0, 0.0, 0.0, 0.0, 0.0, 0.0, 0.0, 0.0, 0.5373266767710447, 0.7678558284485781, 0.0, 0.0], "3": [0.0, 0.0, 0.0, 0.0, 0.0, 0.0, 0.0, 0.0, 0.0, 0.0, 0.0, 0.0, 0.0, 0.0, 0.0, 0.0, 0.0, 0.0, 0.0, 0.0, 0.0, 0.0, 0.0, 0.0, 0.0, 0.0, 0.0, 0.0, 0.0, 0.0, 0.4881810784339905, 0.7339664234055413, 0.0, 0.0], "4": [0.0, 0.0, 0.0, 0.0, 0.0, 0.0, 0.0, 0.0, 0.0, 0.0, 0.0, 0.0, 0.0, 0.0, 0.0, 0.0, 0.0, 0.0, 0.0, 0.0, 0.0, 0.0, 0.0, 0.0, 0.0, 0.0, 0.0, 0.0, 0.0, 0.0, 0.0, 0.0, 0.48643981013447046, 0.7336985380561263]}