{"0": [0.0, 0.0, 0.0, 0.0, 0.3968400799979766, 0.5454056271800288, 0.3762351413567861, 0.5510282574428452, 0.39108489279945685, 0.5519737489107582, 0.35866459285219504, 0.586422034546181, 0.3954328734427691, 0.5969566288369673, 0.34150284628073374, 0.6281463890163986, 0.3983439170445005, 0.6370808791231226, 0.332020761196812, 0.6740105975557257, 0.0, 0.0, 0.35815684447685886, 0.6898805251827946, 0.38468456075837215, 0.6985547085603078, 0.34497492127120494, 0.7778380084920813, 0.3995885933438937, 0.8092246660479793, 0.3257689370463292, 0.829061609727365, 0.395522445316116, 0.8605777630099544], "1": [0.0, 0.0, 0.0, 0.0, 0.0, 0.0, 0.0, 0.0, 0.5500119104981422, 0.5227406126481515, 0.527548935264349, 0.5376167568343657, 0.5425395929565032, 0.5616566852287009, 0.0, 0.0, 0.5359089828096331, 0.6226808720164829, 0.5233449133113026, 0.6411012140413125, 0.0, 0.0, 0.5106118630773078, 0.6432019339667426, 0.5207252789288759, 0.647928528736035, 0.5196353258565068, 0.6838601003090541, 0.5527345502128204, 0.6850710649457242, 0.5021413615516698, 0.7266265092072663, 0.5454425901174546, 0.7458832803699705], "2": [0.0, 0.0, 0.0, 0.0, 0.0, 0.0, 0.0, 0.0, 0.0, 0.0, 0.5079920391241709, 0.6036913017190441, 0.0, 0.0, 0.5057701962379118, 0.6275727479546157, 0.0, 0.0, 0.0, 0.0, 0.0, 0.0, 0.0, 0.0, 0.0, 0.0, 0.0, 0.0, 0.0, 0.0, 0.0, 0.0, 0.0, 0.0], "3": [0.0, 0.0, 0.0, 0.0, 0.0, 0.0, 0.0, 0.0, 0.0, 0.0, 0.0, 0.0, 0.0, 0.0, 0.0, 0.0, 0.0, 0.0, 0.0, 0.0, 0.526490464558204, 0.6440808567735884, 0.0, 0.0, 0.0, 0.0, 0.0, 0.0, 0.0, 0.0, 0.0, 0.0, 0.0, 0.0], "4": [0.0, 0.0, 0.0, 0.0, 0.0, 0.0, 0.0, 0.0, 0.0, 0.0, 0.0, 0.0, 0.0, 0.0, 0.0, 0.0, 0.0, 0.0, 0.0, 0.0, 0.0, 0.0, 0.0, 0.0, 0.0, 0.0, 0.5522757808367411, 0.6835236196164731, 0.0, 0.0, 0.0, 0.0, 0.0, 0.0], "5": [0.0, 0.0, 0.0, 0.0, 0.0, 0.0, 0.0, 0.0, 0.0, 0.0, 0.0, 0.0, 0.0, 0.0, 0.0, 0.0, 0.0, 0.0, 0.0, 0.0, 0.0, 0.0, 0.0, 0.0, 0.0, 0.0, 0.40242872952173153, 0.7967764041490025, 0.0, 0.0, 0.3964481769750516, 0.8600600417013522, 0.0, 0.0]}