{"0": [0.2965601351112127, 0.5569532813849273, 0.3008124757558107, 0.5540300135259275, 0.2928932653119167, 0.5524509147361473, 0.30267889983952045, 0.5611645875153718, 0.28606179213772215, 0.5554229952670909, 0.30778629444539546, 0.6009305260799549, 0.2670015209664901, 0.6003907296392653, 0.3118209547052781, 0.6548462137579918, 0.2595798155292869, 0.6467030038436254, 0.3251645676791668, 0.6500715774518471, 0.2672994539141655, 0.7073221867352172, 0.30167129983504615, 0.7016695890161726, 0.2762462539598346, 0.7027275193620611, 0.0, 0.0, 0.0, 0.0, 0.0, 0.0, 0.2508326843380928, 0.8885928686018344], "1": [0.0, 0.0, 0.0, 0.0, 0.0, 0.0, 0.5371285100777944, 0.4618649661540985, 0.5513115522141258, 0.46238099419408374, 0.5202219088872274, 0.49748252254945263, 0.5406363033999999, 0.4978354504814854, 0.5102818154264241, 0.5435138332623023, 0.5449436669548352, 0.5463472154405382, 0.5119173499445121, 0.5566993488205804, 0.5519804735357563, 0.591383527164106, 0.5176670894026756, 0.5808222541102657, 0.533151042709748, 0.5815542079508305, 0.5219933541491628, 0.6215014775594075, 0.5452743336558342, 0.622604340756381, 0.5055479584261775, 0.6592076932942426, 0.5484237832948565, 0.6770394476475539], "2": [0.0, 0.0, 0.0, 0.0, 0.0, 0.0, 0.0, 0.0, 0.0, 0.0, 0.2676783736795187, 0.5979291127787696, 0.3069966805477937, 0.6014220376809438, 0.0, 0.0, 0.31260418718059857, 0.6557983564005958, 0.0, 0.0, 0.3269789560309922, 0.6511523959813295, 0.2754042024413745, 0.7148536160933199, 0.0, 0.0, 0.2574038557708263, 0.8047168259267454, 0.0, 0.0, 0.25173042664925255, 0.8893456810050541, 0.0, 0.0], "3": [0.0, 0.0, 0.0, 0.0, 0.0, 0.0, 0.0, 0.0, 0.0, 0.0, 0.5485703619197011, 0.48866026843035665, 0.0, 0.0, 0.0, 0.0, 0.0, 0.0, 0.0, 0.0, 0.0, 0.0, 0.0, 0.0, 0.0, 0.0, 0.0, 0.0, 0.0, 0.0, 0.0, 0.0, 0.0, 0.0], "4": [0.0, 0.0, 0.0, 0.0, 0.0, 0.0, 0.0, 0.0, 0.0, 0.0, 0.0, 0.0, 0.0, 0.0, 0.0, 0.0, 0.0, 0.0, 0.0, 0.0, 0.3397396373252074, 0.813103155957328, 0.0, 0.0, 0.0, 0.0, 0.0, 0.0, 0.0, 0.0, 0.0, 0.0, 0.0, 0.0], "5": [0.0, 0.0, 0.0, 0.0, 0.0, 0.0, 0.0, 0.0, 0.0, 0.0, 0.0, 0.0, 0.0, 0.0, 0.0, 0.0, 0.0, 0.0, 0.0, 0.0, 0.0, 0.0, 0.0, 0.0, 0.0, 0.0, 0.3267143090565999, 0.7316920000093955, 0.0, 0.0, 0.0, 0.0, 0.0, 0.0], "6": [0.0, 0.0, 0.0, 0.0, 0.0, 0.0, 0.0, 0.0, 0.0, 0.0, 0.0, 0.0, 0.0, 0.0, 0.0, 0.0, 0.0, 0.0, 0.0, 0.0, 0.0, 0.0, 0.0, 0.0, 0.0, 0.0, 0.0, 0.0, 0.3273689381467799, 0.7319978872934977, 0.0, 0.0, 0.3411164208004872, 0.8168614540938978]}