{"0": [0.0, 0.0, 0.0, 0.0, 0.0, 0.0, 0.4629849987725416, 0.4397719771773727, 0.4772184552780042, 0.4380284488201141, 0.4591293680171172, 0.4673589788101338, 0.48254654680689174, 0.4635027923517757, 0.4530600959435106, 0.5159493347009023, 0.0, 0.0, 0.0, 0.0, 0.0, 0.0, 0.4555829550450047, 0.5455191906955507, 0.4734608548382918, 0.5501217471228705, 0.444978404790163, 0.6014651172690921, 0.4768933572651198, 0.6073398656315274, 0.4431870637461543, 0.678287931283315, 0.4845747608691454, 0.6633512073092991], "1": [0.0, 0.0, 0.0, 0.0, 0.0, 0.0, 0.703725071127216, 0.5257695070019475, 0.7187182290227307, 0.5307815538512336, 0.688994180659453, 0.5547279817086679, 0.7151175530627369, 0.5744675377452815, 0.0, 0.0, 0.7161943445603054, 0.627319488591618, 0.0, 0.0, 0.7351223372543851, 0.6582333271150236, 0.685987684627374, 0.6627479908504972, 0.7010368662575881, 0.6688697274084444, 0.7036470310141643, 0.744709599018097, 0.7060600906300049, 0.744615239167103, 0.6812278715272745, 0.8207889091085505, 0.6820087155948082, 0.8210615868921634], "2": [0.0, 0.0, 0.0, 0.0, 0.0, 0.0, 0.0, 0.0, 0.0, 0.0, 0.0, 0.0, 0.0, 0.0, 0.0, 0.0, 0.0, 0.0, 0.0, 0.0, 0.0, 0.0, 0.0, 0.0, 0.0, 0.0, 0.47632395327091215, 0.6065351949797736, 0.444898314277331, 0.6016871622315161, 0.4847564382478595, 0.664955817549317, 0.4427990105624, 0.6736757750864382], "3": [0.0, 0.0, 0.0, 0.0, 0.0, 0.0, 0.0, 0.0, 0.0, 0.0, 0.0, 0.0, 0.0, 0.0, 0.0, 0.0, 0.0, 0.0, 0.0, 0.0, 0.0, 0.0, 0.0, 0.0, 0.0, 0.0, 0.0, 0.0, 0.0, 0.0, 0.7017779808491469, 0.788288956604622, 0.0, 0.0], "4": [0.0, 0.0, 0.0, 0.0, 0.0, 0.0, 0.0, 0.0, 0.0, 0.0, 0.0, 0.0, 0.0, 0.0, 0.0, 0.0, 0.0, 0.0, 0.0, 0.0, 0.0, 0.0, 0.0, 0.0, 0.0, 0.0, 0.0, 0.0, 0.0, 0.0, 0.0, 0.0, 0.7013998482997219, 0.7896423782463426]}