{"0": [0.29325958161304394, 0.6059296788992705, 0.2940787454446157, 0.5975483030080795, 0.0, 0.0, 0.2995662073294322, 0.5964792356998833, 0.0, 0.0, 0.316991900652647, 0.630795399347941, 0.310694836328427, 0.632626342828627, 0.3301897941778103, 0.6961076180140178, 0.324415447935462, 0.6941280885978981, 0.3249925789733728, 0.7365527461524363, 0.0, 0.0, 0.33547119217691945, 0.7378601472134945, 0.33775772104411056, 0.7316731683128215, 0.30225623939186336, 0.8033431688944499, 0.3016403295720617, 0.7799737607991254, 0.28668496099611124, 0.8709213144249386, 0.28689406750102836, 0.8692098785329748], "1": [0.0, 0.0, 0.0, 0.0, 0.0, 0.0, 0.4712270711859067, 0.5007472238054982, 0.4857731510264178, 0.4990858394790579, 0.45949390400201084, 0.5389862877351267, 0.49720149375498296, 0.523387552301089, 0.45140590717395146, 0.5911767522493999, 0.5099761141153673, 0.5562166759261379, 0.45198797427583487, 0.6208817512900741, 0.5210245589415232, 0.5973544170459112, 0.46927632453540963, 0.6362319136107409, 0.4974981950285534, 0.6345510502656301, 0.4527905116478602, 0.6786390328848803, 0.5117074230064949, 0.6855968832417769, 0.43867428327600155, 0.7473077398759348, 0.5207896146923303, 0.7422841175838752], "2": [0.0, 0.0, 0.0, 0.0, 0.0, 0.0, 0.0, 0.0, 0.3118898077557484, 0.5905856647977122, 0.0, 0.0, 0.0, 0.0, 0.0, 0.0, 0.0, 0.0, 0.0, 0.0, 0.0, 0.0, 0.0, 0.0, 0.0, 0.0, 0.0, 0.0, 0.0, 0.0, 0.0, 0.0, 0.0, 0.0], "3": [0.0, 0.0, 0.0, 0.0, 0.0, 0.0, 0.0, 0.0, 0.0, 0.0, 0.0, 0.0, 0.0, 0.0, 0.0, 0.0, 0.0, 0.0, 0.0, 0.0, 0.0, 0.0, 0.0, 0.0, 0.0, 0.0, 0.0, 0.0, 0.3055271528661251, 0.8113534072483026, 0.0, 0.0, 0.0, 0.0], "4": [0.0, 0.0, 0.0, 0.0, 0.0, 0.0, 0.0, 0.0, 0.0, 0.0, 0.0, 0.0, 0.0, 0.0, 0.0, 0.0, 0.0, 0.0, 0.0, 0.0, 0.0, 0.0, 0.0, 0.0, 0.0, 0.0, 0.0, 0.0, 0.0, 0.0, 0.33846469583610694, 0.8630689753978341, 0.0, 0.0], "5": [0.0, 0.0, 0.0, 0.0, 0.0, 0.0, 0.0, 0.0, 0.0, 0.0, 0.0, 0.0, 0.0, 0.0, 0.0, 0.0, 0.0, 0.0, 0.0, 0.0, 0.0, 0.0, 0.0, 0.0, 0.0, 0.0, 0.0, 0.0, 0.0, 0.0, 0.0, 0.0, 0.3381739273667336, 0.8620285391807556]}