{"0": [0.8426758594810962, 0.14084275916770653, 0.8441744383114079, 0.13761501019751585, 0.8410532474517822, 0.13786231908533308, 0.846961223271986, 0.1390154567029741, 0.8389418251812458, 0.13869009282853867, 0.8516735388586919, 0.1581754876507653, 0.8344623705993096, 0.15915759346551364, 0.8573261971275011, 0.17905498323617158, 0.8307464938921233, 0.18198006964392133, 0.8528142796208462, 0.18355808567117762, 0.832504289597273, 0.20460844680115026, 0.8481884251038233, 0.20259009699026745, 0.8374534035722416, 0.20422735882026177, 0.0, 0.0, 0.8394479969361177, 0.23467258866186494, 0.0, 0.0, 0.0, 0.0], "1": [0.8139687697092692, 0.14078180392583212, 0.8147761563304812, 0.13702564725169428, 0.811934707313776, 0.13693283796310424, 0.8167207464575769, 0.13917043650591815, 0.8073082288106282, 0.1399869336022271, 0.8205244433134794, 0.15629826585451762, 0.803046262760957, 0.15912058574182017, 0.8245321623980999, 0.18190530143954137, 0.0, 0.0, 0.8253925216694672, 0.2067146098172223, 0.0, 0.0, 0.8183316802916427, 0.20300681944246646, 0.807660648971796, 0.20132122922826695, 0.0, 0.0, 0.0, 0.0, 0.0, 0.0, 0.0, 0.0], "2": [0.0, 0.0, 0.0, 0.0, 0.0, 0.0, 0.4121595616141955, 0.4026624306484504, 0.42352366298437116, 0.3988511323928833, 0.4095924189314246, 0.43246293592232243, 0.4345821335290869, 0.4230761686960856, 0.40791776540378727, 0.4698731988116546, 0.4461719234784444, 0.4544409112797843, 0.0, 0.0, 0.4485224052642783, 0.4762329556323864, 0.4213613207141559, 0.5002342175554346, 0.4360876021906734, 0.49455618306442545, 0.42224998616923887, 0.558021084577949, 0.437863889336586, 0.532384889655643, 0.4321333710725109, 0.5929649646635409, 0.4448226315279802, 0.5719618693546014], "3": [0.0, 0.0, 0.0, 0.0, 0.0, 0.0, 0.3451273595293362, 0.4322238138428441, 0.35575499733289084, 0.42451153651431756, 0.3519429628116389, 0.4501072934380284, 0.3670339308679103, 0.4339122981936844, 0.353476000080506, 0.48346007698112065, 0.3792826599131028, 0.4511511398686303, 0.0, 0.0, 0.0, 0.0, 0.0, 0.0, 0.3822538749986847, 0.49405184926087736, 0.35763581829766433, 0.5252223352591197, 0.381915905761222, 0.537781012168637, 0.3504296778390804, 0.560483768692723, 0.3909674828251203, 0.5739959106953055], "4": [0.0, 0.0, 0.0, 0.0, 0.0, 0.0, 0.0, 0.0, 0.0, 0.0, 0.0, 0.0, 0.0, 0.0, 0.0, 0.0, 0.0, 0.0, 0.0, 0.0, 0.0, 0.0, 0.3799831764151652, 0.49971763113582574, 0.0, 0.0, 0.3815786440235873, 0.5373819919923941, 0.0, 0.0, 0.39074749524394664, 0.5742146843837367, 0.0, 0.0], "5": [0.0, 0.0, 0.0, 0.0, 0.0, 0.0, 0.0, 0.0, 0.0, 0.0, 0.0, 0.0, 0.0, 0.0, 0.0, 0.0, 0.0, 0.0, 0.0, 0.0, 0.0, 0.0, 0.0, 0.0, 0.0, 0.0, 0.0, 0.0, 0.3574802349011103, 0.5229652601811621, 0.0, 0.0, 0.3500086933374405, 0.5592015814139611]}