{"0": [0.8952469432105621, 0.6402727311408078, 0.8971042207131783, 0.6317974196539985, 0.0, 0.0, 0.9101341705148419, 0.6345127820968628, 0.0, 0.0, 0.9153360872839887, 0.6848998703890377, 0.9021843055107941, 0.6765962226523293, 0.9020371683407575, 0.7519029148785329, 0.0, 0.0, 0.0, 0.0, 0.8925198670476675, 0.6880952503946093, 0.9090752818932136, 0.7988721346413648, 0.8897974027165522, 0.7975082080673288, 0.9085595659911633, 0.9329563176190412, 0.8727380957299222, 0.861873189939393, 0.9058810213270286, 0.9945002361580177, 0.8731264564363906, 0.9417830723303336], "1": [0.0, 0.0, 0.0, 0.0, 0.3914290408293406, 0.5389185572112049, 0.3718937585751216, 0.5372574053152844, 0.38705882839858524, 0.5411926344588951, 0.35583234348644815, 0.5643082426653969, 0.3914900035907825, 0.57658374287464, 0.3405847360069553, 0.6217619940086647, 0.39413922671228646, 0.6200399929726566, 0.0, 0.0, 0.39792972816115557, 0.6451120239716989, 0.3472765190526843, 0.6629657454754191, 0.3698614422231913, 0.6637585844154711, 0.35664119680101675, 0.7306557031693282, 0.3700184298058351, 0.7373320166711455, 0.3426769996682803, 0.7722544494602417, 0.3716350427518289, 0.7974883819067918], "2": [0.0, 0.0, 0.0, 0.0, 0.0, 0.0, 0.0, 0.0, 0.0, 0.0, 0.0, 0.0, 0.9417675856500864, 0.6943743858072493, 0.0, 0.0, 0.0, 0.0, 0.0, 0.0, 0.0, 0.0, 0.0, 0.0, 0.0, 0.0, 0.0, 0.0, 0.0, 0.0, 0.0, 0.0, 0.0, 0.0], "3": [0.0, 0.0, 0.0, 0.0, 0.0, 0.0, 0.0, 0.0, 0.0, 0.0, 0.0, 0.0, 0.0, 0.0, 0.0, 0.0, 0.0, 0.0, 0.8923592257002989, 0.6869934829296889, 0.0, 0.0, 0.0, 0.0, 0.0, 0.0, 0.0, 0.0, 0.0, 0.0, 0.0, 0.0, 0.0, 0.0], "4": [0.0, 0.0, 0.0, 0.0, 0.0, 0.0, 0.0, 0.0, 0.0, 0.0, 0.0, 0.0, 0.0, 0.0, 0.0, 0.0, 0.0, 0.0, 0.0, 0.0, 0.0, 0.0, 0.0, 0.0, 0.9194531589746475, 0.8044402450323106, 0.8728500247700138, 0.8644164564432922, 0.0, 0.0, 0.0, 0.0, 0.0, 0.0], "5": [0.0, 0.0, 0.0, 0.0, 0.0, 0.0, 0.0, 0.0, 0.0, 0.0, 0.0, 0.0, 0.0, 0.0, 0.0, 0.0, 0.0, 0.0, 0.0, 0.0, 0.0, 0.0, 0.0, 0.0, 0.0, 0.0, 0.0, 0.0, 0.0, 0.0, 0.37169353378315767, 0.7971354913380411, 0.0, 0.0]}