{"0": [0.4449863219012817, 0.3451767537880827, 0.4461876804629962, 0.34213816126187646, 0.4437636435390838, 0.3408590784779301, 0.0, 0.0, 0.43905667631576456, 0.33810775809817845, 0.4429445307080944, 0.35926325015154564, 0.42912932895123956, 0.3559600242861995, 0.44303950369358064, 0.38722196695981204, 0.415695509314537, 0.38157314034523787, 0.4485147120431066, 0.4115503815589127, 0.4226989984046668, 0.4072141925493877, 0.44162942891319595, 0.4173962950706482, 0.430112440759937, 0.41862131658665563, 0.442662100866437, 0.4622610957534225, 0.43178637269884346, 0.4607670139383387, 0.44487811041375, 0.5090928920993099, 0.4350055018129448, 0.5020189667189563], "1": [0.0, 0.0, 0.0, 0.0, 0.0, 0.0, 0.10587311331182718, 0.6131695981378908, 0.12505963270862896, 0.6100221320434852, 0.10373855953415236, 0.638737001683977, 0.13205323008199532, 0.6331434904425233, 0.08129084792065745, 0.6281883910850242, 0.13845720551908017, 0.6667511931172123, 0.07319628956417243, 0.56723830876527, 0.0, 0.0, 0.11149830507735412, 0.7174554506937663, 0.1289032823095719, 0.7175897441528462, 0.0, 0.0, 0.12183186647792657, 0.8417265155801067, 0.0, 0.0, 0.1436747765711819, 0.9254844736169886], "2": [0.0, 0.0, 0.0, 0.0, 0.0, 0.0, 0.0, 0.0, 0.0, 0.0, 0.0, 0.0, 0.0, 0.0, 0.0, 0.0, 0.0, 0.0, 0.0, 0.0, 0.0, 0.0, 0.0, 0.0, 0.0, 0.0, 0.12340097460144595, 0.854654366423927, 0.0, 0.0, 0.1577262843492368, 0.9369728033954877, 0.0, 0.0], "3": [0.0, 0.0, 0.0, 0.0, 0.0, 0.0, 0.0, 0.0, 0.0, 0.0, 0.0, 0.0, 0.0, 0.0, 0.0, 0.0, 0.0, 0.0, 0.0, 0.0, 0.0, 0.0, 0.0, 0.0, 0.0, 0.0, 0.0, 0.0, 0.12199520288656156, 0.8792797247568767, 0.0, 0.0, 0.1641762314985196, 0.9424568578048989], "4": [0.0, 0.0, 0.0, 0.0, 0.0, 0.0, 0.0, 0.0, 0.0, 0.0, 0.0, 0.0, 0.0, 0.0, 0.0, 0.0, 0.0, 0.0, 0.0, 0.0, 0.0, 0.0, 0.0, 0.0, 0.0, 0.0, 0.0, 0.0, 0.0, 0.0, 0.0692798752958576, 0.5534289257393943, 0.0, 0.0], "5": [0.0, 0.0, 0.0, 0.0, 0.0, 0.0, 0.0, 0.0, 0.0, 0.0, 0.0, 0.0, 0.0, 0.0, 0.0, 0.0, 0.0, 0.0, 0.0, 0.0, 0.0, 0.0, 0.0, 0.0, 0.0, 0.0, 0.0, 0.0, 0.0, 0.0, 0.0, 0.0, 0.06884392252347121, 0.5530353096900162]}