{"0": [0.0, 0.0, 0.0, 0.0, 0.5303007089843352, 0.6791834316871784, 0.0, 0.0, 0.5262831062078476, 0.6822684888486509, 0.0, 0.0, 0.512955463429292, 0.7124970606079809, 0.0, 0.0, 0.0, 0.0, 0.0, 0.0, 0.0, 0.0, 0.0, 0.0, 0.0, 0.0, 0.0, 0.0, 0.0, 0.0, 0.0, 0.0, 0.0, 0.0], "1": [0.0, 0.0, 0.0, 0.0, 0.0, 0.0, 0.0, 0.0, 0.5052332169686754, 0.457345567257316, 0.4777040836090843, 0.48264474272727964, 0.49883885389814775, 0.48474486768245695, 0.4688723567252358, 0.5268824930544252, 0.4999100352327029, 0.5423673700403284, 0.0, 0.0, 0.5061186462640762, 0.5890131659805775, 0.4748816226919492, 0.5772593882348802, 0.4931691851466894, 0.5805069106596488, 0.47506818001468976, 0.6324958678196978, 0.5037410642951727, 0.643623584508896, 0.46331882203618685, 0.6927669486237897, 0.5060824833810329, 0.6938369671503702]}