{"0": [0.4052697515115142, 0.38193293597411226, 0.40773103982210157, 0.37756415318559716, 0.403014816219608, 0.3774503314936603, 0.4114849813282489, 0.3803022826159442, 0.4011835858846704, 0.3801881142236569, 0.4156720478087663, 0.40153960806352124, 0.40014297465483345, 0.4038690811643998, 0.4220096961905559, 0.4304209382445724, 0.4082664355635643, 0.43547369175487094, 0.42929743876059845, 0.46308135758671504, 0.40909625316659604, 0.45381231881954054, 0.4198611977199713, 0.4628417590012153, 0.41110311380277076, 0.46383310804764427, 0.4184696573143204, 0.5101103687727893, 0.40930725261569023, 0.5112000880418001, 0.4340891815721989, 0.5603692252326895, 0.40552883545557655, 0.5612924454388795], "1": [0.0, 0.0, 0.0, 0.0, 0.0, 0.0, 0.3648844403525194, 0.3829518106248644, 0.3764582225431999, 0.3815248899955164, 0.35806098878383635, 0.4065911549109, 0.3831030188749234, 0.408640573642872, 0.3537040177732706, 0.44086177336672944, 0.3888495370745659, 0.44250959864369144, 0.0, 0.0, 0.39301273121188085, 0.4745595455169678, 0.36309431766470274, 0.4687674488182421, 0.3775831946792702, 0.4703610720837282, 0.36338413320481777, 0.5151338214399638, 0.38103698819565274, 0.518704847936277, 0.3614362521717946, 0.5637658754984538, 0.3903166397164265, 0.5662726655878403], "2": [0.0, 0.0, 0.0, 0.0, 0.0, 0.0, 0.0, 0.0, 0.0, 0.0, 0.0, 0.0, 0.0, 0.0, 0.0, 0.0, 0.0, 0.0, 0.0, 0.0, 0.0, 0.0, 0.0, 0.0, 0.0, 0.0, 0.0, 0.0, 0.0, 0.0, 0.39715226472665865, 0.5630424565739102, 0.0, 0.0], "3": [0.0, 0.0, 0.0, 0.0, 0.0, 0.0, 0.0, 0.0, 0.0, 0.0, 0.0, 0.0, 0.0, 0.0, 0.0, 0.0, 0.0, 0.0, 0.0, 0.0, 0.0, 0.0, 0.0, 0.0, 0.0, 0.0, 0.0, 0.0, 0.0, 0.0, 0.0, 0.0, 0.434181318556269, 0.5598743406710801]}