{"0": [0.5494240287691354, 0.3724504170594392, 0.5522023138512547, 0.36861709908202844, 0.5472695833692949, 0.3676048742400275, 0.5567514599300921, 0.3711942811806997, 0.5448760559161504, 0.369685983216321, 0.5621226550390322, 0.3999536386242619, 0.5398307588261863, 0.3965588135299859, 0.5629925408711036, 0.43776951321849117, 0.5350632472584645, 0.4287700355052948, 0.5587423916906118, 0.4699944426616033, 0.5326574608683586, 0.46308425935330216, 0.5530960095425447, 0.4679943327550535, 0.5383367928365866, 0.46503150198194715, 0.551127317113181, 0.5245455256214848, 0.5313037458457984, 0.5192402693960402, 0.5462946932762861, 0.5686343981160058, 0.5422050972779592, 0.5663921244994358], "1": [0.6673970498144627, 0.36941314494168315, 0.0, 0.0, 0.6663472399115562, 0.36535361927968485, 0.6640237614512443, 0.3609425812959671, 0.6637526299183567, 0.362562327031736, 0.6664429783821106, 0.3618338927074715, 0.6539323319991431, 0.3655453500924288, 0.6763151808952291, 0.35960705630757184, 0.6489103430882096, 0.37823086535489125, 0.6850261219156285, 0.35654544719943293, 0.6435948948531102, 0.395476770401001, 0.6571784794330597, 0.39313657681147257, 0.6493932553877433, 0.39584431457850666, 0.6682513508945703, 0.4285846445295546, 0.6479462789817868, 0.4247000690963533, 0.6525792929033438, 0.44768375831621665, 0.649035032838583, 0.4476694933794163], "2": [0.0, 0.0, 0.668338327202946, 0.3676474580058345, 0.0, 0.0, 0.0, 0.0, 0.0, 0.0, 0.0, 0.0, 0.0, 0.0, 0.0, 0.0, 0.0, 0.0, 0.0, 0.0, 0.0, 0.0, 0.0, 0.0, 0.0, 0.0, 0.0, 0.0, 0.0, 0.0, 0.0, 0.0, 0.0, 0.0], "3": [0.0, 0.0, 0.0, 0.0, 0.0, 0.0, 0.0, 0.0, 0.0, 0.0, 0.0, 0.0, 0.0, 0.0, 0.0, 0.0, 0.0, 0.0, 0.0, 0.0, 0.0, 0.0, 0.0, 0.0, 0.0, 0.0, 0.6524555712938309, 0.4213418651510168, 0.6688150259898975, 0.42862332617795024, 0.0, 0.0, 0.0, 0.0]}