{"0": [0.6575645739833514, 0.43498239020506546, 0.0, 0.0, 0.6573072992265224, 0.42898587606571337, 0.0, 0.0, 0.6516876709957917, 0.4277905013826158, 0.6298559069633484, 0.4459355171079989, 0.6417981115480264, 0.45617148914822825, 0.0, 0.0, 0.6410488494982322, 0.49352239271004994, 0.0, 0.0, 0.6440628866044183, 0.5144687344906507, 0.6264247245465716, 0.5308439111268078, 0.6373293605943521, 0.5319277388078195, 0.6332760083178679, 0.5888804117286647, 0.641896159077684, 0.5934858827679246, 0.6307593834896882, 0.6557949874136182, 0.634888556599617, 0.657490145056336], "1": [0.0, 0.0, 0.0, 0.0, 0.0, 0.0, 0.3721457277735075, 0.5213569649391704, 0.38972104216615366, 0.5210255961727213, 0.36006817150240145, 0.5610649839595512, 0.4018644442471365, 0.5618387164892975, 0.35031250230968, 0.6180141015737145, 0.41492423598344136, 0.6053505384259754, 0.36421045862759155, 0.6415599208187174, 0.44800604636160035, 0.6473368375389665, 0.37033989193538824, 0.6637241970057841, 0.3952524902919929, 0.6667957762877147, 0.37596375482777755, 0.7345373085251561, 0.40022890095909436, 0.7303947037016904, 0.380668967962265, 0.8129094649244237, 0.40189512212139866, 0.8081212132065384]}