{"0": [0.553871097539862, 0.5546758753282053, 0.5570226140320301, 0.5491511589950986, 0.5515282195061445, 0.546614498120767, 0.0, 0.0, 0.5419224453469117, 0.5398816532558866, 0.5451901367555062, 0.5757284093786169, 0.5255882576107979, 0.5740911564203324, 0.5432305242245395, 0.6127472226266508, 0.5121624287217855, 0.6288156147356386, 0.5522324964714547, 0.65502031577958, 0.505382499905924, 0.6833950438985118, 0.530176608885328, 0.6634297752821887, 0.5181112825870514, 0.6687399714081376, 0.5307455576645831, 0.7345748256753992, 0.5198726703723272, 0.7434280154881653, 0.0, 0.0, 0.0, 0.0], "1": [0.376117142662406, 0.524887349428954, 0.0, 0.0, 0.37538823584715525, 0.5193571203284794, 0.3596792666862409, 0.5169864453651286, 0.3712546604375045, 0.5195453573156286, 0.3444695741559069, 0.5484209374145225, 0.3756180593123039, 0.5611874774650291, 0.33891320110609136, 0.5899521477796413, 0.38323080912232393, 0.6193405526103797, 0.0, 0.0, 0.3987265278274814, 0.6484531688469427, 0.35877279601991174, 0.6559546241605724, 0.37676761172090967, 0.6572747502062055, 0.37598679065704343, 0.7330757231624038, 0.3833059328297773, 0.7300029638464806, 0.36303180692096554, 0.8120349461281741, 0.3629933206985394, 0.8122080922126769], "2": [0.0, 0.0, 0.0, 0.0, 0.0, 0.0, 0.0, 0.0, 0.0, 0.0, 0.0, 0.0, 0.0, 0.0, 0.0, 0.0, 0.0, 0.0, 0.0, 0.0, 0.0, 0.0, 0.0, 0.0, 0.0, 0.0, 0.0, 0.0, 0.0, 0.0, 0.3830352559685707, 0.7716030595479189, 0.0, 0.0], "3": [0.0, 0.0, 0.0, 0.0, 0.0, 0.0, 0.0, 0.0, 0.0, 0.0, 0.0, 0.0, 0.0, 0.0, 0.0, 0.0, 0.0, 0.0, 0.0, 0.0, 0.0, 0.0, 0.0, 0.0, 0.0, 0.0, 0.0, 0.0, 0.0, 0.0, 0.0, 0.0, 0.38315505310893055, 0.7709729146074364]}