{"0": [0.4224994051580628, 0.42782532197457773, 0.42162026713291806, 0.4238308816044419, 0.41994496857126556, 0.4224742631117503, 0.0, 0.0, 0.41329616407553355, 0.42523499037380574, 0.39980065847436586, 0.45409472684065505, 0.41076661938180525, 0.45707903018704166, 0.0, 0.0, 0.4198428365091483, 0.5062823619003649, 0.0, 0.0, 0.4287340151766936, 0.526112139666522, 0.4019460948649794, 0.5442837557444969, 0.41519081542889275, 0.5449729637967216, 0.4072402477264404, 0.6085372867407622, 0.4288138067970673, 0.6034988727696516, 0.4081550858914852, 0.6709797735567447, 0.4367380145937204, 0.6616061141093572], "1": [0.0, 0.0, 0.0, 0.0, 0.0, 0.0, 0.5862079982956251, 0.5686958829561869, 0.602513793297112, 0.5702609594221468, 0.5754250522702933, 0.5996211639157049, 0.6040715248634417, 0.5993211874255427, 0.5646457317168825, 0.651483134207902, 0.602565988774101, 0.6450493106135615, 0.5680908800413211, 0.7224087125449269, 0.6067114419924716, 0.6694524712032742, 0.5757110125074784, 0.7006856764908189, 0.5924985105792682, 0.6980917014457562, 0.5798418241242568, 0.7677458617422317, 0.584441302344203, 0.7685912383927238, 0.5686101749539375, 0.8267437977371394, 0.5682980979171892, 0.8266951666386039], "2": [0.0, 0.0, 0.0, 0.0, 0.0, 0.0, 0.40515440950791043, 0.42505484736628, 0.0, 0.0, 0.0, 0.0, 0.0, 0.0, 0.0, 0.0, 0.0, 0.0, 0.0, 0.0, 0.0, 0.0, 0.0, 0.0, 0.0, 0.0, 0.0, 0.0, 0.0, 0.0, 0.0, 0.0, 0.0, 0.0], "3": [0.0, 0.0, 0.0, 0.0, 0.0, 0.0, 0.0, 0.0, 0.0, 0.0, 0.42124644393722216, 0.45845916999710923, 0.0, 0.0, 0.42378662110616766, 0.5004385484037576, 0.0, 0.0, 0.0, 0.0, 0.0, 0.0, 0.0, 0.0, 0.0, 0.0, 0.0, 0.0, 0.0, 0.0, 0.0, 0.0, 0.0, 0.0], "4": [0.0, 0.0, 0.0, 0.0, 0.0, 0.0, 0.0, 0.0, 0.0, 0.0, 0.0, 0.0, 0.0, 0.0, 0.0, 0.0, 0.0, 0.0, 0.0, 0.0, 0.0, 0.0, 0.0, 0.0, 0.0, 0.0, 0.0, 0.0, 0.0, 0.0, 0.0, 0.0, 0.4122375912964344, 0.6707750108230996]}