{"0": [0.6422170601785183, 0.42846985348948724, 0.6453206482032935, 0.42285754768936723, 0.6396031027543359, 0.422874563270145, 0.6515177774553498, 0.42345571716626484, 0.6367621305088202, 0.42399584540614377, 0.6606326376243185, 0.45306399707440975, 0.6323151675363382, 0.45406510090386426, 0.6666089723507563, 0.4917403430850418, 0.6268064092844725, 0.5008575715400555, 0.6687730003885615, 0.5315261706157967, 0.6241932351142168, 0.5418267585613109, 0.6579270447293918, 0.534711812822907, 0.6383340124040842, 0.5368146781568174, 0.6634433676799139, 0.5896927565336226, 0.6396229789204276, 0.6085684608530115, 0.6442851734612699, 0.640725181552934, 0.6438130908979401, 0.646619456310457], "1": [0.15995895344143113, 0.6007590421923885, 0.16366600710898635, 0.5937979651821983, 0.15620820748542125, 0.5946018223409301, 0.17386979994674523, 0.5908517839731995, 0.15319751451412836, 0.5953693341325832, 0.19445433312406143, 0.6192898023459646, 0.15462021119892597, 0.6328501307853945, 0.21912704836577174, 0.6656185044182672, 0.14912778759996095, 0.6899783070440646, 0.2169332521657149, 0.7355915283715283, 0.1395594732525448, 0.753160916213636, 0.201954784267582, 0.741478720859245, 0.17563635955254236, 0.7435872986912727, 0.2012558845953312, 0.8142553800767143, 0.17485758677116897, 0.82569314900246, 0.20426416579377418, 0.8670294119381797, 0.0, 0.0], "2": [0.0, 0.0, 0.0, 0.0, 0.0, 0.0, 0.0, 0.0, 0.0, 0.0, 0.0, 0.0, 0.0, 0.0, 0.0, 0.0, 0.0, 0.0, 0.0, 0.0, 0.0, 0.0, 0.0, 0.0, 0.0, 0.0, 0.6434810504006843, 0.6147485273855704, 0.0, 0.0, 0.0, 0.0, 0.0, 0.0], "3": [0.0, 0.0, 0.0, 0.0, 0.0, 0.0, 0.0, 0.0, 0.0, 0.0, 0.0, 0.0, 0.0, 0.0, 0.0, 0.0, 0.0, 0.0, 0.0, 0.0, 0.0, 0.0, 0.0, 0.0, 0.0, 0.0, 0.0, 0.0, 0.0, 0.0, 0.0, 0.0, 0.1769962201748664, 0.826390734590866]}