{"0": [0.33143402424951396, 0.6431722305439137, 0.3345261946941415, 0.6335533582639915, 0.0, 0.0, 0.3502439377208551, 0.6338133128704848, 0.0, 0.0, 0.35112935248762367, 0.6975640771565614, 0.37773775483171146, 0.6732830100589329, 0.3298939069112142, 0.7325141270955403, 0.0, 0.0, 0.28747299164533613, 0.7350517725503003, 0.0, 0.0, 0.35867942273616793, 0.8343805097871356, 0.3759927241752545, 0.8251032447373425, 0.0, 0.0, 0.3763638213276863, 0.9201602432462904, 0.0, 0.0, 0.0, 0.0], "1": [0.0, 0.0, 0.0, 0.0, 0.0, 0.0, 0.8246472696463267, 0.6009619213916638, 0.8434543337052067, 0.5973221667386868, 0.8138104671612382, 0.643055890445356, 0.8549895425637563, 0.6385492589738634, 0.8028709928815564, 0.7140089503592915, 0.884854560966293, 0.653188556211966, 0.7865179537485043, 0.7246423535876805, 0.9091238429148992, 0.62822682151088, 0.813071887815992, 0.7519283505294609, 0.8369465744743744, 0.758463950951894, 0.804575665869065, 0.8481769681404927, 0.8378587245941163, 0.8408933612207572, 0.7998902323345344, 0.9372813519780283, 0.8510539016375938, 0.9302955815637554], "2": [0.0, 0.0, 0.0, 0.0, 0.0, 0.0, 0.0, 0.0, 0.0, 0.0, 0.0, 0.0, 0.3473176252096891, 0.6881119900279575, 0.0, 0.0, 0.32856809397538506, 0.731843383886196, 0.0, 0.0, 0.286344762519002, 0.7327639875588594, 0.0, 0.0, 0.0, 0.0, 0.0, 0.0, 0.0, 0.0, 0.0, 0.0, 0.0, 0.0], "3": [0.0, 0.0, 0.0, 0.0, 0.0, 0.0, 0.0, 0.0, 0.0, 0.0, 0.0, 0.0, 0.0, 0.0, 0.0, 0.0, 0.3860326299443841, 0.7307659932860622, 0.0, 0.0, 0.0, 0.0, 0.0, 0.0, 0.0, 0.0, 0.0, 0.0, 0.0, 0.0, 0.0, 0.0, 0.0, 0.0]}