{"0": [0.0, 0.0, 0.0, 0.0, 0.0, 0.0, 0.6219226265947024, 0.4309242648107034, 0.6347804627070824, 0.43272797062441154, 0.6134398192167282, 0.45676351266878623, 0.6383011740942796, 0.46278731156554487, 0.6103344263431306, 0.49410860229421544, 0.6407714071373145, 0.500254245378353, 0.0, 0.0, 0.6372151717543602, 0.5303075627596289, 0.6153901141757766, 0.5364058353834682, 0.6316621440152327, 0.5340842686317585, 0.6210765736798446, 0.5772119857646801, 0.6448653879264991, 0.5780715381657636, 0.6212798734505971, 0.6214889135625628, 0.6555601308743157, 0.6243352552254995], "1": [0.0, 0.0, 0.0, 0.0, 0.0, 0.0, 0.5229345673617597, 0.5098875721295676, 0.5353827413055114, 0.508155351711644, 0.5154960559681059, 0.5360032659989816, 0.5466279871761799, 0.5261208090517256, 0.5099777371622622, 0.5790869187425685, 0.5585712778071562, 0.5584107193130033, 0.5047357998788357, 0.6135604193917027, 0.5644229921822747, 0.5785012951603642, 0.5246622368693352, 0.621355715725157, 0.5480637318299463, 0.6200358416195269, 0.5066548709757626, 0.6464880816362523, 0.0, 0.0, 0.5092597261071204, 0.7211441578688446, 0.0, 0.0]}