{"0": [0.6806154211362203, 0.44515085529398035, 0.6824265441546837, 0.43988508471736204, 0.6788656921436389, 0.4373945110374027, 0.0, 0.0, 0.6719310072561105, 0.4341368892126613, 0.6752006879697243, 0.4667859735312285, 0.6591812259207169, 0.4563489876963474, 0.6648327796254306, 0.5079904189816228, 0.6567951992154122, 0.5023774637116326, 0.0, 0.0, 0.6575373103221257, 0.5364385545805649, 0.6556794210647543, 0.5399638794086598, 0.6494008962064981, 0.5387204158085364, 0.6475196246678631, 0.6099045411304193, 0.6485678655405839, 0.6105046544361997, 0.6443435329323014, 0.6577128737061112, 0.643584920760865, 0.6616843520491211], "1": [0.49415333205834033, 0.47229345198030825, 0.4954924568533897, 0.4667896275167112, 0.0, 0.0, 0.5015508380408089, 0.4662769787841374, 0.0, 0.0, 0.5144150924403221, 0.4954439002054709, 0.48707457358638445, 0.5028489099608527, 0.5234615127245585, 0.537664428960394, 0.4773840280560156, 0.5427572772458747, 0.5348757517834505, 0.5806431869665781, 0.46760461392501984, 0.5849764764308929, 0.0, 0.0, 0.4927587700386841, 0.5931779821713766, 0.0, 0.0, 0.5019776024157182, 0.6557484132962095, 0.0, 0.0, 0.5024908642905453, 0.7243415918615129], "2": [0.0, 0.0, 0.0, 0.0, 0.0, 0.0, 0.0, 0.0, 0.5002327666928371, 0.46774206448484346, 0.0, 0.0, 0.0, 0.0, 0.0, 0.0, 0.0, 0.0, 0.0, 0.0, 0.0, 0.0, 0.0, 0.0, 0.0, 0.0, 0.0, 0.0, 0.0, 0.0, 0.0, 0.0, 0.0, 0.0], "3": [0.0, 0.0, 0.0, 0.0, 0.0, 0.0, 0.0, 0.0, 0.0, 0.0, 0.4871352652708689, 0.5055376796810716, 0.5159304442505042, 0.49794274281572415, 0.4776950197915236, 0.542427831005167, 0.5245523372044166, 0.5412540590321576, 0.4670333274950584, 0.5871846335905571, 0.5354091570183906, 0.5803972244262695, 0.4927069712430239, 0.5907290300837269, 0.5093640185892582, 0.5900141185080564, 0.500674494728446, 0.6562453507273286, 0.0, 0.0, 0.5028031811739008, 0.7245724026803617, 0.5090894753734271, 0.6849102235226721]}