{"0": [0.8351212664507329, 0.1356668367430016, 0.8367372156431278, 0.13217349780930412, 0.8328663333008687, 0.1324126256836785, 0.8406927679975827, 0.13350483775138858, 0.8303476182743906, 0.13499231493031538, 0.8455658906449874, 0.15650205766713174, 0.826317600098749, 0.1553069527502413, 0.8485144457469382, 0.18409205277760823, 0.8245537092288335, 0.18072186736045062, 0.8432783188919226, 0.19330251305191606, 0.8252563909937938, 0.1997703715606972, 0.8397434619410584, 0.20461127901518786, 0.8290512703359127, 0.20516023525485286, 0.8396955237723887, 0.23626136669406186, 0.8298072032630444, 0.23791606978133872, 0.0, 0.0, 0.0, 0.0], "1": [0.0, 0.0, 0.0, 0.0, 0.0, 0.0, 0.42361291882892443, 0.4645131645379243, 0.4175964165478945, 0.46574201120270625, 0.4383021595577399, 0.49982120618224146, 0.416938533509771, 0.5066701548518958, 0.0, 0.0, 0.41743572304646176, 0.5628626942634583, 0.0, 0.0, 0.4026966800913215, 0.5782099004145022, 0.0, 0.0, 0.0, 0.0, 0.0, 0.0, 0.0, 0.0, 0.0, 0.0, 0.0, 0.0], "2": [0.0, 0.0, 0.0, 0.0, 0.0, 0.0, 0.0, 0.0, 0.0, 0.0, 0.4356394242495299, 0.583462471211398, 0.0, 0.0, 0.0, 0.0, 0.0, 0.0, 0.0, 0.0, 0.0, 0.0, 0.44730777690807977, 0.6803995156729663, 0.4554287332420548, 0.6892125127492129, 0.44565174567202726, 0.7892914954158995, 0.4490495786070824, 0.7878199528764794, 0.4594528173406919, 0.8723545281975358, 0.4607850241164366, 0.8664616445700327], "3": [0.0, 0.0, 0.0, 0.0, 0.0, 0.0, 0.0, 0.0, 0.0, 0.0, 0.0, 0.0, 0.0, 0.0, 0.47015984877944, 0.6130538679935315, 0.0, 0.0, 0.0, 0.0, 0.0, 0.0, 0.0, 0.0, 0.0, 0.0, 0.0, 0.0, 0.0, 0.0, 0.0, 0.0, 0.0, 0.0], "4": [0.0, 0.0, 0.0, 0.0, 0.0, 0.0, 0.0, 0.0, 0.0, 0.0, 0.0, 0.0, 0.0, 0.0, 0.0, 0.0, 0.46999535523355007, 0.614841224970641, 0.0, 0.0, 0.0, 0.0, 0.0, 0.0, 0.0, 0.0, 0.0, 0.0, 0.0, 0.0, 0.0, 0.0, 0.0, 0.0]}