{"0": [0.5738536460946003, 0.5686567540521975, 0.5763146254544457, 0.561213133070204, 0.5709334276616573, 0.5589489808789005, 0.0, 0.0, 0.5652451475461324, 0.5590456662354646, 0.5734690968568127, 0.5892422448429796, 0.5580350151906411, 0.5850813300521286, 0.5857133618866404, 0.610026956597964, 0.5607885868288577, 0.6132096621725296, 0.0, 0.0, 0.5711713343858719, 0.6395000957780415, 0.568427729078879, 0.6434791812190304, 0.5583909761160613, 0.6461543732219274, 0.5853105316326643, 0.6999137425933171, 0.5681386561443408, 0.7013273862776933, 0.5835300779591004, 0.7662332351009051, 0.5430344397823016, 0.7659237282143698], "1": [0.0, 0.0, 0.0, 0.0, 0.0, 0.0, 0.42204349612196285, 0.5301206901117608, 0.4406932207445304, 0.529301604518184, 0.41105582397431134, 0.5628309920982079, 0.44931895087162654, 0.5713254467204764, 0.39535162585477035, 0.6149821440378825, 0.45711119814465445, 0.6283780371701276, 0.39485077038407324, 0.6583778264345945, 0.4525095355386536, 0.6665621572070651, 0.4182426267924408, 0.6736784374272381, 0.44330836441367866, 0.6768718612414819, 0.4164321027696133, 0.7445763201211337, 0.44656232272585233, 0.7441196364937005, 0.4050943245490392, 0.8013142022821639, 0.4422026508798202, 0.819423962632815], "2": [0.0, 0.0, 0.0, 0.0, 0.0, 0.0, 0.0, 0.0, 0.0, 0.0, 0.5896027669970256, 0.5486009125356321, 0.5731364409284045, 0.5431552711460326, 0.0, 0.0, 0.0, 0.0, 0.5860554816201329, 0.6048222101396985, 0.0, 0.0, 0.0, 0.0, 0.0, 0.0, 0.0, 0.0, 0.0, 0.0, 0.0, 0.0, 0.0, 0.0], "3": [0.0, 0.0, 0.0, 0.0, 0.0, 0.0, 0.0, 0.0, 0.0, 0.0, 0.0, 0.0, 0.0, 0.0, 0.0, 0.0, 0.0, 0.0, 0.0, 0.0, 0.0, 0.0, 0.0, 0.0, 0.0, 0.0, 0.566401798153917, 0.7029084519103721, 0.0, 0.0, 0.5429940960059564, 0.7658969520970628, 0.0, 0.0], "4": [0.0, 0.0, 0.0, 0.0, 0.0, 0.0, 0.0, 0.0, 0.0, 0.0, 0.0, 0.0, 0.0, 0.0, 0.0, 0.0, 0.0, 0.0, 0.0, 0.0, 0.0, 0.0, 0.0, 0.0, 0.0, 0.0, 0.0, 0.0, 0.0, 0.0, 0.0, 0.0, 0.5841696999967098, 0.7667978575246202]}