{"0": [0.0, 0.0, 0.0, 0.0, 0.0, 0.0, 0.42874653451144695, 0.5385670271184709, 0.44509811177849773, 0.5347612535512006, 0.4224293855639795, 0.5767600503232744, 0.4609776221836606, 0.5620369226844223, 0.4108316966642936, 0.6120672225952148, 0.0, 0.0, 0.4042125110824903, 0.6331738623480002, 0.0, 0.0, 0.44026316658904147, 0.670418100517795, 0.4590688110639652, 0.668653393122885, 0.4208574041724205, 0.7503288940147117, 0.42200874239206315, 0.7500504239841744, 0.0, 0.0, 0.4234099656964342, 0.8310765010339243], "1": [0.0, 0.0, 0.0, 0.0, 0.0, 0.0, 0.5107563097029925, 0.5144092999398708, 0.525683068484068, 0.5144896888346584, 0.49886594861745837, 0.5486744659918326, 0.5369032267481089, 0.54433386694226, 0.4898880844625334, 0.5878909600001795, 0.5569677303234736, 0.5859448278391802, 0.0, 0.0, 0.561737506215771, 0.6260433446891882, 0.507658579448859, 0.6389264950045833, 0.5333420500159264, 0.6398325602765437, 0.48511444600299003, 0.655865645656983, 0.5505146478613218, 0.6510439625492802, 0.47131982694069546, 0.7250738135090581, 0.555491100375851, 0.723752983852669], "2": [0.0, 0.0, 0.0, 0.0, 0.0, 0.0, 0.0, 0.0, 0.0, 0.0, 0.0, 0.0, 0.0, 0.0, 0.0, 0.0, 0.0, 0.0, 0.0, 0.0, 0.0, 0.0, 0.0, 0.0, 0.0, 0.0, 0.0, 0.0, 0.0, 0.0, 0.0, 0.0, 0.4698892492800951, 0.7242806743692469]}