{"0": [0.0, 0.0, 0.0, 0.0, 0.2940194151985149, 0.41294495397143893, 0.28181603488822776, 0.41816549022440563, 0.29333871783067783, 0.4154261619956406, 0.27660218213374416, 0.44731868996664326, 0.2978350215901931, 0.44600597399252434, 0.2699193761994441, 0.48001759162655583, 0.3008073524882396, 0.48321418166160585, 0.27701509445129585, 0.5093172863677696, 0.0, 0.0, 0.2779208223025004, 0.5137372397714189, 0.2925310087700685, 0.5121115622697053, 0.27284038066864014, 0.5792234398700574, 0.2964587022860845, 0.5553774345804143, 0.2695637570694089, 0.6394624748715649, 0.2909491635859013, 0.6044642424693814], "1": [0.0, 0.0, 0.0, 0.0, 0.0, 0.0, 0.4722628764808178, 0.39365093089916087, 0.4854702821661097, 0.39384481597829746, 0.4640857477982839, 0.4258689070775829, 0.49204378326733905, 0.4262393416629897, 0.45967354054252313, 0.46450810896025757, 0.49817308466881516, 0.46418651110596126, 0.4598123357320825, 0.5007719995246993, 0.4973269121721387, 0.4920224092624805, 0.47114345741768676, 0.5019621813738787, 0.48885179658730826, 0.5009879257943896, 0.4707629399995009, 0.5528193099631202, 0.4876983515918255, 0.5543497429953681, 0.4716922176380952, 0.6021445072359509, 0.48998885322362185, 0.6100137304376673], "2": [0.0, 0.0, 0.0, 0.0, 0.0, 0.0, 0.0, 0.0, 0.0, 0.0, 0.0, 0.0, 0.0, 0.0, 0.0, 0.0, 0.0, 0.0, 0.0, 0.0, 0.0, 0.0, 0.0, 0.0, 0.0, 0.0, 0.0, 0.0, 0.27421808739503223, 0.5789112223519219, 0.0, 0.0, 0.26952650596698124, 0.6404043603550504]}