{"0": [0.4936835337973511, 0.5893866208968339, 0.0, 0.0, 0.4940477041217188, 0.5831552099298548, 0.47150522880256174, 0.575619105497996, 0.48944786046631633, 0.5813067292587625, 0.4591109806050857, 0.6053223622066003, 0.47726956666447223, 0.633593874203938, 0.0, 0.0, 0.0, 0.0, 0.0, 0.0, 0.4926394753158093, 0.7306121091047922, 0.4672262638807297, 0.7429573177187531, 0.4741070978343487, 0.7449535628159841, 0.4676674356063207, 0.8201209962368011, 0.4684856520965695, 0.8211848100026449, 0.45483832992613316, 0.9077359446772822, 0.4563632725039497, 0.8990452253156238], "1": [0.0, 0.0, 0.0, 0.0, 0.0, 0.0, 0.4070010925332705, 0.44026552874732894, 0.4207886107265949, 0.4363614316339846, 0.4121899874260028, 0.4687207774983512, 0.4280150861168901, 0.4650932300973822, 0.4154974496612946, 0.5232171648078494, 0.4311108457079778, 0.509680488595256, 0.4087752286344767, 0.5451766545573871, 0.0, 0.0, 0.41613838606540426, 0.5668200443829666, 0.4255367191247916, 0.568813076814443, 0.41766797974705694, 0.6245283890653539, 0.42215193460385003, 0.6238291243712109, 0.4237852490196625, 0.6696372112742177, 0.42788845486938953, 0.6702376034386732], "2": [0.0, 0.0, 0.0, 0.0, 0.0, 0.0, 0.0, 0.0, 0.0, 0.0, 0.0, 0.0, 0.43012931880851585, 0.5375094899976695, 0.0, 0.0, 0.4335808406273524, 0.5564603796711676, 0.0, 0.0, 0.0, 0.0, 0.0, 0.0, 0.0, 0.0, 0.0, 0.0, 0.0, 0.0, 0.0, 0.0, 0.0, 0.0], "3": [0.0, 0.0, 0.0, 0.0, 0.0, 0.0, 0.0, 0.0, 0.0, 0.0, 0.0, 0.0, 0.0, 0.0, 0.0, 0.0, 0.0, 0.0, 0.0, 0.0, 0.42837080284953116, 0.5747862147512259, 0.0, 0.0, 0.0, 0.0, 0.0, 0.0, 0.0, 0.0, 0.0, 0.0, 0.0, 0.0]}