{"0": [0.0, 0.0, 0.0, 0.0, 0.0, 0.0, 0.5777027266100049, 0.5005031206541591, 0.5936630831876148, 0.5054347133194959, 0.5614884993682305, 0.5301486238837242, 0.5972701391205192, 0.5459905682890503, 0.5482238413766026, 0.5773939931834184, 0.61420788716371, 0.5602573526526516, 0.5418975907067458, 0.6186352174453161, 0.0, 0.0, 0.5641910563223064, 0.6340890122784508, 0.5849215110763908, 0.6353265466513457, 0.5669406361877918, 0.691751511450167, 0.5786169828226169, 0.6975248153562897, 0.5693225956459222, 0.7557323830883761, 0.5699983376082327, 0.7566677351472959], "1": [0.0, 0.0, 0.0, 0.0, 0.0, 0.0, 0.0, 0.0, 0.0, 0.0, 0.0, 0.0, 0.0, 0.0, 0.0, 0.0, 0.0, 0.0, 0.0, 0.0, 0.0, 0.0, 0.6420635568598906, 0.5158766961759991, 0.0, 0.0, 0.6598768673216303, 0.5385370492935181, 0.0, 0.0, 0.0, 0.0, 0.0, 0.0], "2": [0.0, 0.0, 0.0, 0.0, 0.0, 0.0, 0.0, 0.0, 0.0, 0.0, 0.0, 0.0, 0.0, 0.0, 0.0, 0.0, 0.0, 0.0, 0.0, 0.0, 0.0, 0.0, 0.0, 0.0, 0.6430118069052696, 0.515890606575542, 0.0, 0.0, 0.6601230907874803, 0.5388497283061345, 0.0, 0.0, 0.6537156724681457, 0.5873909097026896]}