{"0": [0.6586057762304942, 0.4363954292403327, 0.0, 0.0, 0.6581257694711288, 0.43005881375736665, 0.0, 0.0, 0.6519471644268682, 0.4269192350131494, 0.6320004682367046, 0.44567484833576054, 0.6440772571600973, 0.45425817061353607, 0.6261912950625023, 0.471356189582083, 0.6472405837848783, 0.49440746671623653, 0.0, 0.0, 0.648124086127306, 0.5228012901213434, 0.6259571532408397, 0.5294380264425719, 0.6370378786077102, 0.5302969656056828, 0.6276364554961522, 0.5870267393412413, 0.6431820875654618, 0.5948027906594453, 0.6235213853418827, 0.6519653730922275, 0.6400393600575626, 0.6575301258652299], "1": [0.0, 0.0, 0.0, 0.0, 0.0, 0.0, 0.3970693672075868, 0.5135238066867546, 0.41274979983766874, 0.5150883837430565, 0.3875363682707151, 0.5501142271139003, 0.424751745040218, 0.5512503192380622, 0.37214576577146846, 0.5593470894766075, 0.43252852410078046, 0.6103007742652187, 0.0, 0.0, 0.0, 0.0, 0.3904648195952177, 0.6565534890801819, 0.4142736847201983, 0.6562361384431521, 0.38218165977547564, 0.7261793092445091, 0.4133079389731089, 0.727222572211866, 0.37998865569631257, 0.804938958088557, 0.4124436354885498, 0.7915810534247645]}