{"0": [0.0, 0.0, 0.0, 0.0, 0.0, 0.0, 0.3131987844904263, 0.5266841548460501, 0.3280132584273815, 0.5204081455866496, 0.3044118121266365, 0.5669218993021382, 0.3409571966777245, 0.5475402712821961, 0.2976615404244513, 0.6157443669107225, 0.365806229164203, 0.5666265865718876, 0.29498849598069987, 0.6530202353442157, 0.38548657396653047, 0.5976733524490285, 0.32267284352953235, 0.6620625901553366, 0.3429590702056885, 0.658272330628501, 0.2975348660411934, 0.7122061420370032, 0.33521862315634887, 0.6944928529085936, 0.28679031878709793, 0.788138948822463, 0.34010239569470285, 0.7559081501430935], "1": [0.0, 0.0, 0.0, 0.0, 0.0, 0.0, 0.4433667188199858, 0.5083726758206332, 0.45532713339974484, 0.5091420768587678, 0.43249664617081485, 0.5370373584273491, 0.4663317694018284, 0.5383235037326811, 0.42581660437087215, 0.5788677098574462, 0.47648688157399494, 0.584944870295348, 0.4274393386828403, 0.6136956409171775, 0.4890047830839952, 0.6191818668334572, 0.43680522715051967, 0.6167885568406847, 0.4588889727989833, 0.6153958386845059, 0.0, 0.0, 0.4753475872178872, 0.6529520471890767, 0.0, 0.0, 0.4916220044096311, 0.7068574111218806]}