{"0": [0.657424671575427, 0.4340774111725666, 0.0, 0.0, 0.6569643644616008, 0.4273065368334452, 0.0, 0.0, 0.6510871150841315, 0.4246237213964815, 0.632214892283082, 0.4450147893693712, 0.6421636597563823, 0.4497497975826264, 0.0, 0.0, 0.6434852676155667, 0.4924696156134208, 0.0, 0.0, 0.646382870649298, 0.5206538316276338, 0.626064453398188, 0.5297709254754914, 0.637458506723245, 0.5303074242340193, 0.6276358279089133, 0.5857077426380582, 0.642912027426064, 0.5943345348040263, 0.6256310677776734, 0.6449691110187107, 0.6420800756663084, 0.65627669852089], "1": [0.0, 0.0, 0.0, 0.0, 0.0, 0.0, 0.2875744486848513, 0.5527277518201758, 0.30603612141373254, 0.5520301707778816, 0.27840116011599697, 0.593970768098478, 0.3158677689731121, 0.5991056985325284, 0.2687091933369326, 0.6536783611332929, 0.32408454169829687, 0.6467067504370654, 0.26333487369120123, 0.6984939536562672, 0.3349960099284847, 0.6782600244438207, 0.2949809473007917, 0.7007486401884644, 0.31429823863630496, 0.6983251346482171, 0.31015549941609305, 0.7681903615042015, 0.3147343454572062, 0.7668183327135113, 0.325987263272206, 0.8317214727401734, 0.3261124004920324, 0.8317843004509256], "2": [0.0, 0.0, 0.0, 0.0, 0.0, 0.0, 0.0, 0.0, 0.0, 0.0, 0.0, 0.0, 0.0, 0.0, 0.0, 0.0, 0.0, 0.0, 0.0, 0.0, 0.0, 0.0, 0.0, 0.0, 0.0, 0.0, 0.30494945868849754, 0.803407517572244, 0.0, 0.0, 0.289695079663458, 0.874924733462157, 0.0, 0.0], "3": [0.0, 0.0, 0.0, 0.0, 0.0, 0.0, 0.0, 0.0, 0.0, 0.0, 0.0, 0.0, 0.0, 0.0, 0.0, 0.0, 0.0, 0.0, 0.0, 0.0, 0.0, 0.0, 0.0, 0.0, 0.0, 0.0, 0.0, 0.0, 0.30421435212095577, 0.8030898666492214, 0.0, 0.0, 0.28918230620523294, 0.8746896048386893]}