{"0": [0.0, 0.0, 0.0, 0.0, 0.0, 0.0, 0.6139898749689261, 0.388240220590874, 0.6249245037635167, 0.38779477289429415, 0.6088375860204299, 0.4138447315604598, 0.6312377336231293, 0.41255928498727307, 0.6015704572200775, 0.43645287906682056, 0.6327758510907491, 0.44381339064350833, 0.0, 0.0, 0.0, 0.0, 0.6147580305269609, 0.4654891961150699, 0.628620956838131, 0.4650255722028237, 0.6160171769559383, 0.5025224645932516, 0.6307272888720036, 0.5040913826889462, 0.6201114679376284, 0.5377742148659848, 0.6405739585558573, 0.5459306028154162], "1": [0.0, 0.0, 0.0, 0.0, 0.0, 0.0, 0.5568917957444985, 0.4375657927106928, 0.57269488160188, 0.4373565795244994, 0.552640960208997, 0.48749012908197187, 0.5825250011254487, 0.47868655837510254, 0.5430536041036248, 0.5217955793219584, 0.5900229228970905, 0.5190702310314885, 0.5340238677958647, 0.5624788465323273, 0.0, 0.0, 0.5513654960940282, 0.5615207822234543, 0.5748125376800696, 0.5662662135782065, 0.5454512203733126, 0.6098898036612405, 0.5690775671042502, 0.6265518743130896, 0.5478420698627209, 0.6675865078413928, 0.5642389178586503, 0.6870450474597789], "2": [0.0, 0.0, 0.0, 0.0, 0.0, 0.0, 0.0, 0.0, 0.0, 0.0, 0.0, 0.0, 0.0, 0.0, 0.0, 0.0, 0.0, 0.0, 0.0, 0.0, 0.5909437671303749, 0.50696697709737, 0.0, 0.0, 0.0, 0.0, 0.0, 0.0, 0.0, 0.0, 0.0, 0.0, 0.0, 0.0]}