{"0": [0.0, 0.0, 0.0, 0.0, 0.0, 0.0, 0.3666907648245494, 0.41158970169447084, 0.37943678547938664, 0.41230399111906685, 0.35823059926430384, 0.43628302106150874, 0.3869119307647148, 0.4390258941385481, 0.35018947161734104, 0.4725078474592279, 0.3934987549825261, 0.4706452821139936, 0.3532752557347218, 0.4997509316713722, 0.3850509233772755, 0.5051566675857261, 0.36220890084902446, 0.5059326806554088, 0.37887869675954183, 0.5063361720906363, 0.3582432103653749, 0.5444916248976909, 0.37507054557402936, 0.5437473941180441, 0.3598330106586218, 0.5947826109550617, 0.37728478405624627, 0.5911263587298217], "1": [0.0, 0.0, 0.0, 0.0, 0.0, 0.0, 0.4424940104285876, 0.44464914953267126, 0.4526477182283998, 0.44815417062232477, 0.42453865657250084, 0.4700662530958653, 0.4403643808638057, 0.4834539266648116, 0.4189492179856946, 0.5209995868029418, 0.44949777324994405, 0.5209372699260711, 0.0, 0.0, 0.46227478757500645, 0.5506945756850419, 0.4227281698646645, 0.5600419275738575, 0.4413976460695267, 0.5649009075429704, 0.42875645309686666, 0.6114151674012344, 0.44726484989126525, 0.6118167413053689, 0.0, 0.0, 0.44934900874892864, 0.658469678958257], "2": [0.0, 0.0, 0.0, 0.0, 0.0, 0.0, 0.0, 0.0, 0.0, 0.0, 0.0, 0.0, 0.0, 0.0, 0.0, 0.0, 0.0, 0.0, 0.0, 0.0, 0.0, 0.0, 0.0, 0.0, 0.0, 0.0, 0.4465756554156542, 0.608592125221535, 0.0, 0.0, 0.44911717002590495, 0.6596525686758535, 0.0, 0.0]}