{"0": [0.6697047480692467, 0.44730064741991177, 0.6704834048946698, 0.44196639491452105, 0.6685662266953538, 0.44284182345425643, 0.6785783005257447, 0.43925368785858154, 0.0, 0.0, 0.6902346382538479, 0.46551247349491826, 0.6761821416517099, 0.46497263775931463, 0.6965853964289029, 0.5165348060705045, 0.6828618033478657, 0.5156438532250899, 0.6843866401041547, 0.5511076309614711, 0.0, 0.0, 0.6865259786446889, 0.5583496024211247, 0.6811497845919803, 0.5534252213107215, 0.6749362215399743, 0.6101639006976728, 0.688640826754272, 0.6028957343763776, 0.6827198454489309, 0.6692892166199507, 0.6921615955730279, 0.6597063152878373], "1": [0.0, 0.0, 0.0, 0.0, 0.0, 0.0, 0.38474260810762645, 0.5122141608485469, 0.4006916696826617, 0.5110128590354213, 0.3696788387993972, 0.5445648268141129, 0.41157580986618997, 0.54650138175046, 0.3631891154994567, 0.5940243553232264, 0.4217093965659539, 0.6002697966716908, 0.36523029835273824, 0.6328893419493128, 0.4181768006955584, 0.6063828633891212, 0.37912252532939117, 0.6463971612630067, 0.401768804465731, 0.6463969384078626, 0.3681670050447186, 0.7168706198533376, 0.4011652879416942, 0.7232734397605614, 0.3646701829197506, 0.7928430261435332, 0.3982596586147944, 0.7893294907002537], "2": [0.0, 0.0, 0.0, 0.0, 0.0, 0.0, 0.0, 0.0, 0.0, 0.0, 0.0, 0.0, 0.0, 0.0, 0.0, 0.0, 0.0, 0.0, 0.0, 0.0, 0.6599761589119831, 0.5271585362928884, 0.0, 0.0, 0.0, 0.0, 0.0, 0.0, 0.0, 0.0, 0.0, 0.0, 0.0, 0.0]}